                                                                        S0000001
,,31HOpen CASCADE IGES processor 7.7,13HFilename.iges,                  G0000001
16HOpen CASCADE 7.7,31HOpen CASCADE IGES processor 7.7,32,308,15,308,15,G0000002
,1.,2,2HMM,1,0.01,15H20240822.152929,1.61238E-05,99.5,5Hnick2,,11,0,    G0000003
15H20240822.152929,;                                                    G0000004
     402       1       0       0       0       0       0       000000000D0000001
     402       0       0       1       1                               0D0000002
     144       2       0       0       0       0       0       000020000D0000003
     144       0       0       1       0                               0D0000004
     128       3       0       0       0       0       0       000010000D0000005
     128       0       0      29       0                               0D0000006
     142      32       0       0       0       0       0       000010500D0000007
     142       0       0       1       0                               0D0000008
     102      33       0       0       0       0       0       000010000D0000009
     102       0       0       2       0                               0D0000010
     126      35       0       0       0       0       0       000010000D0000011
     126       0       0       3       0                               0D0000012
     126      38       0       0       0       0       0       000010000D0000013
     126       0       0       4       0                               0D0000014
     126      42       0       0       0       0       0       000010000D0000015
     126       0       0       3       0                               0D0000016
     126      45       0       0       0       0       0       000010000D0000017
     126       0       0       3       0                               0D0000018
     126      48       0       0       0       0       0       000010000D0000019
     126       0       0       3       0                               0D0000020
     126      51       0       0       0       0       0       000010000D0000021
     126       0       0       3       0                               0D0000022
     126      54       0       0       0       0       0       000010000D0000023
     126       0       0       3       0                               0D0000024
     126      57       0       0       0       0       0       000010000D0000025
     126       0       0       3       0                               0D0000026
     126      60       0       0       0       0       0       000010000D0000027
     126       0       0       3       0                               0D0000028
     126      63       0       0       0       0       0       000010000D0000029
     126       0       0       3       0                               0D0000030
     126      66       0       0       0       0       0       000010000D0000031
     126       0       0       3       0                               0D0000032
     126      69       0       0       0       0       0       000010000D0000033
     126       0       0       3       0                               0D0000034
     126      72       0       0       0       0       0       000010000D0000035
     126       0       0       3       0                               0D0000036
     126      75       0       0       0       0       0       000010000D0000037
     126       0       0       3       0                               0D0000038
     126      78       0       0       0       0       0       000010000D0000039
     126       0       0       3       0                               0D0000040
     126      81       0       0       0       0       0       000010000D0000041
     126       0       0       3       0                               0D0000042
     126      84       0       0       0       0       0       000010000D0000043
     126       0       0       3       0                               0D0000044
     126      87       0       0       0       0       0       000010000D0000045
     126       0       0       3       0                               0D0000046
     126      90       0       0       0       0       0       000010000D0000047
     126       0       0       3       0                               0D0000048
     126      93       0       0       0       0       0       000010000D0000049
     126       0       0       3       0                               0D0000050
     126      96       0       0       0       0       0       000010000D0000051
     126       0       0       4       0                               0D0000052
     126     100       0       0       0       0       0       000010000D0000053
     126       0       0       3       0                               0D0000054
     126     103       0       0       0       0       0       000010000D0000055
     126       0       0       3       0                               0D0000056
     126     106       0       0       0       0       0       000010000D0000057
     126       0       0       3       0                               0D0000058
     126     109       0       0       0       0       0       000010000D0000059
     126       0       0       3       0                               0D0000060
     126     112       0       0       0       0       0       000010000D0000061
     126       0       0       3       0                               0D0000062
     126     115       0       0       0       0       0       000010000D0000063
     126       0       0       3       0                               0D0000064
     126     118       0       0       0       0       0       000010000D0000065
     126       0       0       3       0                               0D0000066
     126     121       0       0       0       0       0       000010000D0000067
     126       0       0       3       0                               0D0000068
     126     124       0       0       0       0       0       000010000D0000069
     126       0       0       3       0                               0D0000070
     126     127       0       0       0       0       0       000010000D0000071
     126       0       0       3       0                               0D0000072
     126     130       0       0       0       0       0       000010000D0000073
     126       0       0       3       0                               0D0000074
     126     133       0       0       0       0       0       000010000D0000075
     126       0       0       3       0                               0D0000076
     126     136       0       0       0       0       0       000010000D0000077
     126       0       0       3       0                               0D0000078
     126     139       0       0       0       0       0       000010000D0000079
     126       0       0       3       0                               0D0000080
     126     142       0       0       0       0       0       000010000D0000081
     126       0       0       3       0                               0D0000082
     126     145       0       0       0       0       0       000010000D0000083
     126       0       0       3       0                               0D0000084
     126     148       0       0       0       0       0       000010000D0000085
     126       0       0       3       0                               0D0000086
     102     151       0       0       0       0       0       000010000D0000087
     102       0       0       3       0                               0D0000088
     126     154       0       0       0       0       0       000010000D0000089
     126       0       0       6       0                               0D0000090
     126     160       0       0       0       0       0       000010000D0000091
     126       0       0       7       0                               0D0000092
     126     167       0       0       0       0       0       000010000D0000093
     126       0       0       6       0                               0D0000094
     126     173       0       0       0       0       0       000010000D0000095
     126       0       0       6       0                               0D0000096
     126     179       0       0       0       0       0       000010000D0000097
     126       0       0       6       0                               0D0000098
     126     185       0       0       0       0       0       000010000D0000099
     126       0       0       6       0                               0D0000100
     126     191       0       0       0       0       0       000010000D0000101
     126       0       0       6       0                               0D0000102
     126     197       0       0       0       0       0       000010000D0000103
     126       0       0       6       0                               0D0000104
     126     203       0       0       0       0       0       000010000D0000105
     126       0       0       6       0                               0D0000106
     126     209       0       0       0       0       0       000010000D0000107
     126       0       0       6       0                               0D0000108
     126     215       0       0       0       0       0       000010000D0000109
     126       0       0       7       0                               0D0000110
     126     222       0       0       0       0       0       000010000D0000111
     126       0       0       6       0                               0D0000112
     126     228       0       0       0       0       0       000010000D0000113
     126       0       0       6       0                               0D0000114
     126     234       0       0       0       0       0       000010000D0000115
     126       0       0       6       0                               0D0000116
     126     240       0       0       0       0       0       000010000D0000117
     126       0       0       6       0                               0D0000118
     126     246       0       0       0       0       0       000010000D0000119
     126       0       0       6       0                               0D0000120
     126     252       0       0       0       0       0       000010000D0000121
     126       0       0       7       0                               0D0000122
     126     259       0       0       0       0       0       000010000D0000123
     126       0       0       6       0                               0D0000124
     100     265       0       0       0       0     127       000010000D0000125
     100       0       0       1       0                               0D0000126
     124     266       0       0       0       0       0       000000000D0000127
     124       0       0       3       0                               0D0000128
     126     269       0       0       0       0       0       000010000D0000129
     126       0       0       6       0                               0D0000130
     126     275       0       0       0       0       0       000010000D0000131
     126       0       0       7       0                               0D0000132
     126     282       0       0       0       0       0       000010000D0000133
     126       0       0       7       0                               0D0000134
     126     289       0       0       0       0       0       000010000D0000135
     126       0       0       7       0                               0D0000136
     126     296       0       0       0       0       0       000010000D0000137
     126       0       0       7       0                               0D0000138
     126     303       0       0       0       0       0       000010000D0000139
     126       0       0       6       0                               0D0000140
     126     309       0       0       0       0       0       000010000D0000141
     126       0       0       7       0                               0D0000142
     126     316       0       0       0       0       0       000010000D0000143
     126       0       0       6       0                               0D0000144
     126     322       0       0       0       0       0       000010000D0000145
     126       0       0       6       0                               0D0000146
     126     328       0       0       0       0       0       000010000D0000147
     126       0       0       6       0                               0D0000148
     126     334       0       0       0       0       0       000010000D0000149
     126       0       0       6       0                               0D0000150
     126     340       0       0       0       0       0       000010000D0000151
     126       0       0       6       0                               0D0000152
     126     346       0       0       0       0       0       000010000D0000153
     126       0       0       7       0                               0D0000154
     126     353       0       0       0       0       0       000010000D0000155
     126       0       0       6       0                               0D0000156
     126     359       0       0       0       0       0       000010000D0000157
     126       0       0       6       0                               0D0000158
     126     365       0       0       0       0       0       000010000D0000159
     126       0       0       6       0                               0D0000160
     126     371       0       0       0       0       0       000010000D0000161
     126       0       0       6       0                               0D0000162
     126     377       0       0       0       0       0       000010000D0000163
     126       0       0       6       0                               0D0000164
     100     383       0       0       0       0     167       000010000D0000165
     100       0       0       2       0                               0D0000166
     124     385       0       0       0       0       0       000000000D0000167
     124       0       0       1       0                               0D0000168
     144     386       0       0       0       0       0       000020000D0000169
     144       0       0       1       0                               0D0000170
     128     387       0       0       0       0       0       000010000D0000171
     128       0       0      29       0                               0D0000172
     142     416       0       0       0       0       0       000010500D0000173
     142       0       0       1       0                               0D0000174
     102     417       0       0       0       0       0       000010000D0000175
     102       0       0       3       0                               0D0000176
     126     420       0       0       0       0       0       000010000D0000177
     126       0       0       3       0                               0D0000178
     126     423       0       0       0       0       0       000010000D0000179
     126       0       0       4       0                               0D0000180
     126     427       0       0       0       0       0       000010000D0000181
     126       0       0       3       0                               0D0000182
     126     430       0       0       0       0       0       000010000D0000183
     126       0       0       3       0                               0D0000184
     126     433       0       0       0       0       0       000010000D0000185
     126       0       0       3       0                               0D0000186
     126     436       0       0       0       0       0       000010000D0000187
     126       0       0       3       0                               0D0000188
     126     439       0       0       0       0       0       000010000D0000189
     126       0       0       3       0                               0D0000190
     126     442       0       0       0       0       0       000010000D0000191
     126       0       0       3       0                               0D0000192
     126     445       0       0       0       0       0       000010000D0000193
     126       0       0       3       0                               0D0000194
     126     448       0       0       0       0       0       000010000D0000195
     126       0       0       3       0                               0D0000196
     126     451       0       0       0       0       0       000010000D0000197
     126       0       0       3       0                               0D0000198
     126     454       0       0       0       0       0       000010000D0000199
     126       0       0       3       0                               0D0000200
     126     457       0       0       0       0       0       000010000D0000201
     126       0       0       3       0                               0D0000202
     126     460       0       0       0       0       0       000010000D0000203
     126       0       0       3       0                               0D0000204
     126     463       0       0       0       0       0       000010000D0000205
     126       0       0       3       0                               0D0000206
     126     466       0       0       0       0       0       000010000D0000207
     126       0       0       3       0                               0D0000208
     126     469       0       0       0       0       0       000010000D0000209
     126       0       0       3       0                               0D0000210
     126     472       0       0       0       0       0       000010000D0000211
     126       0       0       3       0                               0D0000212
     126     475       0       0       0       0       0       000010000D0000213
     126       0       0       2       0                               0D0000214
     126     477       0       0       0       0       0       000010000D0000215
     126       0       0       3       0                               0D0000216
     126     480       0       0       0       0       0       000010000D0000217
     126       0       0       4       0                               0D0000218
     126     484       0       0       0       0       0       000010000D0000219
     126       0       0       3       0                               0D0000220
     126     487       0       0       0       0       0       000010000D0000221
     126       0       0       3       0                               0D0000222
     126     490       0       0       0       0       0       000010000D0000223
     126       0       0       3       0                               0D0000224
     126     493       0       0       0       0       0       000010000D0000225
     126       0       0       3       0                               0D0000226
     126     496       0       0       0       0       0       000010000D0000227
     126       0       0       3       0                               0D0000228
     126     499       0       0       0       0       0       000010000D0000229
     126       0       0       3       0                               0D0000230
     126     502       0       0       0       0       0       000010000D0000231
     126       0       0       3       0                               0D0000232
     126     505       0       0       0       0       0       000010000D0000233
     126       0       0       3       0                               0D0000234
     126     508       0       0       0       0       0       000010000D0000235
     126       0       0       3       0                               0D0000236
     126     511       0       0       0       0       0       000010000D0000237
     126       0       0       3       0                               0D0000238
     126     514       0       0       0       0       0       000010000D0000239
     126       0       0       3       0                               0D0000240
     126     517       0       0       0       0       0       000010000D0000241
     126       0       0       3       0                               0D0000242
     126     520       0       0       0       0       0       000010000D0000243
     126       0       0       3       0                               0D0000244
     126     523       0       0       0       0       0       000010000D0000245
     126       0       0       3       0                               0D0000246
     126     526       0       0       0       0       0       000010000D0000247
     126       0       0       3       0                               0D0000248
     126     529       0       0       0       0       0       000010000D0000249
     126       0       0       3       0                               0D0000250
     126     532       0       0       0       0       0       000010000D0000251
     126       0       0       3       0                               0D0000252
     102     535       0       0       0       0       0       000010000D0000253
     102       0       0       3       0                               0D0000254
     126     538       0       0       0       0       0       000010000D0000255
     126       0       0       6       0                               0D0000256
     126     544       0       0       0       0       0       000010000D0000257
     126       0       0       7       0                               0D0000258
     126     551       0       0       0       0       0       000010000D0000259
     126       0       0       7       0                               0D0000260
     126     558       0       0       0       0       0       000010000D0000261
     126       0       0       7       0                               0D0000262
     126     565       0       0       0       0       0       000010000D0000263
     126       0       0       7       0                               0D0000264
     126     572       0       0       0       0       0       000010000D0000265
     126       0       0       7       0                               0D0000266
     126     579       0       0       0       0       0       000010000D0000267
     126       0       0       7       0                               0D0000268
     126     586       0       0       0       0       0       000010000D0000269
     126       0       0       7       0                               0D0000270
     126     593       0       0       0       0       0       000010000D0000271
     126       0       0       6       0                               0D0000272
     126     599       0       0       0       0       0       000010000D0000273
     126       0       0       6       0                               0D0000274
     126     605       0       0       0       0       0       000010000D0000275
     126       0       0       7       0                               0D0000276
     126     612       0       0       0       0       0       000010000D0000277
     126       0       0       7       0                               0D0000278
     126     619       0       0       0       0       0       000010000D0000279
     126       0       0       7       0                               0D0000280
     126     626       0       0       0       0       0       000010000D0000281
     126       0       0       7       0                               0D0000282
     126     633       0       0       0       0       0       000010000D0000283
     126       0       0       7       0                               0D0000284
     126     640       0       0       0       0       0       000010000D0000285
     126       0       0       7       0                               0D0000286
     126     647       0       0       0       0       0       000010000D0000287
     126       0       0       7       0                               0D0000288
     126     654       0       0       0       0       0       000010000D0000289
     126       0       0       6       0                               0D0000290
     100     660       0       0       0       0     293       000010000D0000291
     100       0       0       1       0                               0D0000292
     124     661       0       0       0       0       0       000000000D0000293
     124       0       0       3       0                               0D0000294
     126     664       0       0       0       0       0       000010000D0000295
     126       0       0       6       0                               0D0000296
     126     670       0       0       0       0       0       000010000D0000297
     126       0       0       7       0                               0D0000298
     126     677       0       0       0       0       0       000010000D0000299
     126       0       0       7       0                               0D0000300
     126     684       0       0       0       0       0       000010000D0000301
     126       0       0       6       0                               0D0000302
     126     690       0       0       0       0       0       000010000D0000303
     126       0       0       7       0                               0D0000304
     126     697       0       0       0       0       0       000010000D0000305
     126       0       0       7       0                               0D0000306
     126     704       0       0       0       0       0       000010000D0000307
     126       0       0       7       0                               0D0000308
     126     711       0       0       0       0       0       000010000D0000309
     126       0       0       6       0                               0D0000310
     126     717       0       0       0       0       0       000010000D0000311
     126       0       0       6       0                               0D0000312
     126     723       0       0       0       0       0       000010000D0000313
     126       0       0       6       0                               0D0000314
     126     729       0       0       0       0       0       000010000D0000315
     126       0       0       7       0                               0D0000316
     126     736       0       0       0       0       0       000010000D0000317
     126       0       0       7       0                               0D0000318
     126     743       0       0       0       0       0       000010000D0000319
     126       0       0       7       0                               0D0000320
     126     750       0       0       0       0       0       000010000D0000321
     126       0       0       7       0                               0D0000322
     126     757       0       0       0       0       0       000010000D0000323
     126       0       0       7       0                               0D0000324
     126     764       0       0       0       0       0       000010000D0000325
     126       0       0       6       0                               0D0000326
     126     770       0       0       0       0       0       000010000D0000327
     126       0       0       7       0                               0D0000328
     126     777       0       0       0       0       0       000010000D0000329
     126       0       0       6       0                               0D0000330
     100     783       0       0       0       0     333       000010000D0000331
     100       0       0       2       0                               0D0000332
     124     785       0       0       0       0       0       000000000D0000333
     124       0       0       1       0                               0D0000334
     144     786       0       0       0       0       0       000020000D0000335
     144       0       0       1       0                               0D0000336
     128     787       0       0       0       0       0       000010000D0000337
     128       0       0      29       0                               0D0000338
     142     816       0       0       0       0       0       000010500D0000339
     142       0       0       1       0                               0D0000340
     102     817       0       0       0       0       0       000010000D0000341
     102       0       0       3       0                               0D0000342
     126     820       0       0       0       0       0       000010000D0000343
     126       0       0       3       0                               0D0000344
     126     823       0       0       0       0       0       000010000D0000345
     126       0       0       4       0                               0D0000346
     126     827       0       0       0       0       0       000010000D0000347
     126       0       0       3       0                               0D0000348
     126     830       0       0       0       0       0       000010000D0000349
     126       0       0       3       0                               0D0000350
     126     833       0       0       0       0       0       000010000D0000351
     126       0       0       3       0                               0D0000352
     126     836       0       0       0       0       0       000010000D0000353
     126       0       0       3       0                               0D0000354
     126     839       0       0       0       0       0       000010000D0000355
     126       0       0       3       0                               0D0000356
     126     842       0       0       0       0       0       000010000D0000357
     126       0       0       3       0                               0D0000358
     126     845       0       0       0       0       0       000010000D0000359
     126       0       0       3       0                               0D0000360
     126     848       0       0       0       0       0       000010000D0000361
     126       0       0       3       0                               0D0000362
     126     851       0       0       0       0       0       000010000D0000363
     126       0       0       3       0                               0D0000364
     126     854       0       0       0       0       0       000010000D0000365
     126       0       0       3       0                               0D0000366
     126     857       0       0       0       0       0       000010000D0000367
     126       0       0       3       0                               0D0000368
     126     860       0       0       0       0       0       000010000D0000369
     126       0       0       3       0                               0D0000370
     126     863       0       0       0       0       0       000010000D0000371
     126       0       0       3       0                               0D0000372
     126     866       0       0       0       0       0       000010000D0000373
     126       0       0       3       0                               0D0000374
     126     869       0       0       0       0       0       000010000D0000375
     126       0       0       3       0                               0D0000376
     126     872       0       0       0       0       0       000010000D0000377
     126       0       0       3       0                               0D0000378
     126     875       0       0       0       0       0       000010000D0000379
     126       0       0       2       0                               0D0000380
     126     877       0       0       0       0       0       000010000D0000381
     126       0       0       3       0                               0D0000382
     126     880       0       0       0       0       0       000010000D0000383
     126       0       0       4       0                               0D0000384
     126     884       0       0       0       0       0       000010000D0000385
     126       0       0       3       0                               0D0000386
     126     887       0       0       0       0       0       000010000D0000387
     126       0       0       3       0                               0D0000388
     126     890       0       0       0       0       0       000010000D0000389
     126       0       0       3       0                               0D0000390
     126     893       0       0       0       0       0       000010000D0000391
     126       0       0       3       0                               0D0000392
     126     896       0       0       0       0       0       000010000D0000393
     126       0       0       3       0                               0D0000394
     126     899       0       0       0       0       0       000010000D0000395
     126       0       0       3       0                               0D0000396
     126     902       0       0       0       0       0       000010000D0000397
     126       0       0       3       0                               0D0000398
     126     905       0       0       0       0       0       000010000D0000399
     126       0       0       3       0                               0D0000400
     126     908       0       0       0       0       0       000010000D0000401
     126       0       0       3       0                               0D0000402
     126     911       0       0       0       0       0       000010000D0000403
     126       0       0       3       0                               0D0000404
     126     914       0       0       0       0       0       000010000D0000405
     126       0       0       3       0                               0D0000406
     126     917       0       0       0       0       0       000010000D0000407
     126       0       0       3       0                               0D0000408
     126     920       0       0       0       0       0       000010000D0000409
     126       0       0       3       0                               0D0000410
     126     923       0       0       0       0       0       000010000D0000411
     126       0       0       3       0                               0D0000412
     126     926       0       0       0       0       0       000010000D0000413
     126       0       0       3       0                               0D0000414
     126     929       0       0       0       0       0       000010000D0000415
     126       0       0       3       0                               0D0000416
     126     932       0       0       0       0       0       000010000D0000417
     126       0       0       3       0                               0D0000418
     102     935       0       0       0       0       0       000010000D0000419
     102       0       0       3       0                               0D0000420
     126     938       0       0       0       0       0       000010000D0000421
     126       0       0       6       0                               0D0000422
     126     944       0       0       0       0       0       000010000D0000423
     126       0       0       7       0                               0D0000424
     126     951       0       0       0       0       0       000010000D0000425
     126       0       0       7       0                               0D0000426
     126     958       0       0       0       0       0       000010000D0000427
     126       0       0       7       0                               0D0000428
     126     965       0       0       0       0       0       000010000D0000429
     126       0       0       7       0                               0D0000430
     126     972       0       0       0       0       0       000010000D0000431
     126       0       0       7       0                               0D0000432
     126     979       0       0       0       0       0       000010000D0000433
     126       0       0       7       0                               0D0000434
     126     986       0       0       0       0       0       000010000D0000435
     126       0       0       7       0                               0D0000436
     126     993       0       0       0       0       0       000010000D0000437
     126       0       0       6       0                               0D0000438
     126     999       0       0       0       0       0       000010000D0000439
     126       0       0       6       0                               0D0000440
     126    1005       0       0       0       0       0       000010000D0000441
     126       0       0       7       0                               0D0000442
     126    1012       0       0       0       0       0       000010000D0000443
     126       0       0       7       0                               0D0000444
     126    1019       0       0       0       0       0       000010000D0000445
     126       0       0       7       0                               0D0000446
     126    1026       0       0       0       0       0       000010000D0000447
     126       0       0       7       0                               0D0000448
     126    1033       0       0       0       0       0       000010000D0000449
     126       0       0       7       0                               0D0000450
     126    1040       0       0       0       0       0       000010000D0000451
     126       0       0       7       0                               0D0000452
     126    1047       0       0       0       0       0       000010000D0000453
     126       0       0       7       0                               0D0000454
     126    1054       0       0       0       0       0       000010000D0000455
     126       0       0       6       0                               0D0000456
     100    1060       0       0       0       0     459       000010000D0000457
     100       0       0       1       0                               0D0000458
     124    1061       0       0       0       0       0       000000000D0000459
     124       0       0       3       0                               0D0000460
     126    1064       0       0       0       0       0       000010000D0000461
     126       0       0       6       0                               0D0000462
     126    1070       0       0       0       0       0       000010000D0000463
     126       0       0       7       0                               0D0000464
     126    1077       0       0       0       0       0       000010000D0000465
     126       0       0       7       0                               0D0000466
     126    1084       0       0       0       0       0       000010000D0000467
     126       0       0       7       0                               0D0000468
     126    1091       0       0       0       0       0       000010000D0000469
     126       0       0       7       0                               0D0000470
     126    1098       0       0       0       0       0       000010000D0000471
     126       0       0       7       0                               0D0000472
     126    1105       0       0       0       0       0       000010000D0000473
     126       0       0       7       0                               0D0000474
     126    1112       0       0       0       0       0       000010000D0000475
     126       0       0       7       0                               0D0000476
     126    1119       0       0       0       0       0       000010000D0000477
     126       0       0       6       0                               0D0000478
     126    1125       0       0       0       0       0       000010000D0000479
     126       0       0       6       0                               0D0000480
     126    1131       0       0       0       0       0       000010000D0000481
     126       0       0       7       0                               0D0000482
     126    1138       0       0       0       0       0       000010000D0000483
     126       0       0       7       0                               0D0000484
     126    1145       0       0       0       0       0       000010000D0000485
     126       0       0       7       0                               0D0000486
     126    1152       0       0       0       0       0       000010000D0000487
     126       0       0       7       0                               0D0000488
     126    1159       0       0       0       0       0       000010000D0000489
     126       0       0       7       0                               0D0000490
     126    1166       0       0       0       0       0       000010000D0000491
     126       0       0       7       0                               0D0000492
     126    1173       0       0       0       0       0       000010000D0000493
     126       0       0       7       0                               0D0000494
     126    1180       0       0       0       0       0       000010000D0000495
     126       0       0       6       0                               0D0000496
     100    1186       0       0       0       0     499       000010000D0000497
     100       0       0       2       0                               0D0000498
     124    1188       0       0       0       0       0       000000000D0000499
     124       0       0       1       0                               0D0000500
     144    1189       0       0       0       0       0       000020000D0000501
     144       0       0       1       0                               0D0000502
     128    1190       0       0       0       0       0       000010000D0000503
     128       0       0       4       0                               0D0000504
     142    1194       0       0       0       0       0       000010500D0000505
     142       0       0       1       0                               0D0000506
     102    1195       0       0       0       0       0       000010000D0000507
     102       0       0       3       0                               0D0000508
     126    1198       0       0       0       0       0       000010000D0000509
     126       0       0       4       0                               0D0000510
     126    1202       0       0       0       0       0       000010000D0000511
     126       0       0       3       0                               0D0000512
     126    1205       0       0       0       0       0       000010000D0000513
     126       0       0       3       0                               0D0000514
     126    1208       0       0       0       0       0       000010000D0000515
     126       0       0       3       0                               0D0000516
     126    1211       0       0       0       0       0       000010000D0000517
     126       0       0       3       0                               0D0000518
     126    1214       0       0       0       0       0       000010000D0000519
     126       0       0       3       0                               0D0000520
     126    1217       0       0       0       0       0       000010000D0000521
     126       0       0       3       0                               0D0000522
     126    1220       0       0       0       0       0       000010000D0000523
     126       0       0       4       0                               0D0000524
     126    1224       0       0       0       0       0       000010000D0000525
     126       0       0       3       0                               0D0000526
     126    1227       0       0       0       0       0       000010000D0000527
     126       0       0       4       0                               0D0000528
     126    1231       0       0       0       0       0       000010000D0000529
     126       0       0       3       0                               0D0000530
     126    1234       0       0       0       0       0       000010000D0000531
     126       0       0       3       0                               0D0000532
     126    1237       0       0       0       0       0       000010000D0000533
     126       0       0       3       0                               0D0000534
     126    1240       0       0       0       0       0       000010000D0000535
     126       0       0       3       0                               0D0000536
     126    1243       0       0       0       0       0       000010000D0000537
     126       0       0       3       0                               0D0000538
     126    1246       0       0       0       0       0       000010000D0000539
     126       0       0       3       0                               0D0000540
     126    1249       0       0       0       0       0       000010000D0000541
     126       0       0       4       0                               0D0000542
     126    1253       0       0       0       0       0       000010000D0000543
     126       0       0       3       0                               0D0000544
     126    1256       0       0       0       0       0       000010000D0000545
     126       0       0       4       0                               0D0000546
     126    1260       0       0       0       0       0       000010000D0000547
     126       0       0       3       0                               0D0000548
     126    1263       0       0       0       0       0       000010000D0000549
     126       0       0       3       0                               0D0000550
     126    1266       0       0       0       0       0       000010000D0000551
     126       0       0       3       0                               0D0000552
     126    1269       0       0       0       0       0       000010000D0000553
     126       0       0       3       0                               0D0000554
     126    1272       0       0       0       0       0       000010000D0000555
     126       0       0       3       0                               0D0000556
     126    1275       0       0       0       0       0       000010000D0000557
     126       0       0       3       0                               0D0000558
     126    1278       0       0       0       0       0       000010000D0000559
     126       0       0       3       0                               0D0000560
     126    1281       0       0       0       0       0       000010000D0000561
     126       0       0       3       0                               0D0000562
     126    1284       0       0       0       0       0       000010000D0000563
     126       0       0       4       0                               0D0000564
     126    1288       0       0       0       0       0       000010000D0000565
     126       0       0       3       0                               0D0000566
     126    1291       0       0       0       0       0       000010000D0000567
     126       0       0       3       0                               0D0000568
     126    1294       0       0       0       0       0       000010000D0000569
     126       0       0       3       0                               0D0000570
     126    1297       0       0       0       0       0       000010000D0000571
     126       0       0       3       0                               0D0000572
     126    1300       0       0       0       0       0       000010000D0000573
     126       0       0       3       0                               0D0000574
     126    1303       0       0       0       0       0       000010000D0000575
     126       0       0       3       0                               0D0000576
     126    1306       0       0       0       0       0       000010000D0000577
     126       0       0       4       0                               0D0000578
     126    1310       0       0       0       0       0       000010000D0000579
     126       0       0       3       0                               0D0000580
     102    1313       0       0       0       0       0       000010000D0000581
     102       0       0       3       0                               0D0000582
     126    1316       0       0       0       0       0       000010000D0000583
     126       0       0       4       0                               0D0000584
     126    1320       0       0       0       0       0       000010000D0000585
     126       0       0       3       0                               0D0000586
     126    1323       0       0       0       0       0       000010000D0000587
     126       0       0       3       0                               0D0000588
     126    1326       0       0       0       0       0       000010000D0000589
     126       0       0       3       0                               0D0000590
     126    1329       0       0       0       0       0       000010000D0000591
     126       0       0       3       0                               0D0000592
     126    1332       0       0       0       0       0       000010000D0000593
     126       0       0       3       0                               0D0000594
     126    1335       0       0       0       0       0       000010000D0000595
     126       0       0       3       0                               0D0000596
     126    1338       0       0       0       0       0       000010000D0000597
     126       0       0       4       0                               0D0000598
     110    1342       0       0       0       0       0       000010000D0000599
     110       0       0       1       0                               0D0000600
     126    1343       0       0       0       0       0       000010000D0000601
     126       0       0       4       0                               0D0000602
     126    1347       0       0       0       0       0       000010000D0000603
     126       0       0       3       0                               0D0000604
     126    1350       0       0       0       0       0       000010000D0000605
     126       0       0       3       0                               0D0000606
     126    1353       0       0       0       0       0       000010000D0000607
     126       0       0       3       0                               0D0000608
     126    1356       0       0       0       0       0       000010000D0000609
     126       0       0       3       0                               0D0000610
     126    1359       0       0       0       0       0       000010000D0000611
     126       0       0       3       0                               0D0000612
     126    1362       0       0       0       0       0       000010000D0000613
     126       0       0       3       0                               0D0000614
     126    1365       0       0       0       0       0       000010000D0000615
     126       0       0       4       0                               0D0000616
     110    1369       0       0       0       0       0       000010000D0000617
     110       0       0       1       0                               0D0000618
     126    1370       0       0       0       0       0       000010000D0000619
     126       0       0       4       0                               0D0000620
     126    1374       0       0       0       0       0       000010000D0000621
     126       0       0       3       0                               0D0000622
     126    1377       0       0       0       0       0       000010000D0000623
     126       0       0       3       0                               0D0000624
     126    1380       0       0       0       0       0       000010000D0000625
     126       0       0       3       0                               0D0000626
     126    1383       0       0       0       0       0       000010000D0000627
     126       0       0       3       0                               0D0000628
     126    1386       0       0       0       0       0       000010000D0000629
     126       0       0       3       0                               0D0000630
     126    1389       0       0       0       0       0       000010000D0000631
     126       0       0       3       0                               0D0000632
     126    1392       0       0       0       0       0       000010000D0000633
     126       0       0       3       0                               0D0000634
     110    1395       0       0       0       0       0       000010000D0000635
     110       0       0       1       0                               0D0000636
     126    1396       0       0       0       0       0       000010000D0000637
     126       0       0       4       0                               0D0000638
     126    1400       0       0       0       0       0       000010000D0000639
     126       0       0       3       0                               0D0000640
     126    1403       0       0       0       0       0       000010000D0000641
     126       0       0       3       0                               0D0000642
     126    1406       0       0       0       0       0       000010000D0000643
     126       0       0       3       0                               0D0000644
     126    1409       0       0       0       0       0       000010000D0000645
     126       0       0       3       0                               0D0000646
     126    1412       0       0       0       0       0       000010000D0000647
     126       0       0       3       0                               0D0000648
     126    1415       0       0       0       0       0       000010000D0000649
     126       0       0       3       0                               0D0000650
     126    1418       0       0       0       0       0       000010000D0000651
     126       0       0       4       0                               0D0000652
     110    1422       0       0       0       0       0       000010000D0000653
     110       0       0       1       0                               0D0000654
     144    1423       0       0       0       0       0       000020000D0000655
     144       0       0       1       0                               0D0000656
     128    1424       0       0       0       0       0       000010000D0000657
     128       0       0       4       0                               0D0000658
     142    1428       0       0       0       0       0       000010500D0000659
     142       0       0       1       0                               0D0000660
     102    1429       0       0       0       0       0       000010000D0000661
     102       0       0       3       0                               0D0000662
     110    1432       0       0       0       0       0       000010000D0000663
     110       0       0       1       0                               0D0000664
     126    1433       0       0       0       0       0       000010000D0000665
     126       0       0       3       0                               0D0000666
     110    1436       0       0       0       0       0       000010000D0000667
     110       0       0       1       0                               0D0000668
     126    1437       0       0       0       0       0       000010000D0000669
     126       0       0       3       0                               0D0000670
     126    1440       0       0       0       0       0       000010000D0000671
     126       0       0       3       0                               0D0000672
     126    1443       0       0       0       0       0       000010000D0000673
     126       0       0       3       0                               0D0000674
     126    1446       0       0       0       0       0       000010000D0000675
     126       0       0       3       0                               0D0000676
     126    1449       0       0       0       0       0       000010000D0000677
     126       0       0       3       0                               0D0000678
     126    1452       0       0       0       0       0       000010000D0000679
     126       0       0       3       0                               0D0000680
     126    1455       0       0       0       0       0       000010000D0000681
     126       0       0       3       0                               0D0000682
     126    1458       0       0       0       0       0       000010000D0000683
     126       0       0       3       0                               0D0000684
     110    1461       0       0       0       0       0       000010000D0000685
     110       0       0       1       0                               0D0000686
     126    1462       0       0       0       0       0       000010000D0000687
     126       0       0       3       0                               0D0000688
     110    1465       0       0       0       0       0       000010000D0000689
     110       0       0       1       0                               0D0000690
     126    1466       0       0       0       0       0       000010000D0000691
     126       0       0       3       0                               0D0000692
     126    1469       0       0       0       0       0       000010000D0000693
     126       0       0       3       0                               0D0000694
     126    1472       0       0       0       0       0       000010000D0000695
     126       0       0       3       0                               0D0000696
     126    1475       0       0       0       0       0       000010000D0000697
     126       0       0       3       0                               0D0000698
     126    1478       0       0       0       0       0       000010000D0000699
     126       0       0       3       0                               0D0000700
     126    1481       0       0       0       0       0       000010000D0000701
     126       0       0       3       0                               0D0000702
     126    1484       0       0       0       0       0       000010000D0000703
     126       0       0       3       0                               0D0000704
     126    1487       0       0       0       0       0       000010000D0000705
     126       0       0       3       0                               0D0000706
     110    1490       0       0       0       0       0       000010000D0000707
     110       0       0       1       0                               0D0000708
     126    1491       0       0       0       0       0       000010000D0000709
     126       0       0       3       0                               0D0000710
     110    1494       0       0       0       0       0       000010000D0000711
     110       0       0       1       0                               0D0000712
     126    1495       0       0       0       0       0       000010000D0000713
     126       0       0       3       0                               0D0000714
     126    1498       0       0       0       0       0       000010000D0000715
     126       0       0       3       0                               0D0000716
     126    1501       0       0       0       0       0       000010000D0000717
     126       0       0       3       0                               0D0000718
     126    1504       0       0       0       0       0       000010000D0000719
     126       0       0       3       0                               0D0000720
     126    1507       0       0       0       0       0       000010000D0000721
     126       0       0       3       0                               0D0000722
     126    1510       0       0       0       0       0       000010000D0000723
     126       0       0       3       0                               0D0000724
     126    1513       0       0       0       0       0       000010000D0000725
     126       0       0       3       0                               0D0000726
     126    1516       0       0       0       0       0       000010000D0000727
     126       0       0       3       0                               0D0000728
     110    1519       0       0       0       0       0       000010000D0000729
     110       0       0       1       0                               0D0000730
     126    1520       0       0       0       0       0       000010000D0000731
     126       0       0       3       0                               0D0000732
     110    1523       0       0       0       0       0       000010000D0000733
     110       0       0       1       0                               0D0000734
     126    1524       0       0       0       0       0       000010000D0000735
     126       0       0       3       0                               0D0000736
     126    1527       0       0       0       0       0       000010000D0000737
     126       0       0       3       0                               0D0000738
     126    1530       0       0       0       0       0       000010000D0000739
     126       0       0       3       0                               0D0000740
     126    1533       0       0       0       0       0       000010000D0000741
     126       0       0       3       0                               0D0000742
     126    1536       0       0       0       0       0       000010000D0000743
     126       0       0       3       0                               0D0000744
     126    1539       0       0       0       0       0       000010000D0000745
     126       0       0       3       0                               0D0000746
     126    1542       0       0       0       0       0       000010000D0000747
     126       0       0       3       0                               0D0000748
     126    1545       0       0       0       0       0       000010000D0000749
     126       0       0       3       0                               0D0000750
     102    1548       0       0       0       0       0       000010000D0000751
     102       0       0       3       0                               0D0000752
     126    1551       0       0       0       0       0       000010000D0000753
     126       0       0       3       0                               0D0000754
     110    1554       0       0       0       0       0       000010000D0000755
     110       0       0       1       0                               0D0000756
     126    1555       0       0       0       0       0       000010000D0000757
     126       0       0       3       0                               0D0000758
     126    1558       0       0       0       0       0       000010000D0000759
     126       0       0       3       0                               0D0000760
     126    1561       0       0       0       0       0       000010000D0000761
     126       0       0       3       0                               0D0000762
     126    1564       0       0       0       0       0       000010000D0000763
     126       0       0       3       0                               0D0000764
     126    1567       0       0       0       0       0       000010000D0000765
     126       0       0       3       0                               0D0000766
     126    1570       0       0       0       0       0       000010000D0000767
     126       0       0       3       0                               0D0000768
     126    1573       0       0       0       0       0       000010000D0000769
     126       0       0       3       0                               0D0000770
     126    1576       0       0       0       0       0       000010000D0000771
     126       0       0       3       0                               0D0000772
     126    1579       0       0       0       0       0       000010000D0000773
     126       0       0       3       0                               0D0000774
     126    1582       0       0       0       0       0       000010000D0000775
     126       0       0       3       0                               0D0000776
     110    1585       0       0       0       0       0       000010000D0000777
     110       0       0       1       0                               0D0000778
     126    1586       0       0       0       0       0       000010000D0000779
     126       0       0       3       0                               0D0000780
     126    1589       0       0       0       0       0       000010000D0000781
     126       0       0       3       0                               0D0000782
     126    1592       0       0       0       0       0       000010000D0000783
     126       0       0       3       0                               0D0000784
     126    1595       0       0       0       0       0       000010000D0000785
     126       0       0       3       0                               0D0000786
     126    1598       0       0       0       0       0       000010000D0000787
     126       0       0       3       0                               0D0000788
     126    1601       0       0       0       0       0       000010000D0000789
     126       0       0       3       0                               0D0000790
     126    1604       0       0       0       0       0       000010000D0000791
     126       0       0       3       0                               0D0000792
     126    1607       0       0       0       0       0       000010000D0000793
     126       0       0       3       0                               0D0000794
     126    1610       0       0       0       0       0       000010000D0000795
     126       0       0       3       0                               0D0000796
     126    1613       0       0       0       0       0       000010000D0000797
     126       0       0       3       0                               0D0000798
     110    1616       0       0       0       0       0       000010000D0000799
     110       0       0       1       0                               0D0000800
     126    1617       0       0       0       0       0       000010000D0000801
     126       0       0       3       0                               0D0000802
     126    1620       0       0       0       0       0       000010000D0000803
     126       0       0       3       0                               0D0000804
     126    1623       0       0       0       0       0       000010000D0000805
     126       0       0       3       0                               0D0000806
     126    1626       0       0       0       0       0       000010000D0000807
     126       0       0       3       0                               0D0000808
     126    1629       0       0       0       0       0       000010000D0000809
     126       0       0       3       0                               0D0000810
     126    1632       0       0       0       0       0       000010000D0000811
     126       0       0       3       0                               0D0000812
     126    1635       0       0       0       0       0       000010000D0000813
     126       0       0       3       0                               0D0000814
     126    1638       0       0       0       0       0       000010000D0000815
     126       0       0       3       0                               0D0000816
     126    1641       0       0       0       0       0       000010000D0000817
     126       0       0       3       0                               0D0000818
     126    1644       0       0       0       0       0       000010000D0000819
     126       0       0       3       0                               0D0000820
     110    1647       0       0       0       0       0       000010000D0000821
     110       0       0       1       0                               0D0000822
     126    1648       0       0       0       0       0       000010000D0000823
     126       0       0       3       0                               0D0000824
     126    1651       0       0       0       0       0       000010000D0000825
     126       0       0       3       0                               0D0000826
     126    1654       0       0       0       0       0       000010000D0000827
     126       0       0       3       0                               0D0000828
     126    1657       0       0       0       0       0       000010000D0000829
     126       0       0       3       0                               0D0000830
     126    1660       0       0       0       0       0       000010000D0000831
     126       0       0       3       0                               0D0000832
     126    1663       0       0       0       0       0       000010000D0000833
     126       0       0       3       0                               0D0000834
     126    1666       0       0       0       0       0       000010000D0000835
     126       0       0       3       0                               0D0000836
     126    1669       0       0       0       0       0       000010000D0000837
     126       0       0       3       0                               0D0000838
     126    1672       0       0       0       0       0       000010000D0000839
     126       0       0       3       0                               0D0000840
     144    1675       0       0       0       0       0       000020000D0000841
     144       0       0       1       0                               0D0000842
     128    1676       0       0       0       0       0       000010000D0000843
     128       0       0      29       0                               0D0000844
     142    1705       0       0       0       0       0       000010500D0000845
     142       0       0       1       0                               0D0000846
     102    1706       0       0       0       0       0       000010000D0000847
     102       0       0       3       0                               0D0000848
     126    1709       0       0       0       0       0       000010000D0000849
     126       0       0       3       0                               0D0000850
     126    1712       0       0       0       0       0       000010000D0000851
     126       0       0       4       0                               0D0000852
     126    1716       0       0       0       0       0       000010000D0000853
     126       0       0       3       0                               0D0000854
     126    1719       0       0       0       0       0       000010000D0000855
     126       0       0       3       0                               0D0000856
     126    1722       0       0       0       0       0       000010000D0000857
     126       0       0       3       0                               0D0000858
     126    1725       0       0       0       0       0       000010000D0000859
     126       0       0       3       0                               0D0000860
     126    1728       0       0       0       0       0       000010000D0000861
     126       0       0       3       0                               0D0000862
     126    1731       0       0       0       0       0       000010000D0000863
     126       0       0       3       0                               0D0000864
     126    1734       0       0       0       0       0       000010000D0000865
     126       0       0       3       0                               0D0000866
     126    1737       0       0       0       0       0       000010000D0000867
     126       0       0       3       0                               0D0000868
     126    1740       0       0       0       0       0       000010000D0000869
     126       0       0       3       0                               0D0000870
     126    1743       0       0       0       0       0       000010000D0000871
     126       0       0       3       0                               0D0000872
     126    1746       0       0       0       0       0       000010000D0000873
     126       0       0       3       0                               0D0000874
     126    1749       0       0       0       0       0       000010000D0000875
     126       0       0       3       0                               0D0000876
     126    1752       0       0       0       0       0       000010000D0000877
     126       0       0       3       0                               0D0000878
     126    1755       0       0       0       0       0       000010000D0000879
     126       0       0       3       0                               0D0000880
     126    1758       0       0       0       0       0       000010000D0000881
     126       0       0       3       0                               0D0000882
     126    1761       0       0       0       0       0       000010000D0000883
     126       0       0       3       0                               0D0000884
     126    1764       0       0       0       0       0       000010000D0000885
     126       0       0       2       0                               0D0000886
     126    1766       0       0       0       0       0       000010000D0000887
     126       0       0       3       0                               0D0000888
     126    1769       0       0       0       0       0       000010000D0000889
     126       0       0       4       0                               0D0000890
     126    1773       0       0       0       0       0       000010000D0000891
     126       0       0       3       0                               0D0000892
     126    1776       0       0       0       0       0       000010000D0000893
     126       0       0       3       0                               0D0000894
     126    1779       0       0       0       0       0       000010000D0000895
     126       0       0       3       0                               0D0000896
     126    1782       0       0       0       0       0       000010000D0000897
     126       0       0       3       0                               0D0000898
     126    1785       0       0       0       0       0       000010000D0000899
     126       0       0       3       0                               0D0000900
     126    1788       0       0       0       0       0       000010000D0000901
     126       0       0       3       0                               0D0000902
     126    1791       0       0       0       0       0       000010000D0000903
     126       0       0       3       0                               0D0000904
     126    1794       0       0       0       0       0       000010000D0000905
     126       0       0       3       0                               0D0000906
     126    1797       0       0       0       0       0       000010000D0000907
     126       0       0       3       0                               0D0000908
     126    1800       0       0       0       0       0       000010000D0000909
     126       0       0       3       0                               0D0000910
     126    1803       0       0       0       0       0       000010000D0000911
     126       0       0       3       0                               0D0000912
     126    1806       0       0       0       0       0       000010000D0000913
     126       0       0       3       0                               0D0000914
     126    1809       0       0       0       0       0       000010000D0000915
     126       0       0       3       0                               0D0000916
     126    1812       0       0       0       0       0       000010000D0000917
     126       0       0       3       0                               0D0000918
     126    1815       0       0       0       0       0       000010000D0000919
     126       0       0       3       0                               0D0000920
     126    1818       0       0       0       0       0       000010000D0000921
     126       0       0       3       0                               0D0000922
     126    1821       0       0       0       0       0       000010000D0000923
     126       0       0       3       0                               0D0000924
     102    1824       0       0       0       0       0       000010000D0000925
     102       0       0       3       0                               0D0000926
     126    1827       0       0       0       0       0       000010000D0000927
     126       0       0       6       0                               0D0000928
     126    1833       0       0       0       0       0       000010000D0000929
     126       0       0       7       0                               0D0000930
     126    1840       0       0       0       0       0       000010000D0000931
     126       0       0       7       0                               0D0000932
     126    1847       0       0       0       0       0       000010000D0000933
     126       0       0       7       0                               0D0000934
     126    1854       0       0       0       0       0       000010000D0000935
     126       0       0       7       0                               0D0000936
     126    1861       0       0       0       0       0       000010000D0000937
     126       0       0       7       0                               0D0000938
     126    1868       0       0       0       0       0       000010000D0000939
     126       0       0       6       0                               0D0000940
     126    1874       0       0       0       0       0       000010000D0000941
     126       0       0       7       0                               0D0000942
     126    1881       0       0       0       0       0       000010000D0000943
     126       0       0       6       0                               0D0000944
     126    1887       0       0       0       0       0       000010000D0000945
     126       0       0       6       0                               0D0000946
     126    1893       0       0       0       0       0       000010000D0000947
     126       0       0       7       0                               0D0000948
     126    1900       0       0       0       0       0       000010000D0000949
     126       0       0       7       0                               0D0000950
     126    1907       0       0       0       0       0       000010000D0000951
     126       0       0       7       0                               0D0000952
     126    1914       0       0       0       0       0       000010000D0000953
     126       0       0       7       0                               0D0000954
     126    1921       0       0       0       0       0       000010000D0000955
     126       0       0       6       0                               0D0000956
     126    1927       0       0       0       0       0       000010000D0000957
     126       0       0       7       0                               0D0000958
     126    1934       0       0       0       0       0       000010000D0000959
     126       0       0       7       0                               0D0000960
     126    1941       0       0       0       0       0       000010000D0000961
     126       0       0       6       0                               0D0000962
     100    1947       0       0       0       0     965       000010000D0000963
     100       0       0       1       0                               0D0000964
     124    1948       0       0       0       0       0       000000000D0000965
     124       0       0       3       0                               0D0000966
     126    1951       0       0       0       0       0       000010000D0000967
     126       0       0       6       0                               0D0000968
     126    1957       0       0       0       0       0       000010000D0000969
     126       0       0       7       0                               0D0000970
     126    1964       0       0       0       0       0       000010000D0000971
     126       0       0       7       0                               0D0000972
     126    1971       0       0       0       0       0       000010000D0000973
     126       0       0       7       0                               0D0000974
     126    1978       0       0       0       0       0       000010000D0000975
     126       0       0       7       0                               0D0000976
     126    1985       0       0       0       0       0       000010000D0000977
     126       0       0       7       0                               0D0000978
     126    1992       0       0       0       0       0       000010000D0000979
     126       0       0       7       0                               0D0000980
     126    1999       0       0       0       0       0       000010000D0000981
     126       0       0       7       0                               0D0000982
     126    2006       0       0       0       0       0       000010000D0000983
     126       0       0       6       0                               0D0000984
     126    2012       0       0       0       0       0       000010000D0000985
     126       0       0       6       0                               0D0000986
     126    2018       0       0       0       0       0       000010000D0000987
     126       0       0       7       0                               0D0000988
     126    2025       0       0       0       0       0       000010000D0000989
     126       0       0       7       0                               0D0000990
     126    2032       0       0       0       0       0       000010000D0000991
     126       0       0       7       0                               0D0000992
     126    2039       0       0       0       0       0       000010000D0000993
     126       0       0       7       0                               0D0000994
     126    2046       0       0       0       0       0       000010000D0000995
     126       0       0       7       0                               0D0000996
     126    2053       0       0       0       0       0       000010000D0000997
     126       0       0       6       0                               0D0000998
     126    2059       0       0       0       0       0       000010000D0000999
     126       0       0       6       0                               0D0001000
     126    2065       0       0       0       0       0       000010000D0001001
     126       0       0       6       0                               0D0001002
     100    2071       0       0       0       0    1005       000010000D0001003
     100       0       0       2       0                               0D0001004
     124    2073       0       0       0       0       0       000000000D0001005
     124       0       0       1       0                               0D0001006
     144    2074       0       0       0       0       0       000020000D0001007
     144       0       0       1       0                               0D0001008
     128    2075       0       0       0       0       0       000010000D0001009
     128       0       0       4       0                               0D0001010
     142    2079       0       0       0       0       0       000010500D0001011
     142       0       0       1       0                               0D0001012
     102    2080       0       0       0       0       0       000010000D0001013
     102       0       0       4       0                               0D0001014
     126    2084       0       0       0       0       0       000010000D0001015
     126       0       0       3       0                               0D0001016
     126    2087       0       0       0       0       0       000010000D0001017
     126       0       0       3       0                               0D0001018
     126    2090       0       0       0       0       0       000010000D0001019
     126       0       0       4       0                               0D0001020
     126    2094       0       0       0       0       0       000010000D0001021
     126       0       0       4       0                               0D0001022
     126    2098       0       0       0       0       0       000010000D0001023
     126       0       0       3       0                               0D0001024
     126    2101       0       0       0       0       0       000010000D0001025
     126       0       0       3       0                               0D0001026
     126    2104       0       0       0       0       0       000010000D0001027
     126       0       0       3       0                               0D0001028
     126    2107       0       0       0       0       0       000010000D0001029
     126       0       0       3       0                               0D0001030
     126    2110       0       0       0       0       0       000010000D0001031
     126       0       0       3       0                               0D0001032
     126    2113       0       0       0       0       0       000010000D0001033
     126       0       0       3       0                               0D0001034
     126    2116       0       0       0       0       0       000010000D0001035
     126       0       0       3       0                               0D0001036
     126    2119       0       0       0       0       0       000010000D0001037
     126       0       0       3       0                               0D0001038
     126    2122       0       0       0       0       0       000010000D0001039
     126       0       0       3       0                               0D0001040
     126    2125       0       0       0       0       0       000010000D0001041
     126       0       0       3       0                               0D0001042
     126    2128       0       0       0       0       0       000010000D0001043
     126       0       0       3       0                               0D0001044
     126    2131       0       0       0       0       0       000010000D0001045
     126       0       0       3       0                               0D0001046
     126    2134       0       0       0       0       0       000010000D0001047
     126       0       0       3       0                               0D0001048
     126    2137       0       0       0       0       0       000010000D0001049
     126       0       0       3       0                               0D0001050
     126    2140       0       0       0       0       0       000010000D0001051
     126       0       0       3       0                               0D0001052
     126    2143       0       0       0       0       0       000010000D0001053
     126       0       0       3       0                               0D0001054
     126    2146       0       0       0       0       0       000010000D0001055
     126       0       0       3       0                               0D0001056
     126    2149       0       0       0       0       0       000010000D0001057
     126       0       0       3       0                               0D0001058
     126    2152       0       0       0       0       0       000010000D0001059
     126       0       0       3       0                               0D0001060
     126    2155       0       0       0       0       0       000010000D0001061
     126       0       0       3       0                               0D0001062
     126    2158       0       0       0       0       0       000010000D0001063
     126       0       0       3       0                               0D0001064
     126    2161       0       0       0       0       0       000010000D0001065
     126       0       0       4       0                               0D0001066
     126    2165       0       0       0       0       0       000010000D0001067
     126       0       0       4       0                               0D0001068
     126    2169       0       0       0       0       0       000010000D0001069
     126       0       0       3       0                               0D0001070
     126    2172       0       0       0       0       0       000010000D0001071
     126       0       0       3       0                               0D0001072
     126    2175       0       0       0       0       0       000010000D0001073
     126       0       0       3       0                               0D0001074
     126    2178       0       0       0       0       0       000010000D0001075
     126       0       0       3       0                               0D0001076
     126    2181       0       0       0       0       0       000010000D0001077
     126       0       0       3       0                               0D0001078
     126    2184       0       0       0       0       0       000010000D0001079
     126       0       0       3       0                               0D0001080
     126    2187       0       0       0       0       0       000010000D0001081
     126       0       0       3       0                               0D0001082
     126    2190       0       0       0       0       0       000010000D0001083
     126       0       0       3       0                               0D0001084
     126    2193       0       0       0       0       0       000010000D0001085
     126       0       0       3       0                               0D0001086
     126    2196       0       0       0       0       0       000010000D0001087
     126       0       0       3       0                               0D0001088
     126    2199       0       0       0       0       0       000010000D0001089
     126       0       0       3       0                               0D0001090
     126    2202       0       0       0       0       0       000010000D0001091
     126       0       0       3       0                               0D0001092
     126    2205       0       0       0       0       0       000010000D0001093
     126       0       0       3       0                               0D0001094
     126    2208       0       0       0       0       0       000010000D0001095
     126       0       0       3       0                               0D0001096
     126    2211       0       0       0       0       0       000010000D0001097
     126       0       0       3       0                               0D0001098
     126    2214       0       0       0       0       0       000010000D0001099
     126       0       0       3       0                               0D0001100
     126    2217       0       0       0       0       0       000010000D0001101
     126       0       0       3       0                               0D0001102
     126    2220       0       0       0       0       0       000010000D0001103
     126       0       0       3       0                               0D0001104
     126    2223       0       0       0       0       0       000010000D0001105
     126       0       0       3       0                               0D0001106
     102    2226       0       0       0       0       0       000010000D0001107
     102       0       0       4       0                               0D0001108
     110    2230       0       0       0       0       0       000010000D0001109
     110       0       0       1       0                               0D0001110
     126    2231       0       0       0       0       0       000010000D0001111
     126       0       0       3       0                               0D0001112
     126    2234       0       0       0       0       0       000010000D0001113
     126       0       0       4       0                               0D0001114
     126    2238       0       0       0       0       0       000010000D0001115
     126       0       0       4       0                               0D0001116
     126    2242       0       0       0       0       0       000010000D0001117
     126       0       0       4       0                               0D0001118
     126    2246       0       0       0       0       0       000010000D0001119
     126       0       0       4       0                               0D0001120
     126    2250       0       0       0       0       0       000010000D0001121
     126       0       0       4       0                               0D0001122
     126    2254       0       0       0       0       0       000010000D0001123
     126       0       0       3       0                               0D0001124
     126    2257       0       0       0       0       0       000010000D0001125
     126       0       0       4       0                               0D0001126
     126    2261       0       0       0       0       0       000010000D0001127
     126       0       0       4       0                               0D0001128
     126    2265       0       0       0       0       0       000010000D0001129
     126       0       0       4       0                               0D0001130
     126    2269       0       0       0       0       0       000010000D0001131
     126       0       0       4       0                               0D0001132
     126    2273       0       0       0       0       0       000010000D0001133
     126       0       0       4       0                               0D0001134
     126    2277       0       0       0       0       0       000010000D0001135
     126       0       0       4       0                               0D0001136
     126    2281       0       0       0       0       0       000010000D0001137
     126       0       0       3       0                               0D0001138
     126    2284       0       0       0       0       0       000010000D0001139
     126       0       0       3       0                               0D0001140
     126    2287       0       0       0       0       0       000010000D0001141
     126       0       0       4       0                               0D0001142
     126    2291       0       0       0       0       0       000010000D0001143
     126       0       0       4       0                               0D0001144
     126    2295       0       0       0       0       0       000010000D0001145
     126       0       0       4       0                               0D0001146
     126    2299       0       0       0       0       0       000010000D0001147
     126       0       0       4       0                               0D0001148
     126    2303       0       0       0       0       0       000010000D0001149
     126       0       0       4       0                               0D0001150
     126    2307       0       0       0       0       0       000010000D0001151
     126       0       0       4       0                               0D0001152
     126    2311       0       0       0       0       0       000010000D0001153
     126       0       0       3       0                               0D0001154
     110    2314       0       0       0       0       0       000010000D0001155
     110       0       0       1       0                               0D0001156
     126    2315       0       0       0       0       0       000010000D0001157
     126       0       0       3       0                               0D0001158
     126    2318       0       0       0       0       0       000010000D0001159
     126       0       0       4       0                               0D0001160
     126    2322       0       0       0       0       0       000010000D0001161
     126       0       0       4       0                               0D0001162
     126    2326       0       0       0       0       0       000010000D0001163
     126       0       0       4       0                               0D0001164
     126    2330       0       0       0       0       0       000010000D0001165
     126       0       0       4       0                               0D0001166
     126    2334       0       0       0       0       0       000010000D0001167
     126       0       0       4       0                               0D0001168
     126    2338       0       0       0       0       0       000010000D0001169
     126       0       0       4       0                               0D0001170
     126    2342       0       0       0       0       0       000010000D0001171
     126       0       0       4       0                               0D0001172
     126    2346       0       0       0       0       0       000010000D0001173
     126       0       0       4       0                               0D0001174
     126    2350       0       0       0       0       0       000010000D0001175
     126       0       0       4       0                               0D0001176
     126    2354       0       0       0       0       0       000010000D0001177
     126       0       0       4       0                               0D0001178
     126    2358       0       0       0       0       0       000010000D0001179
     126       0       0       4       0                               0D0001180
     126    2362       0       0       0       0       0       000010000D0001181
     126       0       0       4       0                               0D0001182
     126    2366       0       0       0       0       0       000010000D0001183
     126       0       0       4       0                               0D0001184
     126    2370       0       0       0       0       0       000010000D0001185
     126       0       0       4       0                               0D0001186
     126    2374       0       0       0       0       0       000010000D0001187
     126       0       0       4       0                               0D0001188
     126    2378       0       0       0       0       0       000010000D0001189
     126       0       0       4       0                               0D0001190
     126    2382       0       0       0       0       0       000010000D0001191
     126       0       0       4       0                               0D0001192
     126    2386       0       0       0       0       0       000010000D0001193
     126       0       0       4       0                               0D0001194
     126    2390       0       0       0       0       0       000010000D0001195
     126       0       0       4       0                               0D0001196
     126    2394       0       0       0       0       0       000010000D0001197
     126       0       0       4       0                               0D0001198
     126    2398       0       0       0       0       0       000010000D0001199
     126       0       0       4       0                               0D0001200
     144    2402       0       0       0       0       0       000020000D0001201
     144       0       0       1       0                               0D0001202
     128    2403       0       0       0       0       0       000010000D0001203
     128       0       0       4       0                               0D0001204
     142    2407       0       0       0       0       0       000010500D0001205
     142       0       0       1       0                               0D0001206
     102    2408       0       0       0       0       0       000010000D0001207
     102       0       0       4       0                               0D0001208
     126    2412       0       0       0       0       0       000010000D0001209
     126       0       0       3       0                               0D0001210
     126    2415       0       0       0       0       0       000010000D0001211
     126       0       0       3       0                               0D0001212
     126    2418       0       0       0       0       0       000010000D0001213
     126       0       0       4       0                               0D0001214
     126    2422       0       0       0       0       0       000010000D0001215
     126       0       0       4       0                               0D0001216
     126    2426       0       0       0       0       0       000010000D0001217
     126       0       0       3       0                               0D0001218
     126    2429       0       0       0       0       0       000010000D0001219
     126       0       0       3       0                               0D0001220
     126    2432       0       0       0       0       0       000010000D0001221
     126       0       0       3       0                               0D0001222
     126    2435       0       0       0       0       0       000010000D0001223
     126       0       0       3       0                               0D0001224
     126    2438       0       0       0       0       0       000010000D0001225
     126       0       0       3       0                               0D0001226
     126    2441       0       0       0       0       0       000010000D0001227
     126       0       0       3       0                               0D0001228
     126    2444       0       0       0       0       0       000010000D0001229
     126       0       0       3       0                               0D0001230
     126    2447       0       0       0       0       0       000010000D0001231
     126       0       0       3       0                               0D0001232
     126    2450       0       0       0       0       0       000010000D0001233
     126       0       0       3       0                               0D0001234
     126    2453       0       0       0       0       0       000010000D0001235
     126       0       0       3       0                               0D0001236
     126    2456       0       0       0       0       0       000010000D0001237
     126       0       0       3       0                               0D0001238
     126    2459       0       0       0       0       0       000010000D0001239
     126       0       0       3       0                               0D0001240
     126    2462       0       0       0       0       0       000010000D0001241
     126       0       0       3       0                               0D0001242
     126    2465       0       0       0       0       0       000010000D0001243
     126       0       0       3       0                               0D0001244
     126    2468       0       0       0       0       0       000010000D0001245
     126       0       0       3       0                               0D0001246
     126    2471       0       0       0       0       0       000010000D0001247
     126       0       0       3       0                               0D0001248
     126    2474       0       0       0       0       0       000010000D0001249
     126       0       0       3       0                               0D0001250
     126    2477       0       0       0       0       0       000010000D0001251
     126       0       0       3       0                               0D0001252
     126    2480       0       0       0       0       0       000010000D0001253
     126       0       0       3       0                               0D0001254
     126    2483       0       0       0       0       0       000010000D0001255
     126       0       0       3       0                               0D0001256
     126    2486       0       0       0       0       0       000010000D0001257
     126       0       0       3       0                               0D0001258
     126    2489       0       0       0       0       0       000010000D0001259
     126       0       0       4       0                               0D0001260
     126    2493       0       0       0       0       0       000010000D0001261
     126       0       0       4       0                               0D0001262
     126    2497       0       0       0       0       0       000010000D0001263
     126       0       0       3       0                               0D0001264
     126    2500       0       0       0       0       0       000010000D0001265
     126       0       0       3       0                               0D0001266
     126    2503       0       0       0       0       0       000010000D0001267
     126       0       0       3       0                               0D0001268
     126    2506       0       0       0       0       0       000010000D0001269
     126       0       0       3       0                               0D0001270
     126    2509       0       0       0       0       0       000010000D0001271
     126       0       0       3       0                               0D0001272
     126    2512       0       0       0       0       0       000010000D0001273
     126       0       0       3       0                               0D0001274
     126    2515       0       0       0       0       0       000010000D0001275
     126       0       0       3       0                               0D0001276
     126    2518       0       0       0       0       0       000010000D0001277
     126       0       0       3       0                               0D0001278
     126    2521       0       0       0       0       0       000010000D0001279
     126       0       0       3       0                               0D0001280
     126    2524       0       0       0       0       0       000010000D0001281
     126       0       0       3       0                               0D0001282
     126    2527       0       0       0       0       0       000010000D0001283
     126       0       0       3       0                               0D0001284
     126    2530       0       0       0       0       0       000010000D0001285
     126       0       0       3       0                               0D0001286
     126    2533       0       0       0       0       0       000010000D0001287
     126       0       0       3       0                               0D0001288
     126    2536       0       0       0       0       0       000010000D0001289
     126       0       0       3       0                               0D0001290
     126    2539       0       0       0       0       0       000010000D0001291
     126       0       0       3       0                               0D0001292
     126    2542       0       0       0       0       0       000010000D0001293
     126       0       0       3       0                               0D0001294
     126    2545       0       0       0       0       0       000010000D0001295
     126       0       0       3       0                               0D0001296
     126    2548       0       0       0       0       0       000010000D0001297
     126       0       0       3       0                               0D0001298
     126    2551       0       0       0       0       0       000010000D0001299
     126       0       0       3       0                               0D0001300
     102    2554       0       0       0       0       0       000010000D0001301
     102       0       0       4       0                               0D0001302
     110    2558       0       0       0       0       0       000010000D0001303
     110       0       0       1       0                               0D0001304
     126    2559       0       0       0       0       0       000010000D0001305
     126       0       0       4       0                               0D0001306
     126    2563       0       0       0       0       0       000010000D0001307
     126       0       0       4       0                               0D0001308
     126    2567       0       0       0       0       0       000010000D0001309
     126       0       0       4       0                               0D0001310
     126    2571       0       0       0       0       0       000010000D0001311
     126       0       0       4       0                               0D0001312
     126    2575       0       0       0       0       0       000010000D0001313
     126       0       0       4       0                               0D0001314
     126    2579       0       0       0       0       0       000010000D0001315
     126       0       0       4       0                               0D0001316
     126    2583       0       0       0       0       0       000010000D0001317
     126       0       0       4       0                               0D0001318
     126    2587       0       0       0       0       0       000010000D0001319
     126       0       0       4       0                               0D0001320
     126    2591       0       0       0       0       0       000010000D0001321
     126       0       0       4       0                               0D0001322
     126    2595       0       0       0       0       0       000010000D0001323
     126       0       0       4       0                               0D0001324
     126    2599       0       0       0       0       0       000010000D0001325
     126       0       0       4       0                               0D0001326
     126    2603       0       0       0       0       0       000010000D0001327
     126       0       0       4       0                               0D0001328
     126    2607       0       0       0       0       0       000010000D0001329
     126       0       0       4       0                               0D0001330
     126    2611       0       0       0       0       0       000010000D0001331
     126       0       0       4       0                               0D0001332
     126    2615       0       0       0       0       0       000010000D0001333
     126       0       0       4       0                               0D0001334
     126    2619       0       0       0       0       0       000010000D0001335
     126       0       0       4       0                               0D0001336
     126    2623       0       0       0       0       0       000010000D0001337
     126       0       0       4       0                               0D0001338
     126    2627       0       0       0       0       0       000010000D0001339
     126       0       0       4       0                               0D0001340
     126    2631       0       0       0       0       0       000010000D0001341
     126       0       0       4       0                               0D0001342
     126    2635       0       0       0       0       0       000010000D0001343
     126       0       0       4       0                               0D0001344
     126    2639       0       0       0       0       0       000010000D0001345
     126       0       0       4       0                               0D0001346
     126    2643       0       0       0       0       0       000010000D0001347
     126       0       0       3       0                               0D0001348
     110    2646       0       0       0       0       0       000010000D0001349
     110       0       0       1       0                               0D0001350
     126    2647       0       0       0       0       0       000010000D0001351
     126       0       0       3       0                               0D0001352
     126    2650       0       0       0       0       0       000010000D0001353
     126       0       0       4       0                               0D0001354
     126    2654       0       0       0       0       0       000010000D0001355
     126       0       0       4       0                               0D0001356
     126    2658       0       0       0       0       0       000010000D0001357
     126       0       0       4       0                               0D0001358
     126    2662       0       0       0       0       0       000010000D0001359
     126       0       0       4       0                               0D0001360
     126    2666       0       0       0       0       0       000010000D0001361
     126       0       0       4       0                               0D0001362
     126    2670       0       0       0       0       0       000010000D0001363
     126       0       0       4       0                               0D0001364
     126    2674       0       0       0       0       0       000010000D0001365
     126       0       0       4       0                               0D0001366
     126    2678       0       0       0       0       0       000010000D0001367
     126       0       0       4       0                               0D0001368
     126    2682       0       0       0       0       0       000010000D0001369
     126       0       0       4       0                               0D0001370
     126    2686       0       0       0       0       0       000010000D0001371
     126       0       0       4       0                               0D0001372
     126    2690       0       0       0       0       0       000010000D0001373
     126       0       0       4       0                               0D0001374
     126    2694       0       0       0       0       0       000010000D0001375
     126       0       0       4       0                               0D0001376
     126    2698       0       0       0       0       0       000010000D0001377
     126       0       0       4       0                               0D0001378
     126    2702       0       0       0       0       0       000010000D0001379
     126       0       0       3       0                               0D0001380
     126    2705       0       0       0       0       0       000010000D0001381
     126       0       0       4       0                               0D0001382
     126    2709       0       0       0       0       0       000010000D0001383
     126       0       0       4       0                               0D0001384
     126    2713       0       0       0       0       0       000010000D0001385
     126       0       0       4       0                               0D0001386
     126    2717       0       0       0       0       0       000010000D0001387
     126       0       0       4       0                               0D0001388
     126    2721       0       0       0       0       0       000010000D0001389
     126       0       0       4       0                               0D0001390
     126    2725       0       0       0       0       0       000010000D0001391
     126       0       0       4       0                               0D0001392
     126    2729       0       0       0       0       0       000010000D0001393
     126       0       0       3       0                               0D0001394
     144    2732       0       0       0       0       0       000020000D0001395
     144       0       0       1       0                               0D0001396
     128    2733       0       0       0       0       0       000010000D0001397
     128       0       0       4       0                               0D0001398
     142    2737       0       0       0       0       0       000010500D0001399
     142       0       0       1       0                               0D0001400
     102    2738       0       0       0       0       0       000010000D0001401
     102       0       0       4       0                               0D0001402
     126    2742       0       0       0       0       0       000010000D0001403
     126       0       0       3       0                               0D0001404
     126    2745       0       0       0       0       0       000010000D0001405
     126       0       0       3       0                               0D0001406
     126    2748       0       0       0       0       0       000010000D0001407
     126       0       0       4       0                               0D0001408
     126    2752       0       0       0       0       0       000010000D0001409
     126       0       0       4       0                               0D0001410
     126    2756       0       0       0       0       0       000010000D0001411
     126       0       0       3       0                               0D0001412
     126    2759       0       0       0       0       0       000010000D0001413
     126       0       0       3       0                               0D0001414
     126    2762       0       0       0       0       0       000010000D0001415
     126       0       0       3       0                               0D0001416
     126    2765       0       0       0       0       0       000010000D0001417
     126       0       0       3       0                               0D0001418
     126    2768       0       0       0       0       0       000010000D0001419
     126       0       0       3       0                               0D0001420
     126    2771       0       0       0       0       0       000010000D0001421
     126       0       0       3       0                               0D0001422
     126    2774       0       0       0       0       0       000010000D0001423
     126       0       0       3       0                               0D0001424
     126    2777       0       0       0       0       0       000010000D0001425
     126       0       0       3       0                               0D0001426
     126    2780       0       0       0       0       0       000010000D0001427
     126       0       0       3       0                               0D0001428
     126    2783       0       0       0       0       0       000010000D0001429
     126       0       0       3       0                               0D0001430
     126    2786       0       0       0       0       0       000010000D0001431
     126       0       0       3       0                               0D0001432
     126    2789       0       0       0       0       0       000010000D0001433
     126       0       0       3       0                               0D0001434
     126    2792       0       0       0       0       0       000010000D0001435
     126       0       0       3       0                               0D0001436
     126    2795       0       0       0       0       0       000010000D0001437
     126       0       0       3       0                               0D0001438
     126    2798       0       0       0       0       0       000010000D0001439
     126       0       0       3       0                               0D0001440
     126    2801       0       0       0       0       0       000010000D0001441
     126       0       0       3       0                               0D0001442
     126    2804       0       0       0       0       0       000010000D0001443
     126       0       0       3       0                               0D0001444
     126    2807       0       0       0       0       0       000010000D0001445
     126       0       0       3       0                               0D0001446
     126    2810       0       0       0       0       0       000010000D0001447
     126       0       0       3       0                               0D0001448
     126    2813       0       0       0       0       0       000010000D0001449
     126       0       0       3       0                               0D0001450
     126    2816       0       0       0       0       0       000010000D0001451
     126       0       0       3       0                               0D0001452
     126    2819       0       0       0       0       0       000010000D0001453
     126       0       0       4       0                               0D0001454
     126    2823       0       0       0       0       0       000010000D0001455
     126       0       0       4       0                               0D0001456
     126    2827       0       0       0       0       0       000010000D0001457
     126       0       0       3       0                               0D0001458
     126    2830       0       0       0       0       0       000010000D0001459
     126       0       0       3       0                               0D0001460
     126    2833       0       0       0       0       0       000010000D0001461
     126       0       0       3       0                               0D0001462
     126    2836       0       0       0       0       0       000010000D0001463
     126       0       0       3       0                               0D0001464
     126    2839       0       0       0       0       0       000010000D0001465
     126       0       0       3       0                               0D0001466
     126    2842       0       0       0       0       0       000010000D0001467
     126       0       0       3       0                               0D0001468
     126    2845       0       0       0       0       0       000010000D0001469
     126       0       0       3       0                               0D0001470
     126    2848       0       0       0       0       0       000010000D0001471
     126       0       0       3       0                               0D0001472
     126    2851       0       0       0       0       0       000010000D0001473
     126       0       0       3       0                               0D0001474
     126    2854       0       0       0       0       0       000010000D0001475
     126       0       0       3       0                               0D0001476
     126    2857       0       0       0       0       0       000010000D0001477
     126       0       0       3       0                               0D0001478
     126    2860       0       0       0       0       0       000010000D0001479
     126       0       0       3       0                               0D0001480
     126    2863       0       0       0       0       0       000010000D0001481
     126       0       0       3       0                               0D0001482
     126    2866       0       0       0       0       0       000010000D0001483
     126       0       0       3       0                               0D0001484
     126    2869       0       0       0       0       0       000010000D0001485
     126       0       0       3       0                               0D0001486
     126    2872       0       0       0       0       0       000010000D0001487
     126       0       0       3       0                               0D0001488
     126    2875       0       0       0       0       0       000010000D0001489
     126       0       0       3       0                               0D0001490
     126    2878       0       0       0       0       0       000010000D0001491
     126       0       0       3       0                               0D0001492
     126    2881       0       0       0       0       0       000010000D0001493
     126       0       0       3       0                               0D0001494
     102    2884       0       0       0       0       0       000010000D0001495
     102       0       0       4       0                               0D0001496
     110    2888       0       0       0       0       0       000010000D0001497
     110       0       0       1       0                               0D0001498
     126    2889       0       0       0       0       0       000010000D0001499
     126       0       0       4       0                               0D0001500
     126    2893       0       0       0       0       0       000010000D0001501
     126       0       0       4       0                               0D0001502
     126    2897       0       0       0       0       0       000010000D0001503
     126       0       0       4       0                               0D0001504
     126    2901       0       0       0       0       0       000010000D0001505
     126       0       0       4       0                               0D0001506
     126    2905       0       0       0       0       0       000010000D0001507
     126       0       0       4       0                               0D0001508
     126    2909       0       0       0       0       0       000010000D0001509
     126       0       0       4       0                               0D0001510
     126    2913       0       0       0       0       0       000010000D0001511
     126       0       0       4       0                               0D0001512
     126    2917       0       0       0       0       0       000010000D0001513
     126       0       0       4       0                               0D0001514
     126    2921       0       0       0       0       0       000010000D0001515
     126       0       0       4       0                               0D0001516
     126    2925       0       0       0       0       0       000010000D0001517
     126       0       0       4       0                               0D0001518
     126    2929       0       0       0       0       0       000010000D0001519
     126       0       0       3       0                               0D0001520
     126    2932       0       0       0       0       0       000010000D0001521
     126       0       0       3       0                               0D0001522
     126    2935       0       0       0       0       0       000010000D0001523
     126       0       0       4       0                               0D0001524
     126    2939       0       0       0       0       0       000010000D0001525
     126       0       0       3       0                               0D0001526
     126    2942       0       0       0       0       0       000010000D0001527
     126       0       0       4       0                               0D0001528
     126    2946       0       0       0       0       0       000010000D0001529
     126       0       0       4       0                               0D0001530
     126    2950       0       0       0       0       0       000010000D0001531
     126       0       0       4       0                               0D0001532
     126    2954       0       0       0       0       0       000010000D0001533
     126       0       0       4       0                               0D0001534
     126    2958       0       0       0       0       0       000010000D0001535
     126       0       0       4       0                               0D0001536
     126    2962       0       0       0       0       0       000010000D0001537
     126       0       0       4       0                               0D0001538
     126    2966       0       0       0       0       0       000010000D0001539
     126       0       0       4       0                               0D0001540
     126    2970       0       0       0       0       0       000010000D0001541
     126       0       0       3       0                               0D0001542
     110    2973       0       0       0       0       0       000010000D0001543
     110       0       0       1       0                               0D0001544
     126    2974       0       0       0       0       0       000010000D0001545
     126       0       0       3       0                               0D0001546
     126    2977       0       0       0       0       0       000010000D0001547
     126       0       0       4       0                               0D0001548
     126    2981       0       0       0       0       0       000010000D0001549
     126       0       0       4       0                               0D0001550
     126    2985       0       0       0       0       0       000010000D0001551
     126       0       0       4       0                               0D0001552
     126    2989       0       0       0       0       0       000010000D0001553
     126       0       0       4       0                               0D0001554
     126    2993       0       0       0       0       0       000010000D0001555
     126       0       0       4       0                               0D0001556
     126    2997       0       0       0       0       0       000010000D0001557
     126       0       0       3       0                               0D0001558
     126    3000       0       0       0       0       0       000010000D0001559
     126       0       0       3       0                               0D0001560
     126    3003       0       0       0       0       0       000010000D0001561
     126       0       0       3       0                               0D0001562
     126    3006       0       0       0       0       0       000010000D0001563
     126       0       0       3       0                               0D0001564
     126    3009       0       0       0       0       0       000010000D0001565
     126       0       0       3       0                               0D0001566
     126    3012       0       0       0       0       0       000010000D0001567
     126       0       0       3       0                               0D0001568
     126    3015       0       0       0       0       0       000010000D0001569
     126       0       0       3       0                               0D0001570
     126    3018       0       0       0       0       0       000010000D0001571
     126       0       0       3       0                               0D0001572
     126    3021       0       0       0       0       0       000010000D0001573
     126       0       0       3       0                               0D0001574
     126    3024       0       0       0       0       0       000010000D0001575
     126       0       0       3       0                               0D0001576
     126    3027       0       0       0       0       0       000010000D0001577
     126       0       0       4       0                               0D0001578
     126    3031       0       0       0       0       0       000010000D0001579
     126       0       0       4       0                               0D0001580
     126    3035       0       0       0       0       0       000010000D0001581
     126       0       0       4       0                               0D0001582
     126    3039       0       0       0       0       0       000010000D0001583
     126       0       0       4       0                               0D0001584
     126    3043       0       0       0       0       0       000010000D0001585
     126       0       0       4       0                               0D0001586
     126    3047       0       0       0       0       0       000010000D0001587
     126       0       0       3       0                               0D0001588
     144    3050       0       0       0       0       0       000020000D0001589
     144       0       0       1       0                               0D0001590
     128    3051       0       0       0       0       0       000010000D0001591
     128       0       0       4       0                               0D0001592
     142    3055       0       0       0       0       0       000010500D0001593
     142       0       0       1       0                               0D0001594
     102    3056       0       0       0       0       0       000010000D0001595
     102       0       0       4       0                               0D0001596
     126    3060       0       0       0       0       0       000010000D0001597
     126       0       0       3       0                               0D0001598
     126    3063       0       0       0       0       0       000010000D0001599
     126       0       0       3       0                               0D0001600
     126    3066       0       0       0       0       0       000010000D0001601
     126       0       0       4       0                               0D0001602
     126    3070       0       0       0       0       0       000010000D0001603
     126       0       0       4       0                               0D0001604
     126    3074       0       0       0       0       0       000010000D0001605
     126       0       0       3       0                               0D0001606
     126    3077       0       0       0       0       0       000010000D0001607
     126       0       0       3       0                               0D0001608
     126    3080       0       0       0       0       0       000010000D0001609
     126       0       0       3       0                               0D0001610
     126    3083       0       0       0       0       0       000010000D0001611
     126       0       0       3       0                               0D0001612
     126    3086       0       0       0       0       0       000010000D0001613
     126       0       0       3       0                               0D0001614
     126    3089       0       0       0       0       0       000010000D0001615
     126       0       0       3       0                               0D0001616
     126    3092       0       0       0       0       0       000010000D0001617
     126       0       0       3       0                               0D0001618
     126    3095       0       0       0       0       0       000010000D0001619
     126       0       0       3       0                               0D0001620
     126    3098       0       0       0       0       0       000010000D0001621
     126       0       0       3       0                               0D0001622
     126    3101       0       0       0       0       0       000010000D0001623
     126       0       0       3       0                               0D0001624
     126    3104       0       0       0       0       0       000010000D0001625
     126       0       0       3       0                               0D0001626
     126    3107       0       0       0       0       0       000010000D0001627
     126       0       0       3       0                               0D0001628
     126    3110       0       0       0       0       0       000010000D0001629
     126       0       0       3       0                               0D0001630
     126    3113       0       0       0       0       0       000010000D0001631
     126       0       0       3       0                               0D0001632
     126    3116       0       0       0       0       0       000010000D0001633
     126       0       0       3       0                               0D0001634
     126    3119       0       0       0       0       0       000010000D0001635
     126       0       0       3       0                               0D0001636
     126    3122       0       0       0       0       0       000010000D0001637
     126       0       0       3       0                               0D0001638
     126    3125       0       0       0       0       0       000010000D0001639
     126       0       0       3       0                               0D0001640
     126    3128       0       0       0       0       0       000010000D0001641
     126       0       0       3       0                               0D0001642
     126    3131       0       0       0       0       0       000010000D0001643
     126       0       0       3       0                               0D0001644
     126    3134       0       0       0       0       0       000010000D0001645
     126       0       0       3       0                               0D0001646
     126    3137       0       0       0       0       0       000010000D0001647
     126       0       0       4       0                               0D0001648
     126    3141       0       0       0       0       0       000010000D0001649
     126       0       0       4       0                               0D0001650
     126    3145       0       0       0       0       0       000010000D0001651
     126       0       0       3       0                               0D0001652
     126    3148       0       0       0       0       0       000010000D0001653
     126       0       0       3       0                               0D0001654
     126    3151       0       0       0       0       0       000010000D0001655
     126       0       0       3       0                               0D0001656
     126    3154       0       0       0       0       0       000010000D0001657
     126       0       0       3       0                               0D0001658
     126    3157       0       0       0       0       0       000010000D0001659
     126       0       0       3       0                               0D0001660
     126    3160       0       0       0       0       0       000010000D0001661
     126       0       0       3       0                               0D0001662
     126    3163       0       0       0       0       0       000010000D0001663
     126       0       0       3       0                               0D0001664
     126    3166       0       0       0       0       0       000010000D0001665
     126       0       0       3       0                               0D0001666
     126    3169       0       0       0       0       0       000010000D0001667
     126       0       0       3       0                               0D0001668
     126    3172       0       0       0       0       0       000010000D0001669
     126       0       0       3       0                               0D0001670
     126    3175       0       0       0       0       0       000010000D0001671
     126       0       0       3       0                               0D0001672
     126    3178       0       0       0       0       0       000010000D0001673
     126       0       0       3       0                               0D0001674
     126    3181       0       0       0       0       0       000010000D0001675
     126       0       0       3       0                               0D0001676
     126    3184       0       0       0       0       0       000010000D0001677
     126       0       0       3       0                               0D0001678
     126    3187       0       0       0       0       0       000010000D0001679
     126       0       0       3       0                               0D0001680
     126    3190       0       0       0       0       0       000010000D0001681
     126       0       0       3       0                               0D0001682
     126    3193       0       0       0       0       0       000010000D0001683
     126       0       0       3       0                               0D0001684
     126    3196       0       0       0       0       0       000010000D0001685
     126       0       0       3       0                               0D0001686
     126    3199       0       0       0       0       0       000010000D0001687
     126       0       0       3       0                               0D0001688
     102    3202       0       0       0       0       0       000010000D0001689
     102       0       0       4       0                               0D0001690
     110    3206       0       0       0       0       0       000010000D0001691
     110       0       0       1       0                               0D0001692
     126    3207       0       0       0       0       0       000010000D0001693
     126       0       0       3       0                               0D0001694
     126    3210       0       0       0       0       0       000010000D0001695
     126       0       0       4       0                               0D0001696
     126    3214       0       0       0       0       0       000010000D0001697
     126       0       0       4       0                               0D0001698
     126    3218       0       0       0       0       0       000010000D0001699
     126       0       0       4       0                               0D0001700
     126    3222       0       0       0       0       0       000010000D0001701
     126       0       0       3       0                               0D0001702
     126    3225       0       0       0       0       0       000010000D0001703
     126       0       0       4       0                               0D0001704
     126    3229       0       0       0       0       0       000010000D0001705
     126       0       0       3       0                               0D0001706
     126    3232       0       0       0       0       0       000010000D0001707
     126       0       0       3       0                               0D0001708
     126    3235       0       0       0       0       0       000010000D0001709
     126       0       0       3       0                               0D0001710
     126    3238       0       0       0       0       0       000010000D0001711
     126       0       0       3       0                               0D0001712
     126    3241       0       0       0       0       0       000010000D0001713
     126       0       0       3       0                               0D0001714
     126    3244       0       0       0       0       0       000010000D0001715
     126       0       0       3       0                               0D0001716
     126    3247       0       0       0       0       0       000010000D0001717
     126       0       0       3       0                               0D0001718
     126    3250       0       0       0       0       0       000010000D0001719
     126       0       0       3       0                               0D0001720
     126    3253       0       0       0       0       0       000010000D0001721
     126       0       0       3       0                               0D0001722
     126    3256       0       0       0       0       0       000010000D0001723
     126       0       0       3       0                               0D0001724
     126    3259       0       0       0       0       0       000010000D0001725
     126       0       0       4       0                               0D0001726
     126    3263       0       0       0       0       0       000010000D0001727
     126       0       0       4       0                               0D0001728
     126    3267       0       0       0       0       0       000010000D0001729
     126       0       0       4       0                               0D0001730
     126    3271       0       0       0       0       0       000010000D0001731
     126       0       0       4       0                               0D0001732
     126    3275       0       0       0       0       0       000010000D0001733
     126       0       0       4       0                               0D0001734
     126    3279       0       0       0       0       0       000010000D0001735
     126       0       0       3       0                               0D0001736
     110    3282       0       0       0       0       0       000010000D0001737
     110       0       0       1       0                               0D0001738
     126    3283       0       0       0       0       0       000010000D0001739
     126       0       0       3       0                               0D0001740
     126    3286       0       0       0       0       0       000010000D0001741
     126       0       0       4       0                               0D0001742
     126    3290       0       0       0       0       0       000010000D0001743
     126       0       0       4       0                               0D0001744
     126    3294       0       0       0       0       0       000010000D0001745
     126       0       0       4       0                               0D0001746
     126    3298       0       0       0       0       0       000010000D0001747
     126       0       0       4       0                               0D0001748
     126    3302       0       0       0       0       0       000010000D0001749
     126       0       0       4       0                               0D0001750
     126    3306       0       0       0       0       0       000010000D0001751
     126       0       0       4       0                               0D0001752
     126    3310       0       0       0       0       0       000010000D0001753
     126       0       0       4       0                               0D0001754
     126    3314       0       0       0       0       0       000010000D0001755
     126       0       0       4       0                               0D0001756
     126    3318       0       0       0       0       0       000010000D0001757
     126       0       0       4       0                               0D0001758
     126    3322       0       0       0       0       0       000010000D0001759
     126       0       0       4       0                               0D0001760
     126    3326       0       0       0       0       0       000010000D0001761
     126       0       0       4       0                               0D0001762
     126    3330       0       0       0       0       0       000010000D0001763
     126       0       0       4       0                               0D0001764
     126    3334       0       0       0       0       0       000010000D0001765
     126       0       0       4       0                               0D0001766
     126    3338       0       0       0       0       0       000010000D0001767
     126       0       0       4       0                               0D0001768
     126    3342       0       0       0       0       0       000010000D0001769
     126       0       0       4       0                               0D0001770
     126    3346       0       0       0       0       0       000010000D0001771
     126       0       0       4       0                               0D0001772
     126    3350       0       0       0       0       0       000010000D0001773
     126       0       0       4       0                               0D0001774
     126    3354       0       0       0       0       0       000010000D0001775
     126       0       0       4       0                               0D0001776
     126    3358       0       0       0       0       0       000010000D0001777
     126       0       0       4       0                               0D0001778
     126    3362       0       0       0       0       0       000010000D0001779
     126       0       0       4       0                               0D0001780
     126    3366       0       0       0       0       0       000010000D0001781
     126       0       0       3       0                               0D0001782
402,10,3,169,335,501,655,841,1007,1201,1395,1589;                0000001P0000001
144,5,1,0,7;                                                     0000003P0000002
128,8,4,3,3,0,0,1,0,0,0.294208297,0.294208297,0.294208297,       0000005P0000003
0.294208297,0.3125,0.34375,0.375,0.40625,0.4375,0.455791736,     0000005P0000004
0.455791736,0.455791736,0.455791736,0.,0.,0.,0.,0.5,1.,1.,1.,1., 0000005P0000005
1.,1.,1.,1.,1.,1.,1.,1.,1.,1.,1.,1.,1.,1.,1.,1.,1.,1.,1.,1.,1.,  0000005P0000006
1.,1.,1.,1.,1.,1.,1.,1.,1.,1.,1.,1.,1.,1.,1.,1.,1.,1.,1.,1.,1.,  0000005P0000007
1.,1.,1.,13.57340629,47.602571357,99.5,15.397061165,             0000005P0000008
47.082522064,99.5,20.25549466,45.390586782,99.5,27.678057032,    0000005P0000009
41.423142883,99.5,35.227482804,35.227493716,99.5,41.423132606,   0000005P0000010
27.678067007,99.5,45.39058537,20.255522851,99.5,47.082521419,    0000005P0000011
15.397073077,99.5,47.602571303,13.573409909,99.5,15.383196546,   0000005P0000012
53.949580026,83.,17.450005656,53.360190547,83.,22.956231006,     0000005P0000013
51.442663017,83.,31.368471638,46.94622576,83.,39.924483651,      0000005P0000014
39.924485787,83.,46.94622922,31.36846962,83.,51.44265518,        0000005P0000015
22.956241278,83.,53.360193244,17.450009981,83.,53.949586017,     0000005P0000016
15.38319569,83.,17.192986803,60.296588695,50.,19.502950148,      0000005P0000017
59.637859031,50.,25.656967352,57.494739253,50.,35.058886244,     0000005P0000018
52.469308636,50.,44.621484498,44.621477856,50.,52.469325835,     0000005P0000019
35.058872231,50.,57.494724991,25.656959704,50.,59.63786507,      0000005P0000020
19.502946886,50.,60.296600729,17.19298147,50.,15.383196546,      0000005P0000021
53.949580026,17.,17.450005656,53.360190547,17.,22.956231006,     0000005P0000022
51.442663017,17.,31.368471638,46.94622576,17.,39.924483651,      0000005P0000023
39.924485787,17.,46.94622922,31.36846962,17.,51.44265518,        0000005P0000024
22.956241278,17.,53.360193244,17.450009981,17.,53.949586017,     0000005P0000025
15.38319569,17.,13.57340629,47.602571357,0.5,15.397061165,       0000005P0000026
47.082522064,0.5,20.25549466,45.390586782,0.5,27.678057032,      0000005P0000027
41.423142883,0.5,35.227482804,35.227493716,0.5,41.423132606,     0000005P0000028
27.678067007,0.5,45.39058537,20.255522851,0.5,47.082521419,      0000005P0000029
15.397073077,0.5,47.602571303,13.573409909,0.5,0.295166302,      0000005P0000030
0.454833731,0.,1.;                                               0000005P0000031
142,0,5,9,87,3;                                                  0000007P0000032
102,38,11,13,15,17,19,21,23,25,27,29,31,33,35,37,39,41,43,45,47, 0000009P0000033
49,51,53,55,57,59,61,63,65,67,69,71,73,75,77,79,81,83,85;        0000009P0000034
126,2,2,1,0,1,0,0.,0.,0.,3.125E-02,3.125E-02,3.125E-02,1.,1.,1., 0000011P0000035
0.295166302,1.,0.,0.299521817,0.990022189,0.,0.303597148,        0000011P0000036
0.978104351,0.,0.,3.125E-02,-0.,-0.,1.;                          0000011P0000037
126,2,2,1,0,1,0,3.125E-02,3.125E-02,3.125E-02,6.25E-02,6.25E-02, 0000013P0000038
6.25E-02,1.,1.,1.,0.303597148,0.978104351,0.,0.307469186,        0000013P0000039
0.966781017,0.,0.311068216,0.953763899,0.,3.125E-02,6.25E-02,    0000013P0000040
-0.,-0.,1.;                                                      0000013P0000041
126,2,2,1,0,1,0,6.25E-02,6.25E-02,6.25E-02,0.125,0.125,0.125,1., 0000015P0000042
1.,1.,0.311068216,0.953763899,0.,0.317827065,0.929318222,0.,     0000015P0000043
0.323575302,0.89908446,0.,6.25E-02,0.125,-0.,-0.,1.;             0000015P0000044
126,2,2,1,0,1,0,0.125,0.125,0.125,0.1875,0.1875,0.1875,1.,1.,1., 0000017P0000045
0.323575302,0.89908446,0.,0.328836113,0.871414395,0.,0.33320035, 0000017P0000046
0.839153871,0.,0.125,0.1875,-0.,-0.,1.;                          0000017P0000047
126,2,2,1,0,1,0,0.1875,0.1875,0.1875,0.25,0.25,0.25,1.,1.,1.,    0000019P0000048
0.33320035,0.839153871,0.,0.33728298,0.808974987,0.,0.34054401,  0000019P0000049
0.77505501,0.,0.1875,0.25,-0.,-0.,1.;                            0000019P0000050
126,2,2,1,0,1,0,0.25,0.25,0.25,0.3125,0.3125,0.3125,1.,1.,1.,    0000021P0000051
0.34054401,0.77505501,0.,0.34360843,0.743180087,0.,0.345911822,  0000021P0000052
0.708377339,0.,0.25,0.3125,-0.,-0.,1.;                           0000021P0000053
126,2,2,1,0,1,0,0.3125,0.3125,0.3125,0.375,0.375,0.375,1.,1.,1., 0000023P0000054
0.345911822,0.708377339,0.,0.348099142,0.675328362,0.,           0000023P0000055
0.349566005,0.640167322,0.,0.3125,0.375,-0.,-0.,1.;              0000023P0000056
126,2,2,1,0,1,0,0.375,0.375,0.375,0.4375,0.4375,0.4375,1.,1.,1., 0000025P0000057
0.349566005,0.640167322,0.,0.350992412,0.605976037,0.,           0000025P0000058
0.351709158,0.570481471,0.,0.375,0.4375,-0.,-0.,1.;              0000025P0000059
126,2,2,1,0,1,0,0.4375,0.4375,0.4375,0.5,0.5,0.5,1.,1.,1.,       0000027P0000060
0.351709158,0.570481471,0.,0.352420073,0.535275743,0.,           0000027P0000061
0.352416292,0.499625189,0.,0.4375,0.5,-0.,-0.,1.;                0000027P0000062
126,2,2,1,0,1,0,0.5,0.5,0.5,0.5625,0.5625,0.5625,1.,1.,1.,       0000029P0000063
0.352416292,0.499625189,0.,0.352412534,0.464183923,0.,           0000029P0000064
0.351702488,0.429188989,0.,0.5,0.5625,-0.,-0.,1.;                0000029P0000065
126,2,2,1,0,1,0,0.5625,0.5625,0.5625,0.625,0.625,0.625,1.,1.,1., 0000031P0000066
0.351702488,0.429188989,0.,0.350981139,0.39363696,0.,0.3495478,  0000031P0000067
0.359397044,0.,0.5625,0.625,-0.,-0.,1.;                          0000031P0000068
126,2,2,1,0,1,0,0.625,0.625,0.625,0.6875,0.6875,0.6875,1.,1.,1., 0000033P0000069
0.3495478,0.359397044,0.,0.34805944,0.323842752,0.,0.345834397,  0000033P0000070
0.290456882,0.,0.625,0.6875,-0.,-0.,1.;                          0000033P0000071
126,2,2,1,0,1,0,0.6875,0.6875,0.6875,0.75,0.75,0.75,1.,1.,1.,    0000035P0000072
0.345834397,0.290456882,0.,0.343521005,0.255745368,0.,           0000035P0000073
0.340449194,0.22396135,0.,0.6875,0.75,-0.,-0.,1.;                0000035P0000074
126,2,2,1,0,1,0,0.75,0.75,0.75,0.8125,0.8125,0.8125,1.,1.,1.,    0000037P0000075
0.340449194,0.22396135,0.,0.337197772,0.190318901,0.,0.33313608, 0000037P0000076
0.160371657,0.,0.75,0.8125,-0.,-0.,1.;                           0000037P0000077
126,2,2,1,0,1,0,0.8125,0.8125,0.8125,0.875,0.875,0.875,1.,1.,1., 0000039P0000078
0.33313608,0.160371657,0.,0.328741171,0.12796757,0.,0.323440293, 0000039P0000079
0.100206966,0.,0.8125,0.875,-0.,-0.,1.;                          0000039P0000080
126,2,2,1,0,1,0,0.875,0.875,0.875,0.9375,0.9375,0.9375,1.,1.,1., 0000041P0000081
0.323440293,0.100206966,0.,0.317730746,7.0306171E-02,0.,         0000041P0000082
0.311028852,4.6093807E-02,0.,0.875,0.9375,-0.,-0.,1.;            0000041P0000083
126,2,2,1,0,1,0,0.9375,0.9375,0.9375,0.96875,0.96875,0.96875,1., 0000043P0000084
1.,1.,0.311028852,4.6093807E-02,0.,0.307448766,3.31598E-02,0.,   0000043P0000085
0.303598808,2.1900503E-02,0.,0.9375,0.96875,-0.,-0.,1.;          0000043P0000086
126,2,2,1,0,1,0,0.96875,0.96875,0.96875,1.,1.,1.,1.,1.,1.,       0000045P0000087
0.303598808,2.1900503E-02,0.,0.299522706,9.979846E-03,0.,        0000045P0000088
0.295166302,0.,0.,0.96875,1.,-0.,-0.,1.;                         0000045P0000089
126,1,1,1,0,1,0,8.13139209E-31,8.13139209E-31,1.003213638,       0000047P0000090
1.003213638,1.,1.,0.295166825,0.,0.,0.454833258,0.,0.,           0000047P0000091
8.13139209E-31,1.003213638,0.,0.,1.;                             0000047P0000092
126,2,2,1,0,1,0,0.,0.,0.,3.125E-02,3.125E-02,3.125E-02,1.,1.,1., 0000049P0000093
0.454833731,0.,0.,0.450478218,9.97779E-03,0.,0.446402892,        0000049P0000094
2.1895612E-02,0.,0.,3.125E-02,-0.,-0.,1.;                        0000049P0000095
126,2,2,1,0,1,0,3.125E-02,3.125E-02,3.125E-02,6.25E-02,6.25E-02, 0000051P0000096
6.25E-02,1.,1.,1.,0.446402892,2.1895612E-02,0.,0.442530858,      0000051P0000097
3.3218929E-02,0.,0.438931827,4.6236053E-02,0.,3.125E-02,         0000051P0000098
6.25E-02,-0.,-0.,1.;                                             0000051P0000099
126,2,2,1,0,1,0,6.25E-02,6.25E-02,6.25E-02,0.125,0.125,0.125,1., 0000053P0000100
1.,1.,0.438931827,4.6236053E-02,0.,0.432172983,7.0681722E-02,0., 0000053P0000101
0.426424735,0.100915515,0.,6.25E-02,0.125,-0.,-0.,1.;            0000053P0000102
126,2,2,1,0,1,0,0.125,0.125,0.125,0.1875,0.1875,0.1875,1.,1.,1., 0000055P0000103
0.426424735,0.100915515,0.,0.421163915,0.128585608,0.,           0000055P0000104
0.41679967,0.160846126,0.,0.125,0.1875,-0.,-0.,1.;               0000055P0000105
126,2,2,1,0,1,0,0.1875,0.1875,0.1875,0.25,0.25,0.25,1.,1.,1.,    0000057P0000106
0.41679967,0.160846126,0.,0.412717029,0.191025031,0.,            0000057P0000107
0.409455992,0.224944991,0.,0.1875,0.25,-0.,-0.,1.;               0000057P0000108
126,2,2,1,0,1,0,0.25,0.25,0.25,0.3125,0.3125,0.3125,1.,1.,1.,    0000059P0000109
0.409455992,0.224944991,0.,0.406391562,0.256819918,0.,           0000059P0000110
0.404088165,0.291622662,0.,0.25,0.3125,-0.,-0.,1.;               0000059P0000111
126,2,2,1,0,1,0,0.3125,0.3125,0.3125,0.375,0.375,0.375,1.,1.,1., 0000061P0000112
0.404088165,0.291622662,0.,0.40190084,0.324671635,0.,            0000061P0000113
0.400433974,0.359832679,0.,0.3125,0.375,-0.,-0.,1.;              0000061P0000114
126,2,2,1,0,1,0,0.375,0.375,0.375,0.4375,0.4375,0.4375,1.,1.,1., 0000063P0000115
0.400433974,0.359832679,0.,0.399007565,0.394023961,0.,           0000063P0000116
0.398290816,0.429518531,0.,0.375,0.4375,-0.,-0.,1.;              0000063P0000117
126,2,2,1,0,1,0,0.4375,0.4375,0.4375,0.5,0.5,0.5,1.,1.,1.,       0000065P0000118
0.398290816,0.429518531,0.,0.397579901,0.464724258,0.,           0000065P0000119
0.397583681,0.500374814,0.,0.4375,0.5,-0.,-0.,1.;                0000065P0000120
126,2,2,1,0,1,0,0.5,0.5,0.5,0.5625,0.5625,0.5625,1.,1.,1.,       0000067P0000121
0.397583681,0.500374814,0.,0.397587439,0.53581608,0.,            0000067P0000122
0.398297487,0.570811013,0.,0.5,0.5625,-0.,-0.,1.;                0000067P0000123
126,2,2,1,0,1,0,0.5625,0.5625,0.5625,0.625,0.625,0.625,1.,1.,1., 0000069P0000124
0.398297487,0.570811013,0.,0.399018838,0.606363043,0.,           0000069P0000125
0.400452179,0.640602956,0.,0.5625,0.625,-0.,-0.,1.;              0000069P0000126
126,2,2,1,0,1,0,0.625,0.625,0.625,0.6875,0.6875,0.6875,1.,1.,1., 0000071P0000127
0.400452179,0.640602956,0.,0.401940543,0.676157251,0.,           0000071P0000128
0.404165591,0.709543117,0.,0.625,0.6875,-0.,-0.,1.;              0000071P0000129
126,2,2,1,0,1,0,0.6875,0.6875,0.6875,0.75,0.75,0.75,1.,1.,1.,    0000073P0000130
0.404165591,0.709543117,0.,0.406478988,0.744254626,0.,           0000073P0000131
0.409550807,0.776038649,0.,0.6875,0.75,-0.,-0.,1.;               0000073P0000132
126,2,2,1,0,1,0,0.75,0.75,0.75,0.8125,0.8125,0.8125,1.,1.,1.,    0000075P0000133
0.409550807,0.776038649,0.,0.412802236,0.809681079,0.,           0000075P0000134
0.416863939,0.839628342,0.,0.75,0.8125,-0.,-0.,1.;               0000075P0000135
126,2,2,1,0,1,0,0.8125,0.8125,0.8125,0.875,0.875,0.875,1.,1.,1., 0000077P0000136
0.416863939,0.839628342,0.,0.421258857,0.872032419,0.,           0000077P0000137
0.426559743,0.899793047,0.,0.8125,0.875,-0.,-0.,1.;              0000077P0000138
126,2,2,1,0,1,0,0.875,0.875,0.875,0.9375,0.9375,0.9375,1.,1.,1., 0000079P0000139
0.426559743,0.899793047,0.,0.4322693,0.929693876,0.,0.43897119,  0000079P0000140
0.953906233,0.,0.875,0.9375,-0.,-0.,1.;                          0000079P0000141
126,2,2,1,0,1,0,0.9375,0.9375,0.9375,0.96875,0.96875,0.96875,1., 0000081P0000142
1.,1.,0.43897119,0.953906233,0.,0.442551276,0.966840249,0.,      0000081P0000143
0.446401231,0.978099531,0.,0.9375,0.96875,-0.,-0.,1.;            0000081P0000144
126,2,2,1,0,1,0,0.96875,0.96875,0.96875,1.,1.,1.,1.,1.,1.,       0000083P0000145
0.446401231,0.978099531,0.,0.450477329,0.990020173,0.,           0000083P0000146
0.454833731,1.,0.,0.96875,1.,-0.,-0.,1.;                         0000083P0000147
126,1,1,1,0,1,0,0.283789885,0.283789885,1.287003611,1.287003611, 0000085P0000148
1.,1.,0.454833213,1.,0.,0.295166784,1.,0.,0.283789885,           0000085P0000149
1.287003611,0.,0.,1.;                                            0000085P0000150
102,38,89,91,93,95,97,99,101,103,105,107,109,111,113,115,117,    0000087P0000151
119,121,123,125,129,131,133,135,137,139,141,143,145,147,149,151, 0000087P0000152
153,155,157,159,161,163,165;                                     0000087P0000153
126,4,4,0,0,1,0,0.,0.,0.,0.,0.,3.125E-02,3.125E-02,3.125E-02,    0000089P0000154
3.125E-02,3.125E-02,1.,1.,1.,1.,1.,13.859693901,47.519999996,    0000089P0000155
0.5,14.565239182,47.520000021,0.993901645,15.263156862,          0000089P0000156
47.519973306,1.519813735,15.953628288,47.52000001,2.07773627,    0000089P0000157
16.636599971,47.519999969,2.667669251,0.,3.125E-02,              0000089P0000158
-1.096936178E-04,-0.999999984,1.40505517E-04;                    0000089P0000159
126,4,4,0,0,1,0,3.125E-02,3.125E-02,3.125E-02,3.125E-02,         0000091P0000160
3.125E-02,6.25E-02,6.25E-02,6.25E-02,6.25E-02,6.25E-02,1.,1.,1., 0000091P0000161
1.,1.,16.636599971,47.519999969,2.667669251,17.285502449,        0000091P0000162
47.519999984,3.228174284,17.926515343,47.519984234,3.816626753,  0000091P0000163
18.55957552,47.520000021,4.433026658,19.184434808,47.52000004,   0000091P0000164
5.077373999,3.125E-02,6.25E-02,-8.39694731E-05,-0.999999993,     0000091P0000165
8.882363022E-05;                                                 0000091P0000166
126,4,4,0,0,1,0,6.25E-02,6.25E-02,6.25E-02,6.25E-02,6.25E-02,    0000093P0000167
0.125,0.125,0.125,0.125,0.125,1.,1.,1.,1.,1.,19.184434808,       0000093P0000168
47.52000004,5.077373999,20.357898076,47.520000028,6.287435011,   0000093P0000169
21.499635365,47.51985207,7.592999425,22.608009906,47.52000004,   0000093P0000170
8.994067241,23.679241406,47.520000069,10.49063846,6.25E-02,      0000093P0000171
0.125,-2.611916715E-04,-0.999999942,2.17142097E-04;              0000093P0000172
126,4,4,0,0,1,0,0.125,0.125,0.125,0.125,0.125,0.1875,0.1875,     0000095P0000173
0.1875,0.1875,0.1875,1.,1.,1.,1.,1.,23.679241406,47.520000069,   0000095P0000174
10.49063846,24.65963702,47.520000055,11.860306678,25.605827958,  0000095P0000175
47.51990328,13.305717469,26.514911291,47.519999986,14.826870833, 0000095P0000176
27.382785616,47.519999924,16.423766771,0.125,0.1875,             0000095P0000177
-2.280602011E-04,-0.999999964,1.426038657E-04;                   0000095P0000178
126,4,4,0,0,1,0,0.1875,0.1875,0.1875,0.1875,0.1875,0.25,0.25,    0000097P0000179
0.25,0.25,0.25,1.,1.,1.,1.,1.,27.382785616,47.519999924,         0000097P0000180
16.423766771,28.194659463,47.519999917,17.917621529,             0000097P0000181
28.968018022,47.519900939,19.473204322,29.699587102,             0000097P0000182
47.519999913,21.090515149,30.385466362,47.519999915,22.76955401, 0000097P0000183
0.1875,0.25,-2.780082915E-04,-0.999999953,1.318600508E-04;       0000097P0000184
126,4,4,0,0,1,0,0.25,0.25,0.25,0.25,0.25,0.3125,0.3125,0.3125,   0000099P0000185
0.3125,0.3125,1.,1.,1.,1.,1.,30.385466362,47.519999915,          0000099P0000186
22.76955401,31.029993479,47.519999984,24.347362699,31.631676559, 0000099P0000187
47.519886839,25.9734805,32.187467625,47.520000055,27.647907413,  0000099P0000188
32.694106199,47.520000048,29.370643439,0.25,0.3125,              0000099P0000189
-3.596668043E-04,-0.999999927,1.261531295E-04;                   0000099P0000190
126,4,4,0,0,1,0,0.3125,0.3125,0.3125,0.3125,0.3125,0.375,0.375,  0000101P0000191
0.375,0.375,0.375,1.,1.,1.,1.,1.,32.694106199,47.520000048,      0000101P0000192
29.370643439,33.175214363,47.520000049,31.006567801,             0000101P0000193
33.609476353,47.519864226,32.677341202,33.9944404,47.520000049,  0000101P0000194
34.382963642,34.327700701,47.520000049,36.123435122,0.3125,      0000101P0000195
0.375,-4.705870059E-04,-0.999999883,1.141802079E-04;             0000101P0000196
126,4,4,0,0,1,0,0.375,0.375,0.375,0.375,0.375,0.4375,0.4375,     0000103P0000197
0.4375,0.4375,0.4375,1.,1.,1.,1.,1.,34.327700701,47.520000049,   0000103P0000198
36.123435122,34.651769651,47.51999998,37.81590373,34.9247848,    0000103P0000199
47.519846411,39.529876474,35.145059756,47.520000007,             0000103P0000200
41.265353354,35.311144882,47.520000108,43.022334371,0.375,       0000103P0000201
0.4375,-5.519936178E-04,-0.999999845,7.894605939E-05;            0000103P0000202
126,4,4,0,0,1,0,0.4375,0.4375,0.4375,0.4375,0.4375,0.5,0.5,0.5,  0000105P0000203
0.5,0.5,1.,1.,1.,1.,1.,35.311144882,47.520000108,43.022334371,   0000105P0000204
35.475878716,47.520000037,44.765017907,35.586014583,47.51983225, 0000105P0000205
46.515041072,35.640830181,47.520000025,48.272403866,             0000105P0000206
35.639948258,47.520000087,50.037106289,0.4375,0.5,               0000105P0000207
-6.046672457E-04,-0.999999817,2.843408539E-05;                   0000105P0000208
126,4,4,0,0,1,0,0.5,0.5,0.5,0.5,0.5,0.5625,0.5625,0.5625,0.5625, 0000107P0000209
0.5625,1.,1.,1.,1.,1.,35.639948258,47.520000087,50.037106289,    0000107P0000210
35.639071633,47.520000059,51.791448956,35.583154205,             0000107P0000211
47.519836244,53.538427145,35.47257603,47.520000023,55.278040856, 0000107P0000212
35.308053755,47.520000019,57.010290089,0.5,0.5625,               0000107P0000213
5.967244037E-04,0.999999822,2.850538237E-05;                     0000107P0000214
126,4,4,0,0,1,0,0.5625,0.5625,0.5625,0.5625,0.5625,0.625,0.625,  0000109P0000215
0.625,0.625,0.625,1.,1.,1.,1.,1.,35.308053755,47.520000019,      0000109P0000216
57.010290089,35.140912465,47.519999966,58.770115524,             0000109P0000217
34.919413602,47.519845483,60.508291095,34.645019329,             0000109P0000218
47.519999966,62.224816802,34.319429281,47.520000017,             0000109P0000219
63.919692644,0.5625,0.625,5.530139966E-04,0.999999844,           0000109P0000220
7.938045122E-05;                                                 0000109P0000221
126,4,4,0,0,1,0,0.625,0.625,0.625,0.625,0.625,0.6875,0.6875,     0000111P0000222
0.6875,0.6875,0.6875,1.,1.,1.,1.,1.,34.319429281,47.520000017,   0000111P0000223
63.919692644,33.981340868,47.519999969,65.679630098,             0000111P0000224
33.590410836,47.51985827,67.403788589,33.149135871,47.519999957, 0000111P0000225
69.092168117,32.660057789,47.519999988,70.744768682,0.625,       0000111P0000226
0.6875,4.803821455E-04,0.999999878,1.171530782E-04;              0000111P0000227
126,4,4,0,0,1,0,0.6875,0.6875,0.6875,0.6875,0.6875,0.75,0.75,    0000113P0000228
0.75,0.75,0.75,1.,1.,1.,1.,1.,32.660057789,47.519999988,         0000113P0000229
70.744768682,32.151560042,47.519999999,72.462988625,             0000113P0000230
31.594186273,47.519888166,74.132904884,30.991187019,             0000113P0000231
47.520000011,75.754517459,30.345597073,47.520000012,77.32782635, 0000113P0000232
0.6875,0.75,3.567486109E-04,0.999999928,1.257621367E-04;         0000113P0000233
126,4,4,0,0,1,0,0.75,0.75,0.75,0.75,0.75,0.8125,0.8125,0.8125,   0000115P0000234
0.8125,0.8125,1.,1.,1.,1.,1.,30.345597073,47.520000012,          0000115P0000235
77.32782635,29.662259038,47.520000045,78.993127575,28.933975738, 0000115P0000236
47.519904126,80.597457918,28.164564635,47.520000051,             0000115P0000237
82.140817379,27.357230092,47.520000029,83.623205957,0.75,0.8125, 0000115P0000238
2.727350695E-04,0.999999954,1.297672288E-04;                     0000115P0000239
126,4,4,0,0,1,0,0.8125,0.8125,0.8125,0.8125,0.8125,0.875,0.875,  0000117P0000240
0.875,0.875,0.875,1.,1.,1.,1.,1.,27.357230092,47.520000029,      0000117P0000241
83.623205957,26.483662646,47.519999981,85.227208263,             0000117P0000242
25.568522173,47.519901175,86.7545931,24.615970886,47.519999929,  0000117P0000243
88.205360468,23.6289425,47.519999922,89.579510366,0.8125,0.875,  0000117P0000244
2.304538732E-04,0.999999963,1.445424247E-04;                     0000117P0000245
126,4,4,0,0,1,0,0.875,0.875,0.875,0.875,0.875,0.9375,0.9375,     0000119P0000246
0.9375,0.9375,0.9375,1.,1.,1.,1.,1.,23.6289425,47.519999922,     0000119P0000247
89.579510366,22.565819576,47.519999932,91.059599718,21.46632313, 0000119P0000248
47.519857488,92.445829959,20.334110068,47.519999978,             0000119P0000249
93.738201089,19.170767499,47.520000009,94.936713107,0.875,       0000119P0000250
0.9375,2.556561683E-04,0.999999945,2.129864478E-04;              0000119P0000251
126,4,4,0,0,1,0,0.9375,0.9375,0.9375,0.9375,0.9375,0.96875,      0000121P0000252
0.96875,0.96875,0.96875,0.96875,1.,1.,1.,1.,1.,19.170767499,     0000121P0000253
47.520000009,94.936713107,18.549321317,47.520000029,             0000121P0000254
95.576946453,17.919772244,47.519984597,96.189547085,             0000121P0000255
17.282363236,47.519999993,96.774515001,16.637156353,             0000121P0000256
47.519999947,97.331850203,0.9375,0.96875,8.243653642E-05,        0000121P0000257
0.999999993,8.724042807E-05;                                     0000121P0000258
126,4,4,0,0,1,0,0.96875,0.96875,0.96875,0.96875,0.96875,1.,1.,   0000123P0000259
1.,1.,1.,1.,1.,1.,1.,1.,16.637156353,47.519999947,97.331850203,  0000123P0000260
15.954050466,47.519999965,97.921922724,15.263441551,             0000123P0000261
47.519973239,98.479971864,14.565383181,47.519999991,             0000123P0000262
99.005997623,13.859693901,47.519999996,99.5,0.96875,1.,          0000123P0000263
1.101108656E-04,0.999999984,1.410255112E-04;                     0000123P0000264
100,0.,0.,0.,49.5,-1.161203252E-27,26.610969203,41.738547148;    0000125P0000265
124,0.279997454,0.960000742,1.955210257E-15,0.,0.960000742,      0000127P0000266
-0.279997454,-6.703649798E-15,0.,-5.888054888E-15,               0000127P0000267
3.754008177E-15,-1.,99.5;                                        0000127P0000268
126,4,4,0,0,1,0,0.,0.,0.,0.,0.,3.125E-02,3.125E-02,3.125E-02,    0000129P0000269
3.125E-02,3.125E-02,1.,1.,1.,1.,1.,47.520000011,13.859698258,    0000129P0000270
99.5,47.520000013,14.565244757,99.006099395,47.519973302,        0000129P0000271
15.26316332,98.480188262,47.520000012,15.953635197,97.922266601, 0000129P0000272
47.520000012,16.63660687,97.332334412,0.,3.125E-02,0.999999984,  0000129P0000273
1.100788847E-04,1.410111368E-04;                                 0000129P0000274
126,4,4,0,0,1,0,3.125E-02,3.125E-02,3.125E-02,3.125E-02,         0000131P0000275
3.125E-02,6.25E-02,6.25E-02,6.25E-02,6.25E-02,6.25E-02,1.,1.,1., 0000131P0000276
1.,1.,47.520000012,16.63660687,97.332334412,47.519999994,        0000131P0000277
17.285509439,96.77183022,47.519984215,17.926522427,96.183378213, 0000131P0000278
47.519999962,18.559582683,95.566978391,47.519999947,             0000131P0000279
19.184442052,94.922630753,3.125E-02,6.25E-02,0.999999993,        0000131P0000280
8.397931953E-05,8.87772938E-05;                                  0000131P0000281
126,4,4,0,0,1,0,6.25E-02,6.25E-02,6.25E-02,6.25E-02,6.25E-02,    0000133P0000282
0.125,0.125,0.125,0.125,0.125,1.,1.,1.,1.,1.,47.519999947,       0000133P0000283
19.184442052,94.922630753,47.519999967,20.357904315,             0000133P0000284
93.712570137,47.519851968,21.499640356,92.407005476,             0000133P0000285
47.519999978,22.608014014,91.005936768,47.519999964,             0000133P0000286
23.679245339,89.509364015,6.25E-02,0.125,0.999999942,            0000133P0000287
2.610692046E-04,2.170386508E-04;                                 0000133P0000288
126,4,4,0,0,1,0,0.125,0.125,0.125,0.125,0.125,0.1875,0.1875,     0000135P0000289
0.1875,0.1875,0.1875,1.,1.,1.,1.,1.,47.519999964,23.679245339,   0000135P0000290
89.509364015,47.519999986,24.659640631,88.139694411,             0000135P0000291
47.519903234,25.605830964,86.694282795,47.519999997,             0000135P0000292
26.514913639,85.173129167,47.519999983,27.382787324,             0000135P0000293
83.576233526,0.125,0.1875,0.999999964,2.281209832E-04,           0000135P0000294
1.426690386E-04;                                                 0000135P0000295
126,4,4,0,0,1,0,0.1875,0.1875,0.1875,0.1875,0.1875,0.25,0.25,    0000137P0000296
0.25,0.25,0.25,1.,1.,1.,1.,1.,47.519999983,27.382787324,         0000137P0000297
83.576233526,47.520000028,28.194661277,82.082377728,             0000137P0000298
47.519901086,28.968019782,80.526794523,47.520000075,             0000137P0000299
29.699588705,78.909483911,47.520000075,30.385467719,             0000137P0000300
77.230445891,0.1875,0.25,0.999999953,2.777365947E-04,            0000137P0000301
1.317472778E-04;                                                 0000137P0000302
126,4,4,0,0,1,0,0.25,0.25,0.25,0.25,0.25,0.3125,0.3125,0.3125,   0000139P0000303
0.3125,0.3125,1.,1.,1.,1.,1.,47.520000075,30.385467719,          0000139P0000304
77.230445891,47.519999999,31.029995232,75.652637004,             0000139P0000305
47.519886768,31.631678599,74.026519137,47.519999934,             0000139P0000306
32.187469839,72.35209229,47.519999952,32.694108444,70.629356462, 0000139P0000307
0.25,0.3125,0.999999927,3.605667366E-04,1.26428608E-04;          0000139P0000308
126,4,4,0,0,1,0,0.3125,0.3125,0.3125,0.3125,0.3125,0.375,0.375,  0000141P0000309
0.375,0.375,0.375,1.,1.,1.,1.,1.,47.519999952,32.694108444,      0000141P0000310
70.629356462,47.519999949,33.175216675,68.993432298,             0000141P0000311
47.519864134,33.609478757,67.322658963,47.519999975,             0000141P0000312
33.994442893,65.617036457,47.520000004,34.327703265,             0000141P0000313
63.876564779,0.3125,0.375,0.999999883,4.707686304E-04,           0000141P0000314
1.142317416E-04;                                                 0000141P0000315
126,4,4,0,0,1,0,0.375,0.375,0.375,0.375,0.375,0.4375,0.4375,     0000143P0000316
0.4375,0.4375,0.4375,1.,1.,1.,1.,1.,47.520000004,34.327703265,   0000143P0000317
63.876564779,47.520000031,34.651772124,62.18409632,47.519846474, 0000143P0000318
34.924787319,60.470123609,47.519999992,35.145062439,             0000143P0000319
58.734646646,47.519999921,35.31114784,56.977665431,0.375,0.4375, 0000143P0000320
0.999999845,5.504003265E-04,7.869863042E-05;                     0000143P0000321
126,4,4,0,0,1,0,0.4375,0.4375,0.4375,0.4375,0.4375,0.5,0.5,0.5,  0000145P0000322
0.5,0.5,1.,1.,1.,1.,1.,47.519999921,35.31114784,56.977665431,    0000145P0000323
47.519999999,35.475881494,55.234981944,47.519832274,             0000145P0000324
35.586017296,53.484958779,47.520000024,35.640832935,             0000145P0000325
51.727595936,47.519999969,35.63995116,49.962893414,0.4375,0.5,   0000145P0000326
0.999999818,6.03080672E-04,2.836980063E-05;                      0000145P0000327
126,4,4,0,0,1,0,0.5,0.5,0.5,0.5,0.5,0.5625,0.5625,0.5625,0.5625, 0000147P0000328
0.5625,1.,1.,1.,1.,1.,47.519999969,35.63995116,49.962893414,     0000147P0000329
47.519999937,35.639074533,48.208550747,47.519836142,             0000147P0000330
35.583157062,46.461572575,47.519999969,35.472578801,             0000147P0000331
44.721958897,47.520000033,35.308056404,42.989709713,0.5,0.5625,  0000147P0000332
-0.999999821,-5.971699403E-04,2.850755837E-05;                   0000147P0000333
126,4,4,0,0,1,0,0.5625,0.5625,0.5625,0.5625,0.5625,0.625,0.625,  0000149P0000334
0.625,0.625,0.625,1.,1.,1.,1.,1.,47.520000033,35.308056404,      0000149P0000335
42.989709713,47.520000041,35.140914991,41.229884228,             0000149P0000336
47.519845565,34.919416069,39.491708674,47.520000003,             0000149P0000337
34.645021805,37.77518305,47.519999955,34.319431849,36.080307356, 0000149P0000338
0.5625,0.625,-0.999999844,-5.520588829E-04,7.925469579E-05;      0000149P0000339
126,4,4,0,0,1,0,0.625,0.625,0.625,0.625,0.625,0.6875,0.6875,     0000151P0000340
0.6875,0.6875,0.6875,1.,1.,1.,1.,1.,47.519999955,34.319431849,   0000151P0000341
36.080307356,47.519999984,33.981343224,34.320369754,             0000151P0000342
47.519858332,33.590413013,32.59621123,47.520000038,33.149137918, 0000151P0000343
30.907831784,47.520000059,32.660059783,29.255231417,0.625,       0000151P0000344
0.6875,-0.999999878,-4.799038671E-04,1.170172177E-04;            0000151P0000345
126,4,4,0,0,1,0,0.6875,0.6875,0.6875,0.6875,0.6875,0.75,0.75,    0000153P0000346
0.75,0.75,0.75,1.,1.,1.,1.,1.,47.520000059,32.660059783,         0000153P0000347
29.255231417,47.520000047,32.151562014,27.537011722,             0000153P0000348
47.519888191,31.594188179,25.867095545,47.519999984,             0000153P0000349
30.991188843,24.245482888,47.519999934,30.345598798,             0000153P0000350
22.672173749,0.6875,0.75,-0.999999929,-3.565521008E-04,          0000153P0000351
1.257156392E-04;                                                 0000153P0000352
126,4,4,0,0,1,0,0.75,0.75,0.75,0.75,0.75,0.8125,0.8125,0.8125,   0000155P0000353
0.8125,0.8125,1.,1.,1.,1.,1.,47.519999934,30.345598798,          0000155P0000354
22.672173749,47.519999996,29.66226102,21.006873464,47.519904094, 0000155P0000355
28.933977887,19.402543435,47.52000002,28.164566848,17.859183661, 0000155P0000356
47.519999986,27.357232206,16.376794142,0.75,0.8125,-0.999999954, 0000155P0000357
-2.725388814E-04,1.296683268E-04;                                0000155P0000358
126,4,4,0,0,1,0,0.8125,0.8125,0.8125,0.8125,0.8125,0.875,0.875,  0000157P0000359
0.875,0.875,0.875,1.,1.,1.,1.,1.,47.519999986,27.357232206,      0000157P0000360
16.376794142,47.520000031,26.483665291,14.772792331,             0000157P0000361
47.519901255,25.56852547,13.245407428,47.520000028,24.615974878, 0000157P0000362
11.794639433,47.519999993,23.628946996,10.420488347,0.8125,      0000157P0000363
0.875,-0.999999963,-2.300383337E-04,1.442639442E-04;             0000157P0000364
126,4,4,0,0,1,0,0.875,0.875,0.875,0.875,0.875,0.9375,0.9375,     0000159P0000365
0.9375,0.9375,0.9375,1.,1.,1.,1.,1.,47.519999993,23.628946996,   0000159P0000366
10.420488347,47.519999962,22.565824351,8.940397312,47.519857454, 0000159P0000367
21.466328791,7.554166064,47.520000005,20.334116885,6.261794605,  0000159P0000368
47.520000064,19.170775151,5.063282933,0.875,0.9375,-0.999999945, 0000159P0000369
-2.559541006E-04,2.13236422E-04;                                 0000159P0000370
126,4,4,0,0,1,0,0.9375,0.9375,0.9375,0.9375,0.9375,0.96875,      0000161P0000371
0.96875,0.96875,0.96875,0.96875,1.,1.,1.,1.,1.,47.520000064,     0000161P0000372
19.170775151,5.063282933,47.520000016,18.549329011,4.423049141,  0000161P0000373
47.51998457,17.919779888,3.81044846,47.519999984,17.282370721,   0000161P0000374
3.22548089,47.519999993,16.637163589,2.668146431,0.9375,0.96875, 0000161P0000375
-0.999999993,-8.352247141E-05,8.839042529E-05;                   0000161P0000376
126,4,4,0,0,1,0,0.96875,0.96875,0.96875,0.96875,0.96875,1.,1.,   0000163P0000377
1.,1.,1.,1.,1.,1.,1.,1.,47.519999993,16.637163589,2.668146431,   0000163P0000378
47.52000001,15.954057556,2.078074652,47.519973288,15.263448081,  0000163P0000379
1.520026321,47.520000021,14.565388768,0.994001437,47.520000011,  0000163P0000380
13.859698258,0.5,0.96875,1.,-0.999999984,-1.099543025E-04,       0000163P0000381
1.408397066E-04;                                                 0000163P0000382
100,0.,0.,0.,47.520058544,13.859799277,13.859933782,             0000165P0000383
47.520019314;                                                    0000165P0000384
124,1.,0.,0.,0.,0.,1.,0.,0.,0.,0.,1.,0.5;                        0000167P0000385
144,171,1,0,173;                                                 0000169P0000386
128,8,4,3,3,0,0,1,0,0,0.544208264,0.544208264,0.544208264,       0000171P0000387
0.544208264,0.5625,0.59375,0.625,0.65625,0.6875,0.705791703,     0000171P0000388
0.705791703,0.705791703,0.705791703,0.,0.,0.,0.,0.5,1.,1.,1.,1., 0000171P0000389
1.,1.,1.,1.,1.,1.,1.,1.,1.,1.,1.,1.,1.,1.,1.,1.,1.,1.,1.,1.,1.,  0000171P0000390
1.,1.,1.,1.,1.,1.,1.,1.,1.,1.,1.,1.,1.,1.,1.,1.,1.,1.,1.,1.,1.,  0000171P0000391
1.,1.,1.,47.602571303,-13.573409909,99.5,47.082521419,           0000171P0000392
-15.397073077,99.5,45.39058537,-20.255522851,99.5,41.423132606,  0000171P0000393
-27.678067007,99.5,35.227482804,-35.227493716,99.5,27.678057032, 0000171P0000394
-41.423142883,99.5,20.25549466,-45.390586782,99.5,15.397061165,  0000171P0000395
-47.082522064,99.5,13.57340629,-47.602571357,99.5,53.949586017,  0000171P0000396
-15.38319569,83.,53.360193244,-17.450009981,83.,51.44265518,     0000171P0000397
-22.956241278,83.,46.94622922,-31.36846962,83.,39.924483651,     0000171P0000398
-39.924485787,83.,31.368471638,-46.94622576,83.,22.956231006,    0000171P0000399
-51.442663017,83.,17.450005656,-53.360190547,83.,15.383196546,   0000171P0000400
-53.949580026,83.,60.296600729,-17.19298147,50.,59.63786507,     0000171P0000401
-19.502946886,50.,57.494724991,-25.656959704,50.,52.469325835,   0000171P0000402
-35.058872231,50.,44.621484498,-44.621477856,50.,35.058886244,   0000171P0000403
-52.469308636,50.,25.656967352,-57.494739253,50.,19.502950148,   0000171P0000404
-59.637859031,50.,17.192986803,-60.296588695,50.,53.949586017,   0000171P0000405
-15.38319569,17.,53.360193244,-17.450009981,17.,51.44265518,     0000171P0000406
-22.956241278,17.,46.94622922,-31.36846962,17.,39.924483651,     0000171P0000407
-39.924485787,17.,31.368471638,-46.94622576,17.,22.956231006,    0000171P0000408
-51.442663017,17.,17.450005656,-53.360190547,17.,15.383196546,   0000171P0000409
-53.949580026,17.,47.602571303,-13.573409909,0.5,47.082521419,   0000171P0000410
-15.397073077,0.5,45.39058537,-20.255522851,0.5,41.423132606,    0000171P0000411
-27.678067007,0.5,35.227482804,-35.227493716,0.5,27.678057032,   0000171P0000412
-41.423142883,0.5,20.25549466,-45.390586782,0.5,15.397061165,    0000171P0000413
-47.082522064,0.5,13.57340629,-47.602571357,0.5,0.545166269,     0000171P0000414
0.704833698,0.,1.;                                               0000171P0000415
142,0,171,175,253,3;                                             0000173P0000416
102,38,177,179,181,183,185,187,189,191,193,195,197,199,201,203,  0000175P0000417
205,207,209,211,213,215,217,219,221,223,225,227,229,231,233,235, 0000175P0000418
237,239,241,243,245,247,249,251;                                 0000175P0000419
126,2,2,1,0,1,0,0.,0.,0.,3.125E-02,3.125E-02,3.125E-02,1.,1.,1., 0000177P0000420
0.545166269,1.,0.,0.549521782,0.99002221,0.,0.553597108,         0000177P0000421
0.978104388,0.,0.,3.125E-02,-0.,-0.,1.;                          0000177P0000422
126,2,2,1,0,1,0,3.125E-02,3.125E-02,3.125E-02,6.25E-02,6.25E-02, 0000179P0000423
6.25E-02,1.,1.,1.,0.553597108,0.978104388,0.,0.557469142,        0000179P0000424
0.966781071,0.,0.561068172,0.953763947,0.,3.125E-02,6.25E-02,    0000179P0000425
-0.,-0.,1.;                                                      0000179P0000426
126,2,2,1,0,1,0,6.25E-02,6.25E-02,6.25E-02,0.125,0.125,0.125,1., 0000181P0000427
1.,1.,0.561068172,0.953763947,0.,0.567827017,0.929318278,0.,     0000181P0000428
0.573575265,0.899084485,0.,6.25E-02,0.125,-0.,-0.,1.;            0000181P0000429
126,2,2,1,0,1,0,0.125,0.125,0.125,0.1875,0.1875,0.1875,1.,1.,1., 0000183P0000430
0.573575265,0.899084485,0.,0.578836085,0.871414392,0.,           0000183P0000431
0.58320033,0.839153874,0.,0.125,0.1875,-0.,-0.,1.;               0000183P0000432
126,2,2,1,0,1,0,0.1875,0.1875,0.1875,0.25,0.25,0.25,1.,1.,1.,    0000185P0000433
0.58320033,0.839153874,0.,0.587282971,0.808974969,0.,            0000185P0000434
0.590544008,0.775055009,0.,0.1875,0.25,-0.,-0.,1.;               0000185P0000435
126,2,2,1,0,1,0,0.25,0.25,0.25,0.3125,0.3125,0.3125,1.,1.,1.,    0000187P0000436
0.590544008,0.775055009,0.,0.593608438,0.743180082,0.,           0000187P0000437
0.595911835,0.708377338,0.,0.25,0.3125,-0.,-0.,1.;               0000187P0000438
126,2,2,1,0,1,0,0.3125,0.3125,0.3125,0.375,0.375,0.375,1.,1.,1., 0000189P0000439
0.595911835,0.708377338,0.,0.59809916,0.675328365,0.,            0000189P0000440
0.599566026,0.640167321,0.,0.3125,0.375,-0.,-0.,1.;              0000189P0000441
126,2,2,1,0,1,0,0.375,0.375,0.375,0.4375,0.4375,0.4375,1.,1.,1., 0000191P0000442
0.599566026,0.640167321,0.,0.600992435,0.605976039,0.,           0000191P0000443
0.601709184,0.570481469,0.,0.375,0.4375,-0.,-0.,1.;              0000191P0000444
126,2,2,1,0,1,0,0.4375,0.4375,0.4375,0.5,0.5,0.5,1.,1.,1.,       0000193P0000445
0.601709184,0.570481469,0.,0.602420099,0.535275742,0.,           0000193P0000446
0.602416319,0.499625186,0.,0.4375,0.5,-0.,-0.,1.;                0000193P0000447
126,2,2,1,0,1,0,0.5,0.5,0.5,0.5625,0.5625,0.5625,1.,1.,1.,       0000195P0000448
0.602416319,0.499625186,0.,0.602412561,0.464183921,0.,           0000195P0000449
0.601702513,0.429188987,0.,0.5,0.5625,-0.,-0.,1.;                0000195P0000450
126,2,2,1,0,1,0,0.5625,0.5625,0.5625,0.625,0.625,0.625,1.,1.,1., 0000197P0000451
0.601702513,0.429188987,0.,0.600981162,0.393636957,0.,           0000197P0000452
0.599547821,0.359397044,0.,0.5625,0.625,-0.,-0.,1.;              0000197P0000453
126,2,2,1,0,1,0,0.625,0.625,0.625,0.6875,0.6875,0.6875,1.,1.,1., 0000199P0000454
0.599547821,0.359397044,0.,0.598059457,0.323842749,0.,           0000199P0000455
0.595834409,0.290456883,0.,0.625,0.6875,-0.,-0.,1.;              0000199P0000456
126,2,2,1,0,1,0,0.6875,0.6875,0.6875,0.75,0.75,0.75,1.,1.,1.,    0000201P0000457
0.595834409,0.290456883,0.,0.593521012,0.255745374,0.,           0000201P0000458
0.590449193,0.223961352,0.,0.6875,0.75,-0.,-0.,1.;               0000201P0000459
126,2,2,1,0,1,0,0.75,0.75,0.75,0.8125,0.8125,0.8125,1.,1.,1.,    0000203P0000460
0.590449193,0.223961352,0.,0.587197764,0.190318921,0.,           0000203P0000461
0.583136061,0.160371658,0.,0.75,0.8125,-0.,-0.,1.;               0000203P0000462
126,2,2,1,0,1,0,0.8125,0.8125,0.8125,0.875,0.875,0.875,1.,1.,1., 0000205P0000463
0.583136061,0.160371658,0.,0.578741143,0.127967581,0.,           0000205P0000464
0.573440257,0.100206953,0.,0.8125,0.875,-0.,-0.,1.;              0000205P0000465
126,2,2,1,0,1,0,0.875,0.875,0.875,0.9375,0.9375,0.9375,1.,1.,1., 0000207P0000466
0.573440257,0.100206953,0.,0.5677307,7.0306124E-02,0.,           0000207P0000467
0.56102881,4.6093767E-02,0.,0.875,0.9375,-0.,-0.,1.;             0000207P0000468
126,2,2,1,0,1,0,0.9375,0.9375,0.9375,0.96875,0.96875,0.96875,1., 0000209P0000469
1.,1.,0.56102881,4.6093767E-02,0.,0.557448724,3.3159751E-02,0.,  0000209P0000470
0.553598769,2.1900469E-02,0.,0.9375,0.96875,-0.,-0.,1.;          0000209P0000471
126,2,2,1,0,1,0,0.96875,0.96875,0.96875,1.,1.,1.,1.,1.,1.,       0000211P0000472
0.553598769,2.1900469E-02,0.,0.549522671,9.979827E-03,0.,        0000211P0000473
0.545166269,0.,0.,0.96875,1.,-0.,-0.,1.;                         0000211P0000474
126,1,1,1,0,1,0,0.,0.,1.003213625,1.003213625,1.,1.,0.545166785, 0000213P0000475
0.,0.,0.704833216,0.,0.,0.,1.003213625,0.,0.,1.;                 0000213P0000476
126,2,2,1,0,1,0,0.,0.,0.,3.125E-02,3.125E-02,3.125E-02,1.,1.,1., 0000215P0000477
0.704833698,0.,0.,0.700478183,9.977811E-03,0.,0.696402852,       0000215P0000478
2.189565E-02,0.,0.,3.125E-02,-0.,-0.,1.;                         0000215P0000479
126,2,2,1,0,1,0,3.125E-02,3.125E-02,3.125E-02,6.25E-02,6.25E-02, 0000217P0000480
6.25E-02,1.,1.,1.,0.696402852,2.189565E-02,0.,0.692530814,       0000217P0000481
3.3218984E-02,0.,0.688931784,4.6236101E-02,0.,3.125E-02,         0000217P0000482
6.25E-02,-0.,-0.,1.;                                             0000217P0000483
126,2,2,1,0,1,0,6.25E-02,6.25E-02,6.25E-02,0.125,0.125,0.125,1., 0000219P0000484
1.,1.,0.688931784,4.6236101E-02,0.,0.682172935,7.0681778E-02,0., 0000219P0000485
0.676424698,0.10091554,0.,6.25E-02,0.125,-0.,-0.,1.;             0000219P0000486
126,2,2,1,0,1,0,0.125,0.125,0.125,0.1875,0.1875,0.1875,1.,1.,1., 0000221P0000487
0.676424698,0.10091554,0.,0.671163887,0.128585605,0.,0.66679965, 0000221P0000488
0.160846129,0.,0.125,0.1875,-0.,-0.,1.;                          0000221P0000489
126,2,2,1,0,1,0,0.1875,0.1875,0.1875,0.25,0.25,0.25,1.,1.,1.,    0000223P0000490
0.66679965,0.160846129,0.,0.66271702,0.191025013,0.,0.65945599,  0000223P0000491
0.22494499,0.,0.1875,0.25,-0.,-0.,1.;                            0000223P0000492
126,2,2,1,0,1,0,0.25,0.25,0.25,0.3125,0.3125,0.3125,1.,1.,1.,    0000225P0000493
0.65945599,0.22494499,0.,0.65639157,0.256819913,0.,0.654088178,  0000225P0000494
0.291622661,0.,0.25,0.3125,-0.,-0.,1.;                           0000225P0000495
126,2,2,1,0,1,0,0.3125,0.3125,0.3125,0.375,0.375,0.375,1.,1.,1., 0000227P0000496
0.654088178,0.291622661,0.,0.651900858,0.324671638,0.,           0000227P0000497
0.650433995,0.359832678,0.,0.3125,0.375,-0.,-0.,1.;              0000227P0000498
126,2,2,1,0,1,0,0.375,0.375,0.375,0.4375,0.4375,0.4375,1.,1.,1., 0000229P0000499
0.650433995,0.359832678,0.,0.649007588,0.394023963,0.,           0000229P0000500
0.648290842,0.429518529,0.,0.375,0.4375,-0.,-0.,1.;              0000229P0000501
126,2,2,1,0,1,0,0.4375,0.4375,0.4375,0.5,0.5,0.5,1.,1.,1.,       0000231P0000502
0.648290842,0.429518529,0.,0.647579927,0.464724257,0.,           0000231P0000503
0.647583708,0.500374811,0.,0.4375,0.5,-0.,-0.,1.;                0000231P0000504
126,2,2,1,0,1,0,0.5,0.5,0.5,0.5625,0.5625,0.5625,1.,1.,1.,       0000233P0000505
0.647583708,0.500374811,0.,0.647587466,0.535816077,0.,           0000233P0000506
0.648297512,0.570811011,0.,0.5,0.5625,-0.,-0.,1.;                0000233P0000507
126,2,2,1,0,1,0,0.5625,0.5625,0.5625,0.625,0.625,0.625,1.,1.,1., 0000235P0000508
0.648297512,0.570811011,0.,0.649018861,0.60636304,0.,0.6504522,  0000235P0000509
0.640602956,0.,0.5625,0.625,-0.,-0.,1.;                          0000235P0000510
126,2,2,1,0,1,0,0.625,0.625,0.625,0.6875,0.6875,0.6875,1.,1.,1., 0000237P0000511
0.6504522,0.640602956,0.,0.65194056,0.676157248,0.,0.654165603,  0000237P0000512
0.709543118,0.,0.625,0.6875,-0.,-0.,1.;                          0000237P0000513
126,2,2,1,0,1,0,0.6875,0.6875,0.6875,0.75,0.75,0.75,1.,1.,1.,    0000239P0000514
0.654165603,0.709543118,0.,0.656478995,0.744254632,0.,           0000239P0000515
0.659550806,0.77603865,0.,0.6875,0.75,-0.,-0.,1.;                0000239P0000516
126,2,2,1,0,1,0,0.75,0.75,0.75,0.8125,0.8125,0.8125,1.,1.,1.,    0000241P0000517
0.659550806,0.77603865,0.,0.662802228,0.809681099,0.,0.66686392, 0000241P0000518
0.839628343,0.,0.75,0.8125,-0.,-0.,1.;                           0000241P0000519
126,2,2,1,0,1,0,0.8125,0.8125,0.8125,0.875,0.875,0.875,1.,1.,1., 0000243P0000520
0.66686392,0.839628343,0.,0.671258829,0.87203243,0.,0.676559707, 0000243P0000521
0.899793034,0.,0.8125,0.875,-0.,-0.,1.;                          0000243P0000522
126,2,2,1,0,1,0,0.875,0.875,0.875,0.9375,0.9375,0.9375,1.,1.,1., 0000245P0000523
0.676559707,0.899793034,0.,0.682269254,0.929693829,0.,           0000245P0000524
0.688971148,0.953906193,0.,0.875,0.9375,-0.,-0.,1.;              0000245P0000525
126,2,2,1,0,1,0,0.9375,0.9375,0.9375,0.96875,0.96875,0.96875,1., 0000247P0000526
1.,1.,0.688971148,0.953906193,0.,0.692551234,0.9668402,0.,       0000247P0000527
0.696401192,0.978099497,0.,0.9375,0.96875,-0.,-0.,1.;            0000247P0000528
126,2,2,1,0,1,0,0.96875,0.96875,0.96875,1.,1.,1.,1.,1.,1.,       0000249P0000529
0.696401192,0.978099497,0.,0.700477294,0.990020154,0.,           0000249P0000530
0.704833698,1.,0.,0.96875,1.,-0.,-0.,1.;                         0000249P0000531
126,1,1,1,0,1,0,4.996178795,4.996178795,5.99939257,5.99939257,   0000251P0000532
1.,1.,0.704833175,1.,0.,0.545166744,1.,0.,4.996178795,           0000251P0000533
5.99939257,0.,0.,1.;                                             0000251P0000534
102,38,255,257,259,261,263,265,267,269,271,273,275,277,279,281,  0000253P0000535
283,285,287,289,291,295,297,299,301,303,305,307,309,311,313,315, 0000253P0000536
317,319,321,323,325,327,329,331;                                 0000253P0000537
126,4,4,0,0,1,0,0.,0.,0.,0.,0.,3.125E-02,3.125E-02,3.125E-02,    0000255P0000538
3.125E-02,3.125E-02,1.,1.,1.,1.,1.,47.520000011,-13.859698258,   0000255P0000539
0.5,47.520000013,-14.565244757,0.993900605,47.519973302,         0000255P0000540
-15.26316332,1.519811738,47.520000012,-15.953635197,2.077733399, 0000255P0000541
47.520000012,-16.63660687,2.667665588,0.,3.125E-02,-0.999999984, 0000255P0000542
1.100788874E-04,1.410111373E-04;                                 0000255P0000543
126,4,4,0,0,1,0,3.125E-02,3.125E-02,3.125E-02,3.125E-02,         0000257P0000544
3.125E-02,6.25E-02,6.25E-02,6.25E-02,6.25E-02,6.25E-02,1.,1.,1., 0000257P0000545
1.,1.,47.520000012,-16.63660687,2.667665588,47.519999994,        0000257P0000546
-17.285509439,3.22816978,47.519984232,-17.926522377,3.816621787, 0000257P0000547
47.520000018,-18.559582534,4.433021609,47.520000068,             0000257P0000548
-19.184441753,5.077369247,3.125E-02,6.25E-02,-0.999999992,       0000257P0000549
8.451297676E-05,8.939026923E-05;                                 0000257P0000550
126,4,4,0,0,1,0,6.25E-02,6.25E-02,6.25E-02,6.25E-02,6.25E-02,    0000259P0000551
0.125,0.125,0.125,0.125,0.125,1.,1.,1.,1.,1.,47.520000068,       0000259P0000552
-19.184441753,5.077369247,47.520000034,-20.357904166,            0000259P0000553
6.287429863,47.519851993,-21.499640306,7.592994524,47.519999978, 0000259P0000554
-22.608014014,8.994063232,47.519999964,-23.679245339,            0000259P0000555
10.490635985,6.25E-02,0.125,-0.999999942,2.612446293E-04,        0000259P0000556
2.171610391E-04;                                                 0000259P0000557
126,4,4,0,0,1,0,0.125,0.125,0.125,0.125,0.125,0.1875,0.1875,     0000261P0000558
0.1875,0.1875,0.1875,1.,1.,1.,1.,1.,47.519999964,-23.679245339,  0000261P0000559
10.490635985,47.519999986,-24.659640631,11.860305589,            0000261P0000560
47.519903234,-25.605830964,13.305717205,47.519999997,            0000261P0000561
-26.514913639,14.826870833,47.519999983,-27.382787324,           0000261P0000562
16.423766474,0.125,0.1875,-0.999999964,2.281209832E-04,          0000261P0000563
1.426690384E-04;                                                 0000261P0000564
126,4,4,0,0,1,0,0.1875,0.1875,0.1875,0.1875,0.1875,0.25,0.25,    0000263P0000565
0.25,0.25,0.25,1.,1.,1.,1.,1.,47.519999983,-27.382787324,        0000263P0000566
16.423766474,47.520000028,-28.194661277,17.917622272,            0000263P0000567
47.519901086,-28.968019782,19.473205477,47.520000075,            0000263P0000568
-29.699588705,21.090516089,47.520000075,-30.385467719,           0000263P0000569
22.769554109,0.1875,0.25,-0.999999953,2.777365951E-04,           0000263P0000570
1.317472784E-04;                                                 0000263P0000571
126,4,4,0,0,1,0,0.25,0.25,0.25,0.25,0.25,0.3125,0.3125,0.3125,   0000265P0000572
0.3125,0.3125,1.,1.,1.,1.,1.,47.520000075,-30.385467719,         0000265P0000573
22.769554109,47.519999999,-31.029995232,24.347362996,            0000265P0000574
47.519886768,-31.631678599,25.973480863,47.519999934,            0000265P0000575
-32.187469839,27.64790771,47.519999952,-32.694108444,            0000265P0000576
29.370643538,0.25,0.3125,-0.999999927,3.60566737E-04,            0000265P0000577
1.264286084E-04;                                                 0000265P0000578
126,4,4,0,0,1,0,0.3125,0.3125,0.3125,0.3125,0.3125,0.375,0.375,  0000267P0000579
0.375,0.375,0.375,1.,1.,1.,1.,1.,47.519999952,-32.694108444,     0000267P0000580
29.370643538,47.519999949,-33.175216675,31.006567702,            0000267P0000581
47.519864134,-33.609478757,32.677341037,47.519999975,            0000267P0000582
-33.994442893,34.382963543,47.520000004,-34.327703265,           0000267P0000583
36.123435221,0.3125,0.375,-0.999999883,4.707686308E-04,          0000267P0000584
1.142317416E-04;                                                 0000267P0000585
126,4,4,0,0,1,0,0.375,0.375,0.375,0.375,0.375,0.4375,0.4375,     0000269P0000586
0.4375,0.4375,0.4375,1.,1.,1.,1.,1.,47.520000004,-34.327703265,  0000269P0000587
36.123435221,47.520000031,-34.651772124,37.81590368,             0000269P0000588
47.519846474,-34.924787319,39.529876391,47.519999992,            0000269P0000589
-35.145062439,41.265353354,47.519999921,-35.31114784,            0000269P0000590
43.022334569,0.375,0.4375,-0.999999845,5.504003267E-04,          0000269P0000591
7.869863066E-05;                                                 0000269P0000592
126,4,4,0,0,1,0,0.4375,0.4375,0.4375,0.4375,0.4375,0.5,0.5,0.5,  0000271P0000593
0.5,0.5,1.,1.,1.,1.,1.,47.519999921,-35.31114784,43.022334569,   0000271P0000594
47.519999999,-35.475881494,44.765018056,47.519832274,            0000271P0000595
-35.586017296,46.515041221,47.520000024,-35.640832935,           0000271P0000596
48.272404064,47.519999969,-35.63995116,50.037106586,0.4375,0.5,  0000271P0000597
-0.999999818,6.030806722E-04,2.836980087E-05;                    0000271P0000598
126,4,4,0,0,1,0,0.5,0.5,0.5,0.5,0.5,0.5625,0.5625,0.5625,0.5625, 0000273P0000599
0.5625,1.,1.,1.,1.,1.,47.519999969,-35.63995116,50.037106586,    0000273P0000600
47.519999937,-35.639074533,51.791449203,47.519836144,            0000273P0000601
-35.583157064,53.538427359,47.519999971,-35.472578803,           0000273P0000602
55.278041054,47.520000033,-35.308056404,57.010290287,0.5,0.5625, 0000273P0000603
0.999999821,-5.971562435E-04,2.850664893E-05;                    0000273P0000604
126,4,4,0,0,1,0,0.5625,0.5625,0.5625,0.5625,0.5625,0.625,0.625,  0000275P0000605
0.625,0.625,0.625,1.,1.,1.,1.,1.,47.520000033,-35.308056404,     0000275P0000606
57.010290287,47.520000041,-35.140914991,58.770115772,            0000275P0000607
47.519845565,-34.919416069,60.508291326,47.520000003,            0000275P0000608
-34.645021805,62.22481695,47.519999955,-34.319431849,            0000275P0000609
63.919692644,0.5625,0.625,0.999999844,-5.520588825E-04,          0000275P0000610
7.925469532E-05;                                                 0000275P0000611
126,4,4,0,0,1,0,0.625,0.625,0.625,0.625,0.625,0.6875,0.6875,     0000277P0000612
0.6875,0.6875,0.6875,1.,1.,1.,1.,1.,47.519999955,-34.319431849,  0000277P0000613
63.919692644,47.519999984,-33.981343224,65.679630246,            0000277P0000614
47.519858332,-33.590413013,67.40378877,47.520000038,             0000277P0000615
-33.149137918,69.092168216,47.520000059,-32.660059783,           0000277P0000616
70.744768583,0.625,0.6875,0.999999878,-4.79903868E-04,           0000277P0000617
1.170172174E-04;                                                 0000277P0000618
126,4,4,0,0,1,0,0.6875,0.6875,0.6875,0.6875,0.6875,0.75,0.75,    0000279P0000619
0.75,0.75,0.75,1.,1.,1.,1.,1.,47.520000059,-32.660059783,        0000279P0000620
70.744768583,47.520000047,-32.151562014,72.462988278,            0000279P0000621
47.519888194,-31.594188181,74.132904438,47.519999992,            0000279P0000622
-30.991188848,75.754517063,47.519999952,-30.34559881,            0000279P0000623
77.327826152,0.6875,0.75,0.999999929,-3.566093814E-04,           0000279P0000624
1.257331445E-04;                                                 0000279P0000625
126,4,4,0,0,1,0,0.75,0.75,0.75,0.75,0.75,0.8125,0.8125,0.8125,   0000281P0000626
0.8125,0.8125,1.,1.,1.,1.,1.,47.519999952,-30.34559881,          0000281P0000627
77.327826152,47.520000007,-29.662261027,78.993126486,            0000281P0000628
47.519904098,-28.93397789,80.597456549,47.52000002,              0000281P0000629
-28.164566848,82.140816339,47.519999986,-27.357232206,           0000281P0000630
83.623205858,0.75,0.8125,0.999999954,-2.725740232E-04,           0000281P0000631
1.296881075E-04;                                                 0000281P0000632
126,4,4,0,0,1,0,0.8125,0.8125,0.8125,0.8125,0.8125,0.875,0.875,  0000283P0000633
0.875,0.875,0.875,1.,1.,1.,1.,1.,47.519999986,-27.357232206,     0000283P0000634
83.623205858,47.520000031,-26.483665291,85.227207669,            0000283P0000635
47.519901255,-25.56852547,86.754592572,47.520000028,             0000283P0000636
-24.615974878,88.205360567,47.519999993,-23.628946996,           0000283P0000637
89.579511653,0.8125,0.875,0.999999963,-2.300383329E-04,          0000283P0000638
1.442639441E-04;                                                 0000283P0000639
126,4,4,0,0,1,0,0.875,0.875,0.875,0.875,0.875,0.9375,0.9375,     0000285P0000640
0.9375,0.9375,0.9375,1.,1.,1.,1.,1.,47.519999993,-23.628946996,  0000285P0000641
89.579511653,47.519999962,-22.565824351,91.059602688,            0000285P0000642
47.519857454,-21.466328791,92.445833936,47.520000005,            0000285P0000643
-20.334116885,93.738205395,47.520000064,-19.170775151,           0000285P0000644
94.936717067,0.875,0.9375,0.999999945,-2.559541005E-04,          0000285P0000645
2.13236422E-04;                                                  0000285P0000646
126,4,4,0,0,1,0,0.9375,0.9375,0.9375,0.9375,0.9375,0.96875,      0000287P0000647
0.96875,0.96875,0.96875,0.96875,1.,1.,1.,1.,1.,47.520000064,     0000287P0000648
-19.170775151,94.936717067,47.520000016,-18.549329011,           0000287P0000649
95.576950859,47.51998457,-17.919779888,96.18955154,47.519999984, 0000287P0000650
-17.282370721,96.77451911,47.519999993,-16.637163589,            0000287P0000651
97.331853569,0.9375,0.96875,0.999999993,-8.35224778E-05,         0000287P0000652
8.839042427E-05;                                                 0000287P0000653
126,4,4,0,0,1,0,0.96875,0.96875,0.96875,0.96875,0.96875,1.,1.,   0000289P0000654
1.,1.,1.,1.,1.,1.,1.,1.,47.519999993,-16.637163589,97.331853569, 0000289P0000655
47.52000001,-15.954057556,97.921925348,47.519973288,             0000289P0000656
-15.263448081,98.479973679,47.520000021,-14.565388768,           0000289P0000657
99.005998563,47.520000011,-13.859698258,99.5,0.96875,1.,         0000289P0000658
0.999999984,-1.09954304E-04,1.40839707E-04;                      0000289P0000659
100,0.,0.,0.,49.5,-1.060229057E-27,26.610969738,41.738546808;    0000291P0000660
124,0.96000073,-0.279997495,-6.703649856E-15,9.996445391E-29,    0000293P0000661
-0.279997495,-0.96000073,-1.955210056E-15,0.,-5.88805484E-15,    0000293P0000662
3.754008252E-15,-1.,99.5;                                        0000293P0000663
126,4,4,0,0,1,0,0.,0.,0.,0.,0.,3.125E-02,3.125E-02,3.125E-02,    0000295P0000664
3.125E-02,3.125E-02,1.,1.,1.,1.,1.,13.859693901,-47.519999996,   0000295P0000665
99.5,14.565239182,-47.520000021,99.006098355,15.263156864,       0000295P0000666
-47.519973312,98.480186249,15.953628294,-47.520000028,           0000295P0000667
97.92226368,16.636599983,-47.520000004,97.33233065,0.,3.125E-02, 0000295P0000668
1.098012456E-04,-0.999999984,1.406601001E-04;                    0000295P0000669
126,4,4,0,0,1,0,3.125E-02,3.125E-02,3.125E-02,3.125E-02,         0000297P0000670
3.125E-02,6.25E-02,6.25E-02,6.25E-02,6.25E-02,6.25E-02,1.,1.,1., 0000297P0000671
1.,1.,16.636599983,-47.520000004,97.33233065,17.285502462,       0000297P0000672
-47.520000019,96.771825617,17.926515354,-47.519984263,           0000297P0000673
96.183373164,18.559575527,-47.520000038,95.566973292,            0000297P0000674
19.184434808,-47.52000004,94.922626001,3.125E-02,6.25E-02,       0000297P0000675
8.383783691E-05,-0.999999993,8.866939996E-05;                    0000297P0000676
126,4,4,0,0,1,0,6.25E-02,6.25E-02,6.25E-02,6.25E-02,6.25E-02,    0000299P0000677
0.125,0.125,0.125,0.125,0.125,1.,1.,1.,1.,1.,19.184434808,       0000299P0000678
-47.52000004,94.922626001,20.357898076,-47.520000028,            0000299P0000679
93.712564989,21.499635365,-47.51985207,92.407000575,             0000299P0000680
22.608009906,-47.52000004,91.005932759,23.679241406,             0000299P0000681
-47.520000069,89.50936154,6.25E-02,0.125,2.61191672E-04,         0000299P0000682
-0.999999942,2.171420972E-04;                                    0000299P0000683
126,4,4,0,0,1,0,0.125,0.125,0.125,0.125,0.125,0.1875,0.1875,     0000301P0000684
0.1875,0.1875,0.1875,1.,1.,1.,1.,1.,23.679241406,-47.520000069,  0000301P0000685
89.50936154,24.65963702,-47.520000055,88.139693322,25.605827958, 0000301P0000686
-47.51990328,86.694282531,26.514911291,-47.519999986,            0000301P0000687
85.173129167,27.382785616,-47.519999924,83.576233229,0.125,      0000301P0000688
0.1875,2.280602009E-04,-0.999999964,1.426038659E-04;             0000301P0000689
126,4,4,0,0,1,0,0.1875,0.1875,0.1875,0.1875,0.1875,0.25,0.25,    0000303P0000690
0.25,0.25,0.25,1.,1.,1.,1.,1.,27.382785616,-47.519999924,        0000303P0000691
83.576233229,28.194659463,-47.519999917,82.082378471,            0000303P0000692
28.968018022,-47.519900939,80.526795678,29.699587102,            0000303P0000693
-47.519999913,78.909484851,30.385466362,-47.519999915,           0000303P0000694
77.23044599,0.1875,0.25,2.78008292E-04,-0.999999953,             0000303P0000695
1.318600508E-04;                                                 0000303P0000696
126,4,4,0,0,1,0,0.25,0.25,0.25,0.25,0.25,0.3125,0.3125,0.3125,   0000305P0000697
0.3125,0.3125,1.,1.,1.,1.,1.,30.385466362,-47.519999915,         0000305P0000698
77.23044599,31.029993479,-47.519999984,75.652637301,             0000305P0000699
31.631676559,-47.519886839,74.0265195,32.187467625,              0000305P0000700
-47.520000055,72.352092587,32.694106199,-47.520000048,           0000305P0000701
70.629356561,0.25,0.3125,3.596668045E-04,-0.999999927,           0000305P0000702
1.261531304E-04;                                                 0000305P0000703
126,4,4,0,0,1,0,0.3125,0.3125,0.3125,0.3125,0.3125,0.375,0.375,  0000307P0000704
0.375,0.375,0.375,1.,1.,1.,1.,1.,32.694106199,-47.520000048,     0000307P0000705
70.629356561,33.175214363,-47.520000049,68.993432199,            0000307P0000706
33.609476353,-47.519864226,67.322658798,33.9944404,              0000307P0000707
-47.520000049,65.617036358,34.327700701,-47.520000049,           0000307P0000708
63.876564878,0.3125,0.375,4.705870059E-04,-0.999999883,          0000307P0000709
1.141802079E-04;                                                 0000307P0000710
126,4,4,0,0,1,0,0.375,0.375,0.375,0.375,0.375,0.4375,0.4375,     0000309P0000711
0.4375,0.4375,0.4375,1.,1.,1.,1.,1.,34.327700701,-47.520000049,  0000309P0000712
63.876564878,34.651769651,-47.51999998,62.18409627,34.9247848,   0000309P0000713
-47.519846411,60.470123526,35.145059756,-47.520000007,           0000309P0000714
58.734646646,35.311144882,-47.520000108,56.977665629,0.375,      0000309P0000715
0.4375,5.519936176E-04,-0.999999845,7.894605939E-05;             0000309P0000716
126,4,4,0,0,1,0,0.4375,0.4375,0.4375,0.4375,0.4375,0.5,0.5,0.5,  0000311P0000717
0.5,0.5,1.,1.,1.,1.,1.,35.311144882,-47.520000108,56.977665629,  0000311P0000718
35.475878716,-47.520000037,55.234982093,35.586014583,            0000311P0000719
-47.51983225,53.484958928,35.640830181,-47.520000025,            0000311P0000720
51.727596134,35.639948258,-47.520000087,49.962893711,0.4375,0.5, 0000311P0000721
6.046672459E-04,-0.999999817,2.843408539E-05;                    0000311P0000722
126,4,4,0,0,1,0,0.5,0.5,0.5,0.5,0.5,0.5625,0.5625,0.5625,0.5625, 0000313P0000723
0.5625,1.,1.,1.,1.,1.,35.639948258,-47.520000087,49.962893711,   0000313P0000724
35.639071633,-47.520000059,48.208551044,35.583154205,            0000313P0000725
-47.519836244,46.461572855,35.47257603,-47.520000023,            0000313P0000726
44.721959144,35.308053755,-47.520000019,42.989709911,0.5,0.5625, 0000313P0000727
-5.96724403E-04,0.999999822,2.850538213E-05;                     0000313P0000728
126,4,4,0,0,1,0,0.5625,0.5625,0.5625,0.5625,0.5625,0.625,0.625,  0000315P0000729
0.625,0.625,0.625,1.,1.,1.,1.,1.,35.308053755,-47.520000019,     0000315P0000730
42.989709911,35.140912465,-47.519999966,41.229884476,            0000315P0000731
34.919413602,-47.519845483,39.491708905,34.645019329,            0000315P0000732
-47.519999966,37.775183198,34.319429281,-47.520000017,           0000315P0000733
36.080307356,0.5625,0.625,-5.530139964E-04,0.999999844,          0000315P0000734
7.938045098E-05;                                                 0000315P0000735
126,4,4,0,0,1,0,0.625,0.625,0.625,0.625,0.625,0.6875,0.6875,     0000317P0000736
0.6875,0.6875,0.6875,1.,1.,1.,1.,1.,34.319429281,-47.520000017,  0000317P0000737
36.080307356,33.981340868,-47.519999969,34.320369902,            0000317P0000738
33.590410836,-47.51985827,32.596211411,33.149135871,             0000317P0000739
-47.519999957,30.907831883,32.660057789,-47.519999988,           0000317P0000740
29.255231318,0.625,0.6875,-4.80382145E-04,0.999999878,           0000317P0000741
1.171530784E-04;                                                 0000317P0000742
126,4,4,0,0,1,0,0.6875,0.6875,0.6875,0.6875,0.6875,0.75,0.75,    0000319P0000743
0.75,0.75,0.75,1.,1.,1.,1.,1.,32.660057789,-47.519999988,        0000319P0000744
29.255231318,32.151560042,-47.519999999,27.537011375,            0000319P0000745
31.594186273,-47.519888166,25.867095116,30.991187019,            0000319P0000746
-47.520000011,24.245482541,30.345597073,-47.520000012,           0000319P0000747
22.67217365,0.6875,0.75,-3.567486116E-04,0.999999928,            0000319P0000748
1.257621367E-04;                                                 0000319P0000749
126,4,4,0,0,1,0,0.75,0.75,0.75,0.75,0.75,0.8125,0.8125,0.8125,   0000321P0000750
0.8125,0.8125,1.,1.,1.,1.,1.,30.345597073,-47.520000012,         0000321P0000751
22.67217365,29.662259038,-47.520000045,21.006872425,             0000321P0000752
28.933975738,-47.519904126,19.402542082,28.164564635,            0000321P0000753
-47.520000051,17.859182621,27.357230092,-47.520000029,           0000321P0000754
16.376794043,0.75,0.8125,-2.727350694E-04,0.999999954,           0000321P0000755
1.297672292E-04;                                                 0000321P0000756
126,4,4,0,0,1,0,0.8125,0.8125,0.8125,0.8125,0.8125,0.875,0.875,  0000323P0000757
0.875,0.875,0.875,1.,1.,1.,1.,1.,27.357230092,-47.520000029,     0000323P0000758
16.376794043,26.483662646,-47.519999981,14.772791737,            0000323P0000759
25.568522173,-47.519901175,13.2454069,24.615970886,              0000323P0000760
-47.519999929,11.794639532,23.6289425,-47.519999922,             0000323P0000761
10.420489634,0.8125,0.875,-2.304538731E-04,0.999999963,          0000323P0000762
1.445424249E-04;                                                 0000323P0000763
126,4,4,0,0,1,0,0.875,0.875,0.875,0.875,0.875,0.9375,0.9375,     0000325P0000764
0.9375,0.9375,0.9375,1.,1.,1.,1.,1.,23.6289425,-47.519999922,    0000325P0000765
10.420489634,22.565819576,-47.519999932,8.940400282,21.46632313, 0000325P0000766
-47.519857488,7.554170041,20.334110068,-47.519999978,            0000325P0000767
6.261798911,19.170767499,-47.520000009,5.063286893,0.875,0.9375, 0000325P0000768
-2.556561692E-04,0.999999945,2.129864476E-04;                    0000325P0000769
126,4,4,0,0,1,0,0.9375,0.9375,0.9375,0.9375,0.9375,0.96875,      0000327P0000770
0.96875,0.96875,0.96875,0.96875,1.,1.,1.,1.,1.,19.170767499,     0000327P0000771
-47.520000009,5.063286893,18.549321317,-47.520000029,            0000327P0000772
4.423053547,17.919772244,-47.519984597,3.810452915,17.282363236, 0000327P0000773
-47.519999993,3.225484999,16.637156353,-47.519999947,            0000327P0000774
2.668149797,0.9375,0.96875,-8.243653323E-05,0.999999993,         0000327P0000775
8.724042756E-05;                                                 0000327P0000776
126,4,4,0,0,1,0,0.96875,0.96875,0.96875,0.96875,0.96875,1.,1.,   0000329P0000777
1.,1.,1.,1.,1.,1.,1.,1.,16.637156353,-47.519999947,2.668149797,  0000329P0000778
15.954050466,-47.519999965,2.078077276,15.263441551,             0000329P0000779
-47.519973239,1.520028136,14.565383181,-47.519999991,            0000329P0000780
0.994002377,13.859693901,-47.519999996,0.5,0.96875,1.,           0000329P0000781
-1.101108638E-04,0.999999984,1.410255112E-04;                    0000329P0000782
100,0.,0.,0.,13.859795927,-47.520059521,47.520019018,            0000331P0000783
-13.859934797;                                                   0000331P0000784
124,1.,0.,0.,0.,0.,1.,0.,0.,0.,0.,1.,0.5;                        0000333P0000785
144,337,1,0,339;                                                 0000335P0000786
128,8,4,3,3,0,0,1,0,0,0.7942083,0.7942083,0.7942083,0.7942083,   0000337P0000787
0.8125,0.84375,0.875,0.90625,0.9375,0.955791496,0.955791496,     0000337P0000788
0.955791496,0.955791496,0.,0.,0.,0.,0.5,1.,1.,1.,1.,1.,1.,1.,1., 0000337P0000789
1.,1.,1.,1.,1.,1.,1.,1.,1.,1.,1.,1.,1.,1.,1.,1.,1.,1.,1.,1.,1.,  0000337P0000790
1.,1.,1.,1.,1.,1.,1.,1.,1.,1.,1.,1.,1.,1.,1.,1.,1.,1.,1.,1.,     0000337P0000791
-13.573406879,-47.602571223,99.5,-15.397060961,-47.082522067,    0000337P0000792
99.5,-20.255492888,-45.390587008,99.5,-27.678062697,             0000337P0000793
-41.423141682,99.5,-35.227472672,-35.227495936,99.5,             0000337P0000794
-41.423151012,-27.678062943,99.5,-45.390545786,-20.255550963,    0000337P0000795
99.5,-47.082520163,-15.39711689,99.5,-47.602572735,-13.57347683, 0000337P0000796
99.5,-15.383197217,-53.949579843,83.,-17.450005432,              0000337P0000797
-53.360190493,83.,-22.956229015,-51.442663166,83.,-31.368478007, 0000337P0000798
-46.946224748,83.,-39.92447227,-39.924487665,83.,-46.946249802,  0000337P0000799
-31.368466156,83.,-51.442611329,-22.956271472,83.,-53.360189791, 0000337P0000800
-17.450060401,83.,-53.949585097,-15.383272878,83.,-17.192987554, 0000337P0000801
-60.296588461,50.,-19.502949903,-59.637858917,50.,-25.656965142, 0000337P0000802
-57.494739322,50.,-35.058893316,-52.469307827,50.,-44.62147187,  0000337P0000803
-44.621479341,50.,-52.469348591,-35.05886956,50.,-57.494676873,  0000337P0000804
-25.656991392,50.,-59.637859418,-19.503004639,50.,-60.296597459, 0000337P0000805
-17.193069708,50.,-15.383197217,-53.949579843,17.,-17.450005432, 0000337P0000806
-53.360190493,17.,-22.956229015,-51.442663166,17.,-31.368478007, 0000337P0000807
-46.946224748,17.,-39.92447227,-39.924487665,17.,-46.946249802,  0000337P0000808
-31.368466156,17.,-51.442611329,-22.956271472,17.,-53.360189791, 0000337P0000809
-17.450060401,17.,-53.949585097,-15.383272878,17.,-13.573406879, 0000337P0000810
-47.602571223,0.5,-15.397060961,-47.082522067,0.5,-20.255492888, 0000337P0000811
-45.390587008,0.5,-27.678062697,-41.423141682,0.5,-35.227472672, 0000337P0000812
-35.227495936,0.5,-41.423151012,-27.678062943,0.5,-45.390545786, 0000337P0000813
-20.255550963,0.5,-47.082520163,-15.39711689,0.5,-47.602572735,  0000337P0000814
-13.57347683,0.5,0.795166303,0.954833493,0.,1.;                  0000337P0000815
142,0,337,341,419,3;                                             0000339P0000816
102,38,343,345,347,349,351,353,355,357,359,361,363,365,367,369,  0000341P0000817
371,373,375,377,379,381,383,385,387,389,391,393,395,397,399,401, 0000341P0000818
403,405,407,409,411,413,415,417;                                 0000341P0000819
126,2,2,1,0,1,0,0.,0.,0.,3.125E-02,3.125E-02,3.125E-02,1.,1.,1., 0000343P0000820
0.795166303,1.,0.,0.79952182,0.990022188,0.,0.803597151,         0000343P0000821
0.978104348,0.,0.,3.125E-02,-0.,-0.,1.;                          0000343P0000822
126,2,2,1,0,1,0,3.125E-02,3.125E-02,3.125E-02,6.25E-02,6.25E-02, 0000345P0000823
6.25E-02,1.,1.,1.,0.803597151,0.978104348,0.,0.807469189,        0000345P0000824
0.966781014,0.,0.811068219,0.953763896,0.,3.125E-02,6.25E-02,    0000345P0000825
-0.,-0.,1.;                                                      0000345P0000826
126,2,2,1,0,1,0,6.25E-02,6.25E-02,6.25E-02,0.125,0.125,0.125,1., 0000347P0000827
1.,1.,0.811068219,0.953763896,0.,0.817827065,0.929318224,0.,     0000347P0000828
0.823575302,0.89908446,0.,6.25E-02,0.125,-0.,-0.,1.;             0000347P0000829
126,2,2,1,0,1,0,0.125,0.125,0.125,0.1875,0.1875,0.1875,1.,1.,1., 0000349P0000830
0.823575302,0.89908446,0.,0.828836111,0.871414396,0.,            0000349P0000831
0.833200347,0.839153874,0.,0.125,0.1875,-0.,-0.,1.;              0000349P0000832
126,2,2,1,0,1,0,0.1875,0.1875,0.1875,0.25,0.25,0.25,1.,1.,1.,    0000351P0000833
0.833200347,0.839153874,0.,0.837282977,0.80897499,0.,            0000351P0000834
0.840544007,0.775055016,0.,0.1875,0.25,-0.,-0.,1.;               0000351P0000835
126,2,2,1,0,1,0,0.25,0.25,0.25,0.3125,0.3125,0.3125,1.,1.,1.,    0000353P0000836
0.840544007,0.775055016,0.,0.843608429,0.74318009,0.,            0000353P0000837
0.845911821,0.708377342,0.,0.25,0.3125,-0.,-0.,1.;               0000353P0000838
126,2,2,1,0,1,0,0.3125,0.3125,0.3125,0.375,0.375,0.375,1.,1.,1., 0000355P0000839
0.845911821,0.708377342,0.,0.848099142,0.675328363,0.,           0000355P0000840
0.849566005,0.640167323,0.,0.3125,0.375,-0.,-0.,1.;              0000355P0000841
126,2,2,1,0,1,0,0.375,0.375,0.375,0.4375,0.4375,0.4375,1.,1.,1., 0000357P0000842
0.849566005,0.640167323,0.,0.850992411,0.605976039,0.,           0000357P0000843
0.851709158,0.570481474,0.,0.375,0.4375,-0.,-0.,1.;              0000357P0000844
126,2,2,1,0,1,0,0.4375,0.4375,0.4375,0.5,0.5,0.5,1.,1.,1.,       0000359P0000845
0.851709158,0.570481474,0.,0.852420073,0.535275746,0.,           0000359P0000846
0.852416293,0.499625191,0.,0.4375,0.5,-0.,-0.,1.;                0000359P0000847
126,2,2,1,0,1,0,0.5,0.5,0.5,0.5625,0.5625,0.5625,1.,1.,1.,       0000361P0000848
0.852416293,0.499625191,0.,0.852412534,0.464183925,0.,           0000361P0000849
0.851702488,0.429188989,0.,0.5,0.5625,-0.,-0.,1.;                0000361P0000850
126,2,2,1,0,1,0,0.5625,0.5625,0.5625,0.625,0.625,0.625,1.,1.,1., 0000363P0000851
0.851702488,0.429188989,0.,0.850981138,0.393636959,0.,0.8495478, 0000363P0000852
0.359397043,0.,0.5625,0.625,-0.,-0.,1.;                          0000363P0000853
126,2,2,1,0,1,0,0.625,0.625,0.625,0.6875,0.6875,0.6875,1.,1.,1., 0000365P0000854
0.8495478,0.359397043,0.,0.848059439,0.32384275,0.,0.845834396,  0000365P0000855
0.290456879,0.,0.625,0.6875,-0.,-0.,1.;                          0000365P0000856
126,2,2,1,0,1,0,0.6875,0.6875,0.6875,0.75,0.75,0.75,1.,1.,1.,    0000367P0000857
0.845834396,0.290456879,0.,0.843521003,0.255745366,0.,           0000367P0000858
0.840449192,0.223961346,0.,0.6875,0.75,-0.,-0.,1.;               0000367P0000859
126,2,2,1,0,1,0,0.75,0.75,0.75,0.8125,0.8125,0.8125,1.,1.,1.,    0000369P0000860
0.840449192,0.223961346,0.,0.83719777,0.190318899,0.,            0000369P0000861
0.833136078,0.160371654,0.,0.75,0.8125,-0.,-0.,1.;               0000369P0000862
126,2,2,1,0,1,0,0.8125,0.8125,0.8125,0.875,0.875,0.875,1.,1.,1., 0000371P0000863
0.833136078,0.160371654,0.,0.828741169,0.12796757,0.,            0000371P0000864
0.823440292,0.100206968,0.,0.8125,0.875,-0.,-0.,1.;              0000371P0000865
126,2,2,1,0,1,0,0.875,0.875,0.875,0.9375,0.9375,0.9375,1.,1.,1., 0000373P0000866
0.823440292,0.100206968,0.,0.817730746,7.030617E-02,0.,          0000373P0000867
0.811028855,4.6093811E-02,0.,0.875,0.9375,-0.,-0.,1.;            0000373P0000868
126,2,2,1,0,1,0,0.9375,0.9375,0.9375,0.96875,0.96875,0.96875,1., 0000375P0000869
1.,1.,0.811028855,4.6093811E-02,0.,0.807448769,3.3159803E-02,0., 0000375P0000870
0.80359881,2.1900505E-02,0.,0.9375,0.96875,-0.,-0.,1.;           0000375P0000871
126,2,2,1,0,1,0,0.96875,0.96875,0.96875,1.,1.,1.,1.,1.,1.,       0000377P0000872
0.80359881,2.1900505E-02,0.,0.799522708,9.979847E-03,0.,         0000377P0000873
0.795166303,0.,0.,0.96875,1.,-0.,-0.,1.;                         0000377P0000874
126,1,1,1,0,1,0,0.,0.,1.003212991,1.003212991,1.,1.,0.795166826, 0000379P0000875
0.,0.,0.954833123,0.,0.,0.,1.003212991,0.,0.,1.;                 0000379P0000876
126,2,2,1,0,1,0,0.,0.,0.,3.125E-02,3.125E-02,3.125E-02,1.,1.,1., 0000381P0000877
0.954833493,0.,0.,0.950478066,9.977793E-03,0.,0.946402745,       0000381P0000878
2.1895853E-02,0.,0.,3.125E-02,-0.,-0.,1.;                        0000381P0000879
126,2,2,1,0,1,0,3.125E-02,3.125E-02,3.125E-02,6.25E-02,6.25E-02, 0000383P0000880
6.25E-02,1.,1.,1.,0.946402745,2.1895853E-02,0.,0.942530776,      0000383P0000881
3.3219222E-02,0.,0.938931754,4.6236486E-02,0.,3.125E-02,         0000383P0000882
6.25E-02,-0.,-0.,1.;                                             0000383P0000883
126,2,2,1,0,1,0,6.25E-02,6.25E-02,6.25E-02,0.125,0.125,0.125,1., 0000385P0000884
1.,1.,0.938931754,4.6236486E-02,0.,0.932172913,7.0682463E-02,0., 0000385P0000885
0.926424709,0.100915994,0.,6.25E-02,0.125,-0.,-0.,1.;            0000385P0000886
126,2,2,1,0,1,0,0.125,0.125,0.125,0.1875,0.1875,0.1875,1.,1.,1., 0000387P0000887
0.926424709,0.100915994,0.,0.921163874,0.128586141,0.,           0000387P0000888
0.916799636,0.160846493,0.,0.125,0.1875,-0.,-0.,1.;              0000387P0000889
126,2,2,1,0,1,0,0.1875,0.1875,0.1875,0.25,0.25,0.25,1.,1.,1.,    0000389P0000890
0.916799636,0.160846493,0.,0.912716982,0.191025386,0.,           0000389P0000891
0.909455944,0.224945294,0.,0.1875,0.25,-0.,-0.,1.;               0000389P0000892
126,2,2,1,0,1,0,0.25,0.25,0.25,0.3125,0.3125,0.3125,1.,1.,1.,    0000391P0000893
0.909455944,0.224945294,0.,0.906391516,0.256820146,0.,           0000391P0000894
0.904088121,0.291622862,0.,0.25,0.3125,-0.,-0.,1.;               0000391P0000895
126,2,2,1,0,1,0,0.3125,0.3125,0.3125,0.375,0.375,0.375,1.,1.,1., 0000393P0000896
0.904088121,0.291622862,0.,0.901900801,0.324671776,0.,           0000393P0000897
0.900433937,0.359832805,0.,0.3125,0.375,-0.,-0.,1.;              0000393P0000898
126,2,2,1,0,1,0,0.375,0.375,0.375,0.4375,0.4375,0.4375,1.,1.,1., 0000395P0000899
0.900433937,0.359832805,0.,0.899007532,0.394024053,0.,           0000395P0000900
0.898290785,0.429518608,0.,0.375,0.4375,-0.,-0.,1.;              0000395P0000901
126,2,2,1,0,1,0,0.4375,0.4375,0.4375,0.5,0.5,0.5,1.,1.,1.,       0000397P0000902
0.898290785,0.429518608,0.,0.897579872,0.464724298,0.,           0000397P0000903
0.897583652,0.500374821,0.,0.4375,0.5,-0.,-0.,1.;                0000397P0000904
126,2,2,1,0,1,0,0.5,0.5,0.5,0.5625,0.5625,0.5625,1.,1.,1.,       0000399P0000905
0.897583652,0.500374821,0.,0.897587411,0.535816049,0.,           0000399P0000906
0.898297456,0.57081094,0.,0.5,0.5625,-0.,-0.,1.;                 0000399P0000907
126,2,2,1,0,1,0,0.5625,0.5625,0.5625,0.625,0.625,0.625,1.,1.,1., 0000401P0000908
0.898297456,0.57081094,0.,0.899018805,0.606362953,0.,            0000401P0000909
0.900452143,0.640602829,0.,0.5625,0.625,-0.,-0.,1.;              0000401P0000910
126,2,2,1,0,1,0,0.625,0.625,0.625,0.6875,0.6875,0.6875,1.,1.,1., 0000403P0000911
0.900452143,0.640602829,0.,0.901940504,0.676157117,0.,           0000403P0000912
0.904165548,0.709542928,0.,0.625,0.6875,-0.,-0.,1.;              0000403P0000913
126,2,2,1,0,1,0,0.6875,0.6875,0.6875,0.75,0.75,0.75,1.,1.,1.,    0000405P0000914
0.904165548,0.709542928,0.,0.906478943,0.744254416,0.,           0000405P0000915
0.909550762,0.776038371,0.,0.6875,0.75,-0.,-0.,1.;               0000405P0000916
126,2,2,1,0,1,0,0.75,0.75,0.75,0.8125,0.8125,0.8125,1.,1.,1.,    0000407P0000917
0.909550762,0.776038371,0.,0.912802191,0.809680743,0.,           0000407P0000918
0.916863907,0.839627988,0.,0.75,0.8125,-0.,-0.,1.;               0000407P0000919
126,2,2,1,0,1,0,0.8125,0.8125,0.8125,0.875,0.875,0.875,1.,1.,1., 0000409P0000920
0.916863907,0.839627988,0.,0.921258819,0.872031913,0.,           0000409P0000921
0.926559725,0.899792609,0.,0.8125,0.875,-0.,-0.,1.;              0000409P0000922
126,2,2,1,0,1,0,0.875,0.875,0.875,0.9375,0.9375,0.9375,1.,1.,1., 0000411P0000923
0.926559725,0.899792609,0.,0.932269239,0.929693175,0.,           0000411P0000924
0.938971124,0.953905831,0.,0.875,0.9375,-0.,-0.,1.;              0000411P0000925
126,2,2,1,0,1,0,0.9375,0.9375,0.9375,0.96875,0.96875,0.96875,1., 0000413P0000926
1.,1.,0.938971124,0.953905831,0.,0.9425512,0.966839974,0.,       0000413P0000927
0.946401087,0.978099298,0.,0.9375,0.96875,-0.,-0.,1.;            0000413P0000928
126,2,2,1,0,1,0,0.96875,0.96875,0.96875,1.,1.,1.,1.,1.,1.,       0000415P0000929
0.946401087,0.978099298,0.,0.950477178,0.990020174,0.,           0000415P0000930
0.954833493,1.,0.,0.96875,1.,-0.,-0.,1.;                         0000415P0000931
126,1,1,1,0,1,0,3.425383508,3.425383508,4.428596264,4.428596264, 0000417P0000932
1.,1.,0.954833078,1.,0.,0.795166785,1.,0.,3.425383508,           0000417P0000933
4.428596264,0.,0.,1.;                                            0000417P0000934
102,38,421,423,425,427,429,431,433,435,437,439,441,443,445,447,  0000419P0000935
449,451,453,455,457,461,463,465,467,469,471,473,475,477,479,481, 0000419P0000936
483,485,487,489,491,493,495,497;                                 0000419P0000937
126,4,4,0,0,1,0,0.,0.,0.,0.,0.,3.125E-02,3.125E-02,3.125E-02,    0000421P0000938
3.125E-02,3.125E-02,1.,1.,1.,1.,1.,-13.859693857,-47.520000033,  0000421P0000939
0.5,-14.565239265,-47.520000014,0.993901694,-15.263156984,       0000421P0000940
-47.519973275,1.51981385,-15.953628384,-47.519999978,            0000421P0000941
2.077736468,-16.636599987,-47.519999966,2.667669548,0.,          0000421P0000942
3.125E-02,1.101986671E-04,0.999999984,1.411321834E-04;           0000421P0000943
126,4,4,0,0,1,0,3.125E-02,3.125E-02,3.125E-02,3.125E-02,         0000423P0000944
3.125E-02,6.25E-02,6.25E-02,6.25E-02,6.25E-02,6.25E-02,1.,1.,1., 0000423P0000945
1.,1.,-16.636599987,-47.519999966,2.667669548,-17.285502378,     0000423P0000946
-47.519999975,3.228174581,-17.926515225,-47.51998421,3.81662705, 0000423P0000947
-18.559575409,-47.519999973,4.433026955,-19.184434761,           0000423P0000948
-47.519999957,5.077374296,3.125E-02,6.25E-02,8.374703035E-05,    0000423P0000949
0.999999993,8.855560153E-05;                                     0000423P0000950
126,4,4,0,0,1,0,6.25E-02,6.25E-02,6.25E-02,6.25E-02,6.25E-02,    0000425P0000951
0.125,0.125,0.125,0.125,0.125,1.,1.,1.,1.,1.,-19.184434761,      0000425P0000952
-47.519999957,5.077374296,-20.357897669,-47.519999979,           0000425P0000953
6.28743506,-21.499634997,-47.519852031,7.592999342,              0000425P0000954
-22.608009836,-47.519999988,8.994067142,-23.679241785,           0000425P0000955
-47.519999969,10.49063846,6.25E-02,0.125,2.609573985E-04,        0000425P0000956
0.999999942,2.169452693E-04;                                     0000425P0000957
126,4,4,0,0,1,0,0.125,0.125,0.125,0.125,0.125,0.1875,0.1875,     0000427P0000958
0.1875,0.1875,0.1875,1.,1.,1.,1.,1.,-23.679241785,-47.519999969, 0000427P0000959
10.49063846,-24.659637492,-47.520000019,11.860306628,            0000427P0000960
-25.60582856,-47.519903304,13.305717353,-26.514911995,           0000427P0000961
-47.520000071,14.826870635,-27.382786378,-47.520000064,          0000427P0000962
16.423766474,0.125,0.1875,2.27991743E-04,0.999999964,            0000427P0000963
1.426017434E-04;                                                 0000427P0000964
126,4,4,0,0,1,0,0.1875,0.1875,0.1875,0.1875,0.1875,0.25,0.25,    0000429P0000965
0.25,0.25,0.25,1.,1.,1.,1.,1.,-27.382786378,-47.520000064,       0000429P0000966
16.423766474,-28.194660431,-47.52000005,17.917621232,            0000429P0000967
-28.968019109,-47.519901069,19.473203975,-29.699588206,          0000429P0000968
-47.520000046,21.090514703,-30.385467399,-47.520000057,          0000429P0000969
22.769553416,0.1875,0.25,2.780873008E-04,0.999999953,            0000429P0000970
1.31897613E-04;                                                  0000429P0000971
126,4,4,0,0,1,0,0.25,0.25,0.25,0.25,0.25,0.3125,0.3125,0.3125,   0000431P0000972
0.3125,0.3125,1.,1.,1.,1.,1.,-30.385467399,-47.520000057,        0000431P0000973
22.769553416,-31.029994786,-47.519999999,24.347362253,           0000431P0000974
-31.631677959,-47.519886773,25.973480153,-32.187468946,          0000431P0000975
-47.519999968,27.647907116,-32.694107317,-47.520000003,          0000431P0000976
29.370643142,0.25,0.3125,3.605956693E-04,0.999999927,            0000431P0000977
1.264491357E-04;                                                 0000431P0000978
126,4,4,0,0,1,0,0.3125,0.3125,0.3125,0.3125,0.3125,0.375,0.375,  0000433P0000979
0.375,0.375,0.375,1.,1.,1.,1.,1.,-32.694107317,-47.520000003,    0000433P0000980
29.370643142,-33.175215448,-47.519999955,31.006567603,           0000433P0000981
-33.609477332,-47.519864106,32.67734107,-33.994441227,           0000433P0000982
-47.519999929,34.382963543,-34.327701342,-47.519999959,          0000433P0000983
36.123435023,0.3125,0.375,4.71044169E-04,0.999999883,            0000433P0000984
1.142837523E-04;                                                 0000433P0000985
126,4,4,0,0,1,0,0.375,0.375,0.375,0.375,0.375,0.4375,0.4375,     0000435P0000986
0.4375,0.4375,0.4375,1.,1.,1.,1.,1.,-34.327701342,-47.519999959, 0000435P0000987
36.123435023,-34.65176996,-47.520000021,37.815903581,            0000435P0000988
-34.924784897,-47.519846513,39.529876276,-35.145059769,          0000435P0000989
-47.520000092,41.265353107,-35.311144944,-47.520000098,          0000435P0000990
43.022334074,0.375,0.4375,5.506283187E-04,0.999999845,           0000435P0000991
7.876315303E-05;                                                 0000435P0000992
126,4,4,0,0,1,0,0.4375,0.4375,0.4375,0.4375,0.4375,0.5,0.5,0.5,  0000437P0000993
0.5,0.5,1.,1.,1.,1.,1.,-35.311144944,-47.520000098,43.022334074, 0000437P0000994
-35.475878679,-47.520000045,44.76501761,-35.586014531,           0000437P0000995
-47.519832234,46.515040792,-35.640830197,-47.519999943,          0000437P0000996
48.272403619,-35.639948426,-47.519999895,50.037106091,0.4375,    0000437P0000997
0.5,6.039057063E-04,0.999999817,2.837252896E-05;                 0000437P0000998
126,4,4,0,0,1,0,0.5,0.5,0.5,0.5,0.5,0.5625,0.5625,0.5625,0.5625, 0000439P0000999
0.5625,1.,1.,1.,1.,1.,-35.639948426,-47.519999895,50.037106091,  0000439P0001000
-35.639071654,-47.519999981,51.791448758,-35.583154163,          0000439P0001001
-47.519836238,53.53842698,-35.472576007,-47.520000045,           0000439P0001002
55.278040757,-35.308053828,-47.520000022,57.010290089,0.5,       0000439P0001003
0.5625,-5.959210671E-04,-0.999999822,2.843885519E-05;            0000439P0001004
126,4,4,0,0,1,0,0.5625,0.5625,0.5625,0.5625,0.5625,0.625,0.625,  0000441P0001005
0.625,0.625,0.625,1.,1.,1.,1.,1.,-35.308053828,-47.520000022,    0000441P0001006
57.010290089,-35.14091249,-47.520000063,58.770115574,            0000441P0001007
-34.919413708,-47.519845593,60.508291178,-34.645019646,          0000441P0001008
-47.520000012,62.224816901,-34.319429928,-47.519999926,          0000441P0001009
63.919692743,0.5625,0.625,-5.516321063E-04,-0.999999845,         0000441P0001010
7.919656519E-05;                                                 0000441P0001011
126,4,4,0,0,1,0,0.625,0.625,0.625,0.625,0.625,0.6875,0.6875,     0000443P0001012
0.6875,0.6875,0.6875,1.,1.,1.,1.,1.,-34.319429928,-47.519999926, 0000443P0001013
63.919692743,-33.98134155,-47.519999951,65.679630246,            0000443P0001014
-33.59041162,-47.519858282,67.403788787,-33.149136815,           0000443P0001015
-47.519999956,69.092168364,-32.660058921,-47.51999994,           0000443P0001016
70.744768979,0.625,0.6875,-4.797020185E-04,-0.999999878,         0000443P0001017
1.169816064E-04;                                                 0000443P0001018
126,4,4,0,0,1,0,0.6875,0.6875,0.6875,0.6875,0.6875,0.75,0.75,    0000445P0001019
0.75,0.75,0.75,1.,1.,1.,1.,1.,-32.660058921,-47.51999994,        0000445P0001020
70.744768979,-32.15156123,-47.52000002,72.462988872,             0000445P0001021
-31.594187544,-47.519888211,74.132905131,-30.99118835,           0000445P0001022
-47.520000044,75.754517756,-30.345598435,-47.519999999,          0000445P0001023
77.327826746,0.6875,0.75,-3.561469103E-04,-0.999999929,          0000445P0001024
1.255456879E-04;                                                 0000445P0001025
126,4,4,0,0,1,0,0.75,0.75,0.75,0.75,0.75,0.8125,0.8125,0.8125,   0000447P0001026
0.8125,0.8125,1.,1.,1.,1.,1.,-30.345598435,-47.519999999,        0000447P0001027
77.327826746,-29.662260458,-47.520000021,78.993127872,           0000447P0001028
-28.933977131,-47.519904095,80.597458166,-28.164565902,          0000447P0001029
-47.520000019,82.140817626,-27.357231146,-47.519999998,          0000447P0001030
83.623206254,0.75,0.8125,-2.727907173E-04,-0.999999954,          0000447P0001031
1.297962994E-04;                                                 0000447P0001032
126,4,4,0,0,1,0,0.8125,0.8125,0.8125,0.8125,0.8125,0.875,0.875,  0000449P0001033
0.875,0.875,0.875,1.,1.,1.,1.,1.,-27.357231146,-47.519999998,    0000449P0001034
83.623206254,-26.483663496,-47.519999998,85.227208412,           0000449P0001035
-25.568522775,-47.51990123,86.754593117,-24.615971212,           0000449P0001036
-47.520000017,88.205360369,-23.628942588,-47.52000003,           0000449P0001037
89.579510168,0.8125,0.875,-2.303733777E-04,-0.999999963,         0000449P0001038
1.444685135E-04;                                                 0000449P0001039
126,4,4,0,0,1,0,0.875,0.875,0.875,0.875,0.875,0.9375,0.9375,     0000451P0001040
0.9375,0.9375,0.9375,1.,1.,1.,1.,1.,-23.628942588,-47.52000003,  0000451P0001041
89.579510168,-22.565819361,-47.519999996,91.059599669,           0000451P0001042
-21.466322717,-47.519857508,92.445829926,-20.33410967,           0000451P0001043
-47.519999962,93.73820094,-19.170767464,-47.51999996,            0000451P0001044
94.936712711,0.875,0.9375,-2.556703733E-04,-0.999999945,         0000451P0001045
2.130278741E-04;                                                 0000451P0001046
126,4,4,0,0,1,0,0.9375,0.9375,0.9375,0.9375,0.9375,0.96875,      0000453P0001047
0.96875,0.96875,0.96875,0.96875,1.,1.,1.,1.,1.,-19.170767464,    0000453P0001048
-47.51999996,94.936712711,-18.549321212,-47.519999998,           0000453P0001049
95.576946107,-17.919772077,-47.519984593,96.189546788,           0000453P0001050
-17.28236301,-47.520000023,96.774514754,-16.637156059,           0000453P0001051
-47.520000013,97.331850005,0.9375,0.96875,-8.263737434E-05,      0000453P0001052
-0.999999993,8.740404943E-05;                                    0000453P0001053
126,4,4,0,0,1,0,0.96875,0.96875,0.96875,0.96875,0.96875,1.,1.,   0000455P0001054
1.,1.,1.,1.,1.,1.,1.,1.,-16.637156059,-47.520000013,             0000455P0001055
97.331850005,-15.954050257,-47.520000014,97.921922576,           0000455P0001056
-15.263441423,-47.51997328,98.479971765,-14.565383115,           0000455P0001057
-47.520000028,99.005997573,-13.859693857,-47.520000033,99.5,     0000455P0001058
0.96875,1.,-1.102055375E-04,-0.999999984,1.411595918E-04;        0000455P0001059
100,0.,0.,0.,49.5,-2.069971015E-27,26.610996192,41.738529942;    0000457P0001060
124,-0.279997455,-0.960000742,-1.955214586E-15,-9.746534256E-28, 0000459P0001061
-0.960000742,0.279997455,6.703648535E-15,0.,-5.888052461E-15,    0000459P0001062
3.754011984E-15,-1.,99.5;                                        0000459P0001063
126,4,4,0,0,1,0,0.,0.,0.,0.,0.,3.125E-02,3.125E-02,3.125E-02,    0000461P0001064
3.125E-02,3.125E-02,1.,1.,1.,1.,1.,-47.519999998,-13.859764904,  0000461P0001065
99.5,-47.520000023,-14.565299217,99.006099246,-47.519973293,     0000461P0001066
-15.263210226,98.480184087,-47.520000027,-15.953679152,          0000461P0001067
97.922254523,-47.519999998,-16.636652437,97.332310553,0.,        0000461P0001068
3.125E-02,-0.999999984,-1.098457334E-04,1.407113811E-04;         0000461P0001069
126,4,4,0,0,1,0,3.125E-02,3.125E-02,3.125E-02,3.125E-02,         0000463P0001070
3.125E-02,6.25E-02,6.25E-02,6.25E-02,6.25E-02,6.25E-02,1.,1.,1., 0000463P0001071
1.,1.,-47.519999998,-16.636652437,97.332310553,-47.519999991,    0000463P0001072
-17.285546454,96.771803787,-47.519984203,-17.926553831,          0000463P0001073
96.183347754,-47.519999986,-18.559611364,95.566942454,           0000463P0001074
-47.519999995,-19.184470862,94.922587886,3.125E-02,6.25E-02,     0000463P0001075
-0.999999992,-8.419181735E-05,8.902481751E-05;                   0000463P0001076
126,4,4,0,0,1,0,6.25E-02,6.25E-02,6.25E-02,6.25E-02,6.25E-02,    0000465P0001077
0.125,0.125,0.125,0.125,0.125,1.,1.,1.,1.,1.,-47.519999995,      0000465P0001078
-19.184470862,94.922587886,-47.519999972,-20.357935746,          0000465P0001079
93.712512024,-47.519851951,-21.499670567,92.406941522,           0000465P0001080
-47.519999939,-22.608039105,91.005876378,-47.519999926,          0000465P0001081
-23.67926173,89.509316594,6.25E-02,0.125,-0.999999942,           0000465P0001082
-2.612081548E-04,2.171372675E-04;                                0000465P0001083
126,4,4,0,0,1,0,0.125,0.125,0.125,0.125,0.125,0.1875,0.1875,     0000467P0001084
0.1875,0.1875,0.1875,1.,1.,1.,1.,1.,-47.519999926,-23.67926173,  0000467P0001085
89.509316594,-47.519999993,-24.659659382,88.139644317,           0000467P0001086
-47.519903328,-25.605850282,86.694233658,-47.520000042,          0000467P0001087
-26.514931843,85.173084617,-47.520000007,-27.382802895,          0000467P0001088
83.576197193,0.125,0.1875,-0.999999964,-2.277188966E-04,         0000467P0001089
1.424294158E-04;                                                 0000467P0001090
126,4,4,0,0,1,0,0.1875,0.1875,0.1875,0.1875,0.1875,0.25,0.25,    0000469P0001091
0.25,0.25,0.25,1.,1.,1.,1.,1.,-47.520000007,-27.382802895,       0000469P0001092
83.576197193,-47.520000019,-28.194678264,82.082341989,           0000469P0001093
-47.519901082,-28.968037503,80.526760038,-47.520000031,          0000469P0001094
-29.699606526,78.90945134,-47.520000031,-30.385485038,           0000469P0001095
77.230415894,0.1875,0.25,-0.999999953,-2.778230328E-04,          0000469P0001096
1.317775664E-04;                                                 0000469P0001097
126,4,4,0,0,1,0,0.25,0.25,0.25,0.25,0.25,0.3125,0.3125,0.3125,   0000471P0001098
0.3125,0.3125,1.,1.,1.,1.,1.,-47.520000031,-30.385485038,        0000471P0001099
77.230415894,-47.519999997,-31.030011488,75.65261072,            0000471P0001100
-47.519886813,-31.631693967,74.02649579,-47.519999937,           0000471P0001101
-32.187484487,72.352071104,-47.519999909,-32.694122488,          0000471P0001102
70.629336662,0.25,0.3125,-0.999999927,-3.600052249E-04,          0000471P0001103
1.262326487E-04;                                                 0000471P0001104
126,4,4,0,0,1,0,0.3125,0.3125,0.3125,0.3125,0.3125,0.375,0.375,  0000473P0001105
0.375,0.375,0.375,1.,1.,1.,1.,1.,-47.519999909,-32.694122488,    0000473P0001106
70.629336662,-47.519999961,-33.175229531,68.993415419,           0000473P0001107
-47.519864152,-33.609490711,67.322644278,-47.519999968,          0000473P0001108
-33.994454197,65.61702324,-47.51999992,-34.327714134,            0000473P0001109
63.876552305,0.3125,0.375,-0.999999883,-4.700342444E-04,         0000473P0001110
1.140479871E-04;                                                 0000473P0001111
126,4,4,0,0,1,0,0.375,0.375,0.375,0.375,0.375,0.4375,0.4375,     0000475P0001112
0.4375,0.4375,0.4375,1.,1.,1.,1.,1.,-47.51999992,-34.327714134,  0000475P0001113
63.876552305,-47.520000006,-34.6517822,62.184085529,             0000475P0001114
-47.519846492,-34.924796757,60.470114187,-47.520000046,          0000475P0001115
-35.145071379,58.73463828,-47.519999992,-35.311156404,           0000475P0001116
56.977657808,0.375,0.4375,-0.999999846,-5.501544842E-04,         0000475P0001117
7.868608912E-05;                                                 0000475P0001118
126,4,4,0,0,1,0,0.4375,0.4375,0.4375,0.4375,0.4375,0.5,0.5,0.5,  0000477P0001119
0.5,0.5,1.,1.,1.,1.,1.,-47.519999992,-35.311156404,56.977657808, 0000477P0001120
-47.52000004,-35.475889647,55.234976153,-47.51983229,            0000477P0001121
-35.586025176,53.484954753,-47.520000025,-35.640840678,          0000477P0001122
51.727593609,-47.519999964,-35.639958897,49.962892721,0.4375,    0000477P0001123
0.5,-0.999999818,-6.032297732E-04,2.836571634E-05;               0000477P0001124
126,4,4,0,0,1,0,0.5,0.5,0.5,0.5,0.5,0.5625,0.5625,0.5625,0.5625, 0000479P0001125
0.5625,1.,1.,1.,1.,1.,-47.519999964,-35.639958897,49.962892721,  0000479P0001126
-47.520000037,-35.639082115,48.208551935,-47.519836286,          0000479P0001127
-35.583164726,46.46157571,-47.5200001,-35.472586788,             0000479P0001128
44.721964045,-47.520000089,-35.308064956,42.98971694,0.5,0.5625, 0000479P0001129
0.999999822,5.960891823E-04,2.844714796E-05;                     0000479P0001130
126,4,4,0,0,1,0,0.5625,0.5625,0.5625,0.5625,0.5625,0.625,0.625,  0000481P0001131
0.625,0.625,0.625,1.,1.,1.,1.,1.,-47.520000089,-35.308064956,    0000481P0001132
42.98971694,-47.520000081,-35.140923919,41.229892297,            0000481P0001133
-47.51984561,-34.919425448,39.491717914,-47.520000087,           0000481P0001134
-34.645031728,37.775193791,-47.520000101,-34.319442428,          0000481P0001135
36.080319929,0.5625,0.625,0.999999844,5.525440284E-04,           0000481P0001136
7.931113868E-05;                                                 0000481P0001137
126,4,4,0,0,1,0,0.625,0.625,0.625,0.625,0.625,0.6875,0.6875,     0000483P0001138
0.6875,0.6875,0.6875,1.,1.,1.,1.,1.,-47.520000101,-34.319442428, 0000483P0001139
36.080319929,-47.520000064,-33.981354364,34.320382673,           0000483P0001140
-47.519858363,-33.590424824,32.596225288,-47.520000053,          0000483P0001141
-33.149150555,30.907847773,-47.520000075,-32.660073437,          0000483P0001142
29.255250128,0.625,0.6875,0.999999878,4.802879697E-04,           0000483P0001143
1.171297743E-04;                                                 0000483P0001144
126,4,4,0,0,1,0,0.6875,0.6875,0.6875,0.6875,0.6875,0.75,0.75,    0000485P0001145
0.75,0.75,0.75,1.,1.,1.,1.,1.,-47.520000075,-32.660073437,       0000485P0001146
29.255250128,-47.520000037,-32.151576233,27.537031472,           0000485P0001147
-47.519888206,-31.594202974,25.867117111,-47.519999983,          0000485P0001148
-30.991204279,24.245507044,-47.519999968,-30.345614947,          0000485P0001149
22.672201271,0.6875,0.75,0.999999928,3.567774724E-04,            0000485P0001150
1.257920729E-04;                                                 0000485P0001151
126,4,4,0,0,1,0,0.75,0.75,0.75,0.75,0.75,0.8125,0.8125,0.8125,   0000487P0001152
0.8125,0.8125,1.,1.,1.,1.,1.,-47.519999968,-30.345614947,        0000487P0001153
22.672201271,-47.519999939,-29.662277843,21.006903857,           0000487P0001154
-47.519904035,-28.933994736,19.402576039,-47.519999964,          0000487P0001155
-28.164583044,17.859217816,-47.520000013,-27.357247019,          0000487P0001156
16.376829188,0.75,0.8125,0.999999954,2.732889502E-04,            0000487P0001157
1.300254695E-04;                                                 0000487P0001158
126,4,4,0,0,1,0,0.8125,0.8125,0.8125,0.8125,0.8125,0.875,0.875,  0000489P0001159
0.875,0.875,0.875,1.,1.,1.,1.,1.,-47.520000013,-27.357247019,    0000489P0001160
16.376829188,-47.519999967,-26.483682493,14.772834901,           0000489P0001161
-47.519901216,-25.568543336,13.245453892,-47.519999944,          0000489P0001162
-24.615991528,11.794686161,-47.519999961,-23.628960433,          0000489P0001163
10.420531709,0.8125,0.875,0.999999963,2.304441859E-04,           0000489P0001164
1.445269326E-04;                                                 0000489P0001165
126,4,4,0,0,1,0,0.875,0.875,0.875,0.875,0.875,0.9375,0.9375,     0000491P0001166
0.9375,0.9375,0.9375,1.,1.,1.,1.,1.,-47.519999961,-23.628960433, 0000491P0001167
10.420531709,-47.51999996,-22.565846335,8.940453692,             0000491P0001168
-47.519857446,-21.466355915,7.55422619,-47.519999969,            0000491P0001169
-20.334145424,6.261849203,-47.519999984,-19.170801442,           0000491P0001170
5.063322731,0.875,0.9375,0.999999945,2.557352251E-04,            0000491P0001171
2.130640229E-04;                                                 0000491P0001172
126,4,4,0,0,1,0,0.9375,0.9375,0.9375,0.9375,0.9375,0.96875,      0000493P0001173
0.96875,0.96875,0.96875,0.96875,1.,1.,1.,1.,1.,-47.519999984,    0000493P0001174
-19.170801442,5.063322731,-47.520000016,-18.549355416,           0000493P0001175
4.423082653,-47.519984589,-17.919809352,3.810477088,             0000493P0001176
-47.520000024,-17.282406224,3.225506036,-47.520000004,           0000493P0001177
-16.637208162,2.668169498,0.9375,0.96875,0.999999993,            0000493P0001178
8.266888716E-05,8.745000611E-05;                                 0000493P0001179
126,4,4,0,0,1,0,0.96875,0.96875,0.96875,0.96875,0.96875,1.,1.,   0000495P0001180
1.,1.,1.,1.,1.,1.,1.,1.,-47.520000004,-16.637208162,2.668169498, 0000495P0001181
-47.52,-15.954100841,2.078086136,-47.519973236,-15.263494592,    0000495P0001182
1.520030099,-47.519999998,-14.565443056,0.994001387,             0000495P0001183
-47.519999998,-13.859764904,0.5,0.96875,1.,0.999999984,          0000495P0001184
1.10286021E-04,1.412728907E-04;                                  0000495P0001185
100,0.,0.,0.,-47.520045113,-13.859845323,-13.8599338,            0000497P0001186
-47.520019308;                                                   0000497P0001187
124,1.,0.,0.,0.,0.,1.,0.,0.,0.,0.,1.,0.5;                        0000499P0001188
144,503,1,0,505;                                                 0000501P0001189
128,1,1,1,1,0,0,1,0,0,0.,0.,1.,1.,0.,0.,1.,1.,1.,1.,1.,1.,       0000503P0001190
-48.090276656,-48.090286081,0.5,48.090285607,-48.090286081,0.5,  0000503P0001191
-48.090276656,48.09028607,0.5,48.090285607,48.09028607,0.5,      0000503P0001192
5.929062E-03,0.994070677,5.929327E-03,0.994070673;               0000503P0001193
142,0,503,507,581,3;                                             0000505P0001194
102,36,509,511,513,515,517,519,521,523,525,527,529,531,533,535,  0000507P0001195
537,539,541,543,545,547,549,551,553,555,557,559,561,563,565,567, 0000507P0001196
569,571,573,575,577,579;                                         0000507P0001197
126,2,2,1,0,1,0,3.266958765E-06,3.266958765E-06,3.266958765E-06, 0000509P0001198
0.125,0.125,0.125,1.,1.,1.,0.644104253,5.929327E-03,0.,          0000509P0001199
0.675125909,1.497807602E-02,0.,0.704772155,2.783456E-02,0.,      0000509P0001200
3.266958765E-06,0.125,0.,0.,1.;                                  0000509P0001201
126,2,2,1,0,1,0,0.125,0.125,0.125,0.25,0.25,0.25,1.,1.,1.,       0000511P0001202
0.704772155,2.783456E-02,0.,0.734409993,4.0687397E-02,0.,        0000511P0001203
0.762217604,5.7152332E-02,0.,0.125,0.25,0.,0.,1.;                0000511P0001204
126,2,2,1,0,1,0,0.25,0.25,0.25,0.375,0.375,0.375,1.,1.,1.,       0000513P0001205
0.762217604,5.7152332E-02,0.,0.790019899,7.361412E-02,0.,        0000513P0001206
0.815542199,9.3422599E-02,0.,0.25,0.375,0.,0.,1.;                0000513P0001207
126,2,2,1,0,1,0,0.375,0.375,0.375,0.5,0.5,0.5,1.,1.,1.,          0000515P0001208
0.815542199,9.3422599E-02,0.,0.841072454,0.113237253,0.,         0000515P0001209
0.863916741,0.13608191,0.,0.375,0.5,0.,0.,1.;                    0000515P0001210
126,2,2,1,0,1,0,0.5,0.5,0.5,0.625,0.625,0.625,1.,1.,1.,          0000517P0001211
0.863916741,0.13608191,0.,0.886764869,0.158930409,0.,            0000517P0001212
0.906578695,0.184459609,0.,0.5,0.625,0.,0.,1.;                   0000517P0001213
126,2,2,1,0,1,0,0.625,0.625,0.625,0.75,0.75,0.75,1.,1.,1.,       0000519P0001214
0.906578695,0.184459609,0.,0.926385872,0.209980241,0.,           0000519P0001215
0.94284932,0.237785115,0.,0.625,0.75,0.,0.,1.;                   0000519P0001216
126,2,2,1,0,1,0,0.75,0.75,0.75,0.875,0.875,0.875,1.,1.,1.,       0000521P0001217
0.94284932,0.237785115,0.,0.959313223,0.265590758,0.,            0000521P0001218
0.972165921,0.295228686,0.,0.75,0.875,0.,0.,1.;                  0000521P0001219
126,2,2,1,0,1,0,0.875,0.875,0.875,0.99999703,0.99999703,         0000523P0001220
0.99999703,1.,1.,1.,0.972165921,0.295228686,0.,0.985022754,      0000523P0001221
0.324876151,0.,0.994070677,0.35589599,0.,0.875,0.99999703,0.,0., 0000523P0001222
1.;                                                              0000523P0001223
126,1,1,1,0,1,0,7.527284059E-08,7.527284059E-08,27.72004011,     0000525P0001224
27.72004011,1.,1.,0.994070677,0.35589599,0.,0.994070677,         0000525P0001225
0.644104299,0.,7.527284059E-08,27.72004011,0.,0.,1.;             0000525P0001226
126,2,2,1,0,1,0,3.239314891E-06,3.239314891E-06,3.239314891E-06, 0000527P0001227
0.125,0.125,0.125,1.,1.,1.,0.994070677,0.644104299,0.,           0000527P0001228
0.985021881,0.675126059,0.,0.972165405,0.704772256,0.,           0000527P0001229
3.239314891E-06,0.125,0.,0.,1.;                                  0000527P0001230
126,2,2,1,0,1,0,0.125,0.125,0.125,0.25,0.25,0.25,1.,1.,1.,       0000529P0001231
0.972165405,0.704772256,0.,0.959312555,0.73441009,0.,0.94284756, 0000529P0001232
0.7622178,0.,0.125,0.25,0.,0.,1.;                                0000529P0001233
126,2,2,1,0,1,0,0.25,0.25,0.25,0.375,0.375,0.375,1.,1.,1.,       0000531P0001234
0.94284756,0.7622178,0.,0.926385848,0.790019967,0.,0.906577295,  0000531P0001235
0.81554235,0.,0.25,0.375,0.,0.,1.;                               0000531P0001236
126,2,2,1,0,1,0,0.375,0.375,0.375,0.5,0.5,0.5,1.,1.,1.,          0000533P0001237
0.906577295,0.81554235,0.,0.886762592,0.841072657,0.,            0000533P0001238
0.863918098,0.863916732,0.,0.375,0.5,0.,0.,1.;                   0000533P0001239
126,2,2,1,0,1,0,0.5,0.5,0.5,0.625,0.625,0.625,1.,1.,1.,          0000535P0001240
0.863918098,0.863916732,0.,0.841069379,0.886765033,0.,           0000535P0001241
0.815540222,0.906578815,0.,0.5,0.625,0.,0.,1.;                   0000535P0001242
126,2,2,1,0,1,0,0.625,0.625,0.625,0.75,0.75,0.75,1.,1.,1.,       0000537P0001243
0.815540222,0.906578815,0.,0.790019718,0.926385881,0.,           0000537P0001244
0.762214755,0.94284938,0.,0.625,0.75,0.,0.,1.;                   0000537P0001245
126,2,2,1,0,1,0,0.75,0.75,0.75,0.875,0.875,0.875,1.,1.,1.,       0000539P0001246
0.762214755,0.94284938,0.,0.734409186,0.959313237,0.,            0000539P0001247
0.704771279,0.972165923,0.,0.75,0.875,0.,0.,1.;                  0000539P0001248
126,2,2,1,0,1,0,0.875,0.875,0.875,0.999996988,0.999996988,       0000541P0001249
0.999996988,1.,1.,1.,0.704771279,0.972165923,0.,0.675123815,     0000541P0001250
0.985022752,0.,0.644103978,0.994070673,0.,0.875,0.999996988,0.,  0000541P0001251
0.,1.;                                                           0000541P0001252
126,1,1,1,0,1,0,1.165541632E-07,1.165541632E-07,27.720038858,    0000543P0001253
27.720038858,1.,1.,0.644103978,0.994070673,0.,0.355895653,       0000543P0001254
0.994070673,0.,1.165541632E-07,27.720038858,0.,0.,1.;            0000543P0001255
126,2,2,1,0,1,0,3.266963458E-06,3.266963458E-06,3.266963458E-06, 0000545P0001256
0.125,0.125,0.125,1.,1.,1.,0.355895653,0.994070673,0.,           0000545P0001257
0.324874042,0.985021937,0.,0.295227733,0.972165434,0.,           0000545P0001258
3.266963458E-06,0.125,0.,0.,1.;                                  0000545P0001259
126,2,2,1,0,1,0,0.125,0.125,0.125,0.25,0.25,0.25,1.,1.,1.,       0000547P0001260
0.295227733,0.972165434,0.,0.265590026,0.959312661,0.,           0000547P0001261
0.237782176,0.942847591,0.,0.125,0.25,0.,0.,1.;                  0000547P0001262
126,2,2,1,0,1,0,0.25,0.25,0.25,0.375,0.375,0.375,1.,1.,1.,       0000549P0001263
0.237782176,0.942847591,0.,0.209980033,0.9263859,0.,0.184457668, 0000549P0001264
0.906577375,0.,0.25,0.375,0.,0.,1.;                              0000549P0001265
126,2,2,1,0,1,0,0.375,0.375,0.375,0.5,0.5,0.5,1.,1.,1.,          0000551P0001266
0.184457668,0.906577375,0.,0.158927379,0.8867627,0.,0.136083317, 0000551P0001267
0.863918241,0.,0.375,0.5,0.,0.,1.;                               0000551P0001268
126,2,2,1,0,1,0,0.5,0.5,0.5,0.625,0.625,0.625,1.,1.,1.,          0000553P0001269
0.136083317,0.863918241,0.,0.113235028,0.841069555,0.,           0000553P0001270
9.3421252E-02,0.815540435,0.,0.5,0.625,0.,0.,1.;                 0000553P0001271
126,2,2,1,0,1,0,0.625,0.625,0.625,0.75,0.75,0.75,1.,1.,1.,       0000555P0001272
9.3421252E-02,0.815540435,0.,7.3614148E-02,0.790019914,0.,       0000555P0001273
5.7150619E-02,0.762214942,0.,0.625,0.75,0.,0.,1.;                0000555P0001274
126,2,2,1,0,1,0,0.75,0.75,0.75,0.875,0.875,0.875,1.,1.,1.,       0000557P0001275
5.7150619E-02,0.762214942,0.,4.0686769E-02,0.734409427,0.,       0000557P0001276
2.7834073E-02,0.704771525,0.,0.75,0.875,0.,0.,1.;                0000557P0001277
126,2,2,1,0,1,0,0.875,0.875,0.875,1.,1.,1.,1.,1.,1.,             0000559P0001278
2.7834073E-02,0.704771525,0.,1.4976913E-02,0.67512333,0.,        0000559P0001279
5.929062E-03,0.644103422,0.,0.875,1.,0.,0.,1.;                   0000559P0001280
126,1,1,1,0,1,0,0.,0.,27.720038805,27.720038805,1.,1.,           0000561P0001281
5.929062E-03,0.644103422,0.,5.92923E-03,0.355895701,0.,0.,       0000561P0001282
27.720038805,0.,0.,1.;                                           0000561P0001283
126,2,2,1,0,1,0,2.596976186E-06,2.596976186E-06,2.596976186E-06, 0000563P0001284
0.125,0.125,0.125,1.,1.,1.,5.92923E-03,0.355895701,0.,           0000563P0001285
1.497806711E-02,0.3248738,0.,2.7834618E-02,0.295227477,0.,       0000563P0001286
2.596976186E-06,0.125,0.,0.,1.;                                  0000563P0001287
126,2,2,1,0,1,0,0.125,0.125,0.125,0.25,0.25,0.25,1.,1.,1.,       0000565P0001288
2.7834618E-02,0.295227477,0.,4.0687476E-02,0.265589669,0.,       0000565P0001289
5.7152473E-02,0.237781986,0.,0.125,0.25,0.,0.,1.;                0000565P0001290
126,2,2,1,0,1,0,0.25,0.25,0.25,0.375,0.375,0.375,1.,1.,1.,       0000567P0001291
5.7152473E-02,0.237781986,0.,7.3614189E-02,0.209979845,0.,       0000567P0001292
9.3422739E-02,0.184457486,0.,0.25,0.375,0.,0.,1.;                0000567P0001293
126,2,2,1,0,1,0,0.375,0.375,0.375,0.5,0.5,0.5,1.,1.,1.,          0000569P0001294
9.3422739E-02,0.184457486,0.,0.11323744,0.158927203,0.,          0000569P0001295
0.136081926,0.13608315,0.,0.375,0.5,0.,0.,1.;                    0000569P0001296
126,2,2,1,0,1,0,0.5,0.5,0.5,0.625,0.625,0.625,1.,1.,1.,          0000571P0001297
0.136081926,0.13608315,0.,0.158930627,0.113234883,0.,            0000571P0001298
0.184459618,9.3421232E-02,0.,0.5,0.625,0.,0.,1.;                 0000571P0001299
126,2,2,1,0,1,0,0.625,0.625,0.625,0.75,0.75,0.75,1.,1.,1.,       0000573P0001300
0.184459618,9.3421232E-02,0.,0.209980245,7.3614072E-02,0.,       0000573P0001301
0.237785111,5.7150638E-02,0.,0.625,0.75,0.,0.,1.;                0000573P0001302
126,2,2,1,0,1,0,0.75,0.75,0.75,0.875,0.875,0.875,1.,1.,1.,       0000575P0001303
0.237785111,5.7150638E-02,0.,0.265590747,4.0686748E-02,0.,       0000575P0001304
0.295228666,2.7834061E-02,0.,0.75,0.875,0.,0.,1.;                0000575P0001305
126,2,2,1,0,1,0,0.875,0.875,0.875,0.999996988,0.999996988,       0000577P0001306
0.999996988,1.,1.,1.,0.295228666,2.7834061E-02,0.,0.324876111,   0000577P0001307
1.497724177E-02,0.,0.355895929,5.929327E-03,0.,0.875,            0000577P0001308
0.999996988,0.,0.,1.;                                            0000577P0001309
126,1,1,1,0,1,0,1.165468899E-07,1.165468899E-07,27.720038762,    0000579P0001310
27.720038762,1.,1.,0.355895929,5.929327E-03,0.,0.644104253,      0000579P0001311
5.929327E-03,0.,1.165468899E-07,27.720038762,0.,0.,1.;           0000579P0001312
102,36,583,585,587,589,591,593,595,597,599,601,603,605,607,609,  0000581P0001313
611,613,615,617,619,621,623,625,627,629,631,633,635,637,639,641, 0000581P0001314
643,645,647,649,651,653;                                         0000581P0001315
126,2,2,1,0,1,0,3.266958765E-06,3.266958765E-06,3.266958765E-06, 0000583P0001316
0.125,0.125,0.125,1.,1.,1.,13.860032514,-47.520000017,0.5,       0000583P0001317
16.843712855,-46.649686159,0.5,19.69510548,-45.413142174,0.5,    0000583P0001318
3.266958765E-06,0.125,0.,0.,1.;                                  0000583P0001319
126,2,2,1,0,1,0,0.125,0.125,0.125,0.25,0.25,0.25,1.,1.,1.,       0000585P0001320
19.69510548,-45.413142174,0.5,22.545689403,-44.176948958,0.5,    0000585P0001321
25.220241064,-42.593342089,0.5,0.125,0.25,0.,0.,1.;              0000585P0001322
126,2,2,1,0,1,0,0.25,0.25,0.25,0.375,0.375,0.375,1.,1.,1.,       0000587P0001323
25.220241064,-42.593342089,0.5,27.894281429,-41.010037901,0.5,   0000587P0001324
30.349030593,-39.104847057,0.5,0.25,0.375,0.,0.,1.;              0000587P0001325
126,2,2,1,0,1,0,0.375,0.375,0.375,0.5,0.5,0.5,1.,1.,1.,          0000589P0001326
30.349030593,-39.104847057,0.5,32.804544874,-37.199062298,0.5,   0000589P0001327
35.001721242,-35.001850117,0.5,0.375,0.5,0.,0.,1.;               0000589P0001328
126,2,2,1,0,1,0,0.5,0.5,0.5,0.625,0.625,0.625,1.,1.,1.,          0000591P0001329
35.001721242,-35.001850117,0.5,37.19926704,-32.804268411,0.5,    0000591P0001330
39.104971965,-30.348855348,0.5,0.5,0.625,0.,0.,1.;               0000591P0001331
126,2,2,1,0,1,0,0.625,0.625,0.625,0.75,0.75,0.75,1.,1.,1.,       0000593P0001332
39.104971965,-30.348855348,0.5,41.010037386,-27.894266361,0.5,   0000593P0001333
42.593501071,-25.219977671,0.5,0.625,0.75,0.,0.,1.;              0000593P0001334
126,2,2,1,0,1,0,0.75,0.75,0.75,0.875,0.875,0.875,1.,1.,1.,       0000595P0001335
42.593501071,-25.219977671,0.5,44.177008519,-22.545615018,0.5,   0000595P0001336
45.413188239,-19.695022146,0.5,0.75,0.875,0.,0.,1.;              0000595P0001337
126,2,2,1,0,1,0,0.875,0.875,0.875,0.99999703,0.99999703,         0000597P0001338
0.99999703,1.,1.,1.,45.413188239,-19.695022146,0.5,46.649765713, 0000597P0001339
-16.843512047,0.5,47.519999987,-13.860006157,0.5,0.875,          0000597P0001340
0.99999703,0.,0.,1.;                                             0000597P0001341
110,47.52,-13.86000616,0.5,47.52,13.860033875,0.5;               0000599P0001342
126,2,2,1,0,1,0,3.239314891E-06,3.239314891E-06,3.239314891E-06, 0000601P0001343
0.125,0.125,0.125,1.,1.,1.,47.519999987,13.860033909,0.5,        0000601P0001344
46.649681683,16.843724575,0.5,45.41313861,19.695112737,0.5,      0000601P0001345
3.239314891E-06,0.125,0.,0.,1.;                                  0000601P0001346
126,2,2,1,0,1,0,0.125,0.125,0.125,0.25,0.25,0.25,1.,1.,1.,       0000603P0001347
45.41313861,19.695112737,0.5,44.17694427,22.545696569,0.5,       0000603P0001348
42.593331793,25.220258027,0.5,0.125,0.25,0.,0.,1.;               0000603P0001349
126,2,2,1,0,1,0,0.25,0.25,0.25,0.375,0.375,0.375,1.,1.,1.,       0000605P0001350
42.593331793,25.220258027,0.5,41.010035077,27.894286356,0.5,     0000605P0001351
39.104837312,30.349043755,0.5,0.25,0.375,0.,0.,1.;               0000605P0001352
126,2,2,1,0,1,0,0.375,0.375,0.375,0.5,0.5,0.5,1.,1.,1.,          0000607P0001353
39.104837312,30.349043755,0.5,37.199048037,32.80456329,0.5,      0000607P0001354
35.001851759,35.001719493,0.5,0.375,0.5,0.,0.,1.;                0000607P0001355
126,2,2,1,0,1,0,0.5,0.5,0.5,0.625,0.625,0.625,1.,1.,1.,          0000609P0001356
35.001851759,35.001719493,0.5,32.804249119,37.199282156,0.5,     0000609P0001357
30.348840444,39.104983045,0.5,0.5,0.625,0.,0.,1.;                0000609P0001358
126,2,2,1,0,1,0,0.625,0.625,0.625,0.75,0.75,0.75,1.,1.,1.,       0000611P0001359
30.348840444,39.104983045,0.5,27.89426402,41.010037986,0.5,      0000611P0001360
25.219967045,42.593506739,0.5,0.625,0.75,0.,0.,1.;               0000611P0001361
126,2,2,1,0,1,0,0.75,0.75,0.75,0.875,0.875,0.875,1.,1.,1.,       0000613P0001362
25.219967045,42.593506739,0.5,22.545611785,44.177009925,0.5,     0000613P0001363
19.695021225,45.413188619,0.5,0.75,0.875,0.,0.,1.;               0000613P0001364
126,2,2,1,0,1,0,0.875,0.875,0.875,0.999996988,0.999996988,       0000615P0001365
0.999996988,1.,1.,1.,19.695021225,45.413188619,0.5,16.8435115,   0000615P0001366
46.64976581,0.5,13.860006084,47.520000006,0.5,0.875,0.999996988, 0000615P0001367
0.,0.,1.;                                                        0000615P0001368
110,13.860006118,47.52,0.5,-13.860032623,47.52,0.5;              0000617P0001369
126,2,2,1,0,1,0,3.266963458E-06,3.266963458E-06,3.266963458E-06, 0000619P0001370
0.125,0.125,0.125,1.,1.,1.,-13.860032603,47.520000006,0.5,       0000619P0001371
-16.843708617,46.649687398,0.5,-19.6951073,45.413141586,0.5,     0000619P0001372
3.266963458E-06,0.125,0.,0.,1.;                                  0000619P0001373
126,2,2,1,0,1,0,0.125,0.125,0.125,0.25,0.25,0.25,1.,1.,1.,       0000621P0001374
-19.6951073,45.413141586,0.5,-22.545678624,44.176954525,0.5,     0000621P0001375
-25.220253272,42.593334672,0.5,0.125,0.25,0.,0.,1.;              0000621P0001376
126,2,2,1,0,1,0,0.25,0.25,0.25,0.375,0.375,0.375,1.,1.,1.,       0000623P0001377
-25.220253272,42.593334672,0.5,-27.894279018,41.010039813,0.5,   0000623P0001378
-30.349034434,39.104844545,0.5,0.25,0.375,0.,0.,1.;              0000623P0001379
126,2,2,1,0,1,0,0.375,0.375,0.375,0.5,0.5,0.5,1.,1.,1.,          0000625P0001380
-30.349034434,39.104844545,0.5,-32.804551985,37.199057767,0.5,   0000625P0001381
-35.001706712,35.00186463,0.5,0.375,0.5,0.,0.,1.;                0000625P0001382
126,2,2,1,0,1,0,0.5,0.5,0.5,0.625,0.625,0.625,1.,1.,1.,          0000627P0001383
-35.001706712,35.00186463,0.5,-37.199267995,32.804264937,0.5,    0000627P0001384
-39.104968111,30.348859569,0.5,0.5,0.625,0.,0.,1.;               0000627P0001385
126,2,2,1,0,1,0,0.625,0.625,0.625,0.75,0.75,0.75,1.,1.,1.,       0000629P0001386
-39.104968111,30.348859569,0.5,-41.010026511,27.894281258,0.5,   0000629P0001387
-42.593497987,25.219983142,0.5,0.625,0.75,0.,0.,1.;              0000629P0001388
126,2,2,1,0,1,0,0.75,0.75,0.75,0.875,0.875,0.875,1.,1.,1.,       0000631P0001389
-42.593497987,25.219983142,0.5,-44.177000337,22.545632801,0.5,   0000631P0001390
-45.413179865,19.695042429,0.5,0.75,0.875,0.,0.,1.;              0000631P0001391
126,2,2,1,0,1,0,0.875,0.875,0.875,1.,1.,1.,1.,1.,1.,             0000633P0001392
-45.413179865,19.695042429,0.5,-46.649788742,16.843462071,0.5,   0000633P0001393
-47.520032297,13.859894267,0.5,0.875,1.,0.,0.,1.;                0000633P0001394
110,-47.52,13.860004913,0.5,-47.52,-13.860033891,0.5;            0000635P0001395
126,2,2,1,0,1,0,2.596976186E-06,2.596976186E-06,2.596976186E-06, 0000637P0001396
0.125,0.125,0.125,1.,1.,1.,-47.519999981,-13.860033936,0.5,      0000637P0001397
-46.649677739,-16.843738114,0.5,-45.413127446,-19.695138428,0.5, 0000637P0001398
2.596976186E-06,0.125,0.,0.,1.;                                  0000637P0001399
126,2,2,1,0,1,0,0.125,0.125,0.125,0.25,0.25,0.25,1.,1.,1.,       0000639P0001400
-45.413127446,-19.695138428,0.5,-44.176932337,-22.545719759,0.5, 0000639P0001401
-42.593319668,-25.22027862,0.5,0.125,0.25,0.,0.,1.;              0000639P0001402
126,2,2,1,0,1,0,0.25,0.25,0.25,0.375,0.375,0.375,1.,1.,1.,       0000641P0001403
-42.593319668,-25.22027862,0.5,-41.010022567,-27.894304448,0.5,  0000641P0001404
-39.104825091,-30.34905954,0.5,0.25,0.375,0.,0.,1.;              0000641P0001405
126,2,2,1,0,1,0,0.375,0.375,0.375,0.5,0.5,0.5,1.,1.,1.,          0000643P0001406
-39.104825091,-30.34905954,0.5,-37.199036007,-32.804576766,0.5,  0000643P0001407
-35.001840499,-35.001730854,0.5,0.375,0.5,0.,0.,1.;              0000643P0001408
126,2,2,1,0,1,0,0.5,0.5,0.5,0.625,0.625,0.625,1.,1.,1.,          0000645P0001409
-35.001840499,-35.001730854,0.5,-32.80423959,-37.199290246,0.5,  0000645P0001410
-30.348846882,-39.104978536,0.5,0.5,0.625,0.,0.,1.;              0000645P0001411
126,2,2,1,0,1,0,0.625,0.625,0.625,0.75,0.75,0.75,1.,1.,1.,       0000647P0001412
-30.348846882,-39.104978536,0.5,-27.894258628,-41.010042517,0.5, 0000647P0001413
-25.219970982,-42.593505019,0.5,0.625,0.75,0.,0.,1.;             0000647P0001414
126,2,2,1,0,1,0,0.75,0.75,0.75,0.875,0.875,0.875,1.,1.,1.,       0000649P0001415
-25.219970982,-42.593505019,0.5,-22.545609277,-44.177011379,0.5, 0000649P0001416
-19.695017564,-45.413190168,0.5,0.75,0.875,0.,0.,1.;             0000649P0001417
126,2,2,1,0,1,0,0.875,0.875,0.875,0.999996988,0.999996988,       0000651P0001418
0.999996988,1.,1.,1.,-19.695017564,-45.413190168,0.5,            0000651P0001419
-16.843509665,-46.649766398,0.5,-13.860006077,-47.520000017,0.5, 0000651P0001420
0.875,0.999996988,0.,0.,1.;                                      0000651P0001421
110,-13.860006118,-47.52,0.5,13.860032527,-47.52,0.5;            0000653P0001422
144,657,1,0,659;                                                 0000655P0001423
128,1,1,1,1,0,0,1,0,0,0.,0.,1.,1.,0.,0.,1.,1.,1.,1.,1.,1.,       0000657P0001424
-48.090276655,-48.09028607,99.5,48.090285429,-48.09028607,99.5,  0000657P0001425
-48.090276655,48.090286081,99.5,48.090285429,48.090286081,99.5,  0000657P0001426
5.928854E-03,0.994071146,5.928854E-03,0.994071146;               0000657P0001427
142,0,657,661,751,3;                                             0000659P0001428
102,44,663,665,667,669,671,673,675,677,679,681,683,685,687,689,  0000661P0001429
691,693,695,697,699,701,703,705,707,709,711,713,715,717,719,721, 0000661P0001430
723,725,727,729,731,733,735,737,739,741,743,745,747,749;         0000661P0001431
110,0.644102632,0.994071146,0.,0.644102494,0.994070673,0.;       0000663P0001432
126,1,1,1,0,1,0,0.,0.,27.719713378,27.719713378,1.,1.,           0000665P0001433
0.644102494,0.994070673,0.,0.355897552,0.994070673,0.,0.,        0000665P0001434
27.719713378,0.,0.,1.;                                           0000665P0001435
110,0.355897552,0.994070673,0.,0.355897424,0.994071109,0.;       0000667P0001436
126,2,2,1,0,1,0,0.,0.,0.,0.125,0.125,0.125,1.,1.,1.,0.355897424, 0000669P0001437
0.994071109,0.,0.324876807,0.985023062,0.,0.295228733,           0000669P0001438
0.972165967,0.,0.,0.125,0.,0.,1.;                                0000669P0001439
126,2,2,1,0,1,0,0.125,0.125,0.125,0.25,0.25,0.25,1.,1.,1.,       0000671P0001440
0.295228733,0.972165967,0.,0.265590708,0.959313229,0.,           0000671P0001441
0.23778533,0.942849493,0.,0.125,0.25,0.,0.,1.;                   0000671P0001442
126,2,2,1,0,1,0,0.25,0.25,0.25,0.375,0.375,0.375,1.,1.,1.,       0000673P0001443
0.23778533,0.942849493,0.,0.209980332,0.926385981,0.,            0000673P0001444
0.184459784,0.906578891,0.,0.25,0.375,0.,0.,1.;                  0000673P0001445
126,2,2,1,0,1,0,0.375,0.375,0.375,0.5,0.5,0.5,1.,1.,1.,          0000675P0001446
0.184459784,0.906578891,0.,0.158930638,0.886765128,0.,           0000675P0001447
0.136081926,0.86391685,0.,0.375,0.5,0.,0.,1.;                    0000675P0001448
126,2,2,1,0,1,0,0.5,0.5,0.5,0.625,0.625,0.625,1.,1.,1.,          0000677P0001449
0.136081926,0.86391685,0.,0.11323744,0.841072797,0.,             0000677P0001450
9.3422739E-02,0.815542514,0.,0.5,0.625,0.,0.,1.;                 0000677P0001451
126,2,2,1,0,1,0,0.625,0.625,0.625,0.75,0.75,0.75,1.,1.,1.,       0000679P0001452
9.3422739E-02,0.815542514,0.,7.3614189E-02,0.790020155,0.,       0000679P0001453
5.7152474E-02,0.762218014,0.,0.625,0.75,0.,0.,1.;                0000679P0001454
126,2,2,1,0,1,0,0.75,0.75,0.75,0.875,0.875,0.875,1.,1.,1.,       0000681P0001455
5.7152474E-02,0.762218014,0.,4.0687477E-02,0.734410331,0.,       0000681P0001456
2.7834618E-02,0.704772523,0.,0.75,0.875,0.,0.,1.;                0000681P0001457
126,2,2,1,0,1,0,0.875,0.875,0.875,1.,1.,1.,1.,1.,1.,             0000683P0001458
2.7834618E-02,0.704772523,0.,1.49778E-02,0.675125584,0.,         0000683P0001459
5.928854E-03,0.64410301,0.,0.875,1.,0.,0.,1.;                    0000683P0001460
110,5.928854E-03,0.64410301,0.,5.92923E-03,0.644102901,0.;       0000685P0001461
126,1,1,1,0,1,0,0.,0.,27.719784344,27.719784344,1.,1.,           0000687P0001462
5.92923E-03,0.644102901,0.,5.92923E-03,0.35589725,0.,0.,         0000687P0001463
27.719784344,0.,0.,1.;                                           0000687P0001464
110,5.92923E-03,0.35589725,0.,5.928894E-03,0.355897153,0.;       0000689P0001465
126,2,2,1,0,1,0,0.,0.,0.,0.125,0.125,0.125,1.,1.,1.,             0000691P0001466
5.928894E-03,0.355897153,0.,1.4976913E-02,0.32487667,0.,         0000691P0001467
2.7834073E-02,0.295228475,0.,0.,0.125,0.,0.,1.;                  0000691P0001468
126,2,2,1,0,1,0,0.125,0.125,0.125,0.25,0.25,0.25,1.,1.,1.,       0000693P0001469
2.7834073E-02,0.295228475,0.,4.0686769E-02,0.265590573,0.,       0000693P0001470
5.7150619E-02,0.237785058,0.,0.125,0.25,0.,0.,1.;                0000693P0001471
126,2,2,1,0,1,0,0.25,0.25,0.25,0.375,0.375,0.375,1.,1.,1.,       0000695P0001472
5.7150619E-02,0.237785058,0.,7.3614148E-02,0.209980086,0.,       0000695P0001473
9.3421252E-02,0.184459565,0.,0.25,0.375,0.,0.,1.;                0000695P0001474
126,2,2,1,0,1,0,0.375,0.375,0.375,0.5,0.5,0.5,1.,1.,1.,          0000697P0001475
9.3421252E-02,0.184459565,0.,0.113235028,0.158930445,0.,         0000697P0001476
0.136083317,0.136081759,0.,0.375,0.5,0.,0.,1.;                   0000697P0001477
126,2,2,1,0,1,0,0.5,0.5,0.5,0.625,0.625,0.625,1.,1.,1.,          0000699P0001478
0.136083317,0.136081759,0.,0.15892739,0.113237289,0.,            0000699P0001479
0.184457834,9.3422502E-02,0.,0.5,0.625,0.,0.,1.;                 0000699P0001480
126,2,2,1,0,1,0,0.625,0.625,0.625,0.75,0.75,0.75,1.,1.,1.,       0000701P0001481
0.184457834,9.3422502E-02,0.,0.209980119,7.3614047E-02,0.,       0000701P0001482
0.237782395,5.7152278E-02,0.,0.625,0.75,0.,0.,1.;                0000701P0001483
126,2,2,1,0,1,0,0.75,0.75,0.75,0.875,0.875,0.875,1.,1.,1.,       0000703P0001484
0.237782395,5.7152278E-02,0.,0.265589986,4.0687362E-02,0.,       0000703P0001485
0.295227801,2.7834539E-02,0.,0.75,0.875,0.,0.,1.;                0000703P0001486
126,2,2,1,0,1,0,0.875,0.875,0.875,1.,1.,1.,1.,1.,1.,0.295227801, 0000705P0001487
2.7834539E-02,0.,0.324874799,1.4977732E-02,0.,0.355897276,       0000705P0001488
5.928854E-03,0.,0.875,1.,0.,0.,1.;                               0000705P0001489
110,0.355897276,5.928854E-03,0.,0.355897414,5.929327E-03,0.;     0000707P0001490
126,1,1,1,0,1,0,0.,0.,27.719713378,27.719713378,1.,1.,           0000709P0001491
0.355897414,5.929327E-03,0.,0.644102357,5.929327E-03,0.,0.,      0000709P0001492
27.719713378,0.,0.,1.;                                           0000709P0001493
110,0.644102357,5.929327E-03,0.,0.644102484,5.928891E-03,0.;     0000711P0001494
126,2,2,1,0,1,0,0.,0.,0.,0.125,0.125,0.125,1.,1.,1.,0.644102484, 0000713P0001495
5.928891E-03,0.,0.675123097,1.4976936E-02,0.,0.704771269,        0000713P0001496
2.7834072E-02,0.,0.,0.125,0.,0.,1.;                              0000713P0001497
126,2,2,1,0,1,0,0.125,0.125,0.125,0.25,0.25,0.25,1.,1.,1.,       0000715P0001498
0.704771269,2.7834072E-02,0.,0.734409201,4.0686768E-02,0.,       0000715P0001499
0.762214848,5.7150668E-02,0.,0.125,0.25,0.,0.,1.;                0000715P0001500
126,2,2,1,0,1,0,0.25,0.25,0.25,0.375,0.375,0.375,1.,1.,1.,       0000717P0001501
0.762214848,5.7150668E-02,0.,0.790019725,7.3614113E-02,0.,       0000717P0001502
0.815540361,9.3421286E-02,0.,0.25,0.375,0.,0.,1.;                0000717P0001503
126,2,2,1,0,1,0,0.375,0.375,0.375,0.5,0.5,0.5,1.,1.,1.,          0000719P0001504
0.815540361,9.3421286E-02,0.,0.841069564,0.113235109,0.,         0000719P0001505
0.863918067,0.136083234,0.,0.375,0.5,0.,0.,1.;                   0000719P0001506
126,2,2,1,0,1,0,0.5,0.5,0.5,0.625,0.625,0.625,1.,1.,1.,          0000721P0001507
0.863918067,0.136083234,0.,0.886762728,0.158927518,0.,           0000721P0001508
0.906577384,0.18445777,0.,0.5,0.625,0.,0.,1.;                    0000721P0001509
126,2,2,1,0,1,0,0.625,0.625,0.625,0.75,0.75,0.75,1.,1.,1.,       0000723P0001510
0.906577384,0.18445777,0.,0.926385866,0.209980066,0.,            0000723P0001511
0.942847657,0.237782358,0.,0.625,0.75,0.,0.,1.;                  0000723P0001512
126,2,2,1,0,1,0,0.75,0.75,0.75,0.875,0.875,0.875,1.,1.,1.,       0000725P0001513
0.942847657,0.237782358,0.,0.959312596,0.265589965,0.,           0000725P0001514
0.972165435,0.295227799,0.,0.75,0.875,0.,0.,1.;                  0000725P0001515
126,2,2,1,0,1,0,0.875,0.875,0.875,1.,1.,1.,1.,1.,1.,0.972165435, 0000727P0001516
0.295227799,0.,0.985022258,0.324874816,0.,0.994071146,           0000727P0001517
0.355897316,0.,0.875,1.,0.,0.,1.;                                0000727P0001518
110,0.994071146,0.355897316,0.,0.994070679,0.355897452,0.;       0000729P0001519
126,1,1,1,0,1,0,0.,0.,27.719717083,27.719717083,1.,1.,           0000731P0001520
0.994070679,0.355897452,0.,0.994070679,0.644102403,0.,0.,        0000731P0001521
27.719717083,0.,0.,1.;                                           0000731P0001522
110,0.994070679,0.644102403,0.,0.994071107,0.644102528,0.;       0000733P0001523
126,2,2,1,0,1,0,0.,0.,0.,0.125,0.125,0.125,1.,1.,1.,0.994071107, 0000735P0001524
0.644102528,0.,0.985023103,0.675123037,0.,0.972165952,           0000735P0001525
0.704771258,0.,0.,0.125,0.,0.,1.;                                0000735P0001526
126,2,2,1,0,1,0,0.125,0.125,0.125,0.25,0.25,0.25,1.,1.,1.,       0000737P0001527
0.972165952,0.704771258,0.,0.959313264,0.734409186,0.,           0000737P0001528
0.942849416,0.762214727,0.,0.125,0.25,0.,0.,1.;                  0000737P0001529
126,2,2,1,0,1,0,0.25,0.25,0.25,0.375,0.375,0.375,1.,1.,1.,       0000739P0001530
0.942849416,0.762214727,0.,0.92638589,0.790019726,0.,            0000739P0001531
0.906578784,0.815540271,0.,0.25,0.375,0.,0.,1.;                  0000739P0001532
126,2,2,1,0,1,0,0.375,0.375,0.375,0.5,0.5,0.5,1.,1.,1.,          0000741P0001533
0.906578784,0.815540271,0.,0.886765005,0.841069415,0.,           0000741P0001534
0.863916709,0.863918123,0.,0.375,0.5,0.,0.,1.;                   0000741P0001535
126,2,2,1,0,1,0,0.5,0.5,0.5,0.625,0.625,0.625,1.,1.,1.,          0000743P0001536
0.863916709,0.863918123,0.,0.841072639,0.886762605,0.,           0000743P0001537
0.815542339,0.906577299,0.,0.5,0.625,0.,0.,1.;                   0000743P0001538
126,2,2,1,0,1,0,0.625,0.625,0.625,0.75,0.75,0.75,1.,1.,1.,       0000745P0001539
0.815542339,0.906577299,0.,0.790019906,0.926385886,0.,           0000745P0001540
0.762217697,0.94284762,0.,0.625,0.75,0.,0.,1.;                   0000745P0001541
126,2,2,1,0,1,0,0.75,0.75,0.75,0.875,0.875,0.875,1.,1.,1.,       0000747P0001542
0.762217697,0.94284762,0.,0.734410008,0.959312598,0.,            0000747P0001543
0.704772146,0.972165445,0.,0.75,0.875,0.,0.,1.;                  0000747P0001544
126,2,2,1,0,1,0,0.875,0.875,0.875,1.,1.,1.,1.,1.,1.,0.704772146, 0000749P0001545
0.972165445,0.,0.67512513,0.985022262,0.,0.644102632,            0000749P0001546
0.994071146,0.,0.875,1.,0.,0.,1.;                                0000749P0001547
102,44,753,755,757,759,761,763,765,767,769,771,773,775,777,779,  0000751P0001548
781,783,785,787,789,791,793,795,797,799,801,803,805,807,809,811, 0000751P0001549
813,815,817,819,821,823,825,827,829,831,833,835,837,839;         0000751P0001550
126,1,1,1,0,1,0,0.,0.,4.927200017E-07,4.927200017E-07,1.,1.,     0000753P0001551
13.859876531,47.520045511,99.5,13.859863258,47.520000017,99.5,   0000753P0001552
0.,4.927200017E-07,0.,0.,1.;                                     0000753P0001553
110,13.859863276,47.52,99.5,-13.859850102,47.52,99.5;            0000755P0001554
126,1,1,1,0,1,0,0.,0.,4.544007042E-07,4.544007042E-07,1.,1.,     0000757P0001555
-13.859850059,47.520000017,99.5,-13.85986237,47.520041952,99.5,  0000757P0001556
0.,4.544007042E-07,0.,0.,1.;                                     0000757P0001557
126,2,2,1,0,1,0,0.,0.,0.,0.125,0.125,0.125,1.,1.,1.,             0000759P0001558
-13.85986237,47.520041952,99.5,-16.843442749,46.649795615,99.5,  0000759P0001559
-19.695011172,45.413192861,99.5,0.,0.125,0.,0.,1.;               0000759P0001560
126,2,2,1,0,1,0,0.125,0.125,0.125,0.25,0.25,0.25,1.,1.,1.,       0000761P0001561
-19.695011172,45.413192861,99.5,-22.545613075,44.177009167,99.5, 0000761P0001562
-25.21994996,42.593517619,99.5,0.125,0.25,0.,0.,1.;              0000761P0001563
126,2,2,1,0,1,0,0.25,0.25,0.25,0.375,0.375,0.375,1.,1.,1.,       0000763P0001564
-25.21994996,42.593517619,99.5,-27.894250296,41.010047615,99.5,  0000763P0001565
-30.348830948,39.104990366,99.5,0.25,0.375,0.,0.,1.;             0000763P0001566
126,2,2,1,0,1,0,0.375,0.375,0.375,0.5,0.5,0.5,1.,1.,1.,          0000765P0001567
-30.348830948,39.104990366,99.5,-32.80423856,37.199291304,99.5,  0000765P0001568
-35.001840523,35.001730854,99.5,0.375,0.5,0.,0.,1.;              0000765P0001569
126,2,2,1,0,1,0,0.5,0.5,0.5,0.625,0.625,0.625,1.,1.,1.,          0000767P0001570
-35.001840523,35.001730854,99.5,-37.199036027,32.804576766,99.5, 0000767P0001571
-39.104825106,30.34905954,99.5,0.5,0.625,0.,0.,1.;               0000767P0001572
126,2,2,1,0,1,0,0.625,0.625,0.625,0.75,0.75,0.75,1.,1.,1.,       0000769P0001573
-39.104825106,30.34905954,99.5,-41.010022579,27.894304448,99.5,  0000769P0001574
-42.593319581,25.22027862,99.5,0.625,0.75,0.,0.,1.;              0000769P0001575
126,2,2,1,0,1,0,0.75,0.75,0.75,0.875,0.875,0.875,1.,1.,1.,       0000771P0001576
-42.593319581,25.22027862,99.5,-44.176932247,22.545719759,99.5,  0000771P0001577
-45.41312745,19.695138428,99.5,0.75,0.875,0.,0.,1.;              0000771P0001578
126,2,2,1,0,1,0,0.875,0.875,0.875,1.,1.,1.,1.,1.,1.,             0000773P0001579
-45.41312745,19.695138428,99.5,-46.649703432,16.843678873,99.5,  0000773P0001580
-47.520036145,13.859909956,99.5,0.875,1.,0.,0.,1.;               0000773P0001581
126,1,1,1,0,1,0,0.,0.,3.914805231E-07,3.914805231E-07,1.,1.,     0000775P0001582
-47.520036145,13.859909956,99.5,-47.519999981,13.859899472,99.5, 0000775P0001583
0.,3.914805231E-07,0.,0.,1.;                                     0000775P0001584
110,-47.52,13.85989944,99.5,-47.52,-13.859884905,99.5;           0000777P0001585
126,1,1,1,0,1,0,0.,0.,3.497213176E-07,3.497213176E-07,1.,1.,     0000779P0001586
-47.519999981,-13.859884938,99.5,-47.520032297,-13.859894267,    0000779P0001587
99.5,0.,3.497213176E-07,0.,0.,1.;                                0000779P0001588
126,2,2,1,0,1,0,0.,0.,0.,0.125,0.125,0.125,1.,1.,1.,             0000781P0001589
-47.520032297,-13.859894267,99.5,-46.649788744,-16.843462071,    0000781P0001590
99.5,-45.413179869,-19.695042429,99.5,0.,0.125,0.,0.,1.;         0000781P0001591
126,2,2,1,0,1,0,0.125,0.125,0.125,0.25,0.25,0.25,1.,1.,1.,       0000783P0001592
-45.413179869,-19.695042429,99.5,-44.177000343,-22.545632801,    0000783P0001593
99.5,-42.593497996,-25.219983142,99.5,0.125,0.25,0.,0.,1.;       0000783P0001594
126,2,2,1,0,1,0,0.25,0.25,0.25,0.375,0.375,0.375,1.,1.,1.,       0000785P0001595
-42.593497996,-25.219983142,99.5,-41.010026523,-27.894281258,    0000785P0001596
99.5,-39.104968127,-30.348859569,99.5,0.25,0.375,0.,0.,1.;       0000785P0001597
126,2,2,1,0,1,0,0.375,0.375,0.375,0.5,0.5,0.5,1.,1.,1.,          0000787P0001598
-39.104968127,-30.348859569,99.5,-37.199268014,-32.804264937,    0000787P0001599
99.5,-35.001706735,-35.00186463,99.5,0.375,0.5,0.,0.,1.;         0000787P0001600
126,2,2,1,0,1,0,0.5,0.5,0.5,0.625,0.625,0.625,1.,1.,1.,          0000789P0001601
-35.001706735,-35.00186463,99.5,-32.804550954,-37.199058825,     0000789P0001602
99.5,-30.3490185,-39.104856376,99.5,0.5,0.625,0.,0.,1.;          0000789P0001603
126,2,2,1,0,1,0,0.625,0.625,0.625,0.75,0.75,0.75,1.,1.,1.,       0000791P0001604
-30.3490185,-39.104856376,99.5,-27.894270783,-41.010044911,99.5, 0000791P0001605
-25.22023225,-42.593347272,99.5,0.625,0.75,0.,0.,1.;             0000791P0001606
126,2,2,1,0,1,0,0.75,0.75,0.75,0.875,0.875,0.875,1.,1.,1.,       0000793P0001607
-25.22023225,-42.593347272,99.5,-22.545682517,-44.176952313,     0000793P0001608
99.5,-19.695100812,-45.413144183,99.5,0.75,0.875,0.,0.,1.;       0000793P0001609
126,2,2,1,0,1,0,0.875,0.875,0.875,1.,1.,1.,1.,1.,1.,             0000795P0001610
-19.695100812,-45.413144183,99.5,-16.84363588,-46.649719236,     0000795P0001611
99.5,-13.859876605,-47.5200455,99.5,0.875,1.,0.,0.,1.;           0000795P0001612
126,1,1,1,0,1,0,0.,0.,4.927200016E-07,4.927200016E-07,1.,1.,     0000797P0001613
-13.859876605,-47.5200455,99.5,-13.859863332,-47.520000006,99.5, 0000797P0001614
0.,4.927200016E-07,0.,0.,1.;                                     0000797P0001615
110,-13.859863317,-47.52,99.5,13.859850062,-47.52,99.5;          0000799P0001616
126,1,1,1,0,1,0,0.,0.,4.541200282E-07,4.541200282E-07,1.,1.,     0000801P0001617
13.859850081,-47.520000006,99.5,13.859862296,-47.520041941,99.5, 0000801P0001618
0.,4.541200282E-07,0.,0.,1.;                                     0000801P0001619
126,2,2,1,0,1,0,0.,0.,0.,0.125,0.125,0.125,1.,1.,1.,             0000803P0001620
13.859862296,-47.520041941,99.5,16.843442291,-46.649795796,99.5, 0000803P0001621
19.695020138,-45.413189099,99.5,0.,0.125,0.,0.,1.;               0000803P0001622
126,2,2,1,0,1,0,0.125,0.125,0.125,0.25,0.25,0.25,1.,1.,1.,       0000805P0001623
19.695020138,-45.413189099,99.5,22.545613097,-44.177009444,99.5, 0000805P0001624
25.219975855,-42.593502123,99.5,0.125,0.25,0.,0.,1.;             0000805P0001625
126,2,2,1,0,1,0,0.25,0.25,0.25,0.375,0.375,0.375,1.,1.,1.,       0000807P0001626
25.219975855,-42.593502123,99.5,27.894264553,-41.010038563,99.5, 0000807P0001627
30.348853668,-39.104973331,99.5,0.25,0.375,0.,0.,1.;             0000807P0001628
126,2,2,1,0,1,0,0.375,0.375,0.375,0.5,0.5,0.5,1.,1.,1.,          0000809P0001629
30.348853668,-39.104973331,99.5,32.804266762,-37.199268499,99.5, 0000809P0001630
35.001848624,-35.001722763,99.5,0.375,0.5,0.,0.,1.;              0000809P0001631
126,2,2,1,0,1,0,0.5,0.5,0.5,0.625,0.625,0.625,1.,1.,1.,          0000811P0001632
35.001848624,-35.001722763,99.5,37.199060959,-32.804546458,99.5, 0000811P0001633
39.104845711,-30.349032214,99.5,0.5,0.625,0.,0.,1.;              0000811P0001634
126,2,2,1,0,1,0,0.625,0.625,0.625,0.75,0.75,0.75,1.,1.,1.,       0000813P0001635
39.104845711,-30.349032214,99.5,41.010036644,-27.894283182,99.5, 0000813P0001636
42.593340955,-25.22024283,99.5,0.625,0.75,0.,0.,1.;              0000813P0001637
126,2,2,1,0,1,0,0.75,0.75,0.75,0.875,0.875,0.875,1.,1.,1.,       0000815P0001638
42.593340955,-25.22024283,99.5,44.176948043,-22.545691279,99.5,  0000815P0001639
45.413141322,-19.695107447,99.5,0.75,0.875,0.,0.,1.;             0000815P0001640
126,2,2,1,0,1,0,0.875,0.875,0.875,1.,1.,1.,1.,1.,1.,             0000817P0001641
45.413141322,-19.695107447,99.5,46.649717785,-16.84364039,99.5,  0000817P0001642
47.520044919,-13.85987859,99.5,0.875,1.,0.,0.,1.;                0000817P0001643
126,1,1,1,0,1,0,0.,0.,4.864000411E-07,4.864000411E-07,1.,1.,     0000819P0001644
47.520044919,-13.85987859,99.5,47.520000003,-13.859865509,99.5,  0000819P0001645
0.,4.864000411E-07,0.,0.,1.;                                     0000819P0001646
110,47.52,-13.859865479,99.5,47.52,13.859851604,99.5;            0000821P0001647
126,1,1,1,0,1,0,0.,0.,4.458800287E-07,4.458800287E-07,1.,1.,     0000823P0001648
47.520000003,13.859851574,99.5,47.520041168,13.859863597,99.5,   0000823P0001649
0.,4.458800287E-07,0.,0.,1.;                                     0000823P0001650
126,2,2,1,0,1,0,0.,0.,0.,0.125,0.125,0.125,1.,1.,1.,             0000825P0001651
47.520041168,13.859863597,99.5,46.649799057,16.843433901,99.5,   0000825P0001652
45.413191047,19.69501676,99.5,0.,0.125,0.,0.,1.;                 0000825P0001653
126,2,2,1,0,1,0,0.125,0.125,0.125,0.25,0.25,0.25,1.,1.,1.,       0000827P0001654
45.413191047,19.69501676,99.5,44.177012291,22.545609632,99.5,    0000827P0001655
42.593510137,25.219962475,99.5,0.125,0.25,0.,0.,1.;              0000827P0001656
126,2,2,1,0,1,0,0.25,0.25,0.25,0.375,0.375,0.375,1.,1.,1.,       0000829P0001657
42.593510137,25.219962475,99.5,41.010038952,27.894263187,99.5,   0000829P0001658
39.104980364,30.348843807,99.5,0.25,0.375,0.,0.,1.;              0000829P0001659
126,2,2,1,0,1,0,0.375,0.375,0.375,0.5,0.5,0.5,1.,1.,1.,          0000831P0001660
39.104980364,30.348843807,99.5,37.199279962,32.804251483,99.5,   0000831P0001661
35.001718011,35.001853291,99.5,0.375,0.5,0.,0.,1.;               0000831P0001662
126,2,2,1,0,1,0,0.5,0.5,0.5,0.625,0.625,0.625,1.,1.,1.,          0000833P0001663
35.001718011,35.001853291,99.5,32.804562518,37.199048641,99.5,   0000833P0001664
30.349043913,39.104837247,99.5,0.5,0.625,0.,0.,1.;               0000833P0001665
126,2,2,1,0,1,0,0.625,0.625,0.625,0.75,0.75,0.75,1.,1.,1.,       0000835P0001666
30.349043913,39.104837247,99.5,27.894281962,41.010038478,99.5,   0000835P0001667
25.220249873,42.593337472,99.5,0.625,0.75,0.,0.,1.;              0000835P0001668
126,2,2,1,0,1,0,0.75,0.75,0.75,0.875,0.875,0.875,1.,1.,1.,       0000837P0001669
25.220249873,42.593337472,99.5,22.545690715,44.176948477,99.5,   0000837P0001670
19.695104489,45.413142655,99.5,0.75,0.875,0.,0.,1.;              0000837P0001671
126,2,2,1,0,1,0,0.875,0.875,0.875,1.,1.,1.,1.,1.,1.,             0000839P0001672
19.695104489,45.413142655,99.5,16.843637826,46.64971867,99.5,    0000839P0001673
13.859876531,47.520045511,99.5,0.875,1.,0.,0.,1.;                0000839P0001674
144,843,1,0,845;                                                 0000841P0001675
128,8,4,3,3,0,0,1,0,0,4.420850374E-02,4.420850374E-02,           0000843P0001676
4.420850374E-02,4.420850374E-02,6.25E-02,9.375E-02,0.125,        0000843P0001677
0.15625,0.1875,0.2057917,0.2057917,0.2057917,0.2057917,0.,0.,0., 0000843P0001678
0.,0.5,1.,1.,1.,1.,1.,1.,1.,1.,1.,1.,1.,1.,1.,1.,1.,1.,1.,1.,1., 0000843P0001679
1.,1.,1.,1.,1.,1.,1.,1.,1.,1.,1.,1.,1.,1.,1.,1.,1.,1.,1.,1.,1.,  0000843P0001680
1.,1.,1.,1.,1.,1.,1.,1.,1.,-47.602572742,13.573476806,99.5,      0000843P0001681
-47.082520169,15.397116874,99.5,-45.390545789,20.255550956,99.5, 0000843P0001682
-41.423151012,27.678062943,99.5,-35.227472672,35.227495936,99.5, 0000843P0001683
-27.678062697,41.423141682,99.5,-20.255492888,45.390587008,99.5, 0000843P0001684
-15.397060961,47.082522067,99.5,-13.573406879,47.602571223,99.5, 0000843P0001685
-53.949585105,15.383272851,83.,-53.360189797,17.450060383,83.,   0000843P0001686
-51.442611334,22.956271464,83.,-46.946249802,31.368466156,83.,   0000843P0001687
-39.92447227,39.924487665,83.,-31.368478007,46.946224748,83.,    0000843P0001688
-22.956229015,51.442663166,83.,-17.450005432,53.360190493,83.,   0000843P0001689
-15.383197217,53.949579843,83.,-60.296597468,17.193069678,50.,   0000843P0001690
-59.637859425,19.503004619,50.,-57.494676879,25.656991382,50.,   0000843P0001691
-52.469348591,35.05886956,50.,-44.62147187,44.621479341,50.,     0000843P0001692
-35.058893316,52.469307827,50.,-25.656965142,57.494739323,50.,   0000843P0001693
-19.502949902,59.637858917,50.,-17.192987553,60.296588461,50.,   0000843P0001694
-53.949585105,15.383272851,17.,-53.360189797,17.450060383,17.,   0000843P0001695
-51.442611334,22.956271464,17.,-46.946249802,31.368466156,17.,   0000843P0001696
-39.92447227,39.924487665,17.,-31.368478007,46.946224748,17.,    0000843P0001697
-22.956229015,51.442663166,17.,-17.450005432,53.360190493,17.,   0000843P0001698
-15.383197217,53.949579843,17.,-47.602572742,13.573476806,0.5,   0000843P0001699
-47.082520169,15.397116874,0.5,-45.390545789,20.255550956,0.5,   0000843P0001700
-41.423151012,27.678062943,0.5,-35.227472672,35.227495936,0.5,   0000843P0001701
-27.678062697,41.423141682,0.5,-20.255492888,45.390587008,0.5,   0000843P0001702
-15.397060961,47.082522067,0.5,-13.573406879,47.602571223,0.5,   0000843P0001703
4.5166507E-02,0.204833697,0.,1.;                                 0000843P0001704
142,0,843,847,925,3;                                             0000845P0001705
102,38,849,851,853,855,857,859,861,863,865,867,869,871,873,875,  0000847P0001706
877,879,881,883,885,887,889,891,893,895,897,899,901,903,905,907, 0000847P0001707
909,911,913,915,917,919,921,923;                                 0000847P0001708
126,2,2,1,0,1,0,0.,0.,0.,3.125E-02,3.125E-02,3.125E-02,1.,1.,1., 0000849P0001709
4.5166507E-02,1.,0.,4.9521935E-02,0.990022207,0.,5.3597255E-02,  0000849P0001710
0.978104147,0.,0.,3.125E-02,-0.,-0.,1.;                          0000849P0001711
126,2,2,1,0,1,0,3.125E-02,3.125E-02,3.125E-02,6.25E-02,6.25E-02, 0000851P0001712
6.25E-02,1.,1.,1.,5.3597255E-02,0.978104147,0.,5.7469224E-02,    0000851P0001713
0.966780779,0.,6.1068246E-02,0.953763514,0.,3.125E-02,6.25E-02,  0000851P0001714
-0.,-0.,1.;                                                      0000851P0001715
126,2,2,1,0,1,0,6.25E-02,6.25E-02,6.25E-02,0.125,0.125,0.125,1., 0000853P0001716
1.,1.,6.1068246E-02,0.953763514,0.,6.7827087E-02,0.929317537,0., 0000853P0001717
7.357529E-02,0.899084006,0.,6.25E-02,0.125,-0.,-0.,1.;           0000853P0001718
126,2,2,1,0,1,0,0.125,0.125,0.125,0.1875,0.1875,0.1875,1.,1.,1., 0000855P0001719
7.357529E-02,0.899084006,0.,7.8836126E-02,0.871413859,0.,        0000855P0001720
8.3200364E-02,0.839153507,0.,0.125,0.1875,-0.,-0.,1.;            0000855P0001721
126,2,2,1,0,1,0,0.1875,0.1875,0.1875,0.25,0.25,0.25,1.,1.,1.,    0000857P0001722
8.3200364E-02,0.839153507,0.,8.7283018E-02,0.808974614,0.,       0000857P0001723
9.0544056E-02,0.775054707,0.,0.1875,0.25,-0.,-0.,1.;             0000857P0001724
126,2,2,1,0,1,0,0.25,0.25,0.25,0.3125,0.3125,0.3125,1.,1.,1.,    0000859P0001725
9.0544056E-02,0.775054707,0.,9.3608484E-02,0.743179854,0.,       0000859P0001726
9.5911879E-02,0.708377138,0.,0.25,0.3125,-0.,-0.,1.;             0000859P0001727
126,2,2,1,0,1,0,0.3125,0.3125,0.3125,0.375,0.375,0.375,1.,1.,1., 0000861P0001728
9.5911879E-02,0.708377138,0.,9.8099199E-02,0.675328224,0.,       0000861P0001729
9.9566063E-02,0.640167195,0.,0.3125,0.375,-0.,-0.,1.;            0000861P0001730
126,2,2,1,0,1,0,0.375,0.375,0.375,0.4375,0.4375,0.4375,1.,1.,1., 0000863P0001731
9.9566063E-02,0.640167195,0.,0.100992468,0.605975947,0.,         0000863P0001732
0.101709215,0.570481392,0.,0.375,0.4375,-0.,-0.,1.;              0000863P0001733
126,2,2,1,0,1,0,0.4375,0.4375,0.4375,0.5,0.5,0.5,1.,1.,1.,       0000865P0001734
0.101709215,0.570481392,0.,0.102420128,0.535275702,0.,           0000865P0001735
0.102416348,0.499625179,0.,0.4375,0.5,-0.,-0.,1.;                0000865P0001736
126,2,2,1,0,1,0,0.5,0.5,0.5,0.5625,0.5625,0.5625,1.,1.,1.,       0000867P0001737
0.102416348,0.499625179,0.,0.102412589,0.464183951,0.,           0000867P0001738
0.101702544,0.42918906,0.,0.5,0.5625,-0.,-0.,1.;                 0000867P0001739
126,2,2,1,0,1,0,0.5625,0.5625,0.5625,0.625,0.625,0.625,1.,1.,1., 0000869P0001740
0.101702544,0.42918906,0.,0.100981195,0.393637047,0.,            0000869P0001741
9.9547857E-02,0.359397171,0.,0.5625,0.625,-0.,-0.,1.;            0000869P0001742
126,2,2,1,0,1,0,0.625,0.625,0.625,0.6875,0.6875,0.6875,1.,1.,1., 0000871P0001743
9.9547857E-02,0.359397171,0.,9.8059496E-02,0.323842883,0.,       0000871P0001744
9.5834452E-02,0.290457072,0.,0.625,0.6875,-0.,-0.,1.;            0000871P0001745
126,2,2,1,0,1,0,0.6875,0.6875,0.6875,0.75,0.75,0.75,1.,1.,1.,    0000873P0001746
9.5834452E-02,0.290457072,0.,9.3521057E-02,0.255745584,0.,       0000873P0001747
9.0449238E-02,0.223961629,0.,0.6875,0.75,-0.,-0.,1.;             0000873P0001748
126,2,2,1,0,1,0,0.75,0.75,0.75,0.8125,0.8125,0.8125,1.,1.,1.,    0000875P0001749
9.0449238E-02,0.223961629,0.,8.7197809E-02,0.190319257,0.,       0000875P0001750
8.3136093E-02,0.160372012,0.,0.75,0.8125,-0.,-0.,1.;             0000875P0001751
126,2,2,1,0,1,0,0.8125,0.8125,0.8125,0.875,0.875,0.875,1.,1.,1., 0000877P0001752
8.3136093E-02,0.160372012,0.,7.8741181E-02,0.127968087,0.,       0000877P0001753
7.3440275E-02,0.10020739,0.,0.8125,0.875,-0.,-0.,1.;             0000877P0001754
126,2,2,1,0,1,0,0.875,0.875,0.875,0.9375,0.9375,0.9375,1.,1.,1., 0000879P0001755
7.3440275E-02,0.10020739,0.,6.7730761E-02,7.0306825E-02,0.,      0000879P0001756
6.1028876E-02,4.6094169E-02,0.,0.875,0.9375,-0.,-0.,1.;          0000879P0001757
126,2,2,1,0,1,0,0.9375,0.9375,0.9375,0.96875,0.96875,0.96875,1., 0000881P0001758
1.,1.,6.1028876E-02,4.6094169E-02,0.,5.74488E-02,3.3160025E-02,  0000881P0001759
0.,5.3598913E-02,2.1900702E-02,0.,0.9375,0.96875,-0.,-0.,1.;     0000881P0001760
126,2,2,1,0,1,0,0.96875,0.96875,0.96875,1.,1.,1.,1.,1.,1.,       0000883P0001761
5.3598913E-02,2.1900702E-02,0.,4.9522822E-02,9.979827E-03,0.,    0000883P0001762
4.5166507E-02,0.,0.,0.96875,1.,-0.,-0.,1.;                       0000883P0001763
126,1,1,1,0,1,0,0.,0.,1.003212966,1.003212966,1.,1.,             0000885P0001764
4.5166922E-02,0.,0.,0.204833215,0.,0.,0.,1.003212966,0.,0.,1.;   0000885P0001765
126,2,2,1,0,1,0,0.,0.,0.,3.125E-02,3.125E-02,3.125E-02,1.,1.,1., 0000887P0001766
0.204833697,0.,0.,0.20047818,9.977812E-03,0.,0.196402849,        0000887P0001767
2.1895652E-02,0.,0.,3.125E-02,-0.,-0.,1.;                        0000887P0001768
126,2,2,1,0,1,0,3.125E-02,3.125E-02,3.125E-02,6.25E-02,6.25E-02, 0000889P0001769
6.25E-02,1.,1.,1.,0.196402849,2.1895652E-02,0.,0.192530811,      0000889P0001770
3.3218986E-02,0.,0.188931781,4.6236104E-02,0.,3.125E-02,         0000889P0001771
6.25E-02,-0.,-0.,1.;                                             0000889P0001772
126,2,2,1,0,1,0,6.25E-02,6.25E-02,6.25E-02,0.125,0.125,0.125,1., 0000891P0001773
1.,1.,0.188931781,4.6236104E-02,0.,0.182172935,7.0681776E-02,0., 0000891P0001774
0.176424698,0.10091554,0.,6.25E-02,0.125,-0.,-0.,1.;             0000891P0001775
126,2,2,1,0,1,0,0.125,0.125,0.125,0.1875,0.1875,0.1875,1.,1.,1., 0000893P0001776
0.176424698,0.10091554,0.,0.171163889,0.128585604,0.,            0000893P0001777
0.166799653,0.160846126,0.,0.125,0.1875,-0.,-0.,1.;              0000893P0001778
126,2,2,1,0,1,0,0.1875,0.1875,0.1875,0.25,0.25,0.25,1.,1.,1.,    0000895P0001779
0.166799653,0.160846126,0.,0.162717023,0.19102501,0.,            0000895P0001780
0.159455993,0.224944984,0.,0.1875,0.25,-0.,-0.,1.;               0000895P0001781
126,2,2,1,0,1,0,0.25,0.25,0.25,0.3125,0.3125,0.3125,1.,1.,1.,    0000897P0001782
0.159455993,0.224944984,0.,0.156391571,0.25681991,0.,            0000897P0001783
0.154088179,0.291622659,0.,0.25,0.3125,-0.,-0.,1.;               0000897P0001784
126,2,2,1,0,1,0,0.3125,0.3125,0.3125,0.375,0.375,0.375,1.,1.,1., 0000899P0001785
0.154088179,0.291622659,0.,0.151900858,0.324671637,0.,           0000899P0001786
0.150433995,0.359832677,0.,0.3125,0.375,-0.,-0.,1.;              0000899P0001787
126,2,2,1,0,1,0,0.375,0.375,0.375,0.4375,0.4375,0.4375,1.,1.,1., 0000901P0001788
0.150433995,0.359832677,0.,0.149007589,0.394023961,0.,           0000901P0001789
0.148290842,0.429518526,0.,0.375,0.4375,-0.,-0.,1.;              0000901P0001790
126,2,2,1,0,1,0,0.4375,0.4375,0.4375,0.5,0.5,0.5,1.,1.,1.,       0000903P0001791
0.148290842,0.429518526,0.,0.147579927,0.464724254,0.,           0000903P0001792
0.147583707,0.500374809,0.,0.4375,0.5,-0.,-0.,1.;                0000903P0001793
126,2,2,1,0,1,0,0.5,0.5,0.5,0.5625,0.5625,0.5625,1.,1.,1.,       0000905P0001794
0.147583707,0.500374809,0.,0.147587466,0.535816076,0.,           0000905P0001795
0.148297512,0.570811011,0.,0.5,0.5625,-0.,-0.,1.;                0000905P0001796
126,2,2,1,0,1,0,0.5625,0.5625,0.5625,0.625,0.625,0.625,1.,1.,1., 0000907P0001797
0.148297512,0.570811011,0.,0.149018862,0.606363041,0.,0.1504522, 0000907P0001798
0.640602958,0.,0.5625,0.625,-0.,-0.,1.;                          0000907P0001799
126,2,2,1,0,1,0,0.625,0.625,0.625,0.6875,0.6875,0.6875,1.,1.,1., 0000909P0001800
0.1504522,0.640602958,0.,0.151940561,0.67615725,0.,0.154165604,  0000909P0001801
0.709543121,0.,0.625,0.6875,-0.,-0.,1.;                          0000909P0001802
126,2,2,1,0,1,0,0.6875,0.6875,0.6875,0.75,0.75,0.75,1.,1.,1.,    0000911P0001803
0.154165604,0.709543121,0.,0.156478997,0.744254634,0.,           0000911P0001804
0.159550808,0.776038654,0.,0.6875,0.75,-0.,-0.,1.;               0000911P0001805
126,2,2,1,0,1,0,0.75,0.75,0.75,0.8125,0.8125,0.8125,1.,1.,1.,    0000913P0001806
0.159550808,0.776038654,0.,0.16280223,0.809681101,0.,            0000913P0001807
0.166863922,0.839628346,0.,0.75,0.8125,-0.,-0.,1.;               0000913P0001808
126,2,2,1,0,1,0,0.8125,0.8125,0.8125,0.875,0.875,0.875,1.,1.,1., 0000915P0001809
0.166863922,0.839628346,0.,0.171258831,0.87203243,0.,            0000915P0001810
0.176559708,0.899793032,0.,0.8125,0.875,-0.,-0.,1.;              0000915P0001811
126,2,2,1,0,1,0,0.875,0.875,0.875,0.9375,0.9375,0.9375,1.,1.,1., 0000917P0001812
0.176559708,0.899793032,0.,0.182269254,0.92969383,0.,            0000917P0001813
0.188971145,0.953906189,0.,0.875,0.9375,-0.,-0.,1.;              0000917P0001814
126,2,2,1,0,1,0,0.9375,0.9375,0.9375,0.96875,0.96875,0.96875,1., 0000919P0001815
1.,1.,0.188971145,0.953906189,0.,0.192551231,0.966840197,0.,     0000919P0001816
0.19640119,0.978099495,0.,0.9375,0.96875,-0.,-0.,1.;             0000919P0001817
126,2,2,1,0,1,0,0.96875,0.96875,0.96875,1.,1.,1.,1.,1.,1.,       0000921P0001818
0.19640119,0.978099495,0.,0.200477292,0.990020153,0.,            0000921P0001819
0.204833697,1.,0.,0.96875,1.,-0.,-0.,1.;                         0000921P0001820
126,1,1,1,0,1,0,1.854586143,1.854586143,2.857799613,2.857799613, 0000923P0001821
1.,1.,0.204833174,1.,0.,4.5166877E-02,1.,0.,1.854586143,         0000923P0001822
2.857799613,0.,0.,1.;                                            0000923P0001823
102,38,927,929,931,933,935,937,939,941,943,945,947,949,951,953,  0000925P0001824
955,957,959,961,963,967,969,971,973,975,977,979,981,983,985,987, 0000925P0001825
989,991,993,995,997,999,1001,1003;                               0000925P0001826
126,4,4,0,0,1,0,0.,0.,0.,0.,0.,3.125E-02,3.125E-02,3.125E-02,    0000927P0001827
3.125E-02,3.125E-02,1.,1.,1.,1.,1.,-47.519999998,13.859764904,   0000927P0001828
0.5,-47.51999998,14.565299366,0.993900754,-47.519973229,         0000927P0001829
15.263210425,1.519815913,-47.519999975,15.953679302,2.077745477, 0000927P0001830
-47.519999998,16.636652437,2.667689447,0.,3.125E-02,0.999999984, 0000927P0001831
-1.105052111E-04,1.415530234E-04;                                0000927P0001832
126,4,4,0,0,1,0,3.125E-02,3.125E-02,3.125E-02,3.125E-02,         0000929P0001833
3.125E-02,6.25E-02,6.25E-02,6.25E-02,6.25E-02,6.25E-02,1.,1.,1., 0000929P0001834
1.,1.,-47.519999998,16.636652437,2.667689447,-47.519999973,      0000929P0001835
17.285546448,3.228196163,-47.51998418,17.926553822,3.81665218,   0000929P0001836
-47.519999969,18.559611358,4.433057497,-47.519999995,            0000929P0001837
19.184470862,5.077412114,3.125E-02,6.25E-02,0.999999992,         0000929P0001838
-8.449813961E-05,8.934908014E-05;                                0000929P0001839
126,4,4,0,0,1,0,6.25E-02,6.25E-02,6.25E-02,6.25E-02,6.25E-02,    0000931P0001840
0.125,0.125,0.125,0.125,0.125,1.,1.,1.,1.,1.,-47.519999995,      0000931P0001841
19.184470862,5.077412114,-47.519999972,20.357935747,6.287487976, 0000931P0001842
-47.519851971,21.499670518,7.593058478,-47.520000006,            0000931P0001843
22.608038956,8.994123622,-47.520000075,23.679261432,             0000931P0001844
10.490683406,6.25E-02,0.125,0.999999942,-2.614248055E-04,        0000931P0001845
2.173437288E-04;                                                 0000931P0001846
126,4,4,0,0,1,0,0.125,0.125,0.125,0.125,0.125,0.1875,0.1875,     0000933P0001847
0.1875,0.1875,0.1875,1.,1.,1.,1.,1.,-47.520000075,23.679261432,  0000933P0001848
10.490683406,-47.520000074,24.659659233,11.860355683,            0000933P0001849
-47.519903357,25.605850232,13.305766342,-47.520000042,           0000933P0001850
26.514931843,14.826915383,-47.520000008,27.382802895,            0000933P0001851
16.423802807,0.125,0.1875,0.999999964,-2.280106825E-04,          0000933P0001852
1.425857983E-04;                                                 0000933P0001853
126,4,4,0,0,1,0,0.1875,0.1875,0.1875,0.1875,0.1875,0.25,0.25,    0000935P0001854
0.25,0.25,0.25,1.,1.,1.,1.,1.,-47.520000008,27.382802895,        0000935P0001855
16.423802807,-47.520000019,28.194678264,17.917658011,            0000935P0001856
-47.519901079,28.968037501,19.473239945,-47.520000021,           0000935P0001857
29.69960652,21.090548611,-47.520000013,30.385485027,             0000935P0001858
22.769584007,0.1875,0.25,0.999999953,-2.777885348E-04,           0000935P0001859
1.317581754E-04;                                                 0000935P0001860
126,4,4,0,0,1,0,0.25,0.25,0.25,0.25,0.25,0.3125,0.3125,0.3125,   0000937P0001861
0.3125,0.3125,1.,1.,1.,1.,1.,-47.520000013,30.385485027,         0000937P0001862
22.769584007,-47.519999989,31.030011483,24.347389231,            0000937P0001863
-47.519886811,31.631693965,25.973504194,-47.519999938,           0000937P0001864
32.187484487,27.647928896,-47.519999909,32.694122488,            0000937P0001865
29.370663338,0.25,0.3125,0.999999927,-3.599483115E-04,           0000937P0001866
1.262153547E-04;                                                 0000937P0001867
126,4,4,0,0,1,0,0.3125,0.3125,0.3125,0.3125,0.3125,0.375,0.375,  0000939P0001868
0.375,0.375,0.375,1.,1.,1.,1.,1.,-47.519999909,32.694122488,     0000939P0001869
29.370663338,-47.519999961,33.175229531,31.006584581,            0000939P0001870
-47.519864152,33.609490711,32.677355722,-47.519999968,           0000939P0001871
33.994454197,34.38297676,-47.51999992,34.327714134,36.123447695, 0000939P0001872
0.3125,0.375,0.999999883,-4.700342584E-04,1.140479876E-04;       0000939P0001873
126,4,4,0,0,1,0,0.375,0.375,0.375,0.375,0.375,0.4375,0.4375,     0000941P0001874
0.4375,0.4375,0.4375,1.,1.,1.,1.,1.,-47.51999992,34.327714134,   0000941P0001875
36.123447695,-47.520000006,34.6517822,37.815914471,              0000941P0001876
-47.519846492,34.924796757,39.529885813,-47.520000046,           0000941P0001877
35.145071379,41.26536172,-47.519999992,35.311156404,             0000941P0001878
43.022342192,0.375,0.4375,0.999999846,-5.50154496E-04,           0000941P0001879
7.868608959E-05;                                                 0000941P0001880
126,4,4,0,0,1,0,0.4375,0.4375,0.4375,0.4375,0.4375,0.5,0.5,0.5,  0000943P0001881
0.5,0.5,1.,1.,1.,1.,1.,-47.519999992,35.311156404,43.022342192,  0000943P0001882
-47.52000004,35.475889647,44.765023847,-47.51983229,             0000943P0001883
35.586025176,46.515045247,-47.520000026,35.640840678,            0000943P0001884
48.272406391,-47.519999964,35.639958897,50.037107279,0.4375,0.5, 0000943P0001885
0.999999818,-6.032297832E-04,2.836571704E-05;                    0000943P0001886
126,4,4,0,0,1,0,0.5,0.5,0.5,0.5,0.5,0.5625,0.5625,0.5625,0.5625, 0000945P0001887
0.5625,1.,1.,1.,1.,1.,-47.519999964,35.639958897,50.037107279,   0000945P0001888
-47.520000037,35.639082115,51.791448065,-47.519836287,           0000945P0001889
35.583164726,53.53842429,-47.5200001,35.472586788,55.278035955,  0000945P0001890
-47.52000009,35.308064956,57.01028306,0.5,0.5625,-0.999999822,   0000945P0001891
5.960891927E-04,2.844714891E-05;                                 0000945P0001892
126,4,4,0,0,1,0,0.5625,0.5625,0.5625,0.5625,0.5625,0.625,0.625,  0000947P0001893
0.625,0.625,0.625,1.,1.,1.,1.,1.,-47.52000009,35.308064956,      0000947P0001894
57.01028306,-47.520000081,35.140923919,58.770107703,             0000947P0001895
-47.51984561,34.919425448,60.508282086,-47.520000087,            0000947P0001896
34.645031728,62.224806209,-47.520000101,34.319442428,            0000947P0001897
63.919680071,0.5625,0.625,-0.999999844,5.5254404E-04,            0000947P0001898
7.931113916E-05;                                                 0000947P0001899
126,4,4,0,0,1,0,0.625,0.625,0.625,0.625,0.625,0.6875,0.6875,     0000949P0001900
0.6875,0.6875,0.6875,1.,1.,1.,1.,1.,-47.520000101,34.319442428,  0000949P0001901
63.919680071,-47.520000064,33.981354364,65.679617327,            0000949P0001902
-47.519858363,33.590424824,67.403774712,-47.520000053,           0000949P0001903
33.149150555,69.092152227,-47.520000075,32.660073437,            0000949P0001904
70.744749872,0.625,0.6875,-0.999999878,4.802879833E-04,          0000949P0001905
1.171297746E-04;                                                 0000949P0001906
126,4,4,0,0,1,0,0.6875,0.6875,0.6875,0.6875,0.6875,0.75,0.75,    0000951P0001907
0.75,0.75,0.75,1.,1.,1.,1.,1.,-47.520000075,32.660073437,        0000951P0001908
70.744749872,-47.520000037,32.151576233,72.462968528,            0000951P0001909
-47.519888206,31.594202974,74.132882889,-47.519999983,           0000951P0001910
30.991204279,75.754492956,-47.519999968,30.345614948,            0000951P0001911
77.327798729,0.6875,0.75,-0.999999928,3.567774816E-04,           0000951P0001912
1.257920721E-04;                                                 0000951P0001913
126,4,4,0,0,1,0,0.75,0.75,0.75,0.75,0.75,0.8125,0.8125,0.8125,   0000953P0001914
0.8125,0.8125,1.,1.,1.,1.,1.,-47.519999968,30.345614948,         0000953P0001915
77.327798729,-47.519999939,29.662277843,78.993096143,            0000953P0001916
-47.519904035,28.933994737,80.597423961,-47.519999964,           0000953P0001917
28.164583044,82.140782184,-47.520000013,27.357247019,            0000953P0001918
83.623170812,0.75,0.8125,-0.999999954,2.732889203E-04,           0000953P0001919
1.300254521E-04;                                                 0000953P0001920
126,4,4,0,0,1,0,0.8125,0.8125,0.8125,0.8125,0.8125,0.875,0.875,  0000955P0001921
0.875,0.875,0.875,1.,1.,1.,1.,1.,-47.520000013,27.357247019,     0000955P0001922
83.623170812,-47.519999968,26.483682493,85.227165099,            0000955P0001923
-47.519901213,25.568543334,86.754546125,-47.519999931,           0000955P0001924
24.615991521,88.205313888,-47.519999933,23.62896042,89.57946839, 0000955P0001925
0.8125,0.875,-0.999999963,2.303801592E-04,1.444914239E-04;       0000955P0001926
126,4,4,0,0,1,0,0.875,0.875,0.875,0.875,0.875,0.9375,0.9375,     0000957P0001927
0.9375,0.9375,0.9375,1.,1.,1.,1.,1.,-47.519999933,23.62896042,   0000957P0001928
89.57946839,-47.519999944,22.565846328,91.059546357,             0000957P0001929
-47.519857441,21.466355913,92.445773826,-47.519999969,           0000957P0001930
20.334145424,93.738150797,-47.519999984,19.170801443,            0000957P0001931
94.936677269,0.875,0.9375,-0.999999945,2.557014203E-04,          0000957P0001932
2.130303974E-04;                                                 0000957P0001933
126,4,4,0,0,1,0,0.9375,0.9375,0.9375,0.9375,0.9375,0.96875,      0000959P0001934
0.96875,0.96875,0.96875,0.96875,1.,1.,1.,1.,1.,-47.519999984,    0000959P0001935
19.170801443,94.936677269,-47.519999999,18.54935541,             0000959P0001936
95.576917397,-47.519984566,17.919809343,96.189522978,            0000959P0001937
-47.520000006,17.282406218,96.774494013,-47.520000004,           0000959P0001938
16.637208162,97.331830502,0.9375,0.96875,-0.999999993,           0000959P0001939
8.297867553E-05,8.77780895E-05;                                  0000959P0001940
126,4,4,0,0,1,0,0.96875,0.96875,0.96875,0.96875,0.96875,1.,1.,   0000961P0001941
1.,1.,1.,1.,1.,1.,1.,1.,-47.520000004,16.637208162,97.331830502, 0000961P0001942
-47.520000018,15.954100848,97.921913814,-47.519973261,           0000961P0001943
15.2634946,98.479969835,-47.520000017,14.565443062,99.005998563, 0000961P0001944
-47.519999998,13.859764904,99.5,0.96875,1.,-0.999999984,         0000961P0001945
1.100320244E-04,1.40947163E-04;                                  0000961P0001946
100,0.,0.,0.,49.5,-1.110716155E-27,26.610997261,41.73852926;     0000963P0001947
124,-0.960000546,0.279998128,6.703649855E-15,0.,0.279998128,     0000965P0001948
0.960000546,1.955210062E-15,-2.499111348E-29,-5.888052365E-15,   0000965P0001949
3.754012135E-15,-1.,99.5;                                        0000965P0001950
126,4,4,0,0,1,0,0.,0.,0.,0.,0.,3.125E-02,3.125E-02,3.125E-02,    0000967P0001951
3.125E-02,3.125E-02,1.,1.,1.,1.,1.,-13.859693857,47.520000032,   0000967P0001952
99.5,-14.565239265,47.520000014,99.006098306,-15.263156984,      0000967P0001953
47.519973275,98.48018615,-15.953628384,47.519999978,             0000967P0001954
97.922263532,-16.636599987,47.519999965,97.332330452,0.,         0000967P0001955
3.125E-02,-1.101986652E-04,0.999999984,1.411321773E-04;          0000967P0001956
126,4,4,0,0,1,0,3.125E-02,3.125E-02,3.125E-02,3.125E-02,         0000969P0001957
3.125E-02,6.25E-02,6.25E-02,6.25E-02,6.25E-02,6.25E-02,1.,1.,1., 0000969P0001958
1.,1.,-16.636599987,47.519999965,97.332330452,-17.285502378,     0000969P0001959
47.519999975,96.771825419,-17.926515225,47.51998421,96.18337295, 0000969P0001960
-18.559575409,47.519999973,95.566973045,-19.184434761,           0000969P0001961
47.519999957,94.922625704,3.125E-02,6.25E-02,-8.374703443E-05,   0000969P0001962
0.999999993,8.85556171E-05;                                      0000969P0001963
126,4,4,0,0,1,0,6.25E-02,6.25E-02,6.25E-02,6.25E-02,6.25E-02,    0000971P0001964
0.125,0.125,0.125,0.125,0.125,1.,1.,1.,1.,1.,-19.184434761,      0000971P0001965
47.519999957,94.922625704,-20.357897669,47.519999979,            0000971P0001966
93.71256494,-21.499634997,47.519852031,92.407000658,             0000971P0001967
-22.608009836,47.519999988,91.005932858,-23.679241785,           0000971P0001968
47.519999969,89.50936154,6.25E-02,0.125,-2.609574026E-04,        0000971P0001969
0.999999942,2.169452788E-04;                                     0000971P0001970
126,4,4,0,0,1,0,0.125,0.125,0.125,0.125,0.125,0.1875,0.1875,     0000973P0001971
0.1875,0.1875,0.1875,1.,1.,1.,1.,1.,-23.679241785,47.519999969,  0000973P0001972
89.50936154,-24.659637492,47.520000019,88.139693372,             0000973P0001973
-25.60582856,47.519903304,86.694282647,-26.514911995,            0000973P0001974
47.520000071,85.173129365,-27.382786378,47.520000064,            0000973P0001975
83.576233526,0.125,0.1875,-2.279917238E-04,0.999999964,          0000973P0001976
1.426017356E-04;                                                 0000973P0001977
126,4,4,0,0,1,0,0.1875,0.1875,0.1875,0.1875,0.1875,0.25,0.25,    0000975P0001978
0.25,0.25,0.25,1.,1.,1.,1.,1.,-27.382786378,47.520000064,        0000975P0001979
83.576233526,-28.194660431,47.52000005,82.082378768,             0000975P0001980
-28.968019109,47.519901069,80.526796025,-29.699588206,           0000975P0001981
47.520000046,78.909485297,-30.385467399,47.520000057,            0000975P0001982
77.230446584,0.1875,0.25,-2.780872795E-04,0.999999953,           0000975P0001983
1.318976039E-04;                                                 0000975P0001984
126,4,4,0,0,1,0,0.25,0.25,0.25,0.25,0.25,0.3125,0.3125,0.3125,   0000977P0001985
0.3125,0.3125,1.,1.,1.,1.,1.,-30.385467399,47.520000057,         0000977P0001986
77.230446584,-31.029994786,47.519999999,75.652637747,            0000977P0001987
-31.631677961,47.519886776,74.02651983,-32.187468951,            0000977P0001988
47.519999977,72.352092834,-32.694107327,47.520000017,            0000977P0001989
70.629356759,0.25,0.3125,-3.606236403E-04,0.999999927,           0000977P0001990
1.264611325E-04;                                                 0000977P0001991
126,4,4,0,0,1,0,0.3125,0.3125,0.3125,0.3125,0.3125,0.375,0.375,  0000979P0001992
0.375,0.375,0.375,1.,1.,1.,1.,1.,-32.694107327,47.520000017,     0000979P0001993
70.629356759,-33.175215452,47.51999996,68.993432348,             0000979P0001994
-33.609477333,47.519864108,67.322658914,-33.994441227,           0000979P0001995
47.519999929,65.617036457,-34.327701342,47.519999959,            0000979P0001996
63.876564977,0.3125,0.375,-4.710911517E-04,0.999999883,          0000979P0001997
1.142932538E-04;                                                 0000979P0001998
126,4,4,0,0,1,0,0.375,0.375,0.375,0.375,0.375,0.4375,0.4375,     0000981P0001999
0.4375,0.4375,0.4375,1.,1.,1.,1.,1.,-34.327701342,47.519999959,  0000981P0002000
63.876564977,-34.65176996,47.520000021,62.184096419,             0000981P0002001
-34.924784897,47.519846513,60.470123724,-35.145059769,           0000981P0002002
47.520000092,58.734646893,-35.311144944,47.520000098,            0000981P0002003
56.977665926,0.375,0.4375,-5.506283222E-04,0.999999845,          0000981P0002004
7.876315326E-05;                                                 0000981P0002005
126,4,4,0,0,1,0,0.4375,0.4375,0.4375,0.4375,0.4375,0.5,0.5,0.5,  0000983P0002006
0.5,0.5,1.,1.,1.,1.,1.,-35.311144944,47.520000098,56.977665926,  0000983P0002007
-35.475878679,47.520000045,55.23498239,-35.586014531,            0000983P0002008
47.519832234,53.484959208,-35.640830197,47.519999943,            0000983P0002009
51.727596381,-35.639948426,47.519999895,49.962893909,0.4375,0.5, 0000983P0002010
-6.039057107E-04,0.999999817,2.837252896E-05;                    0000983P0002011
126,4,4,0,0,1,0,0.5,0.5,0.5,0.5,0.5,0.5625,0.5625,0.5625,0.5625, 0000985P0002012
0.5625,1.,1.,1.,1.,1.,-35.639948426,47.519999895,49.962893909,   0000985P0002013
-35.639071654,47.519999981,48.208551193,-35.583154162,           0000985P0002014
47.519836236,46.461572954,-35.472576005,47.520000043,            0000985P0002015
44.721959194,-35.308053828,47.520000022,42.989709911,0.5,0.5625, 0000985P0002016
5.959347683E-04,-0.999999822,2.843976534E-05;                    0000985P0002017
126,4,4,0,0,1,0,0.5625,0.5625,0.5625,0.5625,0.5625,0.625,0.625,  0000987P0002018
0.625,0.625,0.625,1.,1.,1.,1.,1.,-35.308053828,47.520000022,     0000987P0002019
42.989709911,-35.14091249,47.520000063,41.229884426,             0000987P0002020
-34.919413708,47.519845592,39.491708806,-34.645019643,           0000987P0002021
47.520000008,37.77518305,-34.319429921,47.519999917,             0000987P0002022
36.080307158,0.5625,0.625,5.515980312E-04,-0.999999845,          0000987P0002023
7.919285826E-05;                                                 0000987P0002024
126,4,4,0,0,1,0,0.625,0.625,0.625,0.625,0.625,0.6875,0.6875,     0000989P0002025
0.6875,0.6875,0.6875,1.,1.,1.,1.,1.,-34.319429921,47.519999917,  0000989P0002026
36.080307158,-33.981341546,47.519999946,34.320369704,            0000989P0002027
-33.590411618,47.51985828,32.596211197,-33.149136815,            0000989P0002028
47.519999957,30.907831636,-32.660058921,47.51999994,             0000989P0002029
29.255231021,0.625,0.6875,4.796840371E-04,-0.999999878,          0000989P0002030
1.169757696E-04;                                                 0000989P0002031
126,4,4,0,0,1,0,0.6875,0.6875,0.6875,0.6875,0.6875,0.75,0.75,    0000991P0002032
0.75,0.75,0.75,1.,1.,1.,1.,1.,-32.660058921,47.51999994,         0000991P0002033
29.255231021,-32.15156123,47.52000002,27.537011128,              0000991P0002034
-31.594187544,47.519888211,25.867094869,-30.99118835,            0000991P0002035
47.520000044,24.245482244,-30.345598435,47.519999999,            0000991P0002036
22.672173254,0.6875,0.75,3.561469046E-04,-0.999999929,           0000991P0002037
1.255456855E-04;                                                 0000991P0002038
126,4,4,0,0,1,0,0.75,0.75,0.75,0.75,0.75,0.8125,0.8125,0.8125,   0000993P0002039
0.8125,0.8125,1.,1.,1.,1.,1.,-30.345598435,47.519999999,         0000993P0002040
22.672173254,-29.662260458,47.520000021,21.006872128,            0000993P0002041
-28.933977131,47.519904095,19.402541834,-28.164565902,           0000993P0002042
47.520000019,17.859182374,-27.357231146,47.519999998,            0000993P0002043
16.376793746,0.75,0.8125,2.727906957E-04,-0.999999954,           0000993P0002044
1.297962901E-04;                                                 0000993P0002045
126,4,4,0,0,1,0,0.8125,0.8125,0.8125,0.8125,0.8125,0.875,0.875,  0000995P0002046
0.875,0.875,0.875,1.,1.,1.,1.,1.,-27.357231146,47.519999998,     0000995P0002047
16.376793746,-26.483663496,47.519999998,14.772791588,            0000995P0002048
-25.568522775,47.51990123,13.245406883,-24.615971212,            0000995P0002049
47.520000017,11.794639631,-23.628942588,47.52000003,             0000995P0002050
10.420489832,0.8125,0.875,2.303733579E-04,-0.999999963,          0000995P0002051
1.44468506E-04;                                                  0000995P0002052
126,4,4,0,0,1,0,0.875,0.875,0.875,0.875,0.875,0.9375,0.9375,     0000997P0002053
0.9375,0.9375,0.9375,1.,1.,1.,1.,1.,-23.628942588,47.52000003,   0000997P0002054
10.420489832,-22.565819361,47.519999996,8.940400331,             0000997P0002055
-21.466322717,47.519857508,7.554170074,-20.33410967,             0000997P0002056
47.519999962,6.26179906,-19.170767464,47.51999996,5.063287289,   0000997P0002057
0.875,0.9375,2.556703777E-04,-0.999999945,2.130278836E-04;       0000997P0002058
126,4,4,0,0,1,0,0.9375,0.9375,0.9375,0.9375,0.9375,0.96875,      0000999P0002059
0.96875,0.96875,0.96875,0.96875,1.,1.,1.,1.,1.,-19.170767464,    0000999P0002060
47.51999996,5.063287289,-18.549321212,47.519999998,4.423053893,  0000999P0002061
-17.919772078,47.519984593,3.810453212,-17.28236301,             0000999P0002062
47.520000023,3.225485246,-16.637156059,47.520000013,2.668149995, 0000999P0002063
0.9375,0.96875,8.263738258E-05,-0.999999993,8.740406375E-05;     0000999P0002064
126,4,4,0,0,1,0,0.96875,0.96875,0.96875,0.96875,0.96875,1.,1.,   0001001P0002065
1.,1.,1.,1.,1.,1.,1.,1.,-16.637156059,47.520000013,2.668149995,  0001001P0002066
-15.954050257,47.520000014,2.078077424,-15.263441423,            0001001P0002067
47.51997328,1.520028235,-14.565383115,47.520000028,0.994002427,  0001001P0002068
-13.859693857,47.520000032,0.5,0.96875,1.,1.102055288E-04,       0001001P0002069
-0.999999984,1.411595871E-04;                                    0001001P0002070
100,0.,0.,0.,-13.859795984,47.520059504,-47.520014808,           0001003P0002071
13.859949228;                                                    0001003P0002072
124,1.,0.,0.,0.,0.,1.,0.,0.,0.,0.,1.,0.5;                        0001005P0002073
144,1009,1,0,1011;                                               0001007P0002074
128,1,1,1,1,0,0,1,0,0,0.,0.,1.,1.,0.,0.,1.,1.,1.,1.,1.,1.,       0001009P0002075
-47.52,-36.34161537,0.499999989,-47.52,36.341615367,0.499999989, 0001009P0002076
-47.52,-36.34161537,99.5,-47.52,36.341615367,99.5,9.629437E-03,  0001009P0002077
0.990370563,0.,1.;                                               0001009P0002078
142,0,1009,1013,1107,3;                                          0001011P0002079
102,46,1015,1017,1019,1021,1023,1025,1027,1029,1031,1033,1035,   0001013P0002080
1037,1039,1041,1043,1045,1047,1049,1051,1053,1055,1057,1059,     0001013P0002081
1061,1063,1065,1067,1069,1071,1073,1075,1077,1079,1081,1083,     0001013P0002082
1085,1087,1089,1091,1093,1095,1097,1099,1101,1103,1105;          0001013P0002083
126,1,1,1,0,1,0,2.690733208E-04,2.690733208E-04,27.719798897,    0001015P0002084
27.719798897,1.,1.,0.309312757,0.,0.,0.690687243,0.,0.,          0001015P0002085
2.690733208E-04,27.719798897,0.,0.,1.;                           0001015P0002086
126,2,2,1,0,1,0,0.,0.,0.,3.125E-02,3.125E-02,3.125E-02,1.,1.,1., 0001017P0002087
0.690687243,0.,0.,0.71009193,9.973031E-03,0.,0.728892584,        0001017P0002088
2.1895853E-02,0.,0.,3.125E-02,0.,0.,1.;                          0001017P0002089
126,2,2,1,0,1,0,3.125E-02,3.125E-02,3.125E-02,6.25E-02,6.25E-02, 0001019P0002090
6.25E-02,1.,1.,1.,0.728892584,2.1895853E-02,0.,0.74677437,       0001019P0002091
3.3235957E-02,0.,0.763946314,4.6236486E-02,0.,3.125E-02,         0001019P0002092
6.25E-02,0.,0.,1.;                                               0001019P0002093
126,2,2,1,0,1,0,6.25E-02,6.25E-02,6.25E-02,9.375E-02,9.375E-02,  0001021P0002094
9.375E-02,1.,1.,1.,0.763946314,4.6236486E-02,0.,0.780482732,     0001021P0002095
5.8755871E-02,0.,0.796235606,7.2721559E-02,0.,6.25E-02,          0001021P0002096
9.375E-02,0.,0.,1.;                                              0001021P0002097
126,2,2,1,0,1,0,9.375E-02,9.375E-02,9.375E-02,0.125,0.125,0.125, 0001023P0002098
1.,1.,1.,0.796235606,7.2721559E-02,0.,0.811444458,8.6204946E-02, 0001023P0002099
0.,0.825787136,0.100915994,0.,9.375E-02,0.125,0.,0.,1.;          0001023P0002100
126,2,2,1,0,1,0,0.125,0.125,0.125,0.15625,0.15625,0.15625,1.,1., 0001025P0002101
1.,0.825787136,0.100915994,0.,0.839625593,0.115109871,0.,        0001025P0002102
0.852541309,0.130327617,0.,0.125,0.15625,0.,0.,1.;               0001025P0002103
126,2,2,1,0,1,0,0.15625,0.15625,0.15625,0.1875,0.1875,0.1875,1., 0001027P0002104
1.,1.,0.852541309,0.130327617,0.,0.865127694,0.145157333,0.,     0001027P0002105
0.876741686,0.160846493,0.,0.15625,0.1875,0.,0.,1.;              0001027P0002106
126,2,2,1,0,1,0,0.1875,0.1875,0.1875,0.25,0.25,0.25,1.,1.,1.,    0001029P0002107
0.876741686,0.160846493,0.,0.899479216,0.191562265,0.,           0001029P0002108
0.918053583,0.224945293,0.,0.1875,0.25,0.,0.,1.;                 0001029P0002109
126,2,2,1,0,1,0,0.25,0.25,0.25,0.3125,0.3125,0.3125,1.,1.,1.,    0001031P0002110
0.918053583,0.224945293,0.,0.936098708,0.257377133,0.,           0001031P0002111
0.949816581,0.291622862,0.,0.25,0.3125,0.,0.,1.;                 0001031P0002112
126,2,2,1,0,1,0,0.3125,0.3125,0.3125,0.375,0.375,0.375,1.,1.,1., 0001033P0002113
0.949816581,0.291622862,0.,0.96324659,0.325149958,0.,            0001033P0002114
0.972292077,0.359832805,0.,0.3125,0.375,0.,0.,1.;                0001033P0002115
126,2,2,1,0,1,0,0.375,0.375,0.375,0.4375,0.4375,0.4375,1.,1.,1., 0001035P0002116
0.972292077,0.359832805,0.,0.98129457,0.394350801,0.,            0001035P0002117
0.985822604,0.429518608,0.,0.375,0.4375,0.,0.,1.;                0001035P0002118
126,2,2,1,0,1,0,0.4375,0.4375,0.4375,0.5,0.5,0.5,1.,1.,1.,       0001037P0002119
0.985822604,0.429518608,0.,0.990370563,0.464841176,0.,           0001037P0002120
0.990346377,0.500374821,0.,0.4375,0.5,0.,0.,1.;                  0001037P0002121
126,2,2,1,0,1,0,0.5,0.5,0.5,0.5625,0.5625,0.5625,1.,1.,1.,       0001039P0002122
0.990346377,0.500374821,0.,0.990322333,0.535698793,0.,           0001039P0002123
0.985780072,0.57081094,0.,0.5,0.5625,0.,0.,1.;                   0001039P0002124
126,2,2,1,0,1,0,0.5625,0.5625,0.5625,0.625,0.625,0.625,1.,1.,1., 0001041P0002125
0.985780072,0.57081094,0.,0.981223447,0.606034125,0.,            0001041P0002126
0.972178276,0.640602829,0.,0.5625,0.625,0.,0.,1.;                0001041P0002127
126,2,2,1,0,1,0,0.625,0.625,0.625,0.6875,0.6875,0.6875,1.,1.,1., 0001043P0002128
0.972178276,0.640602829,0.,0.963003463,0.675666996,0.,           0001043P0002129
0.949348126,0.709542928,0.,0.625,0.6875,0.,0.,1.;                0001043P0002130
126,2,2,1,0,1,0,0.6875,0.6875,0.6875,0.75,0.75,0.75,1.,1.,1.,    0001045P0002131
0.949348126,0.709542928,0.,0.935579697,0.743699417,0.,           0001045P0002132
0.917505036,0.776038371,0.,0.6875,0.75,0.,0.,1.;                 0001045P0002133
126,2,2,1,0,1,0,0.75,0.75,0.75,0.8125,0.8125,0.8125,1.,1.,1.,    0001047P0002134
0.917505036,0.776038371,0.,0.898997095,0.809152544,0.,           0001047P0002135
0.87639008,0.839627988,0.,0.75,0.8125,0.,0.,1.;                  0001047P0002136
126,2,2,1,0,1,0,0.8125,0.8125,0.8125,0.84375,0.84375,0.84375,1., 0001049P0002137
1.,1.,0.87639008,0.839627988,0.,0.86471382,0.8553682,0.,         0001049P0002138
0.852058852,0.870240094,0.,0.8125,0.84375,0.,0.,1.;              0001049P0002139
126,2,2,1,0,1,0,0.84375,0.84375,0.84375,0.875,0.875,0.875,1.,1., 0001051P0002140
1.,0.852058852,0.870240094,0.,0.839042987,0.885536108,0.,        0001051P0002141
0.825095075,0.89979261,0.,0.84375,0.875,0.,0.,1.;                0001051P0002142
126,2,2,1,0,1,0,0.875,0.875,0.875,0.90625,0.90625,0.90625,1.,1., 0001053P0002143
1.,0.825095075,0.89979261,0.,0.810833664,0.914369546,0.,         0001053P0002144
0.795721209,0.927733907,0.,0.875,0.90625,0.,0.,1.;               0001053P0002145
126,2,2,1,0,1,0,0.90625,0.90625,0.90625,0.9375,0.9375,0.9375,1., 0001055P0002146
1.,1.,0.795721209,0.927733907,0.,0.780122483,0.941528292,0.,     0001055P0002147
0.763758245,0.953905831,0.,0.90625,0.9375,0.,0.,1.;              0001055P0002148
126,2,2,1,0,1,0,0.9375,0.9375,0.9375,0.96875,0.96875,0.96875,1., 0001057P0002149
1.,1.,0.763758245,0.953905831,0.,0.746679914,0.966823494,0.,     0001057P0002150
0.728900229,0.978099298,0.,0.9375,0.96875,0.,0.,1.;              0001057P0002151
126,2,2,1,0,1,0,0.96875,0.96875,0.96875,1.,1.,1.,1.,1.,1.,       0001059P0002152
0.728900229,0.978099298,0.,0.710095887,0.990024935,0.,           0001059P0002153
0.690687243,1.,0.,0.96875,1.,0.,0.,1.;                           0001059P0002154
126,1,1,1,0,1,0,1.345366603E-04,1.345366603E-04,27.719664344,    0001061P0002155
27.719664344,1.,1.,0.690687243,1.,0.,0.309312757,1.,0.,          0001061P0002156
1.345366603E-04,27.719664344,0.,0.,1.;                           0001061P0002157
126,2,2,1,0,1,0,0.,0.,0.,3.125E-02,3.125E-02,3.125E-02,1.,1.,1., 0001063P0002158
0.309312757,1.,0.,0.28990807,0.990026969,0.,0.271107416,         0001063P0002159
0.978104147,0.,0.,3.125E-02,0.,0.,1.;                            0001063P0002160
126,2,2,1,0,1,0,3.125E-02,3.125E-02,3.125E-02,6.25E-02,6.25E-02, 0001065P0002161
6.25E-02,1.,1.,1.,0.271107416,0.978104147,0.,0.25322563,         0001065P0002162
0.966764043,0.,0.236053686,0.953763514,0.,3.125E-02,6.25E-02,0., 0001065P0002163
0.,1.;                                                           0001065P0002164
126,2,2,1,0,1,0,6.25E-02,6.25E-02,6.25E-02,9.375E-02,9.375E-02,  0001067P0002165
9.375E-02,1.,1.,1.,0.236053686,0.953763514,0.,0.219517268,       0001067P0002166
0.941244129,0.,0.203764394,0.927278441,0.,6.25E-02,9.375E-02,0., 0001067P0002167
0.,1.;                                                           0001067P0002168
126,2,2,1,0,1,0,9.375E-02,9.375E-02,9.375E-02,0.125,0.125,0.125, 0001069P0002169
1.,1.,1.,0.203764394,0.927278441,0.,0.188555542,0.913795054,0.,  0001069P0002170
0.174212864,0.899084006,0.,9.375E-02,0.125,0.,0.,1.;             0001069P0002171
126,2,2,1,0,1,0,0.125,0.125,0.125,0.15625,0.15625,0.15625,1.,1., 0001071P0002172
1.,0.174212864,0.899084006,0.,0.160374407,0.884890129,0.,        0001071P0002173
0.14745869,0.869672383,0.,0.125,0.15625,0.,0.,1.;                0001071P0002174
126,2,2,1,0,1,0,0.15625,0.15625,0.15625,0.1875,0.1875,0.1875,1., 0001073P0002175
1.,1.,0.14745869,0.869672383,0.,0.134872306,0.854842667,0.,      0001073P0002176
0.123258314,0.839153507,0.,0.15625,0.1875,0.,0.,1.;              0001073P0002177
126,2,2,1,0,1,0,0.1875,0.1875,0.1875,0.25,0.25,0.25,1.,1.,1.,    0001075P0002178
0.123258314,0.839153507,0.,0.100520784,0.808437735,0.,           0001075P0002179
8.1946417E-02,0.775054707,0.,0.1875,0.25,0.,0.,1.;               0001075P0002180
126,2,2,1,0,1,0,0.25,0.25,0.25,0.3125,0.3125,0.3125,1.,1.,1.,    0001077P0002181
8.1946417E-02,0.775054707,0.,6.3901292E-02,0.742622867,0.,       0001077P0002182
5.0183419E-02,0.708377138,0.,0.25,0.3125,0.,0.,1.;               0001077P0002183
126,2,2,1,0,1,0,0.3125,0.3125,0.3125,0.375,0.375,0.375,1.,1.,1., 0001079P0002184
5.0183419E-02,0.708377138,0.,3.675341E-02,0.674850042,0.,        0001079P0002185
2.7707923E-02,0.640167195,0.,0.3125,0.375,0.,0.,1.;              0001079P0002186
126,2,2,1,0,1,0,0.375,0.375,0.375,0.4375,0.4375,0.4375,1.,1.,1., 0001081P0002187
2.7707923E-02,0.640167195,0.,1.870543E-02,0.605649199,0.,        0001081P0002188
1.4177396E-02,0.570481392,0.,0.375,0.4375,0.,0.,1.;              0001081P0002189
126,2,2,1,0,1,0,0.4375,0.4375,0.4375,0.5,0.5,0.5,1.,1.,1.,       0001083P0002190
1.4177396E-02,0.570481392,0.,9.629437E-03,0.535158824,0.,        0001083P0002191
9.653623E-03,0.499625179,0.,0.4375,0.5,0.,0.,1.;                 0001083P0002192
126,2,2,1,0,1,0,0.5,0.5,0.5,0.5625,0.5625,0.5625,1.,1.,1.,       0001085P0002193
9.653623E-03,0.499625179,0.,9.677667E-03,0.464301207,0.,         0001085P0002194
1.4219928E-02,0.42918906,0.,0.5,0.5625,0.,0.,1.;                 0001085P0002195
126,2,2,1,0,1,0,0.5625,0.5625,0.5625,0.625,0.625,0.625,1.,1.,1., 0001087P0002196
1.4219928E-02,0.42918906,0.,1.8776553E-02,0.393965875,0.,        0001087P0002197
2.7821724E-02,0.359397171,0.,0.5625,0.625,0.,0.,1.;              0001087P0002198
126,2,2,1,0,1,0,0.625,0.625,0.625,0.6875,0.6875,0.6875,1.,1.,1., 0001089P0002199
2.7821724E-02,0.359397171,0.,3.6996537E-02,0.324333004,0.,       0001089P0002200
5.0651874E-02,0.290457072,0.,0.625,0.6875,0.,0.,1.;              0001089P0002201
126,2,2,1,0,1,0,0.6875,0.6875,0.6875,0.75,0.75,0.75,1.,1.,1.,    0001091P0002202
5.0651874E-02,0.290457072,0.,6.4420303E-02,0.256300583,0.,       0001091P0002203
8.2494964E-02,0.223961629,0.,0.6875,0.75,0.,0.,1.;               0001091P0002204
126,2,2,1,0,1,0,0.75,0.75,0.75,0.8125,0.8125,0.8125,1.,1.,1.,    0001093P0002205
8.2494964E-02,0.223961629,0.,0.101002905,0.190847456,0.,         0001093P0002206
0.12360992,0.160372012,0.,0.75,0.8125,0.,0.,1.;                  0001093P0002207
126,2,2,1,0,1,0,0.8125,0.8125,0.8125,0.84375,0.84375,0.84375,1., 0001095P0002208
1.,1.,0.12360992,0.160372012,0.,0.13528618,0.144631801,0.,       0001095P0002209
0.147941148,0.129759906,0.,0.8125,0.84375,0.,0.,1.;              0001095P0002210
126,2,2,1,0,1,0,0.84375,0.84375,0.84375,0.875,0.875,0.875,1.,1., 0001097P0002211
1.,0.147941148,0.129759906,0.,0.160957013,0.114463892,0.,        0001097P0002212
0.174904925,0.100207391,0.,0.84375,0.875,0.,0.,1.;               0001097P0002213
126,2,2,1,0,1,0,0.875,0.875,0.875,0.90625,0.90625,0.90625,1.,1., 0001099P0002214
1.,0.174904925,0.100207391,0.,0.189166336,8.5630455E-02,0.,      0001099P0002215
0.204278791,7.2266093E-02,0.,0.875,0.90625,0.,0.,1.;             0001099P0002216
126,2,2,1,0,1,0,0.90625,0.90625,0.90625,0.9375,0.9375,0.9375,1., 0001101P0002217
1.,1.,0.204278791,7.2266093E-02,0.,0.219877517,5.8471708E-02,0., 0001101P0002218
0.236241755,4.6094169E-02,0.,0.90625,0.9375,0.,0.,1.;            0001101P0002219
126,2,2,1,0,1,0,0.9375,0.9375,0.9375,0.96875,0.96875,0.96875,1., 0001103P0002220
1.,1.,0.236241755,4.6094169E-02,0.,0.253320086,3.3176506E-02,0., 0001103P0002221
0.27109977,2.1900702E-02,0.,0.9375,0.96875,0.,0.,1.;             0001103P0002222
126,2,2,1,0,1,0,0.96875,0.96875,0.96875,1.,1.,1.,1.,1.,1.,       0001105P0002223
0.27109977,2.1900702E-02,0.,0.289904114,9.975064E-03,0.,         0001105P0002224
0.309312757,0.,0.,0.96875,1.,0.,0.,1.;                           0001105P0002225
102,46,1109,1111,1113,1115,1117,1119,1121,1123,1125,1127,1129,   0001107P0002226
1131,1133,1135,1137,1139,1141,1143,1145,1147,1149,1151,1153,     0001107P0002227
1155,1157,1159,1161,1163,1165,1167,1169,1171,1173,1175,1177,     0001107P0002228
1179,1181,1183,1185,1187,1189,1191,1193,1195,1197,1199;          0001107P0002229
110,-47.52,-13.85976491,0.5,-47.52,13.859764913,0.5;             0001109P0002230
126,2,2,1,0,1,0,0.,0.,0.,3.125E-02,3.125E-02,3.125E-02,1.,1.,1., 0001111P0002231
-47.52,13.85976488,0.499999989,-47.52,15.270160223,1.487330058,  0001111P0002232
-47.52,16.636652495,2.667689436,0.,3.125E-02,1.,0.,0.;           0001111P0002233
126,2,2,1,0,1,0,3.125E-02,3.125E-02,3.125E-02,6.25E-02,6.25E-02, 0001113P0002234
6.25E-02,1.,1.,1.,-47.52,16.636652495,2.667689436,-47.52,        0001113P0002235
17.936358473,3.790359732,-47.52,19.184470841,5.077412104,        0001113P0002236
3.125E-02,6.25E-02,1.,0.,0.;                                     0001113P0002237
126,2,2,1,0,1,0,6.25E-02,6.25E-02,6.25E-02,9.375E-02,9.375E-02,  0001115P0002238
9.375E-02,1.,1.,1.,-47.52,19.184470841,5.077412104,-47.52,       0001115P0002239
20.386391126,6.316831219,-47.52,21.531360902,7.699434331,        0001115P0002240
6.25E-02,9.375E-02,1.,0.,0.;                                     0001115P0002241
126,2,2,1,0,1,0,9.375E-02,9.375E-02,9.375E-02,0.125,0.125,0.125, 0001117P0002242
1.,1.,1.,-47.52,21.531360902,7.699434331,-47.52,22.636789401,    0001117P0002243
9.034289644,-47.52,23.679261576,10.490683396,9.375E-02,0.125,1., 0001117P0002244
0.,0.;                                                           0001117P0002245
126,2,2,1,0,1,0,0.125,0.125,0.125,0.15625,0.15625,0.15625,1.,1., 0001119P0002246
1.,-47.52,23.679261576,10.490683396,-47.52,24.685085339,         0001119P0002247
11.895877219,-47.52,25.623841305,13.402434074,0.125,0.15625,1.,  0001119P0002248
0.,0.;                                                           0001119P0002249
126,2,2,1,0,1,0,0.15625,0.15625,0.15625,0.1875,0.1875,0.1875,1., 0001121P0002250
1.,1.,-47.52,25.623841305,13.402434074,-47.52,26.53866043,       0001121P0002251
14.870575958,-47.52,27.38280289,16.423802798,0.15625,0.1875,1.,  0001121P0002252
0.,0.;                                                           0001121P0002253
126,2,2,1,0,1,0,0.1875,0.1875,0.1875,0.25,0.25,0.25,1.,1.,1.,    0001123P0002254
-47.52,27.38280289,16.423802798,-47.52,29.03544003,19.464664226, 0001123P0002255
-47.52,30.385485032,22.769583999,0.1875,0.25,1.,0.,0.;           0001123P0002256
126,2,2,1,0,1,0,0.25,0.25,0.25,0.3125,0.3125,0.3125,1.,1.,1.,    0001125P0002257
-47.52,30.385485032,22.769583999,-47.52,31.697063016,            0001125P0002258
25.980336159,-47.52,32.694122345,29.37066333,0.25,0.3125,1.,0.,  0001125P0002259
0.;                                                              0001125P0002260
126,2,2,1,0,1,0,0.3125,0.3125,0.3125,0.375,0.375,0.375,1.,1.,1., 0001127P0002261
-47.52,32.694122345,29.37066333,-47.52,33.670258788,             0001127P0002262
32.689845835,-47.52,34.327714006,36.123447688,0.3125,0.375,1.,   0001127P0002263
0.,0.;                                                           0001127P0002264
126,2,2,1,0,1,0,0.375,0.375,0.375,0.4375,0.4375,0.4375,1.,1.,1., 0001129P0002265
-47.52,34.327714006,36.123447688,-47.52,34.982044282,            0001129P0002266
39.540729292,-47.52,35.311156422,43.022342186,0.375,0.4375,1.,   0001129P0002267
0.,0.;                                                           0001129P0002268
126,2,2,1,0,1,0,0.4375,0.4375,0.4375,0.5,0.5,0.5,1.,1.,1.,       0001131P0002269
-47.52,35.311156422,43.022342186,-47.52,35.641716776,            0001131P0002270
46.519276418,-47.52,35.639958859,50.037107274,0.4375,0.5,1.,0.,  0001131P0002271
0.;                                                              0001131P0002272
126,2,2,1,0,1,0,0.5,0.5,0.5,0.5625,0.5625,0.5625,1.,1.,1.,       0001133P0002273
-47.52,35.639958859,50.037107274,-47.52,35.638211264,            0001133P0002274
53.534180502,-47.52,35.308065059,57.010283055,0.5,0.5625,1.,0.,  0001133P0002275
0.;                                                              0001133P0002276
126,2,2,1,0,1,0,0.5625,0.5625,0.5625,0.625,0.625,0.625,1.,1.,1., 0001135P0002277
-47.52,35.308065059,57.010283055,-47.52,34.976874833,            0001135P0002278
60.497378371,-47.52,34.319442582,63.919680067,0.5625,0.625,1.,   0001135P0002279
0.,0.;                                                           0001135P0002280
126,2,2,1,0,1,0,0.625,0.625,0.625,0.6875,0.6875,0.6875,1.,1.,1., 0001137P0002281
-47.52,34.319442582,63.919680067,-47.52,33.652587532,67.3910326, 0001137P0002282
-47.52,32.660073522,70.744749869,0.625,0.6875,1.,0.,0.;          0001137P0002283
126,2,2,1,0,1,0,0.6875,0.6875,0.6875,0.75,0.75,0.75,1.,1.,1.,    0001139P0002284
-47.52,32.660073522,70.744749869,-47.52,31.65933962,74.12624228, 0001139P0002285
-47.52,30.345614864,77.327798727,0.6875,0.75,1.,0.,0.;           0001139P0002286
126,2,2,1,0,1,0,0.75,0.75,0.75,0.8125,0.8125,0.8125,1.,1.,1.,    0001141P0002287
-47.52,30.345614864,77.327798727,-47.52,29.000397918,            0001141P0002288
80.606101854,-47.52,27.35724703,83.62317081,0.75,0.8125,1.,0.,   0001141P0002289
0.;                                                              0001141P0002290
126,2,2,1,0,1,0,0.8125,0.8125,0.8125,0.84375,0.84375,0.84375,1., 0001143P0002291
1.,1.,-47.52,27.35724703,83.62317081,-47.52,26.508578731,        0001143P0002292
85.181451798,-47.52,25.588774771,86.653769305,0.8125,0.84375,1., 0001143P0002293
0.,0.;                                                           0001143P0002294
126,2,2,1,0,1,0,0.84375,0.84375,0.84375,0.875,0.875,0.875,1.,1., 0001145P0002295
1.,-47.52,25.588774771,86.653769305,-47.52,24.642739652,         0001145P0002296
88.168074691,-47.52,23.628960346,89.579468389,0.84375,0.875,1.,  0001145P0002297
0.,0.;                                                           0001145P0002298
126,2,2,1,0,1,0,0.875,0.875,0.875,0.90625,0.90625,0.90625,1.,1., 0001147P0002299
1.,-47.52,23.628960346,89.579468389,-47.52,22.59239492,          0001147P0002300
91.022585053,-47.52,21.493972866,92.345656792,0.875,0.90625,1.,  0001147P0002301
0.,0.;                                                           0001147P0002302
126,2,2,1,0,1,0,0.90625,0.90625,0.90625,0.9375,0.9375,0.9375,1., 0001149P0002303
1.,1.,-47.52,21.493972866,92.345656792,-47.52,20.360207065,      0001149P0002304
93.711300907,-47.52,19.170801379,94.936677268,0.90625,0.9375,1., 0001149P0002305
0.,0.;                                                           0001149P0002306
126,2,2,1,0,1,0,0.9375,0.9375,0.9375,0.96875,0.96875,0.96875,1., 0001151P0002307
1.,1.,-47.52,19.170801379,94.936677268,-47.52,17.929493106,      0001151P0002308
96.215525906,-47.52,16.637208159,97.331830502,0.9375,0.96875,1., 0001151P0002309
0.,0.;                                                           0001151P0002310
126,2,2,1,0,1,0,0.96875,0.96875,0.96875,1.,1.,1.,1.,1.,1.,       0001153P0002311
-47.52,16.637208159,97.331830502,-47.52,15.27044783,             0001153P0002312
98.512468565,-47.52,13.85976488,99.5,0.96875,1.,1.,0.,0.;        0001153P0002313
110,-47.52,13.859764903,99.5,-47.52,-13.859764905,99.5;          0001155P0002314
126,2,2,1,0,1,0,0.,0.,0.,3.125E-02,3.125E-02,3.125E-02,1.,1.,1., 0001157P0002315
-47.52,-13.859764883,99.5,-47.52,-15.270160226,98.512669931,     0001157P0002316
-47.52,-16.636652498,97.332310553,0.,3.125E-02,1.,0.,0.;         0001157P0002317
126,2,2,1,0,1,0,3.125E-02,3.125E-02,3.125E-02,6.25E-02,6.25E-02, 0001159P0002318
6.25E-02,1.,1.,1.,-47.52,-16.636652498,97.332310553,-47.52,      0001159P0002319
-17.936358476,96.209640257,-47.52,-19.184470844,94.922587885,    0001159P0002320
3.125E-02,6.25E-02,1.,0.,0.;                                     0001159P0002321
126,2,2,1,0,1,0,6.25E-02,6.25E-02,6.25E-02,9.375E-02,9.375E-02,  0001161P0002322
9.375E-02,1.,1.,1.,-47.52,-19.184470844,94.922587885,-47.52,     0001161P0002323
-20.386391129,93.68316877,-47.52,-21.531360905,92.300565658,     0001161P0002324
6.25E-02,9.375E-02,1.,0.,0.;                                     0001161P0002325
126,2,2,1,0,1,0,9.375E-02,9.375E-02,9.375E-02,0.125,0.125,0.125, 0001163P0002326
1.,1.,1.,-47.52,-21.531360905,92.300565658,-47.52,-22.636789404, 0001163P0002327
90.965710345,-47.52,-23.679261579,89.509316593,9.375E-02,0.125,  0001163P0002328
1.,0.,0.;                                                        0001163P0002329
126,2,2,1,0,1,0,0.125,0.125,0.125,0.15625,0.15625,0.15625,1.,1., 0001165P0002330
1.,-47.52,-23.679261579,89.509316593,-47.52,-24.685085342,       0001165P0002331
88.10412277,-47.52,-25.623841381,86.597565916,0.125,0.15625,1.,  0001165P0002332
0.,0.;                                                           0001165P0002333
126,2,2,1,0,1,0,0.15625,0.15625,0.15625,0.1875,0.1875,0.1875,1., 0001167P0002334
1.,1.,-47.52,-25.623841381,86.597565916,-47.52,-26.538660433,    0001167P0002335
85.129424031,-47.52,-27.382802893,83.576197191,0.15625,0.1875,   0001167P0002336
1.,0.,0.;                                                        0001167P0002337
126,2,2,1,0,1,0,0.1875,0.1875,0.1875,0.25,0.25,0.25,1.,1.,1.,    0001169P0002338
-47.52,-27.382802893,83.576197191,-47.52,-29.035440033,          0001169P0002339
80.535335763,-47.52,-30.385485035,77.230415991,0.1875,0.25,1.,   0001169P0002340
0.,0.;                                                           0001169P0002341
126,2,2,1,0,1,0,0.25,0.25,0.25,0.3125,0.3125,0.3125,1.,1.,1.,    0001171P0002342
-47.52,-30.385485035,77.230415991,-47.52,-31.697063019,          0001171P0002343
74.01966383,-47.52,-32.694122348,70.629336659,0.25,0.3125,1.,0., 0001171P0002344
0.;                                                              0001171P0002345
126,2,2,1,0,1,0,0.3125,0.3125,0.3125,0.375,0.375,0.375,1.,1.,1., 0001173P0002346
-47.52,-32.694122348,70.629336659,-47.52,-33.670258791,          0001173P0002347
67.310154154,-47.52,-34.327714009,63.876552301,0.3125,0.375,1.,  0001173P0002348
0.,0.;                                                           0001173P0002349
126,2,2,1,0,1,0,0.375,0.375,0.375,0.4375,0.4375,0.4375,1.,1.,1., 0001175P0002350
-47.52,-34.327714009,63.876552301,-47.52,-34.982044285,          0001175P0002351
60.459270697,-47.52,-35.311156425,56.977657803,0.375,0.4375,1.,  0001175P0002352
0.,0.;                                                           0001175P0002353
126,2,2,1,0,1,0,0.4375,0.4375,0.4375,0.5,0.5,0.5,1.,1.,1.,       0001177P0002354
-47.52,-35.311156425,56.977657803,-47.52,-35.641716779,          0001177P0002355
53.480723571,-47.52,-35.639958862,49.962892716,0.4375,0.5,1.,0., 0001177P0002356
0.;                                                              0001177P0002357
126,2,2,1,0,1,0,0.5,0.5,0.5,0.5625,0.5625,0.5625,1.,1.,1.,       0001179P0002358
-47.52,-35.639958862,49.962892716,-47.52,-35.638211267,          0001179P0002359
46.465819487,-47.52,-35.308065062,42.989716934,0.5,0.5625,1.,0., 0001179P0002360
0.;                                                              0001179P0002361
126,2,2,1,0,1,0,0.5625,0.5625,0.5625,0.625,0.625,0.625,1.,1.,1., 0001181P0002362
-47.52,-35.308065062,42.989716934,-47.52,-34.976874836,          0001181P0002363
39.502621618,-47.52,-34.319442585,36.080319922,0.5625,0.625,1.,  0001181P0002364
0.,0.;                                                           0001181P0002365
126,2,2,1,0,1,0,0.625,0.625,0.625,0.6875,0.6875,0.6875,1.,1.,1., 0001183P0002366
-47.52,-34.319442585,36.080319922,-47.52,-33.652587535,          0001183P0002367
32.608967389,-47.52,-32.660073525,29.25525012,0.625,0.6875,1.,   0001183P0002368
0.,0.;                                                           0001183P0002369
126,2,2,1,0,1,0,0.6875,0.6875,0.6875,0.75,0.75,0.75,1.,1.,1.,    0001185P0002370
-47.52,-32.660073525,29.25525012,-47.52,-31.659339623,           0001185P0002371
25.873757709,-47.52,-30.345614867,22.672201263,0.6875,0.75,1.,   0001185P0002372
0.,0.;                                                           0001185P0002373
126,2,2,1,0,1,0,0.75,0.75,0.75,0.8125,0.8125,0.8125,1.,1.,1.,    0001187P0002374
-47.52,-30.345614867,22.672201263,-47.52,-29.000397921,          0001187P0002375
19.393898135,-47.52,-27.357247033,16.376829179,0.75,0.8125,1.,   0001187P0002376
0.,0.;                                                           0001187P0002377
126,2,2,1,0,1,0,0.8125,0.8125,0.8125,0.84375,0.84375,0.84375,1., 0001189P0002378
1.,1.,-47.52,-27.357247033,16.376829179,-47.52,-26.508578734,    0001189P0002379
14.81854829,-47.52,-25.588774774,13.346230685,0.8125,0.84375,1., 0001189P0002380
0.,0.;                                                           0001189P0002381
126,2,2,1,0,1,0,0.84375,0.84375,0.84375,0.875,0.875,0.875,1.,1., 0001191P0002382
1.,-47.52,-25.588774774,13.346230685,-47.52,-24.642739655,       0001191P0002383
11.831925298,-47.52,-23.628960349,10.420531699,0.84375,0.875,1., 0001191P0002384
0.,0.;                                                           0001191P0002385
126,2,2,1,0,1,0,0.875,0.875,0.875,0.90625,0.90625,0.90625,1.,1., 0001193P0002386
1.,-47.52,-23.628960349,10.420531699,-47.52,-22.592394923,       0001193P0002387
8.977415035,-47.52,-21.493972869,7.654343197,0.875,0.90625,1.,   0001193P0002388
0.,0.;                                                           0001193P0002389
126,2,2,1,0,1,0,0.90625,0.90625,0.90625,0.9375,0.9375,0.9375,1., 0001195P0002390
1.,1.,-47.52,-21.493972869,7.654343197,-47.52,-20.360207068,     0001195P0002391
6.288699082,-47.52,-19.170801382,5.063322721,0.90625,0.9375,1.,  0001195P0002392
0.,0.;                                                           0001195P0002393
126,2,2,1,0,1,0,0.9375,0.9375,0.9375,0.96875,0.96875,0.96875,1., 0001197P0002394
1.,1.,-47.52,-19.170801382,5.063322721,-47.52,-17.929493109,     0001197P0002395
3.784474083,-47.52,-16.637208234,2.668169487,0.9375,0.96875,1.,  0001197P0002396
0.,0.;                                                           0001197P0002397
126,2,2,1,0,1,0,0.96875,0.96875,0.96875,1.,1.,1.,1.,1.,1.,       0001199P0002398
-47.52,-16.637208234,2.668169487,-47.52,-15.270447761,           0001199P0002399
1.487531325,-47.52,-13.859764883,0.499999989,0.96875,1.,1.,0.,   0001199P0002400
0.;                                                              0001199P0002401
144,1203,1,0,1205;                                               0001201P0002402
128,1,1,1,1,0,0,1,0,0,0.,0.,1.,1.,0.,0.,1.,1.,1.,1.,1.,1.,       0001203P0002403
36.341591899,-47.52,0.499999989,-36.341590046,-47.52,            0001203P0002404
0.499999989,36.341591899,-47.52,99.5,-36.341590046,-47.52,99.5,  0001203P0002405
9.629265E-03,0.990370759,0.,1.;                                  0001203P0002406
142,0,1203,1207,1301,3;                                          0001205P0002407
102,46,1209,1211,1213,1215,1217,1219,1221,1223,1225,1227,1229,   0001207P0002408
1231,1233,1235,1237,1239,1241,1243,1245,1247,1249,1251,1253,     0001207P0002409
1255,1257,1259,1261,1263,1265,1267,1269,1271,1273,1275,1277,     0001207P0002410
1279,1281,1283,1285,1287,1289,1291,1293,1295,1297,1299;          0001207P0002411
126,1,1,1,0,1,0,3.387763118E-04,3.387763118E-04,27.719726651,    0001209P0002412
27.719726651,1.,1.,0.309313619,0.,0.,0.690686408,0.,0.,          0001209P0002413
3.387763118E-04,27.719726651,0.,0.,1.;                           0001209P0002414
126,2,2,1,0,1,0,0.,0.,0.,3.125E-02,3.125E-02,3.125E-02,1.,1.,1., 0001211P0002415
0.690686408,0.,0.,0.710091392,9.973041E-03,0.,0.728892026,       0001211P0002416
2.1895652E-02,0.,0.,3.125E-02,0.,0.,1.;                          0001211P0002417
126,2,2,1,0,1,0,3.125E-02,3.125E-02,3.125E-02,6.25E-02,6.25E-02, 0001213P0002418
6.25E-02,1.,1.,1.,0.728892026,2.1895652E-02,0.,0.746774048,      0001213P0002419
3.3235715E-02,0.,0.763946006,4.6236104E-02,0.,3.125E-02,         0001213P0002420
6.25E-02,0.,0.,1.;                                               0001213P0002421
126,2,2,1,0,1,0,6.25E-02,6.25E-02,6.25E-02,9.375E-02,9.375E-02,  0001215P0002422
9.375E-02,1.,1.,1.,0.763946006,4.6236104E-02,0.,0.780482475,     0001215P0002423
5.8755383E-02,0.,0.796235442,7.272108E-02,0.,6.25E-02,9.375E-02, 0001215P0002424
0.,0.,1.;                                                        0001215P0002425
126,2,2,1,0,1,0,9.375E-02,9.375E-02,9.375E-02,0.125,0.125,0.125, 0001217P0002426
1.,1.,1.,0.796235442,7.272108E-02,0.,0.811444335,8.6204433E-02,  0001217P0002427
0.,0.825787095,0.10091554,0.,9.375E-02,0.125,0.,0.,1.;           0001217P0002428
126,2,2,1,0,1,0,0.125,0.125,0.125,0.15625,0.15625,0.15625,1.,1., 0001219P0002429
1.,0.825787095,0.10091554,0.,0.839625568,0.115109411,0.,         0001219P0002430
0.852541327,0.130327208,0.,0.125,0.15625,0.,0.,1.;               0001219P0002431
126,2,2,1,0,1,0,0.15625,0.15625,0.15625,0.1875,0.1875,0.1875,1., 0001221P0002432
1.,1.,0.852541327,0.130327208,0.,0.865127714,0.145156928,0.,     0001221P0002433
0.876741726,0.160846126,0.,0.15625,0.1875,0.,0.,1.;              0001221P0002434
126,2,2,1,0,1,0,0.1875,0.1875,0.1875,0.25,0.25,0.25,1.,1.,1.,    0001223P0002435
0.876741726,0.160846126,0.,0.899479242,0.191561901,0.,           0001223P0002436
0.918053635,0.224944984,0.,0.1875,0.25,0.,0.,1.;                 0001223P0002437
126,2,2,1,0,1,0,0.25,0.25,0.25,0.3125,0.3125,0.3125,1.,1.,1.,    0001225P0002438
0.918053635,0.224944984,0.,0.93609879,0.257376886,0.,            0001225P0002439
0.949816689,0.291622659,0.,0.25,0.3125,0.,0.,1.;                 0001225P0002440
126,2,2,1,0,1,0,0.3125,0.3125,0.3125,0.375,0.375,0.375,1.,1.,1., 0001227P0002441
0.949816689,0.291622659,0.,0.963246727,0.325149805,0.,           0001227P0002442
0.972292232,0.359832677,0.,0.3125,0.375,0.,0.,1.;                0001227P0002443
126,2,2,1,0,1,0,0.375,0.375,0.375,0.4375,0.4375,0.4375,1.,1.,1., 0001229P0002444
0.972292232,0.359832677,0.,0.981294743,0.394350702,0.,           0001229P0002445
0.985822787,0.429518526,0.,0.375,0.4375,0.,0.,1.;                0001229P0002446
126,2,2,1,0,1,0,0.4375,0.4375,0.4375,0.5,0.5,0.5,1.,1.,1.,       0001231P0002447
0.985822787,0.429518526,0.,0.990370759,0.464841131,0.,           0001231P0002448
0.990346573,0.500374809,0.,0.4375,0.5,0.,0.,1.;                  0001231P0002449
126,2,2,1,0,1,0,0.5,0.5,0.5,0.5625,0.5625,0.5625,1.,1.,1.,       0001233P0002450
0.990346573,0.500374809,0.,0.990322531,0.535698821,0.,           0001233P0002451
0.985780257,0.570811011,0.,0.5,0.5625,0.,0.,1.;                  0001233P0002452
126,2,2,1,0,1,0,0.5625,0.5625,0.5625,0.625,0.625,0.625,1.,1.,1., 0001235P0002453
0.985780257,0.570811011,0.,0.981223621,0.60603422,0.,0.97217843, 0001235P0002454
0.640602957,0.,0.5625,0.625,0.,0.,1.;                            0001235P0002455
126,2,2,1,0,1,0,0.625,0.625,0.625,0.6875,0.6875,0.6875,1.,1.,1., 0001237P0002456
0.97217843,0.640602957,0.,0.963003601,0.675667144,0.,            0001237P0002457
0.949348238,0.709543121,0.,0.625,0.6875,0.,0.,1.;                0001237P0002458
126,2,2,1,0,1,0,0.6875,0.6875,0.6875,0.75,0.75,0.75,1.,1.,1.,    0001239P0002459
0.949348238,0.709543121,0.,0.935579787,0.743699646,0.,           0001239P0002460
0.917505103,0.776038654,0.,0.6875,0.75,0.,0.,1.;                 0001239P0002461
126,2,2,1,0,1,0,0.75,0.75,0.75,0.8125,0.8125,0.8125,1.,1.,1.,    0001241P0002462
0.917505103,0.776038654,0.,0.898997134,0.80915289,0.,            0001241P0002463
0.876390127,0.839628346,0.,0.75,0.8125,0.,0.,1.;                 0001241P0002464
126,2,2,1,0,1,0,0.8125,0.8125,0.8125,0.84375,0.84375,0.84375,1., 0001243P0002465
1.,1.,0.876390127,0.839628346,0.,0.864713853,0.855368588,0.,     0001243P0002466
0.85205889,0.870240479,0.,0.8125,0.84375,0.,0.,1.;               0001243P0002467
126,2,2,1,0,1,0,0.84375,0.84375,0.84375,0.875,0.875,0.875,1.,1., 0001245P0002468
1.,0.85205889,0.870240479,0.,0.839042986,0.885536541,0.,         0001245P0002469
0.825095062,0.899793032,0.,0.84375,0.875,0.,0.,1.;               0001245P0002470
126,2,2,1,0,1,0,0.875,0.875,0.875,0.90625,0.90625,0.90625,1.,1., 0001247P0002471
1.,0.825095062,0.899793032,0.,0.810833583,0.914370016,0.,        0001247P0002472
0.795721102,0.927734333,0.,0.875,0.90625,0.,0.,1.;               0001247P0002473
126,2,2,1,0,1,0,0.90625,0.90625,0.90625,0.9375,0.9375,0.9375,1., 0001249P0002474
1.,1.,0.795721102,0.927734333,0.,0.780122271,0.941528741,0.,     0001249P0002475
0.763757967,0.953906189,0.,0.90625,0.9375,0.,0.,1.;              0001249P0002476
126,2,2,1,0,1,0,0.9375,0.9375,0.9375,0.96875,0.96875,0.96875,1., 0001251P0002477
1.,1.,0.763757967,0.953906189,0.,0.746679611,0.966823723,0.,     0001251P0002478
0.72889968,0.978099495,0.,0.9375,0.96875,0.,0.,1.;               0001251P0002479
126,2,2,1,0,1,0,0.96875,0.96875,0.96875,1.,1.,1.,1.,1.,1.,       0001253P0002480
0.72889968,0.978099495,0.,0.710095353,0.990024923,0.,            0001253P0002481
0.690686408,1.,0.,0.96875,1.,0.,0.,1.;                           0001253P0002482
126,1,1,1,0,1,0,1.693518141E-04,1.693518141E-04,27.719557255,    0001255P0002483
27.719557255,1.,1.,0.690686408,1.,0.,0.309313618,1.,0.,          0001255P0002484
1.693518141E-04,27.719557255,0.,0.,1.;                           0001255P0002485
126,2,2,1,0,1,0,0.,0.,0.,3.125E-02,3.125E-02,3.125E-02,1.,1.,1., 0001257P0002486
0.309313618,1.,0.,0.289908631,0.990026958,0.,0.271107998,        0001257P0002487
0.97810435,0.,0.,3.125E-02,0.,0.,1.;                             0001257P0002488
126,2,2,1,0,1,0,3.125E-02,3.125E-02,3.125E-02,6.25E-02,6.25E-02, 0001259P0002489
6.25E-02,1.,1.,1.,0.271107998,0.97810435,0.,0.253225972,         0001259P0002490
0.966764286,0.,0.236054016,0.953763899,0.,3.125E-02,6.25E-02,0., 0001259P0002491
0.,1.;                                                           0001259P0002492
126,2,2,1,0,1,0,6.25E-02,6.25E-02,6.25E-02,9.375E-02,9.375E-02,  0001261P0002493
9.375E-02,1.,1.,1.,0.236054016,0.953763899,0.,0.219517548,       0001261P0002494
0.941244621,0.,0.203764582,0.927278922,0.,6.25E-02,9.375E-02,0., 0001261P0002495
0.,1.;                                                           0001261P0002496
126,2,2,1,0,1,0,9.375E-02,9.375E-02,9.375E-02,0.125,0.125,0.125, 0001263P0002497
1.,1.,1.,0.203764582,0.927278922,0.,0.188555692,0.91379557,0.,   0001263P0002498
0.174212934,0.89908446,0.,9.375E-02,0.125,0.,0.,1.;              0001263P0002499
126,2,2,1,0,1,0,0.125,0.125,0.125,0.15625,0.15625,0.15625,1.,1., 0001265P0002500
1.,0.174212934,0.89908446,0.,0.160374465,0.88489059,0.,          0001265P0002501
0.147458707,0.86967279,0.,0.125,0.15625,0.,0.,1.;                0001265P0002502
126,2,2,1,0,1,0,0.15625,0.15625,0.15625,0.1875,0.1875,0.1875,1., 0001267P0002503
1.,1.,0.147458707,0.86967279,0.,0.134872324,0.854843071,0.,      0001267P0002504
0.123258313,0.839153871,0.,0.15625,0.1875,0.,0.,1.;              0001267P0002505
126,2,2,1,0,1,0,0.1875,0.1875,0.1875,0.25,0.25,0.25,1.,1.,1.,    0001269P0002506
0.123258313,0.839153871,0.,0.100520802,0.808438094,0.,           0001269P0002507
8.1946408E-02,0.77505501,0.,0.1875,0.25,0.,0.,1.;                0001269P0002508
126,2,2,1,0,1,0,0.25,0.25,0.25,0.3125,0.3125,0.3125,1.,1.,1.,    0001271P0002509
8.1946408E-02,0.77505501,0.,6.3901252E-02,0.742623106,0.,        0001271P0002510
5.0183351E-02,0.708377339,0.,0.25,0.3125,0.,0.,1.;               0001271P0002511
126,2,2,1,0,1,0,0.3125,0.3125,0.3125,0.375,0.375,0.375,1.,1.,1., 0001273P0002512
5.0183351E-02,0.708377339,0.,3.6753308E-02,0.67485019,0.,        0001273P0002513
2.7707801E-02,0.640167322,0.,0.3125,0.375,0.,0.,1.;              0001273P0002514
126,2,2,1,0,1,0,0.375,0.375,0.375,0.4375,0.4375,0.4375,1.,1.,1., 0001275P0002515
2.7707801E-02,0.640167322,0.,1.8705285E-02,0.605649295,0.,       0001275P0002516
1.4177239E-02,0.570481471,0.,0.375,0.4375,0.,0.,1.;              0001275P0002517
126,2,2,1,0,1,0,0.4375,0.4375,0.4375,0.5,0.5,0.5,1.,1.,1.,       0001277P0002518
1.4177239E-02,0.570481471,0.,9.629265E-03,0.535158867,0.,        0001277P0002519
9.653451E-03,0.499625189,0.,0.4375,0.5,0.,0.,1.;                 0001277P0002520
126,2,2,1,0,1,0,0.5,0.5,0.5,0.5625,0.5625,0.5625,1.,1.,1.,       0001279P0002521
9.653451E-03,0.499625189,0.,9.677494E-03,0.464301178,0.,         0001279P0002522
1.421977E-02,0.429188989,0.,0.5,0.5625,0.,0.,1.;                 0001279P0002523
126,2,2,1,0,1,0,0.5625,0.5625,0.5625,0.625,0.625,0.625,1.,1.,1., 0001281P0002524
1.421977E-02,0.429188989,0.,1.8776408E-02,0.393965782,0.,        0001281P0002525
2.7821603E-02,0.359397044,0.,0.5625,0.625,0.,0.,1.;              0001281P0002526
126,2,2,1,0,1,0,0.625,0.625,0.625,0.6875,0.6875,0.6875,1.,1.,1., 0001283P0002527
2.7821603E-02,0.359397044,0.,3.6996434E-02,0.324332862,0.,       0001283P0002528
5.0651802E-02,0.290456882,0.,0.625,0.6875,0.,0.,1.;              0001283P0002529
126,2,2,1,0,1,0,0.6875,0.6875,0.6875,0.75,0.75,0.75,1.,1.,1.,    0001285P0002530
5.0651802E-02,0.290456882,0.,6.4420255E-02,0.256300362,0.,       0001285P0002531
8.2494941E-02,0.22396135,0.,0.6875,0.75,0.,0.,1.;                0001285P0002532
126,2,2,1,0,1,0,0.75,0.75,0.75,0.8125,0.8125,0.8125,1.,1.,1.,    0001287P0002533
8.2494941E-02,0.22396135,0.,0.10100291,0.190847114,0.,           0001287P0002534
0.123609912,0.160371657,0.,0.75,0.8125,0.,0.,1.;                 0001287P0002535
126,2,2,1,0,1,0,0.8125,0.8125,0.8125,0.84375,0.84375,0.84375,1., 0001289P0002536
1.,1.,0.123609912,0.160371657,0.,0.135286185,0.144631413,0.,     0001289P0002537
0.147941145,0.129759522,0.,0.8125,0.84375,0.,0.,1.;              0001289P0002538
126,2,2,1,0,1,0,0.84375,0.84375,0.84375,0.875,0.875,0.875,1.,1., 0001291P0002539
1.,0.147941145,0.129759522,0.,0.160957047,0.114463457,0.,        0001291P0002540
0.174904967,0.100206966,0.,0.84375,0.875,0.,0.,1.;               0001291P0002541
126,2,2,1,0,1,0,0.875,0.875,0.875,0.90625,0.90625,0.90625,1.,1., 0001293P0002542
1.,0.174904967,0.100206966,0.,0.189166445,8.562998E-02,0.,       0001293P0002543
0.204278923,7.2265663E-02,0.,0.875,0.90625,0.,0.,1.;             0001293P0002544
126,2,2,1,0,1,0,0.90625,0.90625,0.90625,0.9375,0.9375,0.9375,1., 0001295P0002545
1.,1.,0.204278923,7.2265663E-02,0.,0.219877753,5.8471254E-02,0., 0001295P0002546
0.236242056,4.6093807E-02,0.,0.90625,0.9375,0.,0.,1.;            0001295P0002547
126,2,2,1,0,1,0,0.9375,0.9375,0.9375,0.96875,0.96875,0.96875,1., 0001297P0002548
1.,1.,0.236242056,4.6093807E-02,0.,0.25332041,3.3176275E-02,0.,  0001297P0002549
0.271100345,2.1900503E-02,0.,0.9375,0.96875,0.,0.,1.;            0001297P0002550
126,2,2,1,0,1,0,0.96875,0.96875,0.96875,1.,1.,1.,1.,1.,1.,       0001299P0002551
0.271100345,2.1900503E-02,0.,0.289904671,9.975077E-03,0.,        0001299P0002552
0.309313619,0.,0.,0.96875,1.,0.,0.,1.;                           0001299P0002553
102,46,1303,1305,1307,1309,1311,1313,1315,1317,1319,1321,1323,   0001301P0002554
1325,1327,1329,1331,1333,1335,1337,1339,1341,1343,1345,1347,     0001301P0002555
1349,1351,1353,1355,1357,1359,1361,1363,1365,1367,1369,1371,     0001301P0002556
1373,1375,1377,1379,1381,1383,1385,1387,1389,1391,1393;          0001301P0002557
110,13.859693887,-47.52,0.5,-13.859693988,-47.52,0.5;            0001303P0002558
126,2,2,1,0,1,0,0.,0.,0.,3.125E-02,3.125E-02,3.125E-02,1.,1.,1., 0001305P0002559
-13.85969396,-47.52,0.499999989,-15.270109943,-47.52,            0001305P0002560
1.487331048,-16.636599845,-47.52,2.667669537,0.,3.125E-02,       0001305P0002561
2.251471694E-14,1.,0.;                                           0001305P0002562
126,2,2,1,0,1,0,3.125E-02,3.125E-02,3.125E-02,6.25E-02,6.25E-02, 0001307P0002563
6.25E-02,1.,1.,1.,-16.636599845,-47.52,2.667669537,              0001307P0002564
-17.936322103,-47.52,3.790335774,-19.184434651,-47.52,           0001307P0002565
5.077374286,3.125E-02,6.25E-02,0.,1.,0.;                         0001307P0002566
126,2,2,1,0,1,0,6.25E-02,6.25E-02,6.25E-02,9.375E-02,9.375E-02,  0001309P0002567
9.375E-02,1.,1.,1.,-19.184434651,-47.52,5.077374286,             0001309P0002568
-20.386357836,-47.52,6.316782907,-21.531333603,-47.52,           0001309P0002569
7.69938691,6.25E-02,9.375E-02,0.,1.,0.;                          0001309P0002570
126,2,2,1,0,1,0,9.375E-02,9.375E-02,9.375E-02,0.125,0.125,0.125, 0001311P0002571
1.,1.,1.,-21.531333603,-47.52,7.69938691,-22.63676434,-47.52,    0001311P0002572
9.034238857,-23.679241775,-47.52,10.49063845,9.375E-02,0.125,0., 0001311P0002573
1.,0.;                                                           0001311P0002574
126,2,2,1,0,1,0,0.125,0.125,0.125,0.15625,0.15625,0.15625,1.,1., 0001313P0002575
1.,-23.679241775,-47.52,10.49063845,-24.685066025,-47.52,        0001313P0002576
11.895831679,-25.623824487,-47.52,13.402393583,0.125,0.15625,0., 0001313P0002577
1.,0.;                                                           0001313P0002578
126,2,2,1,0,1,0,0.15625,0.15625,0.15625,0.1875,0.1875,0.1875,1., 0001315P0002579
1.,1.,-25.623824487,-47.52,13.402393583,-26.538643143,-47.52,    0001315P0002580
14.870535863,-27.38278649,-47.52,16.423766465,0.15625,0.1875,0., 0001315P0002581
1.,0.;                                                           0001315P0002582
126,2,2,1,0,1,0,0.1875,0.1875,0.1875,0.25,0.25,0.25,1.,1.,1.,    0001317P0002583
-27.38278649,-47.52,16.423766465,-29.035421503,-47.52,           0001317P0002584
19.46462819,-30.385467489,-47.52,22.769553408,0.1875,0.25,0.,1., 0001317P0002585
0.;                                                              0001317P0002586
126,2,2,1,0,1,0,0.25,0.25,0.25,0.3125,0.3125,0.3125,1.,1.,1.,    0001319P0002587
-30.385467489,-47.52,22.769553408,-31.697046773,-47.52,          0001319P0002588
25.980311706,-32.694107322,-47.52,29.370643233,0.25,0.3125,0.,   0001319P0002589
1.,0.;                                                           0001319P0002590
126,2,2,1,0,1,0,0.3125,0.3125,0.3125,0.375,0.375,0.375,1.,1.,1., 0001321P0002591
-32.694107322,-47.52,29.370643233,-33.670245217,-47.52,          0001321P0002592
32.689830688,-34.327701303,-47.52,36.123435016,0.3125,0.375,0.,  0001321P0002593
1.,0.;                                                           0001321P0002594
126,2,2,1,0,1,0,0.375,0.375,0.375,0.4375,0.4375,0.4375,1.,1.,1., 0001323P0002595
-34.327701303,-47.52,36.123435016,-34.982032448,-47.52,          0001323P0002596
39.540719491,-35.311145094,-47.52,43.022334068,0.375,0.4375,0.,  0001323P0002597
1.,0.;                                                           0001323P0002598
126,2,2,1,0,1,0,0.4375,0.4375,0.4375,0.5,0.5,0.5,1.,1.,1.,       0001325P0002599
-35.311145094,-47.52,43.022334068,-35.64170617,-47.52,           0001325P0002600
46.519271963,-35.639948255,-47.52,50.037106086,0.4375,0.5,0.,1., 0001325P0002601
0.;                                                              0001325P0002602
126,2,2,1,0,1,0,0.5,0.5,0.5,0.5625,0.5625,0.5625,1.,1.,1.,       0001327P0002603
-35.639948255,-47.52,50.037106086,-35.638200806,-47.52,          0001327P0002604
53.534183274,-35.308053878,-47.52,57.010290084,0.5,0.5625,0.,1., 0001327P0002605
0.;                                                              0001327P0002606
126,2,2,1,0,1,0,0.5625,0.5625,0.5625,0.625,0.625,0.625,1.,1.,1., 0001329P0002607
-35.308053878,-47.52,57.010290084,-34.976863075,-47.52,          0001329P0002608
60.497387776,-34.319429812,-47.52,63.919692739,0.5625,0.625,0.,  0001329P0002609
1.,0.;                                                           0001329P0002610
126,2,2,1,0,1,0,0.625,0.625,0.625,0.6875,0.6875,0.6875,1.,1.,1., 0001331P0002611
-34.319429812,-47.52,63.919692739,-33.652574046,-47.52,          0001331P0002612
67.391047252,-32.660058813,-47.52,70.744768976,0.625,0.6875,0.,  0001331P0002613
1.,0.;                                                           0001331P0002614
126,2,2,1,0,1,0,0.6875,0.6875,0.6875,0.75,0.75,0.75,1.,1.,1.,    0001333P0002615
-32.660058813,-47.52,70.744768976,-31.659323983,-47.52,          0001333P0002616
74.126264951,-30.345598438,-47.52,77.327826744,0.6875,0.75,0.,   0001333P0002617
1.,0.;                                                           0001333P0002618
126,2,2,1,0,1,0,0.75,0.75,0.75,0.8125,0.8125,0.8125,1.,1.,1.,    0001335P0002619
-30.345598438,-47.52,77.327826744,-29.000380359,-47.52,          0001335P0002620
80.606136108,-27.357231156,-47.52,83.623206252,0.75,0.8125,0.,   0001335P0002621
1.,0.;                                                           0001335P0002622
126,2,2,1,0,1,0,0.8125,0.8125,0.8125,0.84375,0.84375,0.84375,1., 0001337P0002623
1.,1.,-27.357231156,-47.52,83.623206252,-26.508562409,-47.52,    0001337P0002624
85.18149021,-25.588759431,-47.52,86.65380742,0.8125,0.84375,0.,  0001337P0002625
1.,0.;                                                           0001337P0002626
126,2,2,1,0,1,0,0.84375,0.84375,0.84375,0.875,0.875,0.875,1.,1., 0001339P0002627
1.,-25.588759431,-47.52,86.65380742,-24.642722112,-47.52,        0001339P0002628
88.168117558,-23.628942614,-47.52,89.579510167,0.84375,0.875,0., 0001339P0002629
1.,0.;                                                           0001339P0002630
126,2,2,1,0,1,0,0.875,0.875,0.875,0.90625,0.90625,0.90625,1.,1., 0001341P0002631
1.,-23.628942614,-47.52,89.579510167,-22.592372941,-47.52,       0001341P0002632
91.022631583,-21.493949735,-47.52,92.345698966,0.875,0.90625,0., 0001341P0002633
1.,0.;                                                           0001341P0002634
126,2,2,1,0,1,0,0.90625,0.90625,0.90625,0.9375,0.9375,0.9375,1., 0001343P0002635
1.,1.,-21.493949735,-47.52,92.345698966,-20.360177063,-47.52,    0001343P0002636
93.711345358,-19.170767378,-47.52,94.93671271,0.90625,0.9375,0., 0001343P0002637
1.,0.;                                                           0001343P0002638
126,2,2,1,0,1,0,0.9375,0.9375,0.9375,0.96875,0.96875,0.96875,1., 0001345P0002639
1.,1.,-19.170767378,-47.52,94.93671271,-17.929458122,-47.52,     0001345P0002640
96.215548577,-16.637156162,-47.52,97.331850005,0.9375,0.96875,   0001345P0002641
0.,1.,0.;                                                        0001345P0002642
126,2,2,1,0,1,0,0.96875,0.96875,0.96875,1.,1.,1.,1.,1.,1.,       0001347P0002643
-16.637156162,-47.52,97.331850005,-15.270397841,-47.52,          0001347P0002644
98.512467377,-13.85969396,-47.52,99.5,0.96875,1.,0.,1.,0.;       0001347P0002645
110,-13.859693965,-47.52,99.5,13.859693938,-47.52,99.5;          0001349P0002646
126,2,2,1,0,1,0,0.,0.,0.,3.125E-02,3.125E-02,3.125E-02,1.,1.,1., 0001351P0002647
13.859693924,-47.52,99.5,15.270110125,-47.52,98.512668842,       0001351P0002648
16.636599954,-47.52,97.33233065,0.,3.125E-02,0.,1.,0.;           0001351P0002649
126,2,2,1,0,1,0,3.125E-02,3.125E-02,3.125E-02,6.25E-02,6.25E-02, 0001353P0002650
6.25E-02,1.,1.,1.,16.636599954,-47.52,97.33233065,17.936322503,  0001353P0002651
-47.52,96.209664314,19.184434905,-47.52,94.922626,3.125E-02,     0001353P0002652
6.25E-02,0.,1.,0.;                                               0001353P0002653
126,2,2,1,0,1,0,6.25E-02,6.25E-02,6.25E-02,9.375E-02,9.375E-02,  0001355P0002654
9.375E-02,1.,1.,1.,19.184434905,-47.52,94.922626,20.386358018,   0001355P0002655
-47.52,93.683217478,21.531333712,-47.52,92.300613277,6.25E-02,   0001355P0002656
9.375E-02,0.,1.,0.;                                              0001355P0002657
126,2,2,1,0,1,0,9.375E-02,9.375E-02,9.375E-02,0.125,0.125,0.125, 0001357P0002658
1.,1.,1.,21.531333712,-47.52,92.300613277,22.636764231,-47.52,   0001357P0002659
90.965761429,23.67924152,-47.52,89.509361539,9.375E-02,0.125,0., 0001357P0002660
1.,0.;                                                           0001357P0002661
126,2,2,1,0,1,0,0.125,0.125,0.125,0.15625,0.15625,0.15625,1.,1., 0001359P0002662
1.,23.67924152,-47.52,89.509361539,24.68506548,-47.52,           0001359P0002663
88.104168409,25.623823869,-47.52,86.597606209,0.125,0.15625,0.,  0001359P0002664
1.,0.;                                                           0001359P0002665
126,2,2,1,0,1,0,0.15625,0.15625,0.15625,0.1875,0.1875,0.1875,1., 0001361P0002666
1.,1.,25.623823869,-47.52,86.597606209,26.538642235,-47.52,      0001361P0002667
85.129464027,27.382785509,-47.52,83.576233227,0.15625,0.1875,0., 0001361P0002668
1.,0.;                                                           0001361P0002669
126,2,2,1,0,1,0,0.1875,0.1875,0.1875,0.25,0.25,0.25,1.,1.,1.,    0001363P0002670
27.382785509,-47.52,83.576233227,29.035420158,-47.52,            0001363P0002671
80.535371304,30.385466217,-47.52,77.230445988,0.1875,0.25,0.,1., 0001363P0002672
0.;                                                              0001363P0002673
126,2,2,1,0,1,0,0.25,0.25,0.25,0.3125,0.3125,0.3125,1.,1.,1.,    0001365P0002674
30.385466217,-47.52,77.230445988,31.697045574,-47.52,            0001365P0002675
74.019687491,32.694106268,-47.52,70.629356558,0.25,0.3125,0.,1., 0001365P0002676
0.;                                                              0001365P0002677
126,2,2,1,0,1,0,0.3125,0.3125,0.3125,0.375,0.375,0.375,1.,1.,1., 0001367P0002678
32.694106268,-47.52,70.629356558,33.670244527,-47.52,            0001367P0002679
67.310168806,34.327700758,-47.52,63.876564874,0.3125,0.375,0.,   0001367P0002680
1.,0.;                                                           0001367P0002681
126,2,2,1,0,1,0,0.375,0.375,0.375,0.4375,0.4375,0.4375,1.,1.,1., 0001369P0002682
34.327700758,-47.52,63.876564874,34.982032266,-47.52,            0001369P0002683
60.459280201,35.311145057,-47.52,56.977665624,0.375,0.4375,0.,   0001369P0002684
1.,0.;                                                           0001369P0002685
126,2,2,1,0,1,0,0.4375,0.4375,0.4375,0.5,0.5,0.5,1.,1.,1.,       0001371P0002686
35.311145057,-47.52,56.977665624,35.641706279,-47.52,            0001371P0002687
53.480727828,35.639948364,-47.52,49.962893706,0.4375,0.5,0.,1.,  0001371P0002688
0.;                                                              0001371P0002689
126,2,2,1,0,1,0,0.5,0.5,0.5,0.5625,0.5625,0.5625,1.,1.,1.,       0001373P0002690
35.639948364,-47.52,49.962893706,35.638200842,-47.52,            0001373P0002691
46.465816616,35.308053769,-47.52,42.989709905,0.5,0.5625,0.,1.,  0001373P0002692
0.;                                                              0001373P0002693
126,2,2,1,0,1,0,0.5625,0.5625,0.5625,0.625,0.625,0.625,1.,1.,1., 0001375P0002694
35.308053769,-47.52,42.989709905,34.97686282,-47.52,             0001375P0002695
39.502612411,34.319429266,-47.52,36.080307349,0.5625,0.625,0.,   0001375P0002696
1.,0.;                                                           0001375P0002697
126,2,2,1,0,1,0,0.625,0.625,0.625,0.6875,0.6875,0.6875,1.,1.,1., 0001377P0002698
34.319429266,-47.52,36.080307349,33.652573355,-47.52,            0001377P0002699
32.608953331,32.660057759,-47.52,29.25523131,0.625,0.6875,0.,1., 0001377P0002700
0.;                                                              0001377P0002701
126,2,2,1,0,1,0,0.6875,0.6875,0.6875,0.75,0.75,0.75,1.,1.,1.,    0001379P0002702
32.660057759,-47.52,29.25523131,31.659322784,-47.52,25.87373583, 0001379P0002703
30.345597093,-47.52,22.672173642,0.6875,0.75,0.,1.,0.;           0001379P0002704
126,2,2,1,0,1,0,0.75,0.75,0.75,0.8125,0.8125,0.8125,1.,1.,1.,    0001381P0002705
30.345597093,-47.52,22.672173642,29.000379015,-47.52,            0001381P0002706
19.393864277,27.357230175,-47.52,16.376794034,0.75,0.8125,0.,1., 0001381P0002707
0.;                                                              0001381P0002708
126,2,2,1,0,1,0,0.8125,0.8125,0.8125,0.84375,0.84375,0.84375,1., 0001383P0002709
1.,1.,27.357230175,-47.52,16.376794034,26.5085615,-47.52,        0001383P0002710
14.818509878,25.58875874,-47.52,13.346192669,0.8125,0.84375,0.,  0001383P0002711
1.,0.;                                                           0001383P0002712
126,2,2,1,0,1,0,0.84375,0.84375,0.84375,0.875,0.875,0.875,1.,1., 0001385P0002713
1.,25.58875874,-47.52,13.346192669,24.642721567,-47.52,          0001385P0002714
11.831882233,23.62894236,-47.52,10.420489624,0.84375,0.875,0.,   0001385P0002715
1.,0.;                                                           0001385P0002716
126,2,2,1,0,1,0,0.875,0.875,0.875,0.90625,0.90625,0.90625,1.,1., 0001387P0002717
1.,23.62894236,-47.52,10.420489624,22.592372759,-47.52,          0001387P0002718
8.97736801,21.493949771,-47.52,7.654300627,0.875,0.90625,0.,1.,  0001387P0002719
0.;                                                              0001387P0002720
126,2,2,1,0,1,0,0.90625,0.90625,0.90625,0.9375,0.9375,0.9375,1., 0001389P0002721
1.,1.,21.493949771,-47.52,7.654300627,20.360177172,-47.52,       0001389P0002722
6.288654136,19.17076756,-47.52,5.063286883,0.90625,0.9375,0.,1., 0001389P0002723
0.;                                                              0001389P0002724
126,2,2,1,0,1,0,0.9375,0.9375,0.9375,0.96875,0.96875,0.96875,1., 0001391P0002725
1.,1.,19.17076756,-47.52,5.063286883,17.929458449,-47.52,        0001391P0002726
3.784451214,16.637156198,-47.52,2.668149786,0.9375,0.96875,0.,   0001391P0002727
1.,0.;                                                           0001391P0002728
126,2,2,1,0,1,0,0.96875,0.96875,0.96875,1.,1.,1.,1.,1.,1.,       0001393P0002729
16.637156198,-47.52,2.668149786,15.27039795,-47.52,1.487532612,  0001393P0002730
13.859693851,-47.52,0.499999989,0.96875,1.,0.,1.,0.;             0001393P0002731
144,1397,1,0,1399;                                               0001395P0002732
128,1,1,1,1,0,0,1,0,0,0.,0.,1.,1.,0.,0.,1.,1.,1.,1.,1.,1.,47.52, 0001397P0002733
-36.341595515,0.499999989,47.52,-36.341595515,99.5,47.52,        0001397P0002734
36.341595515,0.499999989,47.52,36.341595515,99.5,0.,1.,          0001397P0002735
9.629276E-03,0.990370724;                                        0001397P0002736
142,0,1397,1401,1495,3;                                          0001399P0002737
102,46,1403,1405,1407,1409,1411,1413,1415,1417,1419,1421,1423,   0001401P0002738
1425,1427,1429,1431,1433,1435,1437,1439,1441,1443,1445,1447,     0001401P0002739
1449,1451,1453,1455,1457,1459,1461,1463,1465,1467,1469,1471,     0001401P0002740
1473,1475,1477,1479,1481,1483,1485,1487,1489,1491,1493;          0001401P0002741
126,1,1,1,0,1,0,3.357236588E-04,3.357236588E-04,27.71973226,     0001403P0002742
27.71973226,1.,1.,0.,0.690686431,0.,0.,0.309313569,0.,           0001403P0002743
3.357236588E-04,27.71973226,0.,0.,1.;                            0001403P0002744
126,2,2,1,0,1,0,0.,0.,0.,3.125E-02,3.125E-02,3.125E-02,1.,1.,1., 0001405P0002745
0.,0.309313569,0.,9.973026E-03,0.289908543,0.,2.1895612E-02,     0001405P0002746
0.271107918,0.,0.,3.125E-02,0.,0.,1.;                            0001405P0002747
126,2,2,1,0,1,0,3.125E-02,3.125E-02,3.125E-02,6.25E-02,6.25E-02, 0001407P0002748
6.25E-02,1.,1.,1.,2.1895612E-02,0.271107918,0.,3.3235659E-02,    0001407P0002749
0.253225895,0.,4.6236053E-02,0.23605394,0.,3.125E-02,6.25E-02,   0001407P0002750
0.,0.,1.;                                                        0001407P0002751
126,2,2,1,0,1,0,6.25E-02,6.25E-02,6.25E-02,9.375E-02,9.375E-02,  0001409P0002752
9.375E-02,1.,1.,1.,4.6236053E-02,0.23605394,0.,5.8755315E-02,    0001409P0002753
0.219517503,0.,7.2721037E-02,0.203764533,0.,6.25E-02,9.375E-02,  0001409P0002754
0.,0.,1.;                                                        0001409P0002755
126,2,2,1,0,1,0,9.375E-02,9.375E-02,9.375E-02,0.125,0.125,0.125, 0001411P0002756
1.,1.,1.,7.2721037E-02,0.203764533,0.,8.6204387E-02,0.188555666, 0001411P0002757
0.,0.100915515,0.174212911,0.,9.375E-02,0.125,0.,0.,1.;          0001411P0002758
126,2,2,1,0,1,0,0.125,0.125,0.125,0.15625,0.15625,0.15625,1.,1., 0001413P0002759
1.,0.100915515,0.174212911,0.,0.11510939,0.160374456,0.,         0001413P0002760
0.130327198,0.147458704,0.,0.125,0.15625,0.,0.,1.;               0001413P0002761
126,2,2,1,0,1,0,0.15625,0.15625,0.15625,0.1875,0.1875,0.1875,1., 0001415P0002762
1.,1.,0.130327198,0.147458704,0.,0.145156924,0.134872328,0.,     0001415P0002763
0.160846126,0.123258323,0.,0.15625,0.1875,0.,0.,1.;              0001415P0002764
126,2,2,1,0,1,0,0.1875,0.1875,0.1875,0.25,0.25,0.25,1.,1.,1.,    0001417P0002765
0.160846126,0.123258323,0.,0.191561919,0.100520812,0.,           0001417P0002766
0.224944991,8.1946425E-02,0.,0.1875,0.25,0.,0.,1.;               0001417P0002767
126,2,2,1,0,1,0,0.25,0.25,0.25,0.3125,0.3125,0.3125,1.,1.,1.,    0001419P0002768
0.224944991,8.1946425E-02,0.,0.257376902,6.3901266E-02,0.,       0001419P0002769
0.291622662,5.0183366E-02,0.,0.25,0.3125,0.,0.,1.;               0001419P0002770
126,2,2,1,0,1,0,0.3125,0.3125,0.3125,0.375,0.375,0.375,1.,1.,1., 0001421P0002771
0.291622662,5.0183366E-02,0.,0.325149811,3.6753321E-02,0.,       0001421P0002772
0.359832679,2.7707813E-02,0.,0.3125,0.375,0.,0.,1.;              0001421P0002773
126,2,2,1,0,1,0,0.375,0.375,0.375,0.4375,0.4375,0.4375,1.,1.,1., 0001423P0002774
0.359832679,2.7707813E-02,0.,0.394350706,1.8705296E-02,0.,       0001423P0002775
0.429518531,1.417725E-02,0.,0.375,0.4375,0.,0.,1.;               0001423P0002776
126,2,2,1,0,1,0,0.4375,0.4375,0.4375,0.5,0.5,0.5,1.,1.,1.,       0001425P0002777
0.429518531,1.417725E-02,0.,0.464841135,9.629276E-03,0.,         0001425P0002778
0.500374814,9.653462E-03,0.,0.4375,0.5,0.,0.,1.;                 0001425P0002779
126,2,2,1,0,1,0,0.5,0.5,0.5,0.5625,0.5625,0.5625,1.,1.,1.,       0001427P0002780
0.500374814,9.653462E-03,0.,0.535698824,9.677505E-03,0.,         0001427P0002781
0.570811013,1.4219781E-02,0.,0.5,0.5625,0.,0.,1.;                0001427P0002782
126,2,2,1,0,1,0,0.5625,0.5625,0.5625,0.625,0.625,0.625,1.,1.,1., 0001429P0002783
0.570811013,1.4219781E-02,0.,0.606034219,1.8776419E-02,0.,       0001429P0002784
0.640602956,2.7821614E-02,0.,0.5625,0.625,0.,0.,1.;              0001429P0002785
126,2,2,1,0,1,0,0.625,0.625,0.625,0.6875,0.6875,0.6875,1.,1.,1., 0001431P0002786
0.640602956,2.7821614E-02,0.,0.675667137,3.6996447E-02,0.,       0001431P0002787
0.709543117,5.0651816E-02,0.,0.625,0.6875,0.,0.,1.;              0001431P0002788
126,2,2,1,0,1,0,0.6875,0.6875,0.6875,0.75,0.75,0.75,1.,1.,1.,    0001433P0002789
0.709543117,5.0651816E-02,0.,0.74369963,6.4420268E-02,0.,        0001433P0002790
0.776038649,8.2494958E-02,0.,0.6875,0.75,0.,0.,1.;               0001433P0002791
126,2,2,1,0,1,0,0.75,0.75,0.75,0.8125,0.8125,0.8125,1.,1.,1.,    0001435P0002792
0.776038649,8.2494958E-02,0.,0.809152871,0.101002919,0.,         0001435P0002793
0.839628342,0.123609918,0.,0.75,0.8125,0.,0.,1.;                 0001435P0002794
126,2,2,1,0,1,0,0.8125,0.8125,0.8125,0.84375,0.84375,0.84375,1., 0001437P0002795
1.,1.,0.839628342,0.123609918,0.,0.855368585,0.135286183,0.,     0001437P0002796
0.87024048,0.147941132,0.,0.8125,0.84375,0.,0.,1.;               0001437P0002797
126,2,2,1,0,1,0,0.84375,0.84375,0.84375,0.875,0.875,0.875,1.,1., 0001439P0002798
1.,0.87024048,0.147941132,0.,0.885536552,0.160957028,0.,         0001439P0002799
0.899793047,0.174904931,0.,0.84375,0.875,0.,0.,1.;               0001439P0002800
126,2,2,1,0,1,0,0.875,0.875,0.875,0.90625,0.90625,0.90625,1.,1., 0001441P0002801
1.,0.899793047,0.174904931,0.,0.91437005,0.189166406,0.,         0001441P0002802
0.927734366,0.20427886,0.,0.875,0.90625,0.,0.,1.;                0001441P0002803
126,2,2,1,0,1,0,0.90625,0.90625,0.90625,0.9375,0.9375,0.9375,1., 0001443P0002804
1.,1.,0.927734366,0.20427886,0.,0.9415288,0.219877694,0.,        0001443P0002805
0.953906233,0.23624197,0.,0.90625,0.9375,0.,0.,1.;               0001443P0002806
126,2,2,1,0,1,0,0.9375,0.9375,0.9375,0.96875,0.96875,0.96875,1., 0001445P0002807
1.,1.,0.953906233,0.23624197,0.,0.966823774,0.253320325,0.,      0001445P0002808
0.978099531,0.271100259,0.,0.9375,0.96875,0.,0.,1.;              0001445P0002809
126,2,2,1,0,1,0,0.96875,0.96875,0.96875,1.,1.,1.,1.,1.,1.,       0001447P0002810
0.978099531,0.271100259,0.,0.990024937,0.28990458,0.,1.,         0001447P0002811
0.309313569,0.,0.96875,1.,0.,0.,1.;                              0001447P0002812
126,1,1,1,0,1,0,1.671713396E-04,1.671713396E-04,27.719563794,    0001449P0002813
27.719563794,1.,1.,1.,0.309313569,0.,1.,0.690686431,0.,          0001449P0002814
1.671713396E-04,27.719563794,0.,0.,1.;                           0001449P0002815
126,2,2,1,0,1,0,0.,0.,0.,3.125E-02,3.125E-02,3.125E-02,1.,1.,1., 0001451P0002816
1.,0.690686431,0.,0.990026974,0.710091457,0.,0.978104388,        0001451P0002817
0.728892082,0.,0.,3.125E-02,0.,0.,1.;                            0001451P0002818
126,2,2,1,0,1,0,3.125E-02,3.125E-02,3.125E-02,6.25E-02,6.25E-02, 0001453P0002819
6.25E-02,1.,1.,1.,0.978104388,0.728892082,0.,0.966764341,        0001453P0002820
0.746774105,0.,0.953763947,0.76394606,0.,3.125E-02,6.25E-02,0.,  0001453P0002821
0.,1.;                                                           0001453P0002822
126,2,2,1,0,1,0,6.25E-02,6.25E-02,6.25E-02,9.375E-02,9.375E-02,  0001455P0002823
9.375E-02,1.,1.,1.,0.953763947,0.76394606,0.,0.941244685,        0001455P0002824
0.780482498,0.,0.927278963,0.796235467,0.,6.25E-02,9.375E-02,0., 0001455P0002825
0.,1.;                                                           0001455P0002826
126,2,2,1,0,1,0,9.375E-02,9.375E-02,9.375E-02,0.125,0.125,0.125, 0001457P0002827
1.,1.,1.,0.927278963,0.796235467,0.,0.913795613,0.811444334,0.,  0001457P0002828
0.899084485,0.82578709,0.,9.375E-02,0.125,0.,0.,1.;              0001457P0002829
126,2,2,1,0,1,0,0.125,0.125,0.125,0.15625,0.15625,0.15625,1.,1., 0001459P0002830
1.,0.899084485,0.82578709,0.,0.88489061,0.839625544,0.,          0001459P0002831
0.869672802,0.852541296,0.,0.125,0.15625,0.,0.,1.;               0001459P0002832
126,2,2,1,0,1,0,0.15625,0.15625,0.15625,0.1875,0.1875,0.1875,1., 0001461P0002833
1.,1.,0.869672802,0.852541296,0.,0.854843076,0.865127672,0.,     0001461P0002834
0.839153874,0.876741678,0.,0.15625,0.1875,0.,0.,1.;              0001461P0002835
126,2,2,1,0,1,0,0.1875,0.1875,0.1875,0.25,0.25,0.25,1.,1.,1.,    0001463P0002836
0.839153874,0.876741678,0.,0.808438081,0.899479188,0.,           0001463P0002837
0.775055009,0.918053575,0.,0.1875,0.25,0.,0.,1.;                 0001463P0002838
126,2,2,1,0,1,0,0.25,0.25,0.25,0.3125,0.3125,0.3125,1.,1.,1.,    0001465P0002839
0.775055009,0.918053575,0.,0.742623098,0.936098734,0.,           0001465P0002840
0.708377338,0.949816634,0.,0.25,0.3125,0.,0.,1.;                 0001465P0002841
126,2,2,1,0,1,0,0.3125,0.3125,0.3125,0.375,0.375,0.375,1.,1.,1., 0001467P0002842
0.708377338,0.949816634,0.,0.674850189,0.963246679,0.,           0001467P0002843
0.640167321,0.972292187,0.,0.3125,0.375,0.,0.,1.;                0001467P0002844
126,2,2,1,0,1,0,0.375,0.375,0.375,0.4375,0.4375,0.4375,1.,1.,1., 0001469P0002845
0.640167321,0.972292187,0.,0.605649294,0.981294704,0.,           0001469P0002846
0.570481469,0.98582275,0.,0.375,0.4375,0.,0.,1.;                 0001469P0002847
126,2,2,1,0,1,0,0.4375,0.4375,0.4375,0.5,0.5,0.5,1.,1.,1.,       0001471P0002848
0.570481469,0.98582275,0.,0.535158865,0.990370724,0.,            0001471P0002849
0.499625186,0.990346538,0.,0.4375,0.5,0.,0.,1.;                  0001471P0002850
126,2,2,1,0,1,0,0.5,0.5,0.5,0.5625,0.5625,0.5625,1.,1.,1.,       0001473P0002851
0.499625186,0.990346538,0.,0.464301176,0.990322495,0.,           0001473P0002852
0.429188987,0.985780219,0.,0.5,0.5625,0.,0.,1.;                  0001473P0002853
126,2,2,1,0,1,0,0.5625,0.5625,0.5625,0.625,0.625,0.625,1.,1.,1., 0001475P0002854
0.429188987,0.985780219,0.,0.393965781,0.981223581,0.,           0001475P0002855
0.359397044,0.972178386,0.,0.5625,0.625,0.,0.,1.;                0001475P0002856
126,2,2,1,0,1,0,0.625,0.625,0.625,0.6875,0.6875,0.6875,1.,1.,1., 0001477P0002857
0.359397044,0.972178386,0.,0.324332863,0.963003553,0.,           0001477P0002858
0.290456883,0.949348184,0.,0.625,0.6875,0.,0.,1.;                0001477P0002859
126,2,2,1,0,1,0,0.6875,0.6875,0.6875,0.75,0.75,0.75,1.,1.,1.,    0001479P0002860
0.290456883,0.949348184,0.,0.25630037,0.935579732,0.,            0001479P0002861
0.223961352,0.917505042,0.,0.6875,0.75,0.,0.,1.;                 0001479P0002862
126,2,2,1,0,1,0,0.75,0.75,0.75,0.8125,0.8125,0.8125,1.,1.,1.,    0001481P0002863
0.223961352,0.917505042,0.,0.190847129,0.898997081,0.,           0001481P0002864
0.160371658,0.876390082,0.,0.75,0.8125,0.,0.,1.;                 0001481P0002865
126,2,2,1,0,1,0,0.8125,0.8125,0.8125,0.84375,0.84375,0.84375,1., 0001483P0002866
1.,1.,0.160371658,0.876390082,0.,0.144631415,0.864713817,0.,     0001483P0002867
0.129759521,0.852058868,0.,0.8125,0.84375,0.,0.,1.;              0001483P0002868
126,2,2,1,0,1,0,0.84375,0.84375,0.84375,0.875,0.875,0.875,1.,1., 0001485P0002869
1.,0.129759521,0.852058868,0.,0.114463448,0.839042972,0.,        0001485P0002870
0.100206953,0.825095069,0.,0.84375,0.875,0.,0.,1.;               0001485P0002871
126,2,2,1,0,1,0,0.875,0.875,0.875,0.90625,0.90625,0.90625,1.,1., 0001487P0002872
1.,0.100206953,0.825095069,0.,8.562995E-02,0.810833594,0.,       0001487P0002873
7.2265634E-02,0.79572114,0.,0.875,0.90625,0.,0.,1.;              0001487P0002874
126,2,2,1,0,1,0,0.90625,0.90625,0.90625,0.9375,0.9375,0.9375,1., 0001489P0002875
1.,1.,7.2265634E-02,0.79572114,0.,5.84712E-02,0.780122306,0.,    0001489P0002876
4.6093767E-02,0.76375803,0.,0.90625,0.9375,0.,0.,1.;             0001489P0002877
126,2,2,1,0,1,0,0.9375,0.9375,0.9375,0.96875,0.96875,0.96875,1., 0001491P0002878
1.,1.,4.6093767E-02,0.76375803,0.,3.3176226E-02,0.746679675,0.,  0001491P0002879
2.1900469E-02,0.728899741,0.,0.9375,0.96875,0.,0.,1.;            0001491P0002880
126,2,2,1,0,1,0,0.96875,0.96875,0.96875,1.,1.,1.,1.,1.,1.,       0001493P0002881
2.1900469E-02,0.728899741,0.,9.975063E-03,0.71009542,0.,0.,      0001493P0002882
0.690686431,0.,0.96875,1.,0.,0.,1.;                              0001493P0002883
102,46,1497,1499,1501,1503,1505,1507,1509,1511,1513,1515,1517,   0001495P0002884
1519,1521,1523,1525,1527,1529,1531,1533,1535,1537,1539,1541,     0001495P0002885
1543,1545,1547,1549,1551,1553,1555,1557,1559,1561,1563,1565,     0001495P0002886
1567,1569,1571,1573,1575,1577,1579,1581,1583,1585,1587;          0001495P0002887
110,47.52,13.85969826,0.5,47.52,-13.859698276,0.5;               0001497P0002888
126,2,2,1,0,1,0,0.,0.,0.,3.125E-02,3.125E-02,3.125E-02,1.,1.,1., 0001499P0002889
47.52,-13.859698291,0.499999989,47.52,-15.270117503,1.487329563, 0001499P0002890
47.52,-16.636606921,2.667665577,0.,3.125E-02,-1.,                0001499P0002891
2.251451526E-14,0.;                                              0001499P0002892
126,2,2,1,0,1,0,3.125E-02,3.125E-02,3.125E-02,6.25E-02,6.25E-02, 0001501P0002893
6.25E-02,1.,1.,1.,47.52,-16.636606921,2.667665577,47.52,         0001501P0002894
-17.936329415,3.79033023,47.52,-19.1844419,5.077369237,          0001501P0002895
3.125E-02,6.25E-02,-1.,0.,0.;                                    0001501P0002896
126,2,2,1,0,1,0,6.25E-02,6.25E-02,6.25E-02,9.375E-02,9.375E-02,  0001503P0002897
9.375E-02,1.,1.,1.,47.52,-19.1844419,5.077369237,47.52,          0001503P0002898
-20.38636291,6.316776175,47.52,-21.531339038,7.699382653,        0001503P0002899
6.25E-02,9.375E-02,-1.,0.,0.;                                    0001503P0002900
126,2,2,1,0,1,0,9.375E-02,9.375E-02,9.375E-02,0.125,0.125,0.125, 0001505P0002901
1.,1.,1.,47.52,-21.531339038,7.699382653,47.52,-22.636768023,    0001505P0002902
9.034234303,47.52,-23.679245225,10.490635975,9.375E-02,0.125,    0001505P0002903
-1.,0.,0.;                                                       0001505P0002904
126,2,2,1,0,1,0,0.125,0.125,0.125,0.15625,0.15625,0.15625,1.,1., 0001507P0002905
1.,47.52,-23.679245225,10.490635975,47.52,-24.685068293,         0001507P0002906
11.8958296,47.52,-25.623826363,13.402392593,0.125,0.15625,-1.,   0001507P0002907
0.,0.;                                                           0001507P0002908
126,2,2,1,0,1,0,0.15625,0.15625,0.15625,0.1875,0.1875,0.1875,1., 0001509P0002909
1.,1.,47.52,-25.623826363,13.402392593,47.52,-26.538644334,      0001509P0002910
14.870535467,47.52,-27.382787278,16.423766465,0.15625,0.1875,    0001509P0002911
-1.,0.,0.;                                                       0001509P0002912
126,2,2,1,0,1,0,0.1875,0.1875,0.1875,0.25,0.25,0.25,1.,1.,1.,    0001511P0002913
47.52,-27.382787278,16.423766465,47.52,-29.035422134,            0001511P0002914
19.464629972,47.52,-30.385467852,22.769554101,0.1875,0.25,-1.,   0001511P0002915
0.,0.;                                                           0001511P0002916
126,2,2,1,0,1,0,0.25,0.25,0.25,0.3125,0.3125,0.3125,1.,1.,1.,    0001513P0002917
47.52,-30.385467852,22.769554101,47.52,-31.697047591,            0001513P0002918
25.98031329,47.52,-32.694108337,29.37064353,0.25,0.3125,-1.,0.,  0001513P0002919
0.;                                                              0001513P0002920
126,2,2,1,0,1,0,0.3125,0.3125,0.3125,0.375,0.375,0.375,1.,1.,1., 0001515P0002921
47.52,-32.694108337,29.37064353,47.52,-33.670246863,             0001515P0002922
32.689831282,47.52,-34.327703249,36.123435214,0.3125,0.375,-1.,  0001515P0002923
0.,0.;                                                           0001515P0002924
126,2,2,1,0,1,0,0.375,0.375,0.375,0.4375,0.4375,0.4375,1.,1.,1., 0001517P0002925
47.52,-34.327703249,36.123435214,47.52,-34.982034912,            0001517P0002926
39.540719887,47.52,-35.311147745,43.022334563,0.375,0.4375,-1.,  0001517P0002927
0.,0.;                                                           0001517P0002928
126,2,2,1,0,1,0,0.4375,0.4375,0.4375,0.5,0.5,0.5,1.,1.,1.,47.52, 0001519P0002929
-35.311147745,43.022334563,47.52,-35.641709008,46.519272359,     0001519P0002930
47.52,-35.639951092,50.037106581,0.4375,0.5,-1.,0.,0.;           0001519P0002931
126,2,2,1,0,1,0,0.5,0.5,0.5,0.5625,0.5625,0.5625,1.,1.,1.,47.52, 0001521P0002932
-35.639951092,50.037106581,47.52,-35.63820357,53.534183571,      0001521P0002933
47.52,-35.308056456,57.010290282,0.5,0.5625,-1.,0.,0.;           0001521P0002934
126,2,2,1,0,1,0,0.5625,0.5625,0.5625,0.625,0.625,0.625,1.,1.,1., 0001523P0002935
47.52,-35.308056456,57.010290282,47.52,-34.976865466,            0001523P0002936
60.497387677,47.52,-34.31943183,63.91969264,0.5625,0.625,-1.,0., 0001523P0002937
0.;                                                              0001523P0002938
126,2,2,1,0,1,0,0.625,0.625,0.625,0.6875,0.6875,0.6875,1.,1.,1., 0001525P0002939
47.52,-34.31943183,63.91969264,47.52,-33.65257569,67.391046559,  0001525P0002940
47.52,-32.660059896,70.74476858,0.625,0.6875,-1.,0.,0.;          0001525P0002941
126,2,2,1,0,1,0,0.6875,0.6875,0.6875,0.75,0.75,0.75,1.,1.,1.,    0001527P0002942
47.52,-32.660059896,70.74476858,47.52,-31.659324869,             0001527P0002943
74.126263367,47.52,-30.345598723,77.327826249,0.6875,0.75,-1.,   0001527P0002944
0.,0.;                                                           0001527P0002945
126,2,2,1,0,1,0,0.75,0.75,0.75,0.8125,0.8125,0.8125,1.,1.,1.,    0001529P0002946
47.52,-30.345598723,77.327826249,47.52,-29.000381058,            0001529P0002947
80.606134227,47.52,-27.357232232,83.623205856,0.75,0.8125,-1.,   0001529P0002948
0.,0.;                                                           0001529P0002949
126,2,2,1,0,1,0,0.8125,0.8125,0.8125,0.84375,0.84375,0.84375,1., 0001531P0002950
1.,1.,47.52,-27.357232232,83.623205856,47.52,-26.508564032,      0001531P0002951
85.181489913,47.52,-25.588761956,86.653807519,0.8125,0.84375,    0001531P0002952
-1.,0.,0.;                                                       0001531P0002953
126,2,2,1,0,1,0,0.84375,0.84375,0.84375,0.875,0.875,0.875,1.,1., 0001533P0002954
1.,47.52,-25.588761956,86.653807519,47.52,-24.642725101,         0001533P0002955
88.168118647,47.52,-23.628947003,89.579511652,0.84375,0.875,-1., 0001533P0002956
0.,0.;                                                           0001533P0002957
126,2,2,1,0,1,0,0.875,0.875,0.875,0.90625,0.90625,0.90625,1.,1., 0001535P0002958
1.,47.52,-23.628947003,89.579511652,47.52,-22.592377491,         0001535P0002959
91.022634949,47.52,-21.49395611,92.345702233,0.875,0.90625,-1.,  0001535P0002960
0.,0.;                                                           0001535P0002961
126,2,2,1,0,1,0,0.90625,0.90625,0.90625,0.9375,0.9375,0.9375,1., 0001537P0002962
1.,1.,47.52,-21.49395611,92.345702233,47.52,-20.360183079,       0001537P0002963
93.711351199,47.52,-19.17077528,94.936717066,0.90625,0.9375,-1., 0001537P0002964
0.,0.;                                                           0001537P0002965
126,2,2,1,0,1,0,0.9375,0.9375,0.9375,0.96875,0.96875,0.96875,1., 0001539P0002966
1.,1.,47.52,-19.17077528,94.936717066,47.52,-17.929465941,       0001539P0002967
96.215553626,47.52,-16.637163602,97.331853569,0.9375,0.96875,    0001539P0002968
-1.,0.,0.;                                                       0001539P0002969
126,2,2,1,0,1,0,0.96875,0.96875,0.96875,1.,1.,1.,1.,1.,1.,47.52, 0001541P0002970
-16.637163602,97.331853569,47.52,-15.270405546,98.512468763,     0001541P0002971
47.52,-13.859698291,99.5,0.96875,1.,-1.,0.,0.;                   0001541P0002972
110,47.52,-13.859698307,99.5,47.52,13.859698315,99.5;            0001543P0002973
126,2,2,1,0,1,0,0.,0.,0.,3.125E-02,3.125E-02,3.125E-02,1.,1.,1., 0001545P0002974
47.52,13.859698291,99.5,47.52,15.270117503,98.512670426,47.52,   0001545P0002975
16.636606921,97.332334412,0.,3.125E-02,-1.,0.,0.;                0001545P0002976
126,2,2,1,0,1,0,3.125E-02,3.125E-02,3.125E-02,6.25E-02,6.25E-02, 0001547P0002977
6.25E-02,1.,1.,1.,47.52,16.636606921,97.332334412,47.52,         0001547P0002978
17.936329415,96.209669759,47.52,19.1844419,94.922630752,         0001547P0002979
3.125E-02,6.25E-02,-1.,0.,0.;                                    0001547P0002980
126,2,2,1,0,1,0,6.25E-02,6.25E-02,6.25E-02,9.375E-02,9.375E-02,  0001549P0002981
9.375E-02,1.,1.,1.,47.52,19.1844419,94.922630752,47.52,          0001549P0002982
20.386362982,93.683223814,47.52,21.531339038,92.300617336,       0001549P0002983
6.25E-02,9.375E-02,-1.,0.,0.;                                    0001549P0002984
126,2,2,1,0,1,0,9.375E-02,9.375E-02,9.375E-02,0.125,0.125,0.125, 0001551P0002985
1.,1.,1.,47.52,21.531339038,92.300617336,47.52,22.636768023,     0001551P0002986
90.965765686,47.52,23.679245297,89.509364014,9.375E-02,0.125,    0001551P0002987
-1.,0.,0.;                                                       0001551P0002988
126,2,2,1,0,1,0,0.125,0.125,0.125,0.15625,0.15625,0.15625,1.,1., 0001553P0002989
1.,47.52,23.679245297,89.509364014,47.52,24.685068293,           0001553P0002990
88.104170389,47.52,25.623826363,86.597607397,0.125,0.15625,-1.,  0001553P0002991
0.,0.;                                                           0001553P0002992
126,2,2,1,0,1,0,0.15625,0.15625,0.15625,0.1875,0.1875,0.1875,1., 0001555P0002993
1.,1.,47.52,25.623826363,86.597607397,47.52,26.538644334,        0001555P0002994
85.129464522,47.52,27.382787351,83.576233524,0.15625,0.1875,-1., 0001555P0002995
0.,0.;                                                           0001555P0002996
126,2,2,1,0,1,0,0.1875,0.1875,0.1875,0.25,0.25,0.25,1.,1.,1.,    0001557P0002997
47.52,27.382787351,83.576233524,47.52,29.035422134,80.535370017, 0001557P0002998
47.52,30.385467852,77.230445889,0.1875,0.25,-1.,0.,0.;           0001557P0002999
126,2,2,1,0,1,0,0.25,0.25,0.25,0.3125,0.3125,0.3125,1.,1.,1.,    0001559P0003000
47.52,30.385467852,77.230445889,47.52,31.697047591,74.019686699, 0001559P0003001
47.52,32.694108337,70.629356459,0.25,0.3125,-1.,0.,0.;           0001559P0003002
126,2,2,1,0,1,0,0.3125,0.3125,0.3125,0.375,0.375,0.375,1.,1.,1., 0001561P0003003
47.52,32.694108337,70.629356459,47.52,33.670246863,67.310168707, 0001561P0003004
47.52,34.327703249,63.876564775,0.3125,0.375,-1.,0.,0.;          0001561P0003005
126,2,2,1,0,1,0,0.375,0.375,0.375,0.4375,0.4375,0.4375,1.,1.,1., 0001563P0003006
47.52,34.327703249,63.876564775,47.52,34.982034912,60.459280102, 0001563P0003007
47.52,35.311147745,56.977665426,0.375,0.4375,-1.,0.,0.;          0001563P0003008
126,2,2,1,0,1,0,0.4375,0.4375,0.4375,0.5,0.5,0.5,1.,1.,1.,47.52, 0001565P0003009
35.311147745,56.977665426,47.52,35.641709008,53.48072763,47.52,  0001565P0003010
35.639951092,49.962893409,0.4375,0.5,-1.,0.,0.;                  0001565P0003011
126,2,2,1,0,1,0,0.5,0.5,0.5,0.5625,0.5625,0.5625,1.,1.,1.,47.52, 0001567P0003012
35.639951092,49.962893409,47.52,35.63820357,46.465816418,47.52,  0001567P0003013
35.308056456,42.989709707,0.5,0.5625,-1.,0.,0.;                  0001567P0003014
126,2,2,1,0,1,0,0.5625,0.5625,0.5625,0.625,0.625,0.625,1.,1.,1., 0001569P0003015
47.52,35.308056456,42.989709707,47.52,34.976865466,39.502612312, 0001569P0003016
47.52,34.31943183,36.080307349,0.5625,0.625,-1.,0.,0.;           0001569P0003017
126,2,2,1,0,1,0,0.625,0.625,0.625,0.6875,0.6875,0.6875,1.,1.,1., 0001571P0003018
47.52,34.31943183,36.080307349,47.52,33.65257569,32.60895343,    0001571P0003019
47.52,32.660059896,29.255231409,0.625,0.6875,-1.,0.,0.;          0001571P0003020
126,2,2,1,0,1,0,0.6875,0.6875,0.6875,0.75,0.75,0.75,1.,1.,1.,    0001573P0003021
47.52,32.660059896,29.255231409,47.52,31.659324869,25.873736622, 0001573P0003022
47.52,30.345598723,22.67217384,0.6875,0.75,-1.,0.,0.;            0001573P0003023
126,2,2,1,0,1,0,0.75,0.75,0.75,0.8125,0.8125,0.8125,1.,1.,1.,    0001575P0003024
47.52,30.345598723,22.67217384,47.52,29.000381058,19.393865762,  0001575P0003025
47.52,27.357232232,16.376794133,0.75,0.8125,-1.,0.,0.;           0001575P0003026
126,2,2,1,0,1,0,0.8125,0.8125,0.8125,0.84375,0.84375,0.84375,1., 0001577P0003027
1.,1.,47.52,27.357232232,16.376794133,47.52,26.508564032,        0001577P0003028
14.818510076,47.52,25.588761956,13.34619257,0.8125,0.84375,-1.,  0001577P0003029
0.,0.;                                                           0001577P0003030
126,2,2,1,0,1,0,0.84375,0.84375,0.84375,0.875,0.875,0.875,1.,1., 0001579P0003031
1.,47.52,25.588761956,13.34619257,47.52,24.642725101,            0001579P0003032
11.831881342,47.52,23.628947003,10.420488337,0.84375,0.875,-1.,  0001579P0003033
0.,0.;                                                           0001579P0003034
126,2,2,1,0,1,0,0.875,0.875,0.875,0.90625,0.90625,0.90625,1.,1., 0001581P0003035
1.,47.52,23.628947003,10.420488337,47.52,22.592377491,           0001581P0003036
8.97736504,47.52,21.49395611,7.654297756,0.875,0.90625,-1.,0.,   0001581P0003037
0.;                                                              0001581P0003038
126,2,2,1,0,1,0,0.90625,0.90625,0.90625,0.9375,0.9375,0.9375,1., 0001583P0003039
1.,1.,47.52,21.49395611,7.654297756,47.52,20.360183079,          0001583P0003040
6.28864879,47.52,19.17077528,5.063282923,0.90625,0.9375,-1.,0.,  0001583P0003041
0.;                                                              0001583P0003042
126,2,2,1,0,1,0,0.9375,0.9375,0.9375,0.96875,0.96875,0.96875,1., 0001585P0003043
1.,1.,47.52,19.17077528,5.063282923,47.52,17.929465941,          0001585P0003044
3.784446363,47.52,16.637163602,2.66814642,0.9375,0.96875,-1.,0., 0001585P0003045
0.;                                                              0001585P0003046
126,2,2,1,0,1,0,0.96875,0.96875,0.96875,1.,1.,1.,1.,1.,1.,47.52, 0001587P0003047
16.637163602,2.66814642,47.52,15.270405546,1.487531226,47.52,    0001587P0003048
13.859698291,0.499999989,0.96875,1.,-1.,0.,0.;                   0001587P0003049
144,1591,1,0,1593;                                               0001589P0003050
128,1,1,1,1,0,0,1,0,0,0.,0.,1.,1.,0.,0.,1.,1.,1.,1.,1.,1.,       0001591P0003051
-36.341590046,47.52,99.5,-36.341590046,47.52,0.499999989,        0001591P0003052
36.341591899,47.52,99.5,36.341591899,47.52,0.499999989,0.,1.,    0001591P0003053
9.629241E-03,0.990370735;                                        0001591P0003054
142,0,1591,1595,1689,3;                                          0001593P0003055
102,46,1597,1599,1601,1603,1605,1607,1609,1611,1613,1615,1617,   0001595P0003056
1619,1621,1623,1625,1627,1629,1631,1633,1635,1637,1639,1641,     0001595P0003057
1643,1645,1647,1649,1651,1653,1655,1657,1659,1661,1663,1665,     0001595P0003058
1667,1669,1671,1673,1675,1677,1679,1681,1683,1685,1687;          0001595P0003059
126,1,1,1,0,1,0,3.387036277E-04,3.387036277E-04,27.719726506,    0001597P0003060
27.719726506,1.,1.,1.,0.309313592,0.,1.,0.690686381,0.,          0001597P0003061
3.387036277E-04,27.719726506,0.,0.,1.;                           0001597P0003062
126,2,2,1,0,1,0,0.,0.,0.,3.125E-02,3.125E-02,3.125E-02,1.,1.,1., 0001599P0003063
1.,0.690686381,0.,0.990026958,0.710091369,0.,0.97810435,         0001599P0003064
0.728892002,0.,0.,3.125E-02,0.,0.,1.;                            0001599P0003065
126,2,2,1,0,1,0,3.125E-02,3.125E-02,3.125E-02,6.25E-02,6.25E-02, 0001601P0003066
6.25E-02,1.,1.,1.,0.97810435,0.728892002,0.,0.966764286,         0001601P0003067
0.746774028,0.,0.953763899,0.763945984,0.,3.125E-02,6.25E-02,0., 0001601P0003068
0.,1.;                                                           0001601P0003069
126,2,2,1,0,1,0,6.25E-02,6.25E-02,6.25E-02,9.375E-02,9.375E-02,  0001603P0003070
9.375E-02,1.,1.,1.,0.953763899,0.763945984,0.,0.941244621,       0001603P0003071
0.780482452,0.,0.927278922,0.796235418,0.,6.25E-02,9.375E-02,0., 0001603P0003072
0.,1.;                                                           0001603P0003073
126,2,2,1,0,1,0,9.375E-02,9.375E-02,9.375E-02,0.125,0.125,0.125, 0001605P0003074
1.,1.,1.,0.927278922,0.796235418,0.,0.91379557,0.811444308,0.,   0001605P0003075
0.89908446,0.825787066,0.,9.375E-02,0.125,0.,0.,1.;              0001605P0003076
126,2,2,1,0,1,0,0.125,0.125,0.125,0.15625,0.15625,0.15625,1.,1., 0001607P0003077
1.,0.89908446,0.825787066,0.,0.88489059,0.839625535,0.,          0001607P0003078
0.86967279,0.852541293,0.,0.125,0.15625,0.,0.,1.;                0001607P0003079
126,2,2,1,0,1,0,0.15625,0.15625,0.15625,0.1875,0.1875,0.1875,1., 0001609P0003080
1.,1.,0.86967279,0.852541293,0.,0.854843071,0.865127676,0.,      0001609P0003081
0.839153871,0.876741687,0.,0.15625,0.1875,0.,0.,1.;              0001609P0003082
126,2,2,1,0,1,0,0.1875,0.1875,0.1875,0.25,0.25,0.25,1.,1.,1.,    0001611P0003083
0.839153871,0.876741687,0.,0.808438094,0.899479198,0.,           0001611P0003084
0.77505501,0.918053592,0.,0.1875,0.25,0.,0.,1.;                  0001611P0003085
126,2,2,1,0,1,0,0.25,0.25,0.25,0.3125,0.3125,0.3125,1.,1.,1.,    0001613P0003086
0.77505501,0.918053592,0.,0.742623106,0.936098748,0.,            0001613P0003087
0.708377339,0.949816649,0.,0.25,0.3125,0.,0.,1.;                 0001613P0003088
126,2,2,1,0,1,0,0.3125,0.3125,0.3125,0.375,0.375,0.375,1.,1.,1., 0001615P0003089
0.708377339,0.949816649,0.,0.67485019,0.963246692,0.,            0001615P0003090
0.640167322,0.972292199,0.,0.3125,0.375,0.,0.,1.;                0001615P0003091
126,2,2,1,0,1,0,0.375,0.375,0.375,0.4375,0.4375,0.4375,1.,1.,1., 0001617P0003092
0.640167322,0.972292199,0.,0.605649295,0.981294715,0.,           0001617P0003093
0.570481471,0.985822761,0.,0.375,0.4375,0.,0.,1.;                0001617P0003094
126,2,2,1,0,1,0,0.4375,0.4375,0.4375,0.5,0.5,0.5,1.,1.,1.,       0001619P0003095
0.570481471,0.985822761,0.,0.535158867,0.990370735,0.,           0001619P0003096
0.499625189,0.990346549,0.,0.4375,0.5,0.,0.,1.;                  0001619P0003097
126,2,2,1,0,1,0,0.5,0.5,0.5,0.5625,0.5625,0.5625,1.,1.,1.,       0001621P0003098
0.499625189,0.990346549,0.,0.464301178,0.990322506,0.,           0001621P0003099
0.429188989,0.98578023,0.,0.5,0.5625,0.,0.,1.;                   0001621P0003100
126,2,2,1,0,1,0,0.5625,0.5625,0.5625,0.625,0.625,0.625,1.,1.,1., 0001623P0003101
0.429188989,0.98578023,0.,0.393965782,0.981223592,0.,            0001623P0003102
0.359397044,0.972178397,0.,0.5625,0.625,0.,0.,1.;                0001623P0003103
126,2,2,1,0,1,0,0.625,0.625,0.625,0.6875,0.6875,0.6875,1.,1.,1., 0001625P0003104
0.359397044,0.972178397,0.,0.324332861,0.963003566,0.,           0001625P0003105
0.290456882,0.949348198,0.,0.625,0.6875,0.,0.,1.;                0001625P0003106
126,2,2,1,0,1,0,0.6875,0.6875,0.6875,0.75,0.75,0.75,1.,1.,1.,    0001627P0003107
0.290456882,0.949348198,0.,0.256300361,0.935579745,0.,           0001627P0003108
0.22396135,0.917505059,0.,0.6875,0.75,0.,0.,1.;                  0001627P0003109
126,2,2,1,0,1,0,0.75,0.75,0.75,0.8125,0.8125,0.8125,1.,1.,1.,    0001629P0003110
0.22396135,0.917505059,0.,0.190847114,0.89899709,0.,0.160371657, 0001629P0003111
0.876390088,0.,0.75,0.8125,0.,0.,1.;                             0001629P0003112
126,2,2,1,0,1,0,0.8125,0.8125,0.8125,0.84375,0.84375,0.84375,1., 0001631P0003113
1.,1.,0.160371657,0.876390088,0.,0.144631413,0.864713815,0.,     0001631P0003114
0.129759522,0.852058855,0.,0.8125,0.84375,0.,0.,1.;              0001631P0003115
126,2,2,1,0,1,0,0.84375,0.84375,0.84375,0.875,0.875,0.875,1.,1., 0001633P0003116
1.,0.129759522,0.852058855,0.,0.114463457,0.839042953,0.,        0001633P0003117
0.100206966,0.825095033,0.,0.84375,0.875,0.,0.,1.;               0001633P0003118
126,2,2,1,0,1,0,0.875,0.875,0.875,0.90625,0.90625,0.90625,1.,1., 0001635P0003119
1.,0.100206966,0.825095033,0.,8.562998E-02,0.810833555,0.,       0001635P0003120
7.2265663E-02,0.795721077,0.,0.875,0.90625,0.,0.,1.;             0001635P0003121
126,2,2,1,0,1,0,0.90625,0.90625,0.90625,0.9375,0.9375,0.9375,1., 0001637P0003122
1.,1.,7.2265663E-02,0.795721077,0.,5.8471254E-02,0.780122247,0., 0001637P0003123
4.6093807E-02,0.763757944,0.,0.90625,0.9375,0.,0.,1.;            0001637P0003124
126,2,2,1,0,1,0,0.9375,0.9375,0.9375,0.96875,0.96875,0.96875,1., 0001639P0003125
1.,1.,4.6093807E-02,0.763757944,0.,3.3176275E-02,0.74667959,0.,  0001639P0003126
2.1900503E-02,0.728899655,0.,0.9375,0.96875,0.,0.,1.;            0001639P0003127
126,2,2,1,0,1,0,0.96875,0.96875,0.96875,1.,1.,1.,1.,1.,1.,       0001641P0003128
2.1900503E-02,0.728899655,0.,9.975077E-03,0.710095329,0.,0.,     0001641P0003129
0.690686381,0.,0.96875,1.,0.,0.,1.;                              0001641P0003130
126,1,1,1,0,1,0,1.694244972E-04,1.694244972E-04,27.719557255,    0001643P0003131
27.719557255,1.,1.,0.,0.690686381,0.,0.,0.309313592,0.,          0001643P0003132
1.694244972E-04,27.719557255,0.,0.,1.;                           0001643P0003133
126,2,2,1,0,1,0,0.,0.,0.,3.125E-02,3.125E-02,3.125E-02,1.,1.,1., 0001645P0003134
0.,0.309313592,0.,9.973041E-03,0.289908608,0.,2.1895652E-02,     0001645P0003135
0.271107974,0.,0.,3.125E-02,0.,0.,1.;                            0001645P0003136
126,2,2,1,0,1,0,3.125E-02,3.125E-02,3.125E-02,6.25E-02,6.25E-02, 0001647P0003137
6.25E-02,1.,1.,1.,2.1895652E-02,0.271107974,0.,3.3235715E-02,    0001647P0003138
0.253225952,0.,4.6236104E-02,0.236053993,0.,3.125E-02,6.25E-02,  0001647P0003139
0.,0.,1.;                                                        0001647P0003140
126,2,2,1,0,1,0,6.25E-02,6.25E-02,6.25E-02,9.375E-02,9.375E-02,  0001649P0003141
9.375E-02,1.,1.,1.,4.6236104E-02,0.236053993,0.,5.8755383E-02,   0001649P0003142
0.219517525,0.,7.272108E-02,0.203764558,0.,6.25E-02,9.375E-02,   0001649P0003143
0.,0.,1.;                                                        0001649P0003144
126,2,2,1,0,1,0,9.375E-02,9.375E-02,9.375E-02,0.125,0.125,0.125, 0001651P0003145
1.,1.,1.,7.272108E-02,0.203764558,0.,8.6204433E-02,0.188555665,  0001651P0003146
0.,0.10091554,0.174212905,0.,9.375E-02,0.125,0.,0.,1.;           0001651P0003147
126,2,2,1,0,1,0,0.125,0.125,0.125,0.15625,0.15625,0.15625,1.,1., 0001653P0003148
1.,0.10091554,0.174212905,0.,0.115109411,0.160374432,0.,         0001653P0003149
0.130327208,0.147458673,0.,0.125,0.15625,0.,0.,1.;               0001653P0003150
126,2,2,1,0,1,0,0.15625,0.15625,0.15625,0.1875,0.1875,0.1875,1., 0001655P0003151
1.,1.,0.130327208,0.147458673,0.,0.145156928,0.134872286,0.,     0001655P0003152
0.160846126,0.123258274,0.,0.15625,0.1875,0.,0.,1.;              0001655P0003153
126,2,2,1,0,1,0,0.1875,0.1875,0.1875,0.25,0.25,0.25,1.,1.,1.,    0001657P0003154
0.160846126,0.123258274,0.,0.191561901,0.100520758,0.,           0001657P0003155
0.224944984,8.1946365E-02,0.,0.1875,0.25,0.,0.,1.;               0001657P0003156
126,2,2,1,0,1,0,0.25,0.25,0.25,0.3125,0.3125,0.3125,1.,1.,1.,    0001659P0003157
0.224944984,8.1946365E-02,0.,0.257376886,6.390121E-02,0.,        0001659P0003158
0.291622659,5.0183311E-02,0.,0.25,0.3125,0.,0.,1.;               0001659P0003159
126,2,2,1,0,1,0,0.3125,0.3125,0.3125,0.375,0.375,0.375,1.,1.,1., 0001661P0003160
0.291622659,5.0183311E-02,0.,0.325149805,3.6753273E-02,0.,       0001661P0003161
0.359832677,2.7707768E-02,0.,0.3125,0.375,0.,0.,1.;              0001661P0003162
126,2,2,1,0,1,0,0.375,0.375,0.375,0.4375,0.4375,0.4375,1.,1.,1., 0001663P0003163
0.359832677,2.7707768E-02,0.,0.394350702,1.8705257E-02,0.,       0001663P0003164
0.429518526,1.4177213E-02,0.,0.375,0.4375,0.,0.,1.;              0001663P0003165
126,2,2,1,0,1,0,0.4375,0.4375,0.4375,0.5,0.5,0.5,1.,1.,1.,       0001665P0003166
0.429518526,1.4177213E-02,0.,0.464841131,9.629241E-03,0.,        0001665P0003167
0.500374809,9.653427E-03,0.,0.4375,0.5,0.,0.,1.;                 0001665P0003168
126,2,2,1,0,1,0,0.5,0.5,0.5,0.5625,0.5625,0.5625,1.,1.,1.,       0001667P0003169
0.500374809,9.653427E-03,0.,0.535698821,9.677469E-03,0.,         0001667P0003170
0.570811011,1.4219743E-02,0.,0.5,0.5625,0.,0.,1.;                0001667P0003171
126,2,2,1,0,1,0,0.5625,0.5625,0.5625,0.625,0.625,0.625,1.,1.,1., 0001669P0003172
0.570811011,1.4219743E-02,0.,0.60603422,1.8776379E-02,0.,        0001669P0003173
0.640602957,2.782157E-02,0.,0.5625,0.625,0.,0.,1.;               0001669P0003174
126,2,2,1,0,1,0,0.625,0.625,0.625,0.6875,0.6875,0.6875,1.,1.,1., 0001671P0003175
0.640602957,2.782157E-02,0.,0.675667144,3.6996399E-02,0.,        0001671P0003176
0.709543121,5.0651762E-02,0.,0.625,0.6875,0.,0.,1.;              0001671P0003177
126,2,2,1,0,1,0,0.6875,0.6875,0.6875,0.75,0.75,0.75,1.,1.,1.,    0001673P0003178
0.709543121,5.0651762E-02,0.,0.743699646,6.4420213E-02,0.,       0001673P0003179
0.776038654,8.2494897E-02,0.,0.6875,0.75,0.,0.,1.;               0001673P0003180
126,2,2,1,0,1,0,0.75,0.75,0.75,0.8125,0.8125,0.8125,1.,1.,1.,    0001675P0003181
0.776038654,8.2494897E-02,0.,0.80915289,0.101002866,0.,          0001675P0003182
0.839628346,0.123609873,0.,0.75,0.8125,0.,0.,1.;                 0001675P0003183
126,2,2,1,0,1,0,0.8125,0.8125,0.8125,0.84375,0.84375,0.84375,1., 0001677P0003184
1.,1.,0.839628346,0.123609873,0.,0.855368588,0.135286147,0.,     0001677P0003185
0.870240479,0.14794111,0.,0.8125,0.84375,0.,0.,1.;               0001677P0003186
126,2,2,1,0,1,0,0.84375,0.84375,0.84375,0.875,0.875,0.875,1.,1., 0001679P0003187
1.,0.870240479,0.14794111,0.,0.885536541,0.160957014,0.,         0001679P0003188
0.899793032,0.174904938,0.,0.84375,0.875,0.,0.,1.;               0001679P0003189
126,2,2,1,0,1,0,0.875,0.875,0.875,0.90625,0.90625,0.90625,1.,1., 0001681P0003190
1.,0.899793032,0.174904938,0.,0.914370016,0.189166417,0.,        0001681P0003191
0.927734333,0.204278898,0.,0.875,0.90625,0.,0.,1.;               0001681P0003192
126,2,2,1,0,1,0,0.90625,0.90625,0.90625,0.9375,0.9375,0.9375,1., 0001683P0003193
1.,1.,0.927734333,0.204278898,0.,0.941528741,0.219877729,0.,     0001683P0003194
0.953906189,0.236242033,0.,0.90625,0.9375,0.,0.,1.;              0001683P0003195
126,2,2,1,0,1,0,0.9375,0.9375,0.9375,0.96875,0.96875,0.96875,1., 0001685P0003196
1.,1.,0.953906189,0.236242033,0.,0.966823723,0.253320389,0.,     0001685P0003197
0.978099495,0.27110032,0.,0.9375,0.96875,0.,0.,1.;               0001685P0003198
126,2,2,1,0,1,0,0.96875,0.96875,0.96875,1.,1.,1.,1.,1.,1.,       0001687P0003199
0.978099495,0.27110032,0.,0.990024923,0.289904647,0.,1.,         0001687P0003200
0.309313592,0.,0.96875,1.,0.,0.,1.;                              0001687P0003201
102,46,1691,1693,1695,1697,1699,1701,1703,1705,1707,1709,1711,   0001689P0003202
1713,1715,1717,1719,1721,1723,1725,1727,1729,1731,1733,1735,     0001689P0003203
1737,1739,1741,1743,1745,1747,1749,1751,1753,1755,1757,1759,     0001689P0003204
1761,1763,1765,1767,1769,1771,1773,1775,1777,1779,1781;          0001689P0003205
110,-13.859693959,47.52,0.5,13.859693843,47.52,0.5;              0001691P0003206
126,2,2,1,0,1,0,0.,0.,0.,3.125E-02,3.125E-02,3.125E-02,1.,1.,1., 0001693P0003207
13.859693851,47.52,0.499999989,15.270110125,47.52,1.487331147,   0001693P0003208
16.636599954,47.52,2.667669339,0.,3.125E-02,0.,-1.,0.;           0001693P0003209
126,2,2,1,0,1,0,3.125E-02,3.125E-02,3.125E-02,6.25E-02,6.25E-02, 0001695P0003210
6.25E-02,1.,1.,1.,16.636599954,47.52,2.667669339,17.936322503,   0001695P0003211
47.52,3.790335675,19.184434905,47.52,5.077373989,3.125E-02,      0001695P0003212
6.25E-02,0.,-1.,0.;                                              0001695P0003213
126,2,2,1,0,1,0,6.25E-02,6.25E-02,6.25E-02,9.375E-02,9.375E-02,  0001697P0003214
9.375E-02,1.,1.,1.,19.184434905,47.52,5.077373989,20.386358018,  0001697P0003215
47.52,6.316782511,21.531333712,47.52,7.699386712,6.25E-02,       0001697P0003216
9.375E-02,0.,-1.,0.;                                             0001697P0003217
126,2,2,1,0,1,0,9.375E-02,9.375E-02,9.375E-02,0.125,0.125,0.125, 0001699P0003218
1.,1.,1.,21.531333712,47.52,7.699386712,22.636764231,47.52,      0001699P0003219
9.03423856,23.67924152,47.52,10.49063845,9.375E-02,0.125,0.,-1., 0001699P0003220
0.;                                                              0001699P0003221
126,2,2,1,0,1,0,0.125,0.125,0.125,0.15625,0.15625,0.15625,1.,1., 0001701P0003222
1.,23.67924152,47.52,10.49063845,24.68506548,47.52,11.89583158,  0001701P0003223
25.623823869,47.52,13.402393781,0.125,0.15625,0.,-1.,0.;         0001701P0003224
126,2,2,1,0,1,0,0.15625,0.15625,0.15625,0.1875,0.1875,0.1875,1., 0001703P0003225
1.,1.,25.623823869,47.52,13.402393781,26.538642235,47.52,        0001703P0003226
14.870535962,27.382785509,47.52,16.423766762,0.15625,0.1875,0.,  0001703P0003227
-1.,0.;                                                          0001703P0003228
126,2,2,1,0,1,0,0.1875,0.1875,0.1875,0.25,0.25,0.25,1.,1.,1.,    0001705P0003229
27.382785509,47.52,16.423766762,29.035420158,47.52,19.464628685, 0001705P0003230
30.385466217,47.52,22.769554002,0.1875,0.25,0.,-1.,0.;           0001705P0003231
126,2,2,1,0,1,0,0.25,0.25,0.25,0.3125,0.3125,0.3125,1.,1.,1.,    0001707P0003232
30.385466217,47.52,22.769554002,31.697045574,47.52,25.980312498, 0001707P0003233
32.694106268,47.52,29.370643431,0.25,0.3125,0.,-1.,0.;           0001707P0003234
126,2,2,1,0,1,0,0.3125,0.3125,0.3125,0.375,0.375,0.375,1.,1.,1., 0001709P0003235
32.694106268,47.52,29.370643431,33.670244527,47.52,32.689831183, 0001709P0003236
34.327700758,47.52,36.123435115,0.3125,0.375,0.,-1.,0.;          0001709P0003237
126,2,2,1,0,1,0,0.375,0.375,0.375,0.4375,0.4375,0.4375,1.,1.,1., 0001711P0003238
34.327700758,47.52,36.123435115,34.982032266,47.52,39.540719788, 0001711P0003239
35.311145057,47.52,43.022334365,0.375,0.4375,0.,-1.,0.;          0001711P0003240
126,2,2,1,0,1,0,0.4375,0.4375,0.4375,0.5,0.5,0.5,1.,1.,1.,       0001713P0003241
35.311145057,47.52,43.022334365,35.641706279,47.52,46.519272161, 0001713P0003242
35.639948364,47.52,50.037106284,0.4375,0.5,0.,-1.,0.;            0001713P0003243
126,2,2,1,0,1,0,0.5,0.5,0.5,0.5625,0.5625,0.5625,1.,1.,1.,       0001715P0003244
35.639948364,47.52,50.037106284,35.638200842,47.52,53.534183373, 0001715P0003245
35.308053769,47.52,57.010290084,0.5,0.5625,0.,-1.,0.;            0001715P0003246
126,2,2,1,0,1,0,0.5625,0.5625,0.5625,0.625,0.625,0.625,1.,1.,1., 0001717P0003247
35.308053769,47.52,57.010290084,34.97686282,47.52,60.497387578,  0001717P0003248
34.319429266,47.52,63.91969264,0.5625,0.625,0.,-1.,0.;           0001717P0003249
126,2,2,1,0,1,0,0.625,0.625,0.625,0.6875,0.6875,0.6875,1.,1.,1., 0001719P0003250
34.319429266,47.52,63.91969264,33.652573355,47.52,67.391046757,  0001719P0003251
32.660057759,47.52,70.744768679,0.625,0.6875,0.,-1.,0.;          0001719P0003252
126,2,2,1,0,1,0,0.6875,0.6875,0.6875,0.75,0.75,0.75,1.,1.,1.,    0001721P0003253
32.660057759,47.52,70.744768679,31.659322784,47.52,74.126264258, 0001721P0003254
30.345597093,47.52,77.327826348,0.6875,0.75,0.,-1.,0.;           0001721P0003255
126,2,2,1,0,1,0,0.75,0.75,0.75,0.8125,0.8125,0.8125,1.,1.,1.,    0001723P0003256
30.345597093,47.52,77.327826348,29.000379015,47.52,80.606135712, 0001723P0003257
27.357230175,47.52,83.623205955,0.75,0.8125,0.,-1.,0.;           0001723P0003258
126,2,2,1,0,1,0,0.8125,0.8125,0.8125,0.84375,0.84375,0.84375,1., 0001725P0003259
1.,1.,27.357230175,47.52,83.623205955,26.5085615,47.52,          0001725P0003260
85.181490111,25.58875874,47.52,86.653807321,0.8125,0.84375,0.,   0001725P0003261
-1.,0.;                                                          0001725P0003262
126,2,2,1,0,1,0,0.84375,0.84375,0.84375,0.875,0.875,0.875,1.,1., 0001727P0003263
1.,25.58875874,47.52,86.653807321,24.642721567,47.52,            0001727P0003264
88.168117756,23.62894236,47.52,89.579510365,0.84375,0.875,0.,    0001727P0003265
-1.,0.;                                                          0001727P0003266
126,2,2,1,0,1,0,0.875,0.875,0.875,0.90625,0.90625,0.90625,1.,1., 0001729P0003267
1.,23.62894236,47.52,89.579510365,22.592372759,47.52,            0001729P0003268
91.022631979,21.493949771,47.52,92.345699362,0.875,0.90625,0.,   0001729P0003269
-1.,0.;                                                          0001729P0003270
126,2,2,1,0,1,0,0.90625,0.90625,0.90625,0.9375,0.9375,0.9375,1., 0001731P0003271
1.,1.,21.493949771,47.52,92.345699362,20.360177172,47.52,        0001731P0003272
93.711345853,19.17076756,47.52,94.936713106,0.90625,0.9375,0.,   0001731P0003273
-1.,0.;                                                          0001731P0003274
126,2,2,1,0,1,0,0.9375,0.9375,0.9375,0.96875,0.96875,0.96875,1., 0001733P0003275
1.,1.,19.17076756,47.52,94.936713106,17.929458449,47.52,         0001733P0003276
96.215548775,16.637156198,47.52,97.331850203,0.9375,0.96875,0.,  0001733P0003277
-1.,0.;                                                          0001733P0003278
126,2,2,1,0,1,0,0.96875,0.96875,0.96875,1.,1.,1.,1.,1.,1.,       0001735P0003279
16.637156198,47.52,97.331850203,15.27039795,47.52,98.512467377,  0001735P0003280
13.859693851,47.52,99.5,0.96875,1.,0.,-1.,0.;                    0001735P0003281
110,13.859693852,47.52,99.5,-13.859693979,47.52,99.5;            0001737P0003282
126,2,2,1,0,1,0,0.,0.,0.,3.125E-02,3.125E-02,3.125E-02,1.,1.,1., 0001739P0003283
-13.85969396,47.52,99.5,-15.270109943,47.52,98.512668941,        0001739P0003284
-16.636599845,47.52,97.332330452,0.,3.125E-02,0.,-1.,0.;         0001739P0003285
126,2,2,1,0,1,0,3.125E-02,3.125E-02,3.125E-02,6.25E-02,6.25E-02, 0001741P0003286
6.25E-02,1.,1.,1.,-16.636599845,47.52,97.332330452,              0001741P0003287
-17.936322103,47.52,96.209664215,-19.184434724,47.52,            0001741P0003288
94.922625703,3.125E-02,6.25E-02,0.,-1.,0.;                       0001741P0003289
126,2,2,1,0,1,0,6.25E-02,6.25E-02,6.25E-02,9.375E-02,9.375E-02,  0001743P0003290
9.375E-02,1.,1.,1.,-19.184434724,47.52,94.922625703,             0001743P0003291
-20.386357836,47.52,93.683217082,-21.531333603,47.52,            0001743P0003292
92.300613079,6.25E-02,9.375E-02,0.,-1.,0.;                       0001743P0003293
126,2,2,1,0,1,0,9.375E-02,9.375E-02,9.375E-02,0.125,0.125,0.125, 0001745P0003294
1.,1.,1.,-21.531333603,47.52,92.300613079,-22.63676434,47.52,    0001745P0003295
90.965761132,-23.679241775,47.52,89.509361539,9.375E-02,0.125,   0001745P0003296
0.,-1.,0.;                                                       0001745P0003297
126,2,2,1,0,1,0,0.125,0.125,0.125,0.15625,0.15625,0.15625,1.,1., 0001747P0003298
1.,-23.679241775,47.52,89.509361539,-24.685066025,47.52,         0001747P0003299
88.10416831,-25.623824487,47.52,86.597606407,0.125,0.15625,0.,   0001747P0003300
-1.,0.;                                                          0001747P0003301
126,2,2,1,0,1,0,0.15625,0.15625,0.15625,0.1875,0.1875,0.1875,1., 0001749P0003302
1.,1.,-25.623824487,47.52,86.597606407,-26.538643143,47.52,      0001749P0003303
85.129464126,-27.38278649,47.52,83.576233524,0.15625,0.1875,0.,  0001749P0003304
-1.,0.;                                                          0001749P0003305
126,2,2,1,0,1,0,0.1875,0.1875,0.1875,0.25,0.25,0.25,1.,1.,1.,    0001751P0003306
-27.38278649,47.52,83.576233524,-29.035421503,47.52,             0001751P0003307
80.535371799,-30.385467489,47.52,77.230446582,0.1875,0.25,0.,    0001751P0003308
-1.,0.;                                                          0001751P0003309
126,2,2,1,0,1,0,0.25,0.25,0.25,0.3125,0.3125,0.3125,1.,1.,1.,    0001753P0003310
-30.385467489,47.52,77.230446582,-31.697046773,47.52,            0001753P0003311
74.019688283,-32.694107322,47.52,70.629356756,0.25,0.3125,0.,    0001753P0003312
-1.,0.;                                                          0001753P0003313
126,2,2,1,0,1,0,0.3125,0.3125,0.3125,0.375,0.375,0.375,1.,1.,1., 0001755P0003314
-32.694107322,47.52,70.629356756,-33.670245217,47.52,            0001755P0003315
67.310169301,-34.327701303,47.52,63.876564973,0.3125,0.375,0.,   0001755P0003316
-1.,0.;                                                          0001755P0003317
126,2,2,1,0,1,0,0.375,0.375,0.375,0.4375,0.4375,0.4375,1.,1.,1., 0001757P0003318
-34.327701303,47.52,63.876564973,-34.982032448,47.52,            0001757P0003319
60.459280498,-35.311145094,47.52,56.977665921,0.375,0.4375,0.,   0001757P0003320
-1.,0.;                                                          0001757P0003321
126,2,2,1,0,1,0,0.4375,0.4375,0.4375,0.5,0.5,0.5,1.,1.,1.,       0001759P0003322
-35.311145094,47.52,56.977665921,-35.64170617,47.52,             0001759P0003323
53.480728026,-35.639948255,47.52,49.962893904,0.4375,0.5,0.,-1., 0001759P0003324
0.;                                                              0001759P0003325
126,2,2,1,0,1,0,0.5,0.5,0.5,0.5625,0.5625,0.5625,1.,1.,1.,       0001761P0003326
-35.639948255,47.52,49.962893904,-35.638200806,47.52,            0001761P0003327
46.465816715,-35.308053878,47.52,42.989709905,0.5,0.5625,0.,-1., 0001761P0003328
0.;                                                              0001761P0003329
126,2,2,1,0,1,0,0.5625,0.5625,0.5625,0.625,0.625,0.625,1.,1.,1., 0001763P0003330
-35.308053878,47.52,42.989709905,-34.976863075,47.52,            0001763P0003331
39.502612213,-34.319429812,47.52,36.08030725,0.5625,0.625,0.,    0001763P0003332
-1.,0.;                                                          0001763P0003333
126,2,2,1,0,1,0,0.625,0.625,0.625,0.6875,0.6875,0.6875,1.,1.,1., 0001765P0003334
-34.319429812,47.52,36.08030725,-33.652574046,47.52,             0001765P0003335
32.608952737,-32.660058813,47.52,29.255231013,0.625,0.6875,0.,   0001765P0003336
-1.,0.;                                                          0001765P0003337
126,2,2,1,0,1,0,0.6875,0.6875,0.6875,0.75,0.75,0.75,1.,1.,1.,    0001767P0003338
-32.660058813,47.52,29.255231013,-31.659323983,47.52,            0001767P0003339
25.873735038,-30.345598438,47.52,22.672173246,0.6875,0.75,0.,    0001767P0003340
-1.,0.;                                                          0001767P0003341
126,2,2,1,0,1,0,0.75,0.75,0.75,0.8125,0.8125,0.8125,1.,1.,1.,    0001769P0003342
-30.345598438,47.52,22.672173246,-29.000380359,47.52,            0001769P0003343
19.393863881,-27.357231156,47.52,16.376793737,0.75,0.8125,0.,    0001769P0003344
-1.,0.;                                                          0001769P0003345
126,2,2,1,0,1,0,0.8125,0.8125,0.8125,0.84375,0.84375,0.84375,1., 0001771P0003346
1.,1.,-27.357231156,47.52,16.376793737,-26.508562409,47.52,      0001771P0003347
14.818509779,-25.588759431,47.52,13.34619257,0.8125,0.84375,0.,  0001771P0003348
-1.,0.;                                                          0001771P0003349
126,2,2,1,0,1,0,0.84375,0.84375,0.84375,0.875,0.875,0.875,1.,1., 0001773P0003350
1.,-25.588759431,47.52,13.34619257,-24.642722112,47.52,          0001773P0003351
11.831882431,-23.628942614,47.52,10.420489822,0.84375,0.875,0.,  0001773P0003352
-1.,0.;                                                          0001773P0003353
126,2,2,1,0,1,0,0.875,0.875,0.875,0.90625,0.90625,0.90625,1.,1., 0001775P0003354
1.,-23.628942614,47.52,10.420489822,-22.592372941,47.52,         0001775P0003355
8.977368406,-21.493949735,47.52,7.654301023,0.875,0.90625,0.,    0001775P0003356
-1.,0.;                                                          0001775P0003357
126,2,2,1,0,1,0,0.90625,0.90625,0.90625,0.9375,0.9375,0.9375,1., 0001777P0003358
1.,1.,-21.493949735,47.52,7.654301023,-20.360177063,47.52,       0001777P0003359
6.288654631,-19.170767378,47.52,5.063287279,0.90625,0.9375,0.,   0001777P0003360
-1.,0.;                                                          0001777P0003361
126,2,2,1,0,1,0,0.9375,0.9375,0.9375,0.96875,0.96875,0.96875,1., 0001779P0003362
1.,1.,-19.170767378,47.52,5.063287279,-17.929458122,47.52,       0001779P0003363
3.784451412,-16.637156162,47.52,2.668149984,0.9375,0.96875,0.,   0001779P0003364
-1.,0.;                                                          0001779P0003365
126,2,2,1,0,1,0,0.96875,0.96875,0.96875,1.,1.,1.,1.,1.,1.,       0001781P0003366
-16.637156162,47.52,2.668149984,-15.270397841,47.52,1.487532612, 0001781P0003367
-13.85969396,47.52,0.499999989,0.96875,1.,0.,-1.,0.;             0001781P0003368
S      1G      4D   1782P   3368                                        T0000001
