                                                                        S0000001
,,31HOpen CASCADE IGES processor 7.7,13HFilename.iges,                  G0000001
16HOpen CASCADE 7.7,31HOpen CASCADE IGES processor 7.7,32,308,15,308,15,G0000002
,1.,2,2HMM,1,0.01,15H20240822.152929,1.60831E-05,99.375,5Hnick2,,11,0,  G0000003
15H20240822.152929,;                                                    G0000004
     402       1       0       0       0       0       0       000000000D0000001
     402       0       0       1       1                               0D0000002
     144       2       0       0       0       0       0       000020000D0000003
     144       0       0       1       0                               0D0000004
     128       3       0       0       0       0       0       000010000D0000005
     128       0       0      34       0                               0D0000006
     142      37       0       0       0       0       0       000010500D0000007
     142       0       0       1       0                               0D0000008
     102      38       0       0       0       0       0       000010000D0000009
     102       0       0       2       0                               0D0000010
     126      40       0       0       0       0       0       000010000D0000011
     126       0       0       3       0                               0D0000012
     126      43       0       0       0       0       0       000010000D0000013
     126       0       0       4       0                               0D0000014
     126      47       0       0       0       0       0       000010000D0000015
     126       0       0       3       0                               0D0000016
     126      50       0       0       0       0       0       000010000D0000017
     126       0       0       3       0                               0D0000018
     126      53       0       0       0       0       0       000010000D0000019
     126       0       0       3       0                               0D0000020
     126      56       0       0       0       0       0       000010000D0000021
     126       0       0       3       0                               0D0000022
     126      59       0       0       0       0       0       000010000D0000023
     126       0       0       3       0                               0D0000024
     126      62       0       0       0       0       0       000010000D0000025
     126       0       0       3       0                               0D0000026
     126      65       0       0       0       0       0       000010000D0000027
     126       0       0       3       0                               0D0000028
     126      68       0       0       0       0       0       000010000D0000029
     126       0       0       3       0                               0D0000030
     126      71       0       0       0       0       0       000010000D0000031
     126       0       0       3       0                               0D0000032
     126      74       0       0       0       0       0       000010000D0000033
     126       0       0       3       0                               0D0000034
     126      77       0       0       0       0       0       000010000D0000035
     126       0       0       3       0                               0D0000036
     126      80       0       0       0       0       0       000010000D0000037
     126       0       0       3       0                               0D0000038
     126      83       0       0       0       0       0       000010000D0000039
     126       0       0       3       0                               0D0000040
     126      86       0       0       0       0       0       000010000D0000041
     126       0       0       3       0                               0D0000042
     126      89       0       0       0       0       0       000010000D0000043
     126       0       0       3       0                               0D0000044
     126      92       0       0       0       0       0       000010000D0000045
     126       0       0       3       0                               0D0000046
     126      95       0       0       0       0       0       000010000D0000047
     126       0       0       3       0                               0D0000048
     126      98       0       0       0       0       0       000010000D0000049
     126       0       0       3       0                               0D0000050
     126     101       0       0       0       0       0       000010000D0000051
     126       0       0       4       0                               0D0000052
     126     105       0       0       0       0       0       000010000D0000053
     126       0       0       3       0                               0D0000054
     126     108       0       0       0       0       0       000010000D0000055
     126       0       0       3       0                               0D0000056
     126     111       0       0       0       0       0       000010000D0000057
     126       0       0       3       0                               0D0000058
     126     114       0       0       0       0       0       000010000D0000059
     126       0       0       3       0                               0D0000060
     126     117       0       0       0       0       0       000010000D0000061
     126       0       0       3       0                               0D0000062
     126     120       0       0       0       0       0       000010000D0000063
     126       0       0       3       0                               0D0000064
     126     123       0       0       0       0       0       000010000D0000065
     126       0       0       3       0                               0D0000066
     126     126       0       0       0       0       0       000010000D0000067
     126       0       0       3       0                               0D0000068
     126     129       0       0       0       0       0       000010000D0000069
     126       0       0       3       0                               0D0000070
     126     132       0       0       0       0       0       000010000D0000071
     126       0       0       3       0                               0D0000072
     126     135       0       0       0       0       0       000010000D0000073
     126       0       0       3       0                               0D0000074
     126     138       0       0       0       0       0       000010000D0000075
     126       0       0       3       0                               0D0000076
     126     141       0       0       0       0       0       000010000D0000077
     126       0       0       3       0                               0D0000078
     126     144       0       0       0       0       0       000010000D0000079
     126       0       0       3       0                               0D0000080
     126     147       0       0       0       0       0       000010000D0000081
     126       0       0       3       0                               0D0000082
     126     150       0       0       0       0       0       000010000D0000083
     126       0       0       3       0                               0D0000084
     126     153       0       0       0       0       0       000010000D0000085
     126       0       0       3       0                               0D0000086
     102     156       0       0       0       0       0       000010000D0000087
     102       0       0       3       0                               0D0000088
     126     159       0       0       0       0       0       000010000D0000089
     126       0       0       6       0                               0D0000090
     126     165       0       0       0       0       0       000010000D0000091
     126       0       0       7       0                               0D0000092
     126     172       0       0       0       0       0       000010000D0000093
     126       0       0       6       0                               0D0000094
     126     178       0       0       0       0       0       000010000D0000095
     126       0       0       6       0                               0D0000096
     126     184       0       0       0       0       0       000010000D0000097
     126       0       0       6       0                               0D0000098
     126     190       0       0       0       0       0       000010000D0000099
     126       0       0       7       0                               0D0000100
     126     197       0       0       0       0       0       000010000D0000101
     126       0       0       6       0                               0D0000102
     126     203       0       0       0       0       0       000010000D0000103
     126       0       0       6       0                               0D0000104
     126     209       0       0       0       0       0       000010000D0000105
     126       0       0       6       0                               0D0000106
     126     215       0       0       0       0       0       000010000D0000107
     126       0       0       6       0                               0D0000108
     126     221       0       0       0       0       0       000010000D0000109
     126       0       0       7       0                               0D0000110
     126     228       0       0       0       0       0       000010000D0000111
     126       0       0       7       0                               0D0000112
     126     235       0       0       0       0       0       000010000D0000113
     126       0       0       7       0                               0D0000114
     126     242       0       0       0       0       0       000010000D0000115
     126       0       0       6       0                               0D0000116
     126     248       0       0       0       0       0       000010000D0000117
     126       0       0       6       0                               0D0000118
     126     254       0       0       0       0       0       000010000D0000119
     126       0       0       6       0                               0D0000120
     126     260       0       0       0       0       0       000010000D0000121
     126       0       0       7       0                               0D0000122
     126     267       0       0       0       0       0       000010000D0000123
     126       0       0       6       0                               0D0000124
     100     273       0       0       0       0     127       000010000D0000125
     100       0       0       1       0                               0D0000126
     124     274       0       0       0       0       0       000000000D0000127
     124       0       0       3       0                               0D0000128
     126     277       0       0       0       0       0       000010000D0000129
     126       0       0       6       0                               0D0000130
     126     283       0       0       0       0       0       000010000D0000131
     126       0       0       7       0                               0D0000132
     126     290       0       0       0       0       0       000010000D0000133
     126       0       0       7       0                               0D0000134
     126     297       0       0       0       0       0       000010000D0000135
     126       0       0       7       0                               0D0000136
     126     304       0       0       0       0       0       000010000D0000137
     126       0       0       6       0                               0D0000138
     126     310       0       0       0       0       0       000010000D0000139
     126       0       0       7       0                               0D0000140
     126     317       0       0       0       0       0       000010000D0000141
     126       0       0       6       0                               0D0000142
     126     323       0       0       0       0       0       000010000D0000143
     126       0       0       6       0                               0D0000144
     126     329       0       0       0       0       0       000010000D0000145
     126       0       0       6       0                               0D0000146
     126     335       0       0       0       0       0       000010000D0000147
     126       0       0       6       0                               0D0000148
     126     341       0       0       0       0       0       000010000D0000149
     126       0       0       7       0                               0D0000150
     126     348       0       0       0       0       0       000010000D0000151
     126       0       0       6       0                               0D0000152
     126     354       0       0       0       0       0       000010000D0000153
     126       0       0       6       0                               0D0000154
     126     360       0       0       0       0       0       000010000D0000155
     126       0       0       6       0                               0D0000156
     126     366       0       0       0       0       0       000010000D0000157
     126       0       0       7       0                               0D0000158
     126     373       0       0       0       0       0       000010000D0000159
     126       0       0       6       0                               0D0000160
     126     379       0       0       0       0       0       000010000D0000161
     126       0       0       6       0                               0D0000162
     126     385       0       0       0       0       0       000010000D0000163
     126       0       0       6       0                               0D0000164
     100     391       0       0       0       0     167       000010000D0000165
     100       0       0       2       0                               0D0000166
     124     393       0       0       0       0       0       000000000D0000167
     124       0       0       1       0                               0D0000168
     144     394       0       0       0       0       0       000020000D0000169
     144       0       0       1       0                               0D0000170
     128     395       0       0       0       0       0       000010000D0000171
     128       0       0      35       0                               0D0000172
     142     430       0       0       0       0       0       000010500D0000173
     142       0       0       1       0                               0D0000174
     102     431       0       0       0       0       0       000010000D0000175
     102       0       0       3       0                               0D0000176
     126     434       0       0       0       0       0       000010000D0000177
     126       0       0       3       0                               0D0000178
     126     437       0       0       0       0       0       000010000D0000179
     126       0       0       4       0                               0D0000180
     126     441       0       0       0       0       0       000010000D0000181
     126       0       0       3       0                               0D0000182
     126     444       0       0       0       0       0       000010000D0000183
     126       0       0       3       0                               0D0000184
     126     447       0       0       0       0       0       000010000D0000185
     126       0       0       3       0                               0D0000186
     126     450       0       0       0       0       0       000010000D0000187
     126       0       0       3       0                               0D0000188
     126     453       0       0       0       0       0       000010000D0000189
     126       0       0       3       0                               0D0000190
     126     456       0       0       0       0       0       000010000D0000191
     126       0       0       3       0                               0D0000192
     126     459       0       0       0       0       0       000010000D0000193
     126       0       0       3       0                               0D0000194
     126     462       0       0       0       0       0       000010000D0000195
     126       0       0       3       0                               0D0000196
     126     465       0       0       0       0       0       000010000D0000197
     126       0       0       3       0                               0D0000198
     126     468       0       0       0       0       0       000010000D0000199
     126       0       0       3       0                               0D0000200
     126     471       0       0       0       0       0       000010000D0000201
     126       0       0       3       0                               0D0000202
     126     474       0       0       0       0       0       000010000D0000203
     126       0       0       3       0                               0D0000204
     126     477       0       0       0       0       0       000010000D0000205
     126       0       0       3       0                               0D0000206
     126     480       0       0       0       0       0       000010000D0000207
     126       0       0       3       0                               0D0000208
     126     483       0       0       0       0       0       000010000D0000209
     126       0       0       3       0                               0D0000210
     126     486       0       0       0       0       0       000010000D0000211
     126       0       0       3       0                               0D0000212
     126     489       0       0       0       0       0       000010000D0000213
     126       0       0       2       0                               0D0000214
     126     491       0       0       0       0       0       000010000D0000215
     126       0       0       3       0                               0D0000216
     126     494       0       0       0       0       0       000010000D0000217
     126       0       0       4       0                               0D0000218
     126     498       0       0       0       0       0       000010000D0000219
     126       0       0       3       0                               0D0000220
     126     501       0       0       0       0       0       000010000D0000221
     126       0       0       3       0                               0D0000222
     126     504       0       0       0       0       0       000010000D0000223
     126       0       0       3       0                               0D0000224
     126     507       0       0       0       0       0       000010000D0000225
     126       0       0       3       0                               0D0000226
     126     510       0       0       0       0       0       000010000D0000227
     126       0       0       3       0                               0D0000228
     126     513       0       0       0       0       0       000010000D0000229
     126       0       0       3       0                               0D0000230
     126     516       0       0       0       0       0       000010000D0000231
     126       0       0       3       0                               0D0000232
     126     519       0       0       0       0       0       000010000D0000233
     126       0       0       3       0                               0D0000234
     126     522       0       0       0       0       0       000010000D0000235
     126       0       0       3       0                               0D0000236
     126     525       0       0       0       0       0       000010000D0000237
     126       0       0       3       0                               0D0000238
     126     528       0       0       0       0       0       000010000D0000239
     126       0       0       3       0                               0D0000240
     126     531       0       0       0       0       0       000010000D0000241
     126       0       0       3       0                               0D0000242
     126     534       0       0       0       0       0       000010000D0000243
     126       0       0       3       0                               0D0000244
     126     537       0       0       0       0       0       000010000D0000245
     126       0       0       3       0                               0D0000246
     126     540       0       0       0       0       0       000010000D0000247
     126       0       0       3       0                               0D0000248
     126     543       0       0       0       0       0       000010000D0000249
     126       0       0       3       0                               0D0000250
     126     546       0       0       0       0       0       000010000D0000251
     126       0       0       3       0                               0D0000252
     102     549       0       0       0       0       0       000010000D0000253
     102       0       0       3       0                               0D0000254
     126     552       0       0       0       0       0       000010000D0000255
     126       0       0       6       0                               0D0000256
     126     558       0       0       0       0       0       000010000D0000257
     126       0       0       7       0                               0D0000258
     126     565       0       0       0       0       0       000010000D0000259
     126       0       0       7       0                               0D0000260
     126     572       0       0       0       0       0       000010000D0000261
     126       0       0       7       0                               0D0000262
     126     579       0       0       0       0       0       000010000D0000263
     126       0       0       7       0                               0D0000264
     126     586       0       0       0       0       0       000010000D0000265
     126       0       0       7       0                               0D0000266
     126     593       0       0       0       0       0       000010000D0000267
     126       0       0       7       0                               0D0000268
     126     600       0       0       0       0       0       000010000D0000269
     126       0       0       6       0                               0D0000270
     126     606       0       0       0       0       0       000010000D0000271
     126       0       0       6       0                               0D0000272
     126     612       0       0       0       0       0       000010000D0000273
     126       0       0       6       0                               0D0000274
     126     618       0       0       0       0       0       000010000D0000275
     126       0       0       7       0                               0D0000276
     126     625       0       0       0       0       0       000010000D0000277
     126       0       0       6       0                               0D0000278
     126     631       0       0       0       0       0       000010000D0000279
     126       0       0       6       0                               0D0000280
     126     637       0       0       0       0       0       000010000D0000281
     126       0       0       6       0                               0D0000282
     126     643       0       0       0       0       0       000010000D0000283
     126       0       0       7       0                               0D0000284
     126     650       0       0       0       0       0       000010000D0000285
     126       0       0       7       0                               0D0000286
     126     657       0       0       0       0       0       000010000D0000287
     126       0       0       7       0                               0D0000288
     126     664       0       0       0       0       0       000010000D0000289
     126       0       0       6       0                               0D0000290
     100     670       0       0       0       0     293       000010000D0000291
     100       0       0       1       0                               0D0000292
     124     671       0       0       0       0       0       000000000D0000293
     124       0       0       3       0                               0D0000294
     126     674       0       0       0       0       0       000010000D0000295
     126       0       0       6       0                               0D0000296
     126     680       0       0       0       0       0       000010000D0000297
     126       0       0       7       0                               0D0000298
     126     687       0       0       0       0       0       000010000D0000299
     126       0       0       7       0                               0D0000300
     126     694       0       0       0       0       0       000010000D0000301
     126       0       0       7       0                               0D0000302
     126     701       0       0       0       0       0       000010000D0000303
     126       0       0       7       0                               0D0000304
     126     708       0       0       0       0       0       000010000D0000305
     126       0       0       7       0                               0D0000306
     126     715       0       0       0       0       0       000010000D0000307
     126       0       0       7       0                               0D0000308
     126     722       0       0       0       0       0       000010000D0000309
     126       0       0       7       0                               0D0000310
     126     729       0       0       0       0       0       000010000D0000311
     126       0       0       6       0                               0D0000312
     126     735       0       0       0       0       0       000010000D0000313
     126       0       0       6       0                               0D0000314
     126     741       0       0       0       0       0       000010000D0000315
     126       0       0       7       0                               0D0000316
     126     748       0       0       0       0       0       000010000D0000317
     126       0       0       7       0                               0D0000318
     126     755       0       0       0       0       0       000010000D0000319
     126       0       0       7       0                               0D0000320
     126     762       0       0       0       0       0       000010000D0000321
     126       0       0       7       0                               0D0000322
     126     769       0       0       0       0       0       000010000D0000323
     126       0       0       7       0                               0D0000324
     126     776       0       0       0       0       0       000010000D0000325
     126       0       0       6       0                               0D0000326
     126     782       0       0       0       0       0       000010000D0000327
     126       0       0       7       0                               0D0000328
     126     789       0       0       0       0       0       000010000D0000329
     126       0       0       6       0                               0D0000330
     100     795       0       0       0       0     333       000010000D0000331
     100       0       0       2       0                               0D0000332
     124     797       0       0       0       0       0       000000000D0000333
     124       0       0       1       0                               0D0000334
     144     798       0       0       0       0       0       000020000D0000335
     144       0       0       1       0                               0D0000336
     128     799       0       0       0       0       0       000010000D0000337
     128       0       0      34       0                               0D0000338
     142     833       0       0       0       0       0       000010500D0000339
     142       0       0       1       0                               0D0000340
     102     834       0       0       0       0       0       000010000D0000341
     102       0       0       3       0                               0D0000342
     126     837       0       0       0       0       0       000010000D0000343
     126       0       0       3       0                               0D0000344
     126     840       0       0       0       0       0       000010000D0000345
     126       0       0       4       0                               0D0000346
     126     844       0       0       0       0       0       000010000D0000347
     126       0       0       3       0                               0D0000348
     126     847       0       0       0       0       0       000010000D0000349
     126       0       0       3       0                               0D0000350
     126     850       0       0       0       0       0       000010000D0000351
     126       0       0       3       0                               0D0000352
     126     853       0       0       0       0       0       000010000D0000353
     126       0       0       3       0                               0D0000354
     126     856       0       0       0       0       0       000010000D0000355
     126       0       0       3       0                               0D0000356
     126     859       0       0       0       0       0       000010000D0000357
     126       0       0       3       0                               0D0000358
     126     862       0       0       0       0       0       000010000D0000359
     126       0       0       3       0                               0D0000360
     126     865       0       0       0       0       0       000010000D0000361
     126       0       0       3       0                               0D0000362
     126     868       0       0       0       0       0       000010000D0000363
     126       0       0       3       0                               0D0000364
     126     871       0       0       0       0       0       000010000D0000365
     126       0       0       3       0                               0D0000366
     126     874       0       0       0       0       0       000010000D0000367
     126       0       0       3       0                               0D0000368
     126     877       0       0       0       0       0       000010000D0000369
     126       0       0       3       0                               0D0000370
     126     880       0       0       0       0       0       000010000D0000371
     126       0       0       3       0                               0D0000372
     126     883       0       0       0       0       0       000010000D0000373
     126       0       0       3       0                               0D0000374
     126     886       0       0       0       0       0       000010000D0000375
     126       0       0       3       0                               0D0000376
     126     889       0       0       0       0       0       000010000D0000377
     126       0       0       3       0                               0D0000378
     126     892       0       0       0       0       0       000010000D0000379
     126       0       0       2       0                               0D0000380
     126     894       0       0       0       0       0       000010000D0000381
     126       0       0       3       0                               0D0000382
     126     897       0       0       0       0       0       000010000D0000383
     126       0       0       4       0                               0D0000384
     126     901       0       0       0       0       0       000010000D0000385
     126       0       0       3       0                               0D0000386
     126     904       0       0       0       0       0       000010000D0000387
     126       0       0       3       0                               0D0000388
     126     907       0       0       0       0       0       000010000D0000389
     126       0       0       3       0                               0D0000390
     126     910       0       0       0       0       0       000010000D0000391
     126       0       0       3       0                               0D0000392
     126     913       0       0       0       0       0       000010000D0000393
     126       0       0       3       0                               0D0000394
     126     916       0       0       0       0       0       000010000D0000395
     126       0       0       3       0                               0D0000396
     126     919       0       0       0       0       0       000010000D0000397
     126       0       0       3       0                               0D0000398
     126     922       0       0       0       0       0       000010000D0000399
     126       0       0       3       0                               0D0000400
     126     925       0       0       0       0       0       000010000D0000401
     126       0       0       3       0                               0D0000402
     126     928       0       0       0       0       0       000010000D0000403
     126       0       0       3       0                               0D0000404
     126     931       0       0       0       0       0       000010000D0000405
     126       0       0       3       0                               0D0000406
     126     934       0       0       0       0       0       000010000D0000407
     126       0       0       3       0                               0D0000408
     126     937       0       0       0       0       0       000010000D0000409
     126       0       0       3       0                               0D0000410
     126     940       0       0       0       0       0       000010000D0000411
     126       0       0       3       0                               0D0000412
     126     943       0       0       0       0       0       000010000D0000413
     126       0       0       3       0                               0D0000414
     126     946       0       0       0       0       0       000010000D0000415
     126       0       0       3       0                               0D0000416
     126     949       0       0       0       0       0       000010000D0000417
     126       0       0       3       0                               0D0000418
     102     952       0       0       0       0       0       000010000D0000419
     102       0       0       3       0                               0D0000420
     126     955       0       0       0       0       0       000010000D0000421
     126       0       0       6       0                               0D0000422
     126     961       0       0       0       0       0       000010000D0000423
     126       0       0       7       0                               0D0000424
     126     968       0       0       0       0       0       000010000D0000425
     126       0       0       7       0                               0D0000426
     126     975       0       0       0       0       0       000010000D0000427
     126       0       0       7       0                               0D0000428
     126     982       0       0       0       0       0       000010000D0000429
     126       0       0       7       0                               0D0000430
     126     989       0       0       0       0       0       000010000D0000431
     126       0       0       7       0                               0D0000432
     126     996       0       0       0       0       0       000010000D0000433
     126       0       0       7       0                               0D0000434
     126    1003       0       0       0       0       0       000010000D0000435
     126       0       0       7       0                               0D0000436
     126    1010       0       0       0       0       0       000010000D0000437
     126       0       0       6       0                               0D0000438
     126    1016       0       0       0       0       0       000010000D0000439
     126       0       0       6       0                               0D0000440
     126    1022       0       0       0       0       0       000010000D0000441
     126       0       0       7       0                               0D0000442
     126    1029       0       0       0       0       0       000010000D0000443
     126       0       0       7       0                               0D0000444
     126    1036       0       0       0       0       0       000010000D0000445
     126       0       0       7       0                               0D0000446
     126    1043       0       0       0       0       0       000010000D0000447
     126       0       0       7       0                               0D0000448
     126    1050       0       0       0       0       0       000010000D0000449
     126       0       0       7       0                               0D0000450
     126    1057       0       0       0       0       0       000010000D0000451
     126       0       0       7       0                               0D0000452
     126    1064       0       0       0       0       0       000010000D0000453
     126       0       0       7       0                               0D0000454
     126    1071       0       0       0       0       0       000010000D0000455
     126       0       0       6       0                               0D0000456
     100    1077       0       0       0       0     459       000010000D0000457
     100       0       0       1       0                               0D0000458
     124    1078       0       0       0       0       0       000000000D0000459
     124       0       0       3       0                               0D0000460
     126    1081       0       0       0       0       0       000010000D0000461
     126       0       0       6       0                               0D0000462
     126    1087       0       0       0       0       0       000010000D0000463
     126       0       0       7       0                               0D0000464
     126    1094       0       0       0       0       0       000010000D0000465
     126       0       0       7       0                               0D0000466
     126    1101       0       0       0       0       0       000010000D0000467
     126       0       0       7       0                               0D0000468
     126    1108       0       0       0       0       0       000010000D0000469
     126       0       0       7       0                               0D0000470
     126    1115       0       0       0       0       0       000010000D0000471
     126       0       0       7       0                               0D0000472
     126    1122       0       0       0       0       0       000010000D0000473
     126       0       0       7       0                               0D0000474
     126    1129       0       0       0       0       0       000010000D0000475
     126       0       0       7       0                               0D0000476
     126    1136       0       0       0       0       0       000010000D0000477
     126       0       0       6       0                               0D0000478
     126    1142       0       0       0       0       0       000010000D0000479
     126       0       0       6       0                               0D0000480
     126    1148       0       0       0       0       0       000010000D0000481
     126       0       0       6       0                               0D0000482
     126    1154       0       0       0       0       0       000010000D0000483
     126       0       0       7       0                               0D0000484
     126    1161       0       0       0       0       0       000010000D0000485
     126       0       0       7       0                               0D0000486
     126    1168       0       0       0       0       0       000010000D0000487
     126       0       0       7       0                               0D0000488
     126    1175       0       0       0       0       0       000010000D0000489
     126       0       0       7       0                               0D0000490
     126    1182       0       0       0       0       0       000010000D0000491
     126       0       0       7       0                               0D0000492
     126    1189       0       0       0       0       0       000010000D0000493
     126       0       0       7       0                               0D0000494
     126    1196       0       0       0       0       0       000010000D0000495
     126       0       0       6       0                               0D0000496
     100    1202       0       0       0       0     499       000010000D0000497
     100       0       0       2       0                               0D0000498
     124    1204       0       0       0       0       0       000000000D0000499
     124       0       0       1       0                               0D0000500
     144    1205       0       0       0       0       0       000020000D0000501
     144       0       0       1       0                               0D0000502
     128    1206       0       0       0       0       0       000010000D0000503
     128       0       0       5       0                               0D0000504
     142    1211       0       0       0       0       0       000010500D0000505
     142       0       0       1       0                               0D0000506
     102    1212       0       0       0       0       0       000010000D0000507
     102       0       0       3       0                               0D0000508
     126    1215       0       0       0       0       0       000010000D0000509
     126       0       0       4       0                               0D0000510
     126    1219       0       0       0       0       0       000010000D0000511
     126       0       0       3       0                               0D0000512
     126    1222       0       0       0       0       0       000010000D0000513
     126       0       0       3       0                               0D0000514
     126    1225       0       0       0       0       0       000010000D0000515
     126       0       0       3       0                               0D0000516
     126    1228       0       0       0       0       0       000010000D0000517
     126       0       0       3       0                               0D0000518
     126    1231       0       0       0       0       0       000010000D0000519
     126       0       0       3       0                               0D0000520
     126    1234       0       0       0       0       0       000010000D0000521
     126       0       0       3       0                               0D0000522
     126    1237       0       0       0       0       0       000010000D0000523
     126       0       0       4       0                               0D0000524
     126    1241       0       0       0       0       0       000010000D0000525
     126       0       0       3       0                               0D0000526
     126    1244       0       0       0       0       0       000010000D0000527
     126       0       0       4       0                               0D0000528
     126    1248       0       0       0       0       0       000010000D0000529
     126       0       0       3       0                               0D0000530
     126    1251       0       0       0       0       0       000010000D0000531
     126       0       0       3       0                               0D0000532
     126    1254       0       0       0       0       0       000010000D0000533
     126       0       0       3       0                               0D0000534
     126    1257       0       0       0       0       0       000010000D0000535
     126       0       0       3       0                               0D0000536
     126    1260       0       0       0       0       0       000010000D0000537
     126       0       0       3       0                               0D0000538
     126    1263       0       0       0       0       0       000010000D0000539
     126       0       0       3       0                               0D0000540
     126    1266       0       0       0       0       0       000010000D0000541
     126       0       0       4       0                               0D0000542
     126    1270       0       0       0       0       0       000010000D0000543
     126       0       0       3       0                               0D0000544
     126    1273       0       0       0       0       0       000010000D0000545
     126       0       0       4       0                               0D0000546
     126    1277       0       0       0       0       0       000010000D0000547
     126       0       0       3       0                               0D0000548
     126    1280       0       0       0       0       0       000010000D0000549
     126       0       0       3       0                               0D0000550
     126    1283       0       0       0       0       0       000010000D0000551
     126       0       0       3       0                               0D0000552
     126    1286       0       0       0       0       0       000010000D0000553
     126       0       0       3       0                               0D0000554
     126    1289       0       0       0       0       0       000010000D0000555
     126       0       0       3       0                               0D0000556
     126    1292       0       0       0       0       0       000010000D0000557
     126       0       0       3       0                               0D0000558
     126    1295       0       0       0       0       0       000010000D0000559
     126       0       0       3       0                               0D0000560
     126    1298       0       0       0       0       0       000010000D0000561
     126       0       0       3       0                               0D0000562
     126    1301       0       0       0       0       0       000010000D0000563
     126       0       0       4       0                               0D0000564
     126    1305       0       0       0       0       0       000010000D0000565
     126       0       0       3       0                               0D0000566
     126    1308       0       0       0       0       0       000010000D0000567
     126       0       0       3       0                               0D0000568
     126    1311       0       0       0       0       0       000010000D0000569
     126       0       0       3       0                               0D0000570
     126    1314       0       0       0       0       0       000010000D0000571
     126       0       0       3       0                               0D0000572
     126    1317       0       0       0       0       0       000010000D0000573
     126       0       0       3       0                               0D0000574
     126    1320       0       0       0       0       0       000010000D0000575
     126       0       0       3       0                               0D0000576
     126    1323       0       0       0       0       0       000010000D0000577
     126       0       0       4       0                               0D0000578
     126    1327       0       0       0       0       0       000010000D0000579
     126       0       0       3       0                               0D0000580
     102    1330       0       0       0       0       0       000010000D0000581
     102       0       0       3       0                               0D0000582
     126    1333       0       0       0       0       0       000010000D0000583
     126       0       0       4       0                               0D0000584
     126    1337       0       0       0       0       0       000010000D0000585
     126       0       0       3       0                               0D0000586
     126    1340       0       0       0       0       0       000010000D0000587
     126       0       0       3       0                               0D0000588
     126    1343       0       0       0       0       0       000010000D0000589
     126       0       0       3       0                               0D0000590
     126    1346       0       0       0       0       0       000010000D0000591
     126       0       0       3       0                               0D0000592
     126    1349       0       0       0       0       0       000010000D0000593
     126       0       0       3       0                               0D0000594
     126    1352       0       0       0       0       0       000010000D0000595
     126       0       0       3       0                               0D0000596
     126    1355       0       0       0       0       0       000010000D0000597
     126       0       0       4       0                               0D0000598
     110    1359       0       0       0       0       0       000010000D0000599
     110       0       0       1       0                               0D0000600
     126    1360       0       0       0       0       0       000010000D0000601
     126       0       0       4       0                               0D0000602
     126    1364       0       0       0       0       0       000010000D0000603
     126       0       0       3       0                               0D0000604
     126    1367       0       0       0       0       0       000010000D0000605
     126       0       0       3       0                               0D0000606
     126    1370       0       0       0       0       0       000010000D0000607
     126       0       0       3       0                               0D0000608
     126    1373       0       0       0       0       0       000010000D0000609
     126       0       0       3       0                               0D0000610
     126    1376       0       0       0       0       0       000010000D0000611
     126       0       0       3       0                               0D0000612
     126    1379       0       0       0       0       0       000010000D0000613
     126       0       0       3       0                               0D0000614
     126    1382       0       0       0       0       0       000010000D0000615
     126       0       0       4       0                               0D0000616
     110    1386       0       0       0       0       0       000010000D0000617
     110       0       0       1       0                               0D0000618
     126    1387       0       0       0       0       0       000010000D0000619
     126       0       0       4       0                               0D0000620
     126    1391       0       0       0       0       0       000010000D0000621
     126       0       0       3       0                               0D0000622
     126    1394       0       0       0       0       0       000010000D0000623
     126       0       0       3       0                               0D0000624
     126    1397       0       0       0       0       0       000010000D0000625
     126       0       0       3       0                               0D0000626
     126    1400       0       0       0       0       0       000010000D0000627
     126       0       0       3       0                               0D0000628
     126    1403       0       0       0       0       0       000010000D0000629
     126       0       0       3       0                               0D0000630
     126    1406       0       0       0       0       0       000010000D0000631
     126       0       0       3       0                               0D0000632
     126    1409       0       0       0       0       0       000010000D0000633
     126       0       0       3       0                               0D0000634
     110    1412       0       0       0       0       0       000010000D0000635
     110       0       0       1       0                               0D0000636
     126    1413       0       0       0       0       0       000010000D0000637
     126       0       0       4       0                               0D0000638
     126    1417       0       0       0       0       0       000010000D0000639
     126       0       0       3       0                               0D0000640
     126    1420       0       0       0       0       0       000010000D0000641
     126       0       0       3       0                               0D0000642
     126    1423       0       0       0       0       0       000010000D0000643
     126       0       0       3       0                               0D0000644
     126    1426       0       0       0       0       0       000010000D0000645
     126       0       0       3       0                               0D0000646
     126    1429       0       0       0       0       0       000010000D0000647
     126       0       0       3       0                               0D0000648
     126    1432       0       0       0       0       0       000010000D0000649
     126       0       0       3       0                               0D0000650
     126    1435       0       0       0       0       0       000010000D0000651
     126       0       0       4       0                               0D0000652
     110    1439       0       0       0       0       0       000010000D0000653
     110       0       0       1       0                               0D0000654
     144    1440       0       0       0       0       0       000020000D0000655
     144       0       0       1       0                               0D0000656
     128    1441       0       0       0       0       0       000010000D0000657
     128       0       0       5       0                               0D0000658
     142    1446       0       0       0       0       0       000010500D0000659
     142       0       0       1       0                               0D0000660
     102    1447       0       0       0       0       0       000010000D0000661
     102       0       0       3       0                               0D0000662
     110    1450       0       0       0       0       0       000010000D0000663
     110       0       0       1       0                               0D0000664
     126    1451       0       0       0       0       0       000010000D0000665
     126       0       0       3       0                               0D0000666
     110    1454       0       0       0       0       0       000010000D0000667
     110       0       0       1       0                               0D0000668
     126    1455       0       0       0       0       0       000010000D0000669
     126       0       0       3       0                               0D0000670
     126    1458       0       0       0       0       0       000010000D0000671
     126       0       0       3       0                               0D0000672
     126    1461       0       0       0       0       0       000010000D0000673
     126       0       0       3       0                               0D0000674
     126    1464       0       0       0       0       0       000010000D0000675
     126       0       0       3       0                               0D0000676
     126    1467       0       0       0       0       0       000010000D0000677
     126       0       0       3       0                               0D0000678
     126    1470       0       0       0       0       0       000010000D0000679
     126       0       0       3       0                               0D0000680
     126    1473       0       0       0       0       0       000010000D0000681
     126       0       0       3       0                               0D0000682
     126    1476       0       0       0       0       0       000010000D0000683
     126       0       0       3       0                               0D0000684
     110    1479       0       0       0       0       0       000010000D0000685
     110       0       0       1       0                               0D0000686
     126    1480       0       0       0       0       0       000010000D0000687
     126       0       0       3       0                               0D0000688
     110    1483       0       0       0       0       0       000010000D0000689
     110       0       0       1       0                               0D0000690
     126    1484       0       0       0       0       0       000010000D0000691
     126       0       0       3       0                               0D0000692
     126    1487       0       0       0       0       0       000010000D0000693
     126       0       0       3       0                               0D0000694
     126    1490       0       0       0       0       0       000010000D0000695
     126       0       0       3       0                               0D0000696
     126    1493       0       0       0       0       0       000010000D0000697
     126       0       0       3       0                               0D0000698
     126    1496       0       0       0       0       0       000010000D0000699
     126       0       0       3       0                               0D0000700
     126    1499       0       0       0       0       0       000010000D0000701
     126       0       0       3       0                               0D0000702
     126    1502       0       0       0       0       0       000010000D0000703
     126       0       0       3       0                               0D0000704
     126    1505       0       0       0       0       0       000010000D0000705
     126       0       0       3       0                               0D0000706
     110    1508       0       0       0       0       0       000010000D0000707
     110       0       0       1       0                               0D0000708
     126    1509       0       0       0       0       0       000010000D0000709
     126       0       0       3       0                               0D0000710
     110    1512       0       0       0       0       0       000010000D0000711
     110       0       0       1       0                               0D0000712
     126    1513       0       0       0       0       0       000010000D0000713
     126       0       0       3       0                               0D0000714
     126    1516       0       0       0       0       0       000010000D0000715
     126       0       0       3       0                               0D0000716
     126    1519       0       0       0       0       0       000010000D0000717
     126       0       0       3       0                               0D0000718
     126    1522       0       0       0       0       0       000010000D0000719
     126       0       0       3       0                               0D0000720
     126    1525       0       0       0       0       0       000010000D0000721
     126       0       0       3       0                               0D0000722
     126    1528       0       0       0       0       0       000010000D0000723
     126       0       0       3       0                               0D0000724
     126    1531       0       0       0       0       0       000010000D0000725
     126       0       0       3       0                               0D0000726
     126    1534       0       0       0       0       0       000010000D0000727
     126       0       0       3       0                               0D0000728
     110    1537       0       0       0       0       0       000010000D0000729
     110       0       0       1       0                               0D0000730
     126    1538       0       0       0       0       0       000010000D0000731
     126       0       0       3       0                               0D0000732
     110    1541       0       0       0       0       0       000010000D0000733
     110       0       0       1       0                               0D0000734
     126    1542       0       0       0       0       0       000010000D0000735
     126       0       0       3       0                               0D0000736
     126    1545       0       0       0       0       0       000010000D0000737
     126       0       0       3       0                               0D0000738
     126    1548       0       0       0       0       0       000010000D0000739
     126       0       0       3       0                               0D0000740
     126    1551       0       0       0       0       0       000010000D0000741
     126       0       0       3       0                               0D0000742
     126    1554       0       0       0       0       0       000010000D0000743
     126       0       0       3       0                               0D0000744
     126    1557       0       0       0       0       0       000010000D0000745
     126       0       0       3       0                               0D0000746
     126    1560       0       0       0       0       0       000010000D0000747
     126       0       0       3       0                               0D0000748
     126    1563       0       0       0       0       0       000010000D0000749
     126       0       0       3       0                               0D0000750
     102    1566       0       0       0       0       0       000010000D0000751
     102       0       0       3       0                               0D0000752
     126    1569       0       0       0       0       0       000010000D0000753
     126       0       0       3       0                               0D0000754
     110    1572       0       0       0       0       0       000010000D0000755
     110       0       0       1       0                               0D0000756
     126    1573       0       0       0       0       0       000010000D0000757
     126       0       0       3       0                               0D0000758
     126    1576       0       0       0       0       0       000010000D0000759
     126       0       0       3       0                               0D0000760
     126    1579       0       0       0       0       0       000010000D0000761
     126       0       0       3       0                               0D0000762
     126    1582       0       0       0       0       0       000010000D0000763
     126       0       0       3       0                               0D0000764
     126    1585       0       0       0       0       0       000010000D0000765
     126       0       0       3       0                               0D0000766
     126    1588       0       0       0       0       0       000010000D0000767
     126       0       0       3       0                               0D0000768
     126    1591       0       0       0       0       0       000010000D0000769
     126       0       0       3       0                               0D0000770
     126    1594       0       0       0       0       0       000010000D0000771
     126       0       0       3       0                               0D0000772
     126    1597       0       0       0       0       0       000010000D0000773
     126       0       0       3       0                               0D0000774
     126    1600       0       0       0       0       0       000010000D0000775
     126       0       0       3       0                               0D0000776
     110    1603       0       0       0       0       0       000010000D0000777
     110       0       0       1       0                               0D0000778
     126    1604       0       0       0       0       0       000010000D0000779
     126       0       0       3       0                               0D0000780
     126    1607       0       0       0       0       0       000010000D0000781
     126       0       0       3       0                               0D0000782
     126    1610       0       0       0       0       0       000010000D0000783
     126       0       0       3       0                               0D0000784
     126    1613       0       0       0       0       0       000010000D0000785
     126       0       0       3       0                               0D0000786
     126    1616       0       0       0       0       0       000010000D0000787
     126       0       0       3       0                               0D0000788
     126    1619       0       0       0       0       0       000010000D0000789
     126       0       0       3       0                               0D0000790
     126    1622       0       0       0       0       0       000010000D0000791
     126       0       0       3       0                               0D0000792
     126    1625       0       0       0       0       0       000010000D0000793
     126       0       0       3       0                               0D0000794
     126    1628       0       0       0       0       0       000010000D0000795
     126       0       0       3       0                               0D0000796
     126    1631       0       0       0       0       0       000010000D0000797
     126       0       0       3       0                               0D0000798
     110    1634       0       0       0       0       0       000010000D0000799
     110       0       0       1       0                               0D0000800
     126    1635       0       0       0       0       0       000010000D0000801
     126       0       0       3       0                               0D0000802
     126    1638       0       0       0       0       0       000010000D0000803
     126       0       0       3       0                               0D0000804
     126    1641       0       0       0       0       0       000010000D0000805
     126       0       0       3       0                               0D0000806
     126    1644       0       0       0       0       0       000010000D0000807
     126       0       0       3       0                               0D0000808
     126    1647       0       0       0       0       0       000010000D0000809
     126       0       0       3       0                               0D0000810
     126    1650       0       0       0       0       0       000010000D0000811
     126       0       0       3       0                               0D0000812
     126    1653       0       0       0       0       0       000010000D0000813
     126       0       0       3       0                               0D0000814
     126    1656       0       0       0       0       0       000010000D0000815
     126       0       0       3       0                               0D0000816
     126    1659       0       0       0       0       0       000010000D0000817
     126       0       0       3       0                               0D0000818
     126    1662       0       0       0       0       0       000010000D0000819
     126       0       0       3       0                               0D0000820
     110    1665       0       0       0       0       0       000010000D0000821
     110       0       0       1       0                               0D0000822
     126    1666       0       0       0       0       0       000010000D0000823
     126       0       0       3       0                               0D0000824
     126    1669       0       0       0       0       0       000010000D0000825
     126       0       0       3       0                               0D0000826
     126    1672       0       0       0       0       0       000010000D0000827
     126       0       0       3       0                               0D0000828
     126    1675       0       0       0       0       0       000010000D0000829
     126       0       0       3       0                               0D0000830
     126    1678       0       0       0       0       0       000010000D0000831
     126       0       0       3       0                               0D0000832
     126    1681       0       0       0       0       0       000010000D0000833
     126       0       0       3       0                               0D0000834
     126    1684       0       0       0       0       0       000010000D0000835
     126       0       0       3       0                               0D0000836
     126    1687       0       0       0       0       0       000010000D0000837
     126       0       0       3       0                               0D0000838
     126    1690       0       0       0       0       0       000010000D0000839
     126       0       0       3       0                               0D0000840
     144    1693       0       0       0       0       0       000020000D0000841
     144       0       0       1       0                               0D0000842
     128    1694       0       0       0       0       0       000010000D0000843
     128       0       0      35       0                               0D0000844
     142    1729       0       0       0       0       0       000010500D0000845
     142       0       0       1       0                               0D0000846
     102    1730       0       0       0       0       0       000010000D0000847
     102       0       0       3       0                               0D0000848
     126    1733       0       0       0       0       0       000010000D0000849
     126       0       0       3       0                               0D0000850
     126    1736       0       0       0       0       0       000010000D0000851
     126       0       0       4       0                               0D0000852
     126    1740       0       0       0       0       0       000010000D0000853
     126       0       0       3       0                               0D0000854
     126    1743       0       0       0       0       0       000010000D0000855
     126       0       0       3       0                               0D0000856
     126    1746       0       0       0       0       0       000010000D0000857
     126       0       0       3       0                               0D0000858
     126    1749       0       0       0       0       0       000010000D0000859
     126       0       0       3       0                               0D0000860
     126    1752       0       0       0       0       0       000010000D0000861
     126       0       0       3       0                               0D0000862
     126    1755       0       0       0       0       0       000010000D0000863
     126       0       0       3       0                               0D0000864
     126    1758       0       0       0       0       0       000010000D0000865
     126       0       0       3       0                               0D0000866
     126    1761       0       0       0       0       0       000010000D0000867
     126       0       0       3       0                               0D0000868
     126    1764       0       0       0       0       0       000010000D0000869
     126       0       0       3       0                               0D0000870
     126    1767       0       0       0       0       0       000010000D0000871
     126       0       0       3       0                               0D0000872
     126    1770       0       0       0       0       0       000010000D0000873
     126       0       0       3       0                               0D0000874
     126    1773       0       0       0       0       0       000010000D0000875
     126       0       0       3       0                               0D0000876
     126    1776       0       0       0       0       0       000010000D0000877
     126       0       0       3       0                               0D0000878
     126    1779       0       0       0       0       0       000010000D0000879
     126       0       0       3       0                               0D0000880
     126    1782       0       0       0       0       0       000010000D0000881
     126       0       0       3       0                               0D0000882
     126    1785       0       0       0       0       0       000010000D0000883
     126       0       0       3       0                               0D0000884
     126    1788       0       0       0       0       0       000010000D0000885
     126       0       0       2       0                               0D0000886
     126    1790       0       0       0       0       0       000010000D0000887
     126       0       0       3       0                               0D0000888
     126    1793       0       0       0       0       0       000010000D0000889
     126       0       0       4       0                               0D0000890
     126    1797       0       0       0       0       0       000010000D0000891
     126       0       0       3       0                               0D0000892
     126    1800       0       0       0       0       0       000010000D0000893
     126       0       0       3       0                               0D0000894
     126    1803       0       0       0       0       0       000010000D0000895
     126       0       0       3       0                               0D0000896
     126    1806       0       0       0       0       0       000010000D0000897
     126       0       0       3       0                               0D0000898
     126    1809       0       0       0       0       0       000010000D0000899
     126       0       0       3       0                               0D0000900
     126    1812       0       0       0       0       0       000010000D0000901
     126       0       0       3       0                               0D0000902
     126    1815       0       0       0       0       0       000010000D0000903
     126       0       0       3       0                               0D0000904
     126    1818       0       0       0       0       0       000010000D0000905
     126       0       0       3       0                               0D0000906
     126    1821       0       0       0       0       0       000010000D0000907
     126       0       0       3       0                               0D0000908
     126    1824       0       0       0       0       0       000010000D0000909
     126       0       0       3       0                               0D0000910
     126    1827       0       0       0       0       0       000010000D0000911
     126       0       0       3       0                               0D0000912
     126    1830       0       0       0       0       0       000010000D0000913
     126       0       0       3       0                               0D0000914
     126    1833       0       0       0       0       0       000010000D0000915
     126       0       0       3       0                               0D0000916
     126    1836       0       0       0       0       0       000010000D0000917
     126       0       0       3       0                               0D0000918
     126    1839       0       0       0       0       0       000010000D0000919
     126       0       0       3       0                               0D0000920
     126    1842       0       0       0       0       0       000010000D0000921
     126       0       0       3       0                               0D0000922
     126    1845       0       0       0       0       0       000010000D0000923
     126       0       0       3       0                               0D0000924
     102    1848       0       0       0       0       0       000010000D0000925
     102       0       0       3       0                               0D0000926
     126    1851       0       0       0       0       0       000010000D0000927
     126       0       0       6       0                               0D0000928
     126    1857       0       0       0       0       0       000010000D0000929
     126       0       0       7       0                               0D0000930
     126    1864       0       0       0       0       0       000010000D0000931
     126       0       0       7       0                               0D0000932
     126    1871       0       0       0       0       0       000010000D0000933
     126       0       0       7       0                               0D0000934
     126    1878       0       0       0       0       0       000010000D0000935
     126       0       0       7       0                               0D0000936
     126    1885       0       0       0       0       0       000010000D0000937
     126       0       0       6       0                               0D0000938
     126    1891       0       0       0       0       0       000010000D0000939
     126       0       0       7       0                               0D0000940
     126    1898       0       0       0       0       0       000010000D0000941
     126       0       0       7       0                               0D0000942
     126    1905       0       0       0       0       0       000010000D0000943
     126       0       0       6       0                               0D0000944
     126    1911       0       0       0       0       0       000010000D0000945
     126       0       0       6       0                               0D0000946
     126    1917       0       0       0       0       0       000010000D0000947
     126       0       0       6       0                               0D0000948
     126    1923       0       0       0       0       0       000010000D0000949
     126       0       0       7       0                               0D0000950
     126    1930       0       0       0       0       0       000010000D0000951
     126       0       0       7       0                               0D0000952
     126    1937       0       0       0       0       0       000010000D0000953
     126       0       0       7       0                               0D0000954
     126    1944       0       0       0       0       0       000010000D0000955
     126       0       0       7       0                               0D0000956
     126    1951       0       0       0       0       0       000010000D0000957
     126       0       0       7       0                               0D0000958
     126    1958       0       0       0       0       0       000010000D0000959
     126       0       0       7       0                               0D0000960
     126    1965       0       0       0       0       0       000010000D0000961
     126       0       0       6       0                               0D0000962
     100    1971       0       0       0       0     965       000010000D0000963
     100       0       0       1       0                               0D0000964
     124    1972       0       0       0       0       0       000000000D0000965
     124       0       0       3       0                               0D0000966
     126    1975       0       0       0       0       0       000010000D0000967
     126       0       0       6       0                               0D0000968
     126    1981       0       0       0       0       0       000010000D0000969
     126       0       0       7       0                               0D0000970
     126    1988       0       0       0       0       0       000010000D0000971
     126       0       0       7       0                               0D0000972
     126    1995       0       0       0       0       0       000010000D0000973
     126       0       0       7       0                               0D0000974
     126    2002       0       0       0       0       0       000010000D0000975
     126       0       0       7       0                               0D0000976
     126    2009       0       0       0       0       0       000010000D0000977
     126       0       0       7       0                               0D0000978
     126    2016       0       0       0       0       0       000010000D0000979
     126       0       0       7       0                               0D0000980
     126    2023       0       0       0       0       0       000010000D0000981
     126       0       0       7       0                               0D0000982
     126    2030       0       0       0       0       0       000010000D0000983
     126       0       0       6       0                               0D0000984
     126    2036       0       0       0       0       0       000010000D0000985
     126       0       0       6       0                               0D0000986
     126    2042       0       0       0       0       0       000010000D0000987
     126       0       0       7       0                               0D0000988
     126    2049       0       0       0       0       0       000010000D0000989
     126       0       0       7       0                               0D0000990
     126    2056       0       0       0       0       0       000010000D0000991
     126       0       0       7       0                               0D0000992
     126    2063       0       0       0       0       0       000010000D0000993
     126       0       0       7       0                               0D0000994
     126    2070       0       0       0       0       0       000010000D0000995
     126       0       0       6       0                               0D0000996
     126    2076       0       0       0       0       0       000010000D0000997
     126       0       0       6       0                               0D0000998
     126    2082       0       0       0       0       0       000010000D0000999
     126       0       0       6       0                               0D0001000
     126    2088       0       0       0       0       0       000010000D0001001
     126       0       0       6       0                               0D0001002
     100    2094       0       0       0       0    1005       000010000D0001003
     100       0       0       2       0                               0D0001004
     124    2096       0       0       0       0       0       000000000D0001005
     124       0       0       1       0                               0D0001006
     144    2097       0       0       0       0       0       000020000D0001007
     144       0       0       1       0                               0D0001008
     128    2098       0       0       0       0       0       000010000D0001009
     128       0       0       4       0                               0D0001010
     142    2102       0       0       0       0       0       000010500D0001011
     142       0       0       1       0                               0D0001012
     102    2103       0       0       0       0       0       000010000D0001013
     102       0       0       4       0                               0D0001014
     126    2107       0       0       0       0       0       000010000D0001015
     126       0       0       3       0                               0D0001016
     126    2110       0       0       0       0       0       000010000D0001017
     126       0       0       3       0                               0D0001018
     126    2113       0       0       0       0       0       000010000D0001019
     126       0       0       4       0                               0D0001020
     126    2117       0       0       0       0       0       000010000D0001021
     126       0       0       4       0                               0D0001022
     126    2121       0       0       0       0       0       000010000D0001023
     126       0       0       3       0                               0D0001024
     126    2124       0       0       0       0       0       000010000D0001025
     126       0       0       3       0                               0D0001026
     126    2127       0       0       0       0       0       000010000D0001027
     126       0       0       3       0                               0D0001028
     126    2130       0       0       0       0       0       000010000D0001029
     126       0       0       3       0                               0D0001030
     126    2133       0       0       0       0       0       000010000D0001031
     126       0       0       3       0                               0D0001032
     126    2136       0       0       0       0       0       000010000D0001033
     126       0       0       3       0                               0D0001034
     126    2139       0       0       0       0       0       000010000D0001035
     126       0       0       3       0                               0D0001036
     126    2142       0       0       0       0       0       000010000D0001037
     126       0       0       3       0                               0D0001038
     126    2145       0       0       0       0       0       000010000D0001039
     126       0       0       3       0                               0D0001040
     126    2148       0       0       0       0       0       000010000D0001041
     126       0       0       3       0                               0D0001042
     126    2151       0       0       0       0       0       000010000D0001043
     126       0       0       3       0                               0D0001044
     126    2154       0       0       0       0       0       000010000D0001045
     126       0       0       3       0                               0D0001046
     126    2157       0       0       0       0       0       000010000D0001047
     126       0       0       3       0                               0D0001048
     126    2160       0       0       0       0       0       000010000D0001049
     126       0       0       3       0                               0D0001050
     126    2163       0       0       0       0       0       000010000D0001051
     126       0       0       3       0                               0D0001052
     126    2166       0       0       0       0       0       000010000D0001053
     126       0       0       3       0                               0D0001054
     126    2169       0       0       0       0       0       000010000D0001055
     126       0       0       3       0                               0D0001056
     126    2172       0       0       0       0       0       000010000D0001057
     126       0       0       3       0                               0D0001058
     126    2175       0       0       0       0       0       000010000D0001059
     126       0       0       3       0                               0D0001060
     126    2178       0       0       0       0       0       000010000D0001061
     126       0       0       3       0                               0D0001062
     126    2181       0       0       0       0       0       000010000D0001063
     126       0       0       3       0                               0D0001064
     126    2184       0       0       0       0       0       000010000D0001065
     126       0       0       4       0                               0D0001066
     126    2188       0       0       0       0       0       000010000D0001067
     126       0       0       4       0                               0D0001068
     126    2192       0       0       0       0       0       000010000D0001069
     126       0       0       3       0                               0D0001070
     126    2195       0       0       0       0       0       000010000D0001071
     126       0       0       3       0                               0D0001072
     126    2198       0       0       0       0       0       000010000D0001073
     126       0       0       3       0                               0D0001074
     126    2201       0       0       0       0       0       000010000D0001075
     126       0       0       3       0                               0D0001076
     126    2204       0       0       0       0       0       000010000D0001077
     126       0       0       3       0                               0D0001078
     126    2207       0       0       0       0       0       000010000D0001079
     126       0       0       3       0                               0D0001080
     126    2210       0       0       0       0       0       000010000D0001081
     126       0       0       3       0                               0D0001082
     126    2213       0       0       0       0       0       000010000D0001083
     126       0       0       3       0                               0D0001084
     126    2216       0       0       0       0       0       000010000D0001085
     126       0       0       3       0                               0D0001086
     126    2219       0       0       0       0       0       000010000D0001087
     126       0       0       3       0                               0D0001088
     126    2222       0       0       0       0       0       000010000D0001089
     126       0       0       3       0                               0D0001090
     126    2225       0       0       0       0       0       000010000D0001091
     126       0       0       3       0                               0D0001092
     126    2228       0       0       0       0       0       000010000D0001093
     126       0       0       3       0                               0D0001094
     126    2231       0       0       0       0       0       000010000D0001095
     126       0       0       3       0                               0D0001096
     126    2234       0       0       0       0       0       000010000D0001097
     126       0       0       3       0                               0D0001098
     126    2237       0       0       0       0       0       000010000D0001099
     126       0       0       3       0                               0D0001100
     126    2240       0       0       0       0       0       000010000D0001101
     126       0       0       3       0                               0D0001102
     126    2243       0       0       0       0       0       000010000D0001103
     126       0       0       3       0                               0D0001104
     126    2246       0       0       0       0       0       000010000D0001105
     126       0       0       3       0                               0D0001106
     102    2249       0       0       0       0       0       000010000D0001107
     102       0       0       4       0                               0D0001108
     110    2253       0       0       0       0       0       000010000D0001109
     110       0       0       1       0                               0D0001110
     126    2254       0       0       0       0       0       000010000D0001111
     126       0       0       4       0                               0D0001112
     126    2258       0       0       0       0       0       000010000D0001113
     126       0       0       4       0                               0D0001114
     126    2262       0       0       0       0       0       000010000D0001115
     126       0       0       4       0                               0D0001116
     126    2266       0       0       0       0       0       000010000D0001117
     126       0       0       4       0                               0D0001118
     126    2270       0       0       0       0       0       000010000D0001119
     126       0       0       4       0                               0D0001120
     126    2274       0       0       0       0       0       000010000D0001121
     126       0       0       4       0                               0D0001122
     126    2278       0       0       0       0       0       000010000D0001123
     126       0       0       3       0                               0D0001124
     126    2281       0       0       0       0       0       000010000D0001125
     126       0       0       3       0                               0D0001126
     126    2284       0       0       0       0       0       000010000D0001127
     126       0       0       3       0                               0D0001128
     126    2287       0       0       0       0       0       000010000D0001129
     126       0       0       3       0                               0D0001130
     126    2290       0       0       0       0       0       000010000D0001131
     126       0       0       3       0                               0D0001132
     126    2293       0       0       0       0       0       000010000D0001133
     126       0       0       3       0                               0D0001134
     126    2296       0       0       0       0       0       000010000D0001135
     126       0       0       3       0                               0D0001136
     126    2299       0       0       0       0       0       000010000D0001137
     126       0       0       3       0                               0D0001138
     126    2302       0       0       0       0       0       000010000D0001139
     126       0       0       3       0                               0D0001140
     126    2305       0       0       0       0       0       000010000D0001141
     126       0       0       3       0                               0D0001142
     126    2308       0       0       0       0       0       000010000D0001143
     126       0       0       4       0                               0D0001144
     126    2312       0       0       0       0       0       000010000D0001145
     126       0       0       4       0                               0D0001146
     126    2316       0       0       0       0       0       000010000D0001147
     126       0       0       4       0                               0D0001148
     126    2320       0       0       0       0       0       000010000D0001149
     126       0       0       4       0                               0D0001150
     126    2324       0       0       0       0       0       000010000D0001151
     126       0       0       4       0                               0D0001152
     126    2328       0       0       0       0       0       000010000D0001153
     126       0       0       3       0                               0D0001154
     110    2331       0       0       0       0       0       000010000D0001155
     110       0       0       1       0                               0D0001156
     126    2332       0       0       0       0       0       000010000D0001157
     126       0       0       3       0                               0D0001158
     126    2335       0       0       0       0       0       000010000D0001159
     126       0       0       4       0                               0D0001160
     126    2339       0       0       0       0       0       000010000D0001161
     126       0       0       4       0                               0D0001162
     126    2343       0       0       0       0       0       000010000D0001163
     126       0       0       4       0                               0D0001164
     126    2347       0       0       0       0       0       000010000D0001165
     126       0       0       4       0                               0D0001166
     126    2351       0       0       0       0       0       000010000D0001167
     126       0       0       4       0                               0D0001168
     126    2355       0       0       0       0       0       000010000D0001169
     126       0       0       4       0                               0D0001170
     126    2359       0       0       0       0       0       000010000D0001171
     126       0       0       4       0                               0D0001172
     126    2363       0       0       0       0       0       000010000D0001173
     126       0       0       4       0                               0D0001174
     126    2367       0       0       0       0       0       000010000D0001175
     126       0       0       4       0                               0D0001176
     126    2371       0       0       0       0       0       000010000D0001177
     126       0       0       3       0                               0D0001178
     126    2374       0       0       0       0       0       000010000D0001179
     126       0       0       3       0                               0D0001180
     126    2377       0       0       0       0       0       000010000D0001181
     126       0       0       4       0                               0D0001182
     126    2381       0       0       0       0       0       000010000D0001183
     126       0       0       4       0                               0D0001184
     126    2385       0       0       0       0       0       000010000D0001185
     126       0       0       4       0                               0D0001186
     126    2389       0       0       0       0       0       000010000D0001187
     126       0       0       4       0                               0D0001188
     126    2393       0       0       0       0       0       000010000D0001189
     126       0       0       4       0                               0D0001190
     126    2397       0       0       0       0       0       000010000D0001191
     126       0       0       4       0                               0D0001192
     126    2401       0       0       0       0       0       000010000D0001193
     126       0       0       4       0                               0D0001194
     126    2405       0       0       0       0       0       000010000D0001195
     126       0       0       4       0                               0D0001196
     126    2409       0       0       0       0       0       000010000D0001197
     126       0       0       4       0                               0D0001198
     126    2413       0       0       0       0       0       000010000D0001199
     126       0       0       3       0                               0D0001200
     144    2416       0       0       0       0       0       000020000D0001201
     144       0       0       1       0                               0D0001202
     128    2417       0       0       0       0       0       000010000D0001203
     128       0       0       4       0                               0D0001204
     142    2421       0       0       0       0       0       000010500D0001205
     142       0       0       1       0                               0D0001206
     102    2422       0       0       0       0       0       000010000D0001207
     102       0       0       4       0                               0D0001208
     126    2426       0       0       0       0       0       000010000D0001209
     126       0       0       3       0                               0D0001210
     126    2429       0       0       0       0       0       000010000D0001211
     126       0       0       3       0                               0D0001212
     126    2432       0       0       0       0       0       000010000D0001213
     126       0       0       4       0                               0D0001214
     126    2436       0       0       0       0       0       000010000D0001215
     126       0       0       4       0                               0D0001216
     126    2440       0       0       0       0       0       000010000D0001217
     126       0       0       3       0                               0D0001218
     126    2443       0       0       0       0       0       000010000D0001219
     126       0       0       3       0                               0D0001220
     126    2446       0       0       0       0       0       000010000D0001221
     126       0       0       3       0                               0D0001222
     126    2449       0       0       0       0       0       000010000D0001223
     126       0       0       3       0                               0D0001224
     126    2452       0       0       0       0       0       000010000D0001225
     126       0       0       3       0                               0D0001226
     126    2455       0       0       0       0       0       000010000D0001227
     126       0       0       3       0                               0D0001228
     126    2458       0       0       0       0       0       000010000D0001229
     126       0       0       3       0                               0D0001230
     126    2461       0       0       0       0       0       000010000D0001231
     126       0       0       3       0                               0D0001232
     126    2464       0       0       0       0       0       000010000D0001233
     126       0       0       3       0                               0D0001234
     126    2467       0       0       0       0       0       000010000D0001235
     126       0       0       3       0                               0D0001236
     126    2470       0       0       0       0       0       000010000D0001237
     126       0       0       3       0                               0D0001238
     126    2473       0       0       0       0       0       000010000D0001239
     126       0       0       3       0                               0D0001240
     126    2476       0       0       0       0       0       000010000D0001241
     126       0       0       3       0                               0D0001242
     126    2479       0       0       0       0       0       000010000D0001243
     126       0       0       3       0                               0D0001244
     126    2482       0       0       0       0       0       000010000D0001245
     126       0       0       3       0                               0D0001246
     126    2485       0       0       0       0       0       000010000D0001247
     126       0       0       3       0                               0D0001248
     126    2488       0       0       0       0       0       000010000D0001249
     126       0       0       3       0                               0D0001250
     126    2491       0       0       0       0       0       000010000D0001251
     126       0       0       3       0                               0D0001252
     126    2494       0       0       0       0       0       000010000D0001253
     126       0       0       3       0                               0D0001254
     126    2497       0       0       0       0       0       000010000D0001255
     126       0       0       3       0                               0D0001256
     126    2500       0       0       0       0       0       000010000D0001257
     126       0       0       3       0                               0D0001258
     126    2503       0       0       0       0       0       000010000D0001259
     126       0       0       4       0                               0D0001260
     126    2507       0       0       0       0       0       000010000D0001261
     126       0       0       4       0                               0D0001262
     126    2511       0       0       0       0       0       000010000D0001263
     126       0       0       3       0                               0D0001264
     126    2514       0       0       0       0       0       000010000D0001265
     126       0       0       3       0                               0D0001266
     126    2517       0       0       0       0       0       000010000D0001267
     126       0       0       3       0                               0D0001268
     126    2520       0       0       0       0       0       000010000D0001269
     126       0       0       3       0                               0D0001270
     126    2523       0       0       0       0       0       000010000D0001271
     126       0       0       3       0                               0D0001272
     126    2526       0       0       0       0       0       000010000D0001273
     126       0       0       3       0                               0D0001274
     126    2529       0       0       0       0       0       000010000D0001275
     126       0       0       3       0                               0D0001276
     126    2532       0       0       0       0       0       000010000D0001277
     126       0       0       3       0                               0D0001278
     126    2535       0       0       0       0       0       000010000D0001279
     126       0       0       3       0                               0D0001280
     126    2538       0       0       0       0       0       000010000D0001281
     126       0       0       3       0                               0D0001282
     126    2541       0       0       0       0       0       000010000D0001283
     126       0       0       3       0                               0D0001284
     126    2544       0       0       0       0       0       000010000D0001285
     126       0       0       3       0                               0D0001286
     126    2547       0       0       0       0       0       000010000D0001287
     126       0       0       3       0                               0D0001288
     126    2550       0       0       0       0       0       000010000D0001289
     126       0       0       3       0                               0D0001290
     126    2553       0       0       0       0       0       000010000D0001291
     126       0       0       3       0                               0D0001292
     126    2556       0       0       0       0       0       000010000D0001293
     126       0       0       3       0                               0D0001294
     126    2559       0       0       0       0       0       000010000D0001295
     126       0       0       3       0                               0D0001296
     126    2562       0       0       0       0       0       000010000D0001297
     126       0       0       3       0                               0D0001298
     126    2565       0       0       0       0       0       000010000D0001299
     126       0       0       3       0                               0D0001300
     102    2568       0       0       0       0       0       000010000D0001301
     102       0       0       4       0                               0D0001302
     110    2572       0       0       0       0       0       000010000D0001303
     110       0       0       1       0                               0D0001304
     126    2573       0       0       0       0       0       000010000D0001305
     126       0       0       3       0                               0D0001306
     126    2576       0       0       0       0       0       000010000D0001307
     126       0       0       4       0                               0D0001308
     126    2580       0       0       0       0       0       000010000D0001309
     126       0       0       4       0                               0D0001310
     126    2584       0       0       0       0       0       000010000D0001311
     126       0       0       4       0                               0D0001312
     126    2588       0       0       0       0       0       000010000D0001313
     126       0       0       4       0                               0D0001314
     126    2592       0       0       0       0       0       000010000D0001315
     126       0       0       4       0                               0D0001316
     126    2596       0       0       0       0       0       000010000D0001317
     126       0       0       4       0                               0D0001318
     126    2600       0       0       0       0       0       000010000D0001319
     126       0       0       4       0                               0D0001320
     126    2604       0       0       0       0       0       000010000D0001321
     126       0       0       4       0                               0D0001322
     126    2608       0       0       0       0       0       000010000D0001323
     126       0       0       4       0                               0D0001324
     126    2612       0       0       0       0       0       000010000D0001325
     126       0       0       4       0                               0D0001326
     126    2616       0       0       0       0       0       000010000D0001327
     126       0       0       4       0                               0D0001328
     126    2620       0       0       0       0       0       000010000D0001329
     126       0       0       4       0                               0D0001330
     126    2624       0       0       0       0       0       000010000D0001331
     126       0       0       3       0                               0D0001332
     126    2627       0       0       0       0       0       000010000D0001333
     126       0       0       4       0                               0D0001334
     126    2631       0       0       0       0       0       000010000D0001335
     126       0       0       4       0                               0D0001336
     126    2635       0       0       0       0       0       000010000D0001337
     126       0       0       4       0                               0D0001338
     126    2639       0       0       0       0       0       000010000D0001339
     126       0       0       4       0                               0D0001340
     126    2643       0       0       0       0       0       000010000D0001341
     126       0       0       4       0                               0D0001342
     126    2647       0       0       0       0       0       000010000D0001343
     126       0       0       4       0                               0D0001344
     126    2651       0       0       0       0       0       000010000D0001345
     126       0       0       4       0                               0D0001346
     126    2655       0       0       0       0       0       000010000D0001347
     126       0       0       3       0                               0D0001348
     110    2658       0       0       0       0       0       000010000D0001349
     110       0       0       1       0                               0D0001350
     126    2659       0       0       0       0       0       000010000D0001351
     126       0       0       3       0                               0D0001352
     126    2662       0       0       0       0       0       000010000D0001353
     126       0       0       4       0                               0D0001354
     126    2666       0       0       0       0       0       000010000D0001355
     126       0       0       4       0                               0D0001356
     126    2670       0       0       0       0       0       000010000D0001357
     126       0       0       4       0                               0D0001358
     126    2674       0       0       0       0       0       000010000D0001359
     126       0       0       4       0                               0D0001360
     126    2678       0       0       0       0       0       000010000D0001361
     126       0       0       4       0                               0D0001362
     126    2682       0       0       0       0       0       000010000D0001363
     126       0       0       3       0                               0D0001364
     126    2685       0       0       0       0       0       000010000D0001365
     126       0       0       3       0                               0D0001366
     126    2688       0       0       0       0       0       000010000D0001367
     126       0       0       3       0                               0D0001368
     126    2691       0       0       0       0       0       000010000D0001369
     126       0       0       3       0                               0D0001370
     126    2694       0       0       0       0       0       000010000D0001371
     126       0       0       3       0                               0D0001372
     126    2697       0       0       0       0       0       000010000D0001373
     126       0       0       3       0                               0D0001374
     126    2700       0       0       0       0       0       000010000D0001375
     126       0       0       3       0                               0D0001376
     126    2703       0       0       0       0       0       000010000D0001377
     126       0       0       3       0                               0D0001378
     126    2706       0       0       0       0       0       000010000D0001379
     126       0       0       3       0                               0D0001380
     126    2709       0       0       0       0       0       000010000D0001381
     126       0       0       3       0                               0D0001382
     126    2712       0       0       0       0       0       000010000D0001383
     126       0       0       4       0                               0D0001384
     126    2716       0       0       0       0       0       000010000D0001385
     126       0       0       4       0                               0D0001386
     126    2720       0       0       0       0       0       000010000D0001387
     126       0       0       4       0                               0D0001388
     126    2724       0       0       0       0       0       000010000D0001389
     126       0       0       4       0                               0D0001390
     126    2728       0       0       0       0       0       000010000D0001391
     126       0       0       4       0                               0D0001392
     126    2732       0       0       0       0       0       000010000D0001393
     126       0       0       3       0                               0D0001394
     144    2735       0       0       0       0       0       000020000D0001395
     144       0       0       1       0                               0D0001396
     128    2736       0       0       0       0       0       000010000D0001397
     128       0       0       4       0                               0D0001398
     142    2740       0       0       0       0       0       000010500D0001399
     142       0       0       1       0                               0D0001400
     102    2741       0       0       0       0       0       000010000D0001401
     102       0       0       4       0                               0D0001402
     126    2745       0       0       0       0       0       000010000D0001403
     126       0       0       3       0                               0D0001404
     126    2748       0       0       0       0       0       000010000D0001405
     126       0       0       3       0                               0D0001406
     126    2751       0       0       0       0       0       000010000D0001407
     126       0       0       4       0                               0D0001408
     126    2755       0       0       0       0       0       000010000D0001409
     126       0       0       4       0                               0D0001410
     126    2759       0       0       0       0       0       000010000D0001411
     126       0       0       3       0                               0D0001412
     126    2762       0       0       0       0       0       000010000D0001413
     126       0       0       3       0                               0D0001414
     126    2765       0       0       0       0       0       000010000D0001415
     126       0       0       3       0                               0D0001416
     126    2768       0       0       0       0       0       000010000D0001417
     126       0       0       3       0                               0D0001418
     126    2771       0       0       0       0       0       000010000D0001419
     126       0       0       3       0                               0D0001420
     126    2774       0       0       0       0       0       000010000D0001421
     126       0       0       3       0                               0D0001422
     126    2777       0       0       0       0       0       000010000D0001423
     126       0       0       3       0                               0D0001424
     126    2780       0       0       0       0       0       000010000D0001425
     126       0       0       3       0                               0D0001426
     126    2783       0       0       0       0       0       000010000D0001427
     126       0       0       3       0                               0D0001428
     126    2786       0       0       0       0       0       000010000D0001429
     126       0       0       3       0                               0D0001430
     126    2789       0       0       0       0       0       000010000D0001431
     126       0       0       3       0                               0D0001432
     126    2792       0       0       0       0       0       000010000D0001433
     126       0       0       3       0                               0D0001434
     126    2795       0       0       0       0       0       000010000D0001435
     126       0       0       3       0                               0D0001436
     126    2798       0       0       0       0       0       000010000D0001437
     126       0       0       3       0                               0D0001438
     126    2801       0       0       0       0       0       000010000D0001439
     126       0       0       3       0                               0D0001440
     126    2804       0       0       0       0       0       000010000D0001441
     126       0       0       3       0                               0D0001442
     126    2807       0       0       0       0       0       000010000D0001443
     126       0       0       3       0                               0D0001444
     126    2810       0       0       0       0       0       000010000D0001445
     126       0       0       3       0                               0D0001446
     126    2813       0       0       0       0       0       000010000D0001447
     126       0       0       3       0                               0D0001448
     126    2816       0       0       0       0       0       000010000D0001449
     126       0       0       3       0                               0D0001450
     126    2819       0       0       0       0       0       000010000D0001451
     126       0       0       3       0                               0D0001452
     126    2822       0       0       0       0       0       000010000D0001453
     126       0       0       4       0                               0D0001454
     126    2826       0       0       0       0       0       000010000D0001455
     126       0       0       4       0                               0D0001456
     126    2830       0       0       0       0       0       000010000D0001457
     126       0       0       3       0                               0D0001458
     126    2833       0       0       0       0       0       000010000D0001459
     126       0       0       3       0                               0D0001460
     126    2836       0       0       0       0       0       000010000D0001461
     126       0       0       3       0                               0D0001462
     126    2839       0       0       0       0       0       000010000D0001463
     126       0       0       3       0                               0D0001464
     126    2842       0       0       0       0       0       000010000D0001465
     126       0       0       3       0                               0D0001466
     126    2845       0       0       0       0       0       000010000D0001467
     126       0       0       3       0                               0D0001468
     126    2848       0       0       0       0       0       000010000D0001469
     126       0       0       3       0                               0D0001470
     126    2851       0       0       0       0       0       000010000D0001471
     126       0       0       3       0                               0D0001472
     126    2854       0       0       0       0       0       000010000D0001473
     126       0       0       3       0                               0D0001474
     126    2857       0       0       0       0       0       000010000D0001475
     126       0       0       3       0                               0D0001476
     126    2860       0       0       0       0       0       000010000D0001477
     126       0       0       3       0                               0D0001478
     126    2863       0       0       0       0       0       000010000D0001479
     126       0       0       3       0                               0D0001480
     126    2866       0       0       0       0       0       000010000D0001481
     126       0       0       3       0                               0D0001482
     126    2869       0       0       0       0       0       000010000D0001483
     126       0       0       3       0                               0D0001484
     126    2872       0       0       0       0       0       000010000D0001485
     126       0       0       3       0                               0D0001486
     126    2875       0       0       0       0       0       000010000D0001487
     126       0       0       3       0                               0D0001488
     126    2878       0       0       0       0       0       000010000D0001489
     126       0       0       3       0                               0D0001490
     126    2881       0       0       0       0       0       000010000D0001491
     126       0       0       3       0                               0D0001492
     126    2884       0       0       0       0       0       000010000D0001493
     126       0       0       3       0                               0D0001494
     102    2887       0       0       0       0       0       000010000D0001495
     102       0       0       4       0                               0D0001496
     110    2891       0       0       0       0       0       000010000D0001497
     110       0       0       1       0                               0D0001498
     126    2892       0       0       0       0       0       000010000D0001499
     126       0       0       3       0                               0D0001500
     126    2895       0       0       0       0       0       000010000D0001501
     126       0       0       4       0                               0D0001502
     126    2899       0       0       0       0       0       000010000D0001503
     126       0       0       4       0                               0D0001504
     126    2903       0       0       0       0       0       000010000D0001505
     126       0       0       4       0                               0D0001506
     126    2907       0       0       0       0       0       000010000D0001507
     126       0       0       4       0                               0D0001508
     126    2911       0       0       0       0       0       000010000D0001509
     126       0       0       4       0                               0D0001510
     126    2915       0       0       0       0       0       000010000D0001511
     126       0       0       3       0                               0D0001512
     126    2918       0       0       0       0       0       000010000D0001513
     126       0       0       3       0                               0D0001514
     126    2921       0       0       0       0       0       000010000D0001515
     126       0       0       3       0                               0D0001516
     126    2924       0       0       0       0       0       000010000D0001517
     126       0       0       3       0                               0D0001518
     126    2927       0       0       0       0       0       000010000D0001519
     126       0       0       3       0                               0D0001520
     126    2930       0       0       0       0       0       000010000D0001521
     126       0       0       3       0                               0D0001522
     126    2933       0       0       0       0       0       000010000D0001523
     126       0       0       3       0                               0D0001524
     126    2936       0       0       0       0       0       000010000D0001525
     126       0       0       3       0                               0D0001526
     126    2939       0       0       0       0       0       000010000D0001527
     126       0       0       3       0                               0D0001528
     126    2942       0       0       0       0       0       000010000D0001529
     126       0       0       3       0                               0D0001530
     126    2945       0       0       0       0       0       000010000D0001531
     126       0       0       4       0                               0D0001532
     126    2949       0       0       0       0       0       000010000D0001533
     126       0       0       4       0                               0D0001534
     126    2953       0       0       0       0       0       000010000D0001535
     126       0       0       4       0                               0D0001536
     126    2957       0       0       0       0       0       000010000D0001537
     126       0       0       4       0                               0D0001538
     126    2961       0       0       0       0       0       000010000D0001539
     126       0       0       4       0                               0D0001540
     126    2965       0       0       0       0       0       000010000D0001541
     126       0       0       3       0                               0D0001542
     110    2968       0       0       0       0       0       000010000D0001543
     110       0       0       1       0                               0D0001544
     126    2969       0       0       0       0       0       000010000D0001545
     126       0       0       3       0                               0D0001546
     126    2972       0       0       0       0       0       000010000D0001547
     126       0       0       4       0                               0D0001548
     126    2976       0       0       0       0       0       000010000D0001549
     126       0       0       4       0                               0D0001550
     126    2980       0       0       0       0       0       000010000D0001551
     126       0       0       4       0                               0D0001552
     126    2984       0       0       0       0       0       000010000D0001553
     126       0       0       4       0                               0D0001554
     126    2988       0       0       0       0       0       000010000D0001555
     126       0       0       4       0                               0D0001556
     126    2992       0       0       0       0       0       000010000D0001557
     126       0       0       3       0                               0D0001558
     126    2995       0       0       0       0       0       000010000D0001559
     126       0       0       3       0                               0D0001560
     126    2998       0       0       0       0       0       000010000D0001561
     126       0       0       3       0                               0D0001562
     126    3001       0       0       0       0       0       000010000D0001563
     126       0       0       3       0                               0D0001564
     126    3004       0       0       0       0       0       000010000D0001565
     126       0       0       3       0                               0D0001566
     126    3007       0       0       0       0       0       000010000D0001567
     126       0       0       3       0                               0D0001568
     126    3010       0       0       0       0       0       000010000D0001569
     126       0       0       3       0                               0D0001570
     126    3013       0       0       0       0       0       000010000D0001571
     126       0       0       3       0                               0D0001572
     126    3016       0       0       0       0       0       000010000D0001573
     126       0       0       3       0                               0D0001574
     126    3019       0       0       0       0       0       000010000D0001575
     126       0       0       3       0                               0D0001576
     126    3022       0       0       0       0       0       000010000D0001577
     126       0       0       4       0                               0D0001578
     126    3026       0       0       0       0       0       000010000D0001579
     126       0       0       3       0                               0D0001580
     126    3029       0       0       0       0       0       000010000D0001581
     126       0       0       3       0                               0D0001582
     126    3032       0       0       0       0       0       000010000D0001583
     126       0       0       4       0                               0D0001584
     126    3036       0       0       0       0       0       000010000D0001585
     126       0       0       4       0                               0D0001586
     126    3040       0       0       0       0       0       000010000D0001587
     126       0       0       3       0                               0D0001588
     144    3043       0       0       0       0       0       000020000D0001589
     144       0       0       1       0                               0D0001590
     128    3044       0       0       0       0       0       000010000D0001591
     128       0       0       4       0                               0D0001592
     142    3048       0       0       0       0       0       000010500D0001593
     142       0       0       1       0                               0D0001594
     102    3049       0       0       0       0       0       000010000D0001595
     102       0       0       4       0                               0D0001596
     126    3053       0       0       0       0       0       000010000D0001597
     126       0       0       3       0                               0D0001598
     126    3056       0       0       0       0       0       000010000D0001599
     126       0       0       3       0                               0D0001600
     126    3059       0       0       0       0       0       000010000D0001601
     126       0       0       4       0                               0D0001602
     126    3063       0       0       0       0       0       000010000D0001603
     126       0       0       4       0                               0D0001604
     126    3067       0       0       0       0       0       000010000D0001605
     126       0       0       3       0                               0D0001606
     126    3070       0       0       0       0       0       000010000D0001607
     126       0       0       3       0                               0D0001608
     126    3073       0       0       0       0       0       000010000D0001609
     126       0       0       3       0                               0D0001610
     126    3076       0       0       0       0       0       000010000D0001611
     126       0       0       3       0                               0D0001612
     126    3079       0       0       0       0       0       000010000D0001613
     126       0       0       3       0                               0D0001614
     126    3082       0       0       0       0       0       000010000D0001615
     126       0       0       3       0                               0D0001616
     126    3085       0       0       0       0       0       000010000D0001617
     126       0       0       3       0                               0D0001618
     126    3088       0       0       0       0       0       000010000D0001619
     126       0       0       3       0                               0D0001620
     126    3091       0       0       0       0       0       000010000D0001621
     126       0       0       3       0                               0D0001622
     126    3094       0       0       0       0       0       000010000D0001623
     126       0       0       3       0                               0D0001624
     126    3097       0       0       0       0       0       000010000D0001625
     126       0       0       3       0                               0D0001626
     126    3100       0       0       0       0       0       000010000D0001627
     126       0       0       3       0                               0D0001628
     126    3103       0       0       0       0       0       000010000D0001629
     126       0       0       3       0                               0D0001630
     126    3106       0       0       0       0       0       000010000D0001631
     126       0       0       3       0                               0D0001632
     126    3109       0       0       0       0       0       000010000D0001633
     126       0       0       3       0                               0D0001634
     126    3112       0       0       0       0       0       000010000D0001635
     126       0       0       3       0                               0D0001636
     126    3115       0       0       0       0       0       000010000D0001637
     126       0       0       3       0                               0D0001638
     126    3118       0       0       0       0       0       000010000D0001639
     126       0       0       3       0                               0D0001640
     126    3121       0       0       0       0       0       000010000D0001641
     126       0       0       3       0                               0D0001642
     126    3124       0       0       0       0       0       000010000D0001643
     126       0       0       3       0                               0D0001644
     126    3127       0       0       0       0       0       000010000D0001645
     126       0       0       3       0                               0D0001646
     126    3130       0       0       0       0       0       000010000D0001647
     126       0       0       4       0                               0D0001648
     126    3134       0       0       0       0       0       000010000D0001649
     126       0       0       4       0                               0D0001650
     126    3138       0       0       0       0       0       000010000D0001651
     126       0       0       3       0                               0D0001652
     126    3141       0       0       0       0       0       000010000D0001653
     126       0       0       3       0                               0D0001654
     126    3144       0       0       0       0       0       000010000D0001655
     126       0       0       3       0                               0D0001656
     126    3147       0       0       0       0       0       000010000D0001657
     126       0       0       3       0                               0D0001658
     126    3150       0       0       0       0       0       000010000D0001659
     126       0       0       3       0                               0D0001660
     126    3153       0       0       0       0       0       000010000D0001661
     126       0       0       3       0                               0D0001662
     126    3156       0       0       0       0       0       000010000D0001663
     126       0       0       3       0                               0D0001664
     126    3159       0       0       0       0       0       000010000D0001665
     126       0       0       3       0                               0D0001666
     126    3162       0       0       0       0       0       000010000D0001667
     126       0       0       3       0                               0D0001668
     126    3165       0       0       0       0       0       000010000D0001669
     126       0       0       3       0                               0D0001670
     126    3168       0       0       0       0       0       000010000D0001671
     126       0       0       3       0                               0D0001672
     126    3171       0       0       0       0       0       000010000D0001673
     126       0       0       3       0                               0D0001674
     126    3174       0       0       0       0       0       000010000D0001675
     126       0       0       3       0                               0D0001676
     126    3177       0       0       0       0       0       000010000D0001677
     126       0       0       3       0                               0D0001678
     126    3180       0       0       0       0       0       000010000D0001679
     126       0       0       3       0                               0D0001680
     126    3183       0       0       0       0       0       000010000D0001681
     126       0       0       3       0                               0D0001682
     126    3186       0       0       0       0       0       000010000D0001683
     126       0       0       3       0                               0D0001684
     126    3189       0       0       0       0       0       000010000D0001685
     126       0       0       3       0                               0D0001686
     126    3192       0       0       0       0       0       000010000D0001687
     126       0       0       3       0                               0D0001688
     102    3195       0       0       0       0       0       000010000D0001689
     102       0       0       4       0                               0D0001690
     110    3199       0       0       0       0       0       000010000D0001691
     110       0       0       1       0                               0D0001692
     126    3200       0       0       0       0       0       000010000D0001693
     126       0       0       3       0                               0D0001694
     126    3203       0       0       0       0       0       000010000D0001695
     126       0       0       4       0                               0D0001696
     126    3207       0       0       0       0       0       000010000D0001697
     126       0       0       4       0                               0D0001698
     126    3211       0       0       0       0       0       000010000D0001699
     126       0       0       4       0                               0D0001700
     126    3215       0       0       0       0       0       000010000D0001701
     126       0       0       4       0                               0D0001702
     126    3219       0       0       0       0       0       000010000D0001703
     126       0       0       4       0                               0D0001704
     126    3223       0       0       0       0       0       000010000D0001705
     126       0       0       3       0                               0D0001706
     126    3226       0       0       0       0       0       000010000D0001707
     126       0       0       3       0                               0D0001708
     126    3229       0       0       0       0       0       000010000D0001709
     126       0       0       3       0                               0D0001710
     126    3232       0       0       0       0       0       000010000D0001711
     126       0       0       3       0                               0D0001712
     126    3235       0       0       0       0       0       000010000D0001713
     126       0       0       3       0                               0D0001714
     126    3238       0       0       0       0       0       000010000D0001715
     126       0       0       3       0                               0D0001716
     126    3241       0       0       0       0       0       000010000D0001717
     126       0       0       3       0                               0D0001718
     126    3244       0       0       0       0       0       000010000D0001719
     126       0       0       3       0                               0D0001720
     126    3247       0       0       0       0       0       000010000D0001721
     126       0       0       3       0                               0D0001722
     126    3250       0       0       0       0       0       000010000D0001723
     126       0       0       3       0                               0D0001724
     126    3253       0       0       0       0       0       000010000D0001725
     126       0       0       4       0                               0D0001726
     126    3257       0       0       0       0       0       000010000D0001727
     126       0       0       3       0                               0D0001728
     126    3260       0       0       0       0       0       000010000D0001729
     126       0       0       4       0                               0D0001730
     126    3264       0       0       0       0       0       000010000D0001731
     126       0       0       4       0                               0D0001732
     126    3268       0       0       0       0       0       000010000D0001733
     126       0       0       4       0                               0D0001734
     126    3272       0       0       0       0       0       000010000D0001735
     126       0       0       3       0                               0D0001736
     110    3275       0       0       0       0       0       000010000D0001737
     110       0       0       1       0                               0D0001738
     126    3276       0       0       0       0       0       000010000D0001739
     126       0       0       3       0                               0D0001740
     126    3279       0       0       0       0       0       000010000D0001741
     126       0       0       4       0                               0D0001742
     126    3283       0       0       0       0       0       000010000D0001743
     126       0       0       4       0                               0D0001744
     126    3287       0       0       0       0       0       000010000D0001745
     126       0       0       4       0                               0D0001746
     126    3291       0       0       0       0       0       000010000D0001747
     126       0       0       3       0                               0D0001748
     126    3294       0       0       0       0       0       000010000D0001749
     126       0       0       4       0                               0D0001750
     126    3298       0       0       0       0       0       000010000D0001751
     126       0       0       3       0                               0D0001752
     126    3301       0       0       0       0       0       000010000D0001753
     126       0       0       3       0                               0D0001754
     126    3304       0       0       0       0       0       000010000D0001755
     126       0       0       3       0                               0D0001756
     126    3307       0       0       0       0       0       000010000D0001757
     126       0       0       3       0                               0D0001758
     126    3310       0       0       0       0       0       000010000D0001759
     126       0       0       3       0                               0D0001760
     126    3313       0       0       0       0       0       000010000D0001761
     126       0       0       3       0                               0D0001762
     126    3316       0       0       0       0       0       000010000D0001763
     126       0       0       3       0                               0D0001764
     126    3319       0       0       0       0       0       000010000D0001765
     126       0       0       3       0                               0D0001766
     126    3322       0       0       0       0       0       000010000D0001767
     126       0       0       3       0                               0D0001768
     126    3325       0       0       0       0       0       000010000D0001769
     126       0       0       3       0                               0D0001770
     126    3328       0       0       0       0       0       000010000D0001771
     126       0       0       4       0                               0D0001772
     126    3332       0       0       0       0       0       000010000D0001773
     126       0       0       4       0                               0D0001774
     126    3336       0       0       0       0       0       000010000D0001775
     126       0       0       3       0                               0D0001776
     126    3339       0       0       0       0       0       000010000D0001777
     126       0       0       4       0                               0D0001778
     126    3343       0       0       0       0       0       000010000D0001779
     126       0       0       4       0                               0D0001780
     126    3347       0       0       0       0       0       000010000D0001781
     126       0       0       4       0                               0D0001782
402,10,3,169,335,501,655,841,1007,1201,1395,1589;                0000001P0000001
144,5,1,0,7;                                                     0000003P0000002
128,8,4,3,3,0,0,1,0,0,0.294208297,0.294208297,0.294208297,       0000005P0000003
0.294208297,0.3125,0.34375,0.375,0.40625,0.4375,0.455791736,     0000005P0000004
0.455791736,0.455791736,0.455791736,0.,0.,0.,0.,0.5,1.,1.,1.,1., 0000005P0000005
1.,1.,1.,1.,1.,1.,1.,1.,1.,1.,1.,1.,1.,1.,1.,1.,1.,1.,1.,1.,1.,  0000005P0000006
1.,1.,1.,1.,1.,1.,1.,1.,1.,1.,1.,1.,1.,1.,1.,1.,1.,1.,1.,1.,1.,  0000005P0000007
1.,1.,1.,13.539130011,47.482362843,99.375,15.358179697,          0000005P0000008
46.963626806,99.375,20.204344421,45.275964089,99.375,            0000005P0000009
27.608162949,41.318538987,99.375,35.138524514,35.138535399,      0000005P0000010
99.375,41.318528736,27.608172898,99.375,45.275962679,            0000005P0000011
20.204372541,99.375,46.963626162,15.35819158,99.375,47.48236279, 0000005P0000012
13.539133622,99.375,15.34435009,53.813343713,82.916666666,       0000005P0000013
17.405939985,53.225442591,82.916666666,22.898260725,             0000005P0000014
51.312757303,82.916666666,31.289258326,46.827674685,             0000005P0000015
82.916666666,39.823664248,39.823666378,82.916666666,             0000005P0000016
46.827678137,31.289256312,82.916666666,51.312749486,             0000005P0000017
22.898270972,82.916666666,53.225445281,17.405944299,             0000005P0000018
82.916666666,53.813349688,15.344349236,82.916666666,             0000005P0000019
17.149570169,60.144324582,50.,19.453700273,59.487258376,50.,     0000005P0000020
25.59217703,57.349550518,50.,34.970353703,52.336810382,50.,      0000005P0000021
44.508803982,44.508797357,50.,52.336827537,34.970339726,50.,     0000005P0000022
57.349536292,25.592169402,50.,59.4872644,19.45369702,50.,        0000005P0000023
60.144336586,17.14956485,50.,15.34435009,53.813343713,           0000005P0000024
17.083333334,17.405939985,53.225442591,17.083333334,             0000005P0000025
22.898260725,51.312757303,17.083333334,31.289258326,             0000005P0000026
46.827674685,17.083333334,39.823664248,39.823666378,             0000005P0000027
17.083333334,46.827678137,31.289256312,17.083333334,             0000005P0000028
51.312749486,22.898270972,17.083333334,53.225445281,             0000005P0000029
17.405944299,17.083333334,53.813349688,15.344349236,             0000005P0000030
17.083333334,13.539130011,47.482362843,0.625,15.358179697,       0000005P0000031
46.963626806,0.625,20.204344421,45.275964089,0.625,27.608162949, 0000005P0000032
41.318538987,0.625,35.138524514,35.138535399,0.625,41.318528736, 0000005P0000033
27.608172898,0.625,45.275962679,20.204372541,0.625,46.963626162, 0000005P0000034
15.35819158,0.625,47.48236279,13.539133622,0.625,0.295166302,    0000005P0000035
0.454833731,0.,1.;                                               0000005P0000036
142,0,5,9,87,3;                                                  0000007P0000037
102,38,11,13,15,17,19,21,23,25,27,29,31,33,35,37,39,41,43,45,47, 0000009P0000038
49,51,53,55,57,59,61,63,65,67,69,71,73,75,77,79,81,83,85;        0000009P0000039
126,2,2,1,0,1,0,0.,0.,0.,3.125E-02,3.125E-02,3.125E-02,1.,1.,1., 0000011P0000040
0.295166302,1.,0.,0.299521817,0.990022189,0.,0.303597148,        0000011P0000041
0.978104351,0.,0.,3.125E-02,-0.,-0.,1.;                          0000011P0000042
126,2,2,1,0,1,0,3.125E-02,3.125E-02,3.125E-02,6.25E-02,6.25E-02, 0000013P0000043
6.25E-02,1.,1.,1.,0.303597148,0.978104351,0.,0.307469186,        0000013P0000044
0.966781017,0.,0.311068216,0.953763899,0.,3.125E-02,6.25E-02,    0000013P0000045
-0.,-0.,1.;                                                      0000013P0000046
126,2,2,1,0,1,0,6.25E-02,6.25E-02,6.25E-02,0.125,0.125,0.125,1., 0000015P0000047
1.,1.,0.311068216,0.953763899,0.,0.317827065,0.929318222,0.,     0000015P0000048
0.323575302,0.89908446,0.,6.25E-02,0.125,-0.,-0.,1.;             0000015P0000049
126,2,2,1,0,1,0,0.125,0.125,0.125,0.1875,0.1875,0.1875,1.,1.,1., 0000017P0000050
0.323575302,0.89908446,0.,0.328836113,0.871414395,0.,0.33320035, 0000017P0000051
0.839153871,0.,0.125,0.1875,-0.,-0.,1.;                          0000017P0000052
126,2,2,1,0,1,0,0.1875,0.1875,0.1875,0.25,0.25,0.25,1.,1.,1.,    0000019P0000053
0.33320035,0.839153871,0.,0.33728298,0.808974987,0.,0.34054401,  0000019P0000054
0.77505501,0.,0.1875,0.25,-0.,-0.,1.;                            0000019P0000055
126,2,2,1,0,1,0,0.25,0.25,0.25,0.3125,0.3125,0.3125,1.,1.,1.,    0000021P0000056
0.34054401,0.77505501,0.,0.34360843,0.743180087,0.,0.345911822,  0000021P0000057
0.708377339,0.,0.25,0.3125,-0.,-0.,1.;                           0000021P0000058
126,2,2,1,0,1,0,0.3125,0.3125,0.3125,0.375,0.375,0.375,1.,1.,1., 0000023P0000059
0.345911822,0.708377339,0.,0.348099142,0.675328362,0.,           0000023P0000060
0.349566005,0.640167322,0.,0.3125,0.375,-0.,-0.,1.;              0000023P0000061
126,2,2,1,0,1,0,0.375,0.375,0.375,0.4375,0.4375,0.4375,1.,1.,1., 0000025P0000062
0.349566005,0.640167322,0.,0.350992412,0.605976037,0.,           0000025P0000063
0.351709158,0.570481471,0.,0.375,0.4375,-0.,-0.,1.;              0000025P0000064
126,2,2,1,0,1,0,0.4375,0.4375,0.4375,0.5,0.5,0.5,1.,1.,1.,       0000027P0000065
0.351709158,0.570481471,0.,0.352420073,0.535275743,0.,           0000027P0000066
0.352416292,0.499625189,0.,0.4375,0.5,-0.,-0.,1.;                0000027P0000067
126,2,2,1,0,1,0,0.5,0.5,0.5,0.5625,0.5625,0.5625,1.,1.,1.,       0000029P0000068
0.352416292,0.499625189,0.,0.352412534,0.464183923,0.,           0000029P0000069
0.351702488,0.429188989,0.,0.5,0.5625,-0.,-0.,1.;                0000029P0000070
126,2,2,1,0,1,0,0.5625,0.5625,0.5625,0.625,0.625,0.625,1.,1.,1., 0000031P0000071
0.351702488,0.429188989,0.,0.350981139,0.39363696,0.,0.3495478,  0000031P0000072
0.359397044,0.,0.5625,0.625,-0.,-0.,1.;                          0000031P0000073
126,2,2,1,0,1,0,0.625,0.625,0.625,0.6875,0.6875,0.6875,1.,1.,1., 0000033P0000074
0.3495478,0.359397044,0.,0.34805944,0.323842752,0.,0.345834397,  0000033P0000075
0.290456882,0.,0.625,0.6875,-0.,-0.,1.;                          0000033P0000076
126,2,2,1,0,1,0,0.6875,0.6875,0.6875,0.75,0.75,0.75,1.,1.,1.,    0000035P0000077
0.345834397,0.290456882,0.,0.343521005,0.255745368,0.,           0000035P0000078
0.340449194,0.22396135,0.,0.6875,0.75,-0.,-0.,1.;                0000035P0000079
126,2,2,1,0,1,0,0.75,0.75,0.75,0.8125,0.8125,0.8125,1.,1.,1.,    0000037P0000080
0.340449194,0.22396135,0.,0.337197772,0.190318901,0.,0.33313608, 0000037P0000081
0.160371657,0.,0.75,0.8125,-0.,-0.,1.;                           0000037P0000082
126,2,2,1,0,1,0,0.8125,0.8125,0.8125,0.875,0.875,0.875,1.,1.,1., 0000039P0000083
0.33313608,0.160371657,0.,0.328741171,0.12796757,0.,0.323440293, 0000039P0000084
0.100206966,0.,0.8125,0.875,-0.,-0.,1.;                          0000039P0000085
126,2,2,1,0,1,0,0.875,0.875,0.875,0.9375,0.9375,0.9375,1.,1.,1., 0000041P0000086
0.323440293,0.100206966,0.,0.317730746,7.0306171E-02,0.,         0000041P0000087
0.311028852,4.6093807E-02,0.,0.875,0.9375,-0.,-0.,1.;            0000041P0000088
126,2,2,1,0,1,0,0.9375,0.9375,0.9375,0.96875,0.96875,0.96875,1., 0000043P0000089
1.,1.,0.311028852,4.6093807E-02,0.,0.307448766,3.31598E-02,0.,   0000043P0000090
0.303598808,2.1900503E-02,0.,0.9375,0.96875,-0.,-0.,1.;          0000043P0000091
126,2,2,1,0,1,0,0.96875,0.96875,0.96875,1.,1.,1.,1.,1.,1.,       0000045P0000092
0.303598808,2.1900503E-02,0.,0.299522706,9.979846E-03,0.,        0000045P0000093
0.295166302,0.,0.,0.96875,1.,-0.,-0.,1.;                         0000045P0000094
126,1,1,1,0,1,0,8.13139209E-31,8.13139209E-31,1.003213638,       0000047P0000095
1.003213638,1.,1.,0.295166825,0.,0.,0.454833258,0.,0.,           0000047P0000096
8.13139209E-31,1.003213638,0.,0.,1.;                             0000047P0000097
126,2,2,1,0,1,0,0.,0.,0.,3.125E-02,3.125E-02,3.125E-02,1.,1.,1., 0000049P0000098
0.454833731,0.,0.,0.450478218,9.97779E-03,0.,0.446402892,        0000049P0000099
2.1895612E-02,0.,0.,3.125E-02,-0.,-0.,1.;                        0000049P0000100
126,2,2,1,0,1,0,3.125E-02,3.125E-02,3.125E-02,6.25E-02,6.25E-02, 0000051P0000101
6.25E-02,1.,1.,1.,0.446402892,2.1895612E-02,0.,0.442530858,      0000051P0000102
3.3218929E-02,0.,0.438931827,4.6236053E-02,0.,3.125E-02,         0000051P0000103
6.25E-02,-0.,-0.,1.;                                             0000051P0000104
126,2,2,1,0,1,0,6.25E-02,6.25E-02,6.25E-02,0.125,0.125,0.125,1., 0000053P0000105
1.,1.,0.438931827,4.6236053E-02,0.,0.432172983,7.0681722E-02,0., 0000053P0000106
0.426424735,0.100915515,0.,6.25E-02,0.125,-0.,-0.,1.;            0000053P0000107
126,2,2,1,0,1,0,0.125,0.125,0.125,0.1875,0.1875,0.1875,1.,1.,1., 0000055P0000108
0.426424735,0.100915515,0.,0.421163915,0.128585608,0.,           0000055P0000109
0.41679967,0.160846126,0.,0.125,0.1875,-0.,-0.,1.;               0000055P0000110
126,2,2,1,0,1,0,0.1875,0.1875,0.1875,0.25,0.25,0.25,1.,1.,1.,    0000057P0000111
0.41679967,0.160846126,0.,0.412717029,0.191025031,0.,            0000057P0000112
0.409455992,0.224944991,0.,0.1875,0.25,-0.,-0.,1.;               0000057P0000113
126,2,2,1,0,1,0,0.25,0.25,0.25,0.3125,0.3125,0.3125,1.,1.,1.,    0000059P0000114
0.409455992,0.224944991,0.,0.406391562,0.256819918,0.,           0000059P0000115
0.404088165,0.291622662,0.,0.25,0.3125,-0.,-0.,1.;               0000059P0000116
126,2,2,1,0,1,0,0.3125,0.3125,0.3125,0.375,0.375,0.375,1.,1.,1., 0000061P0000117
0.404088165,0.291622662,0.,0.40190084,0.324671635,0.,            0000061P0000118
0.400433974,0.359832679,0.,0.3125,0.375,-0.,-0.,1.;              0000061P0000119
126,2,2,1,0,1,0,0.375,0.375,0.375,0.4375,0.4375,0.4375,1.,1.,1., 0000063P0000120
0.400433974,0.359832679,0.,0.399007565,0.394023961,0.,           0000063P0000121
0.398290816,0.429518531,0.,0.375,0.4375,-0.,-0.,1.;              0000063P0000122
126,2,2,1,0,1,0,0.4375,0.4375,0.4375,0.5,0.5,0.5,1.,1.,1.,       0000065P0000123
0.398290816,0.429518531,0.,0.397579901,0.464724258,0.,           0000065P0000124
0.397583681,0.500374814,0.,0.4375,0.5,-0.,-0.,1.;                0000065P0000125
126,2,2,1,0,1,0,0.5,0.5,0.5,0.5625,0.5625,0.5625,1.,1.,1.,       0000067P0000126
0.397583681,0.500374814,0.,0.397587439,0.53581608,0.,            0000067P0000127
0.398297487,0.570811013,0.,0.5,0.5625,-0.,-0.,1.;                0000067P0000128
126,2,2,1,0,1,0,0.5625,0.5625,0.5625,0.625,0.625,0.625,1.,1.,1., 0000069P0000129
0.398297487,0.570811013,0.,0.399018838,0.606363043,0.,           0000069P0000130
0.400452179,0.640602956,0.,0.5625,0.625,-0.,-0.,1.;              0000069P0000131
126,2,2,1,0,1,0,0.625,0.625,0.625,0.6875,0.6875,0.6875,1.,1.,1., 0000071P0000132
0.400452179,0.640602956,0.,0.401940543,0.676157251,0.,           0000071P0000133
0.404165591,0.709543117,0.,0.625,0.6875,-0.,-0.,1.;              0000071P0000134
126,2,2,1,0,1,0,0.6875,0.6875,0.6875,0.75,0.75,0.75,1.,1.,1.,    0000073P0000135
0.404165591,0.709543117,0.,0.406478988,0.744254626,0.,           0000073P0000136
0.409550807,0.776038649,0.,0.6875,0.75,-0.,-0.,1.;               0000073P0000137
126,2,2,1,0,1,0,0.75,0.75,0.75,0.8125,0.8125,0.8125,1.,1.,1.,    0000075P0000138
0.409550807,0.776038649,0.,0.412802236,0.809681079,0.,           0000075P0000139
0.416863939,0.839628342,0.,0.75,0.8125,-0.,-0.,1.;               0000075P0000140
126,2,2,1,0,1,0,0.8125,0.8125,0.8125,0.875,0.875,0.875,1.,1.,1., 0000077P0000141
0.416863939,0.839628342,0.,0.421258857,0.872032419,0.,           0000077P0000142
0.426559743,0.899793047,0.,0.8125,0.875,-0.,-0.,1.;              0000077P0000143
126,2,2,1,0,1,0,0.875,0.875,0.875,0.9375,0.9375,0.9375,1.,1.,1., 0000079P0000144
0.426559743,0.899793047,0.,0.4322693,0.929693876,0.,0.43897119,  0000079P0000145
0.953906233,0.,0.875,0.9375,-0.,-0.,1.;                          0000079P0000146
126,2,2,1,0,1,0,0.9375,0.9375,0.9375,0.96875,0.96875,0.96875,1., 0000081P0000147
1.,1.,0.43897119,0.953906233,0.,0.442551276,0.966840249,0.,      0000081P0000148
0.446401231,0.978099531,0.,0.9375,0.96875,-0.,-0.,1.;            0000081P0000149
126,2,2,1,0,1,0,0.96875,0.96875,0.96875,1.,1.,1.,1.,1.,1.,       0000083P0000150
0.446401231,0.978099531,0.,0.450477329,0.990020173,0.,           0000083P0000151
0.454833731,1.,0.,0.96875,1.,-0.,-0.,1.;                         0000083P0000152
126,1,1,1,0,1,0,0.283789885,0.283789885,1.287003611,1.287003611, 0000085P0000153
1.,1.,0.454833213,1.,0.,0.295166784,1.,0.,0.283789885,           0000085P0000154
1.287003611,0.,0.,1.;                                            0000085P0000155
102,38,89,91,93,95,97,99,101,103,105,107,109,111,113,115,117,    0000087P0000156
119,121,123,125,129,131,133,135,137,139,141,143,145,147,149,151, 0000087P0000157
153,155,157,159,161,163,165;                                     0000087P0000158
126,4,4,0,0,1,0,0.,0.,0.,0.,0.,3.125E-02,3.125E-02,3.125E-02,    0000089P0000159
3.125E-02,3.125E-02,1.,1.,1.,1.,1.,13.824694673,47.399999996,    0000089P0000160
0.625,14.528458274,47.400000021,1.117654418,15.224613537,        0000089P0000161
47.399973373,1.642238447,15.913341348,47.40000001,2.198752088,   0000089P0000162
16.594588355,47.399999969,2.787195339,0.,3.125E-02,              0000089P0000163
-1.096936179E-04,-0.999999984,1.405055181E-04;                   0000089P0000164
126,4,4,0,0,1,0,3.125E-02,3.125E-02,3.125E-02,3.125E-02,         0000091P0000165
3.125E-02,6.25E-02,6.25E-02,6.25E-02,6.25E-02,6.25E-02,1.,1.,1., 0000091P0000166
1.,1.,16.594588355,47.399999969,2.787195339,17.24185219,         0000091P0000167
47.399999984,3.346284955,17.881246365,47.399984274,3.933251433,  0000091P0000168
18.512707905,47.400000021,4.548094773,19.135989266,47.40000004,  0000091P0000169
5.190814974,3.125E-02,6.25E-02,-8.396947324E-05,-0.999999993,    0000091P0000170
8.882362881E-05;                                                 0000091P0000171
126,4,4,0,0,1,0,6.25E-02,6.25E-02,6.25E-02,6.25E-02,6.25E-02,    0000093P0000172
0.125,0.125,0.125,0.125,0.125,1.,1.,1.,1.,1.,19.135989266,       0000093P0000173
47.40000004,5.190814974,20.306489242,47.400000028,6.397820276,   0000093P0000174
21.445343357,47.399852444,7.70008781,22.550918972,47.40000004,   0000093P0000175
9.097617576,23.619445342,47.400000069,10.590409575,6.25E-02,     0000093P0000176
0.125,-2.611916715E-04,-0.999999942,2.171420972E-04;             0000093P0000177
126,4,4,0,0,1,0,0.125,0.125,0.125,0.125,0.125,0.1875,0.1875,     0000095P0000178
0.1875,0.1875,0.1875,1.,1.,1.,1.,1.,23.619445342,47.400000069,   0000095P0000179
10.590409575,24.59736521,47.400000055,11.956619035,25.541166776, 0000095P0000180
47.399903524,13.398379798,26.447954444,47.399999986,             0000095P0000181
14.915691866,27.313637167,47.399999924,16.508555239,0.125,       0000095P0000182
0.1875,-2.28060201E-04,-0.999999964,1.426038659E-04;             0000095P0000183
126,4,4,0,0,1,0,0.1875,0.1875,0.1875,0.1875,0.1875,0.25,0.25,    0000097P0000184
0.25,0.25,0.25,1.,1.,1.,1.,1.,27.313637167,47.399999924,         0000097P0000185
16.508555239,28.123460828,47.399999917,17.998637636,             0000097P0000186
28.894866462,47.399901189,19.55029219,29.624588145,47.399999913, 0000097P0000187
21.163518898,30.308735386,47.399999915,22.838317763,0.1875,0.25, 0000097P0000188
-2.780082918E-04,-0.999999953,1.318600511E-04;                   0000097P0000189
126,4,4,0,0,1,0,0.25,0.25,0.25,0.25,0.25,0.3125,0.3125,0.3125,   0000099P0000190
0.3125,0.3125,1.,1.,1.,1.,1.,30.308735386,47.399999915,          0000099P0000191
22.838317763,30.951634909,47.399999984,24.412142086,             0000099P0000192
31.551798588,47.399887124,26.034153529,32.106186141,             0000099P0000193
47.400000055,27.704352091,32.611545324,47.400000048,             0000099P0000194
29.422737774,0.25,0.3125,-3.596668039E-04,-0.999999927,          0000099P0000195
1.261531299E-04;                                                 0000099P0000196
126,4,4,0,0,1,0,0.3125,0.3125,0.3125,0.3125,0.3125,0.375,0.375,  0000101P0000197
0.375,0.375,0.375,1.,1.,1.,1.,1.,32.611545324,47.400000048,      0000101P0000198
29.422737774,33.091438569,47.400000048,31.054531013,             0000101P0000199
33.524603938,47.399864569,32.72108529,33.908595853,47.400000049, 0000101P0000200
34.422400603,34.241014588,47.400000049,36.158476953,0.3125,      0000101P0000201
0.375,-4.70587006E-04,-0.999999883,1.141802081E-04;              0000101P0000202
126,4,4,0,0,1,0,0.375,0.375,0.375,0.375,0.375,0.4375,0.4375,     0000103P0000203
0.4375,0.4375,0.4375,1.,1.,1.,1.,1.,34.241014588,47.400000049,   0000103P0000204
36.158476953,34.564265182,47.39999998,37.846671649,34.836590899, 0000103P0000205
47.399846799,39.556316179,35.056309605,47.400000007,             0000103P0000206
41.287410543,35.221975324,47.400000108,43.039954739,0.375,       0000103P0000207
0.4375,-5.519936178E-04,-0.999999845,7.894605945E-05;            0000103P0000208
126,4,4,0,0,1,0,0.4375,0.4375,0.4375,0.4375,0.4375,0.5,0.5,0.5,  0000105P0000209
0.5,0.5,1.,1.,1.,1.,1.,35.221975324,47.400000108,43.039954739,   0000105P0000210
35.386293163,47.400000037,44.778237559,35.49615091,47.399832674, 0000105P0000211
46.523841473,35.550828084,47.400000025,48.276766483,             0000105P0000212
35.549948389,47.400000087,50.037012586,0.4375,0.5,               0000105P0000213
-6.046672457E-04,-0.999999817,2.843408535E-05;                   0000105P0000214
126,4,4,0,0,1,0,0.5,0.5,0.5,0.5,0.5,0.5625,0.5625,0.5625,0.5625, 0000107P0000215
0.5625,1.,1.,1.,1.,1.,35.549948389,47.400000087,50.037012586,    0000107P0000216
35.549073977,47.400000059,51.786925095,35.493297755,             0000107P0000217
47.399836657,53.529491723,35.382998818,47.400000023,55.26471247, 0000107P0000218
35.218892003,47.400000019,56.992587336,0.5,0.5625,               0000107P0000219
5.967244046E-04,0.999999822,2.850538232E-05;                     0000107P0000220
126,4,4,0,0,1,0,0.5625,0.5625,0.5625,0.5625,0.5625,0.625,0.625,  0000109P0000221
0.625,0.625,0.625,1.,1.,1.,1.,1.,35.218892003,47.400000019,      0000109P0000222
56.992587336,35.052172787,47.399999966,58.747968768,             0000109P0000223
34.831233265,47.399845873,60.481755007,34.557531906,             0000109P0000224
47.399999966,62.193946052,34.232764056,47.400000017,             0000109P0000225
63.884541905,0.5625,0.625,5.530139962E-04,0.999999844,           0000109P0000226
7.938045104E-05;                                                 0000109P0000227
126,4,4,0,0,1,0,0.625,0.625,0.625,0.625,0.625,0.6875,0.6875,     0000111P0000228
0.6875,0.6875,0.6875,1.,1.,1.,1.,1.,34.232764056,47.400000017,   0000111P0000229
63.884541905,33.895529401,47.399999969,65.640035072,             0000111P0000230
33.505586566,47.399858628,67.359839628,33.065425932,             0000111P0000231
47.399999957,69.043955571,32.577582896,47.399999988,             0000111P0000232
70.692382902,0.625,0.6875,4.803821454E-04,0.999999878,           0000111P0000233
1.171530784E-04;                                                 0000111P0000234
126,4,4,0,0,1,0,0.6875,0.6875,0.6875,0.6875,0.6875,0.75,0.75,    0000113P0000235
0.75,0.75,0.75,1.,1.,1.,1.,1.,32.577582896,47.399999988,         0000113P0000236
70.692382902,32.070369234,47.399999999,72.406263906,             0000113P0000237
31.514402974,47.399888448,74.071963205,30.912926446,             0000113P0000238
47.400000011,75.689480799,30.268966777,47.400000012,             0000113P0000239
77.258816687,0.6875,0.75,3.567486116E-04,0.999999928,            0000113P0000240
1.257621363E-04;                                                 0000113P0000241
126,4,4,0,0,1,0,0.75,0.75,0.75,0.75,0.75,0.8125,0.8125,0.8125,   0000115P0000242
0.8125,0.8125,1.,1.,1.,1.,1.,30.268966777,47.400000012,          0000115P0000243
77.258816687,29.587354343,47.400000045,78.919912607,             0000115P0000244
28.860910142,47.399904368,80.52019161,28.093441997,47.400000051, 0000115P0000245
82.059653699,27.288146178,47.400000029,83.538298871,0.75,0.8125, 0000115P0000246
2.727350697E-04,0.999999954,1.29767229E-04;                      0000115P0000247
126,4,4,0,0,1,0,0.8125,0.8125,0.8125,0.8125,0.8125,0.875,0.875,  0000117P0000248
0.875,0.875,0.875,1.,1.,1.,1.,1.,27.288146178,47.400000029,      0000117P0000249
83.538298871,26.41678471,47.399999981,85.138250667,25.503955198, 0000117P0000250
47.399901425,86.661778471,24.553809344,47.399999929,             0000117P0000251
88.108882285,23.569273453,47.399999922,89.479562107,0.8125,      0000117P0000252
0.875,2.304538739E-04,0.999999963,1.445424251E-04;               0000117P0000253
126,4,4,0,0,1,0,0.875,0.875,0.875,0.875,0.875,0.9375,0.9375,     0000119P0000254
0.9375,0.9375,0.9375,1.,1.,1.,1.,1.,23.569273453,47.399999922,   0000119P0000255
89.479562107,22.508835183,47.399999932,90.95591386,21.412115243, 0000119P0000256
47.399857848,92.33864352,20.282761305,47.399999978,93.627751086, 0000119P0000257
19.12235647,47.400000009,94.823236559,0.875,0.9375,              0000119P0000258
2.556561697E-04,0.999999945,2.129864478E-04;                     0000119P0000259
126,4,4,0,0,1,0,0.9375,0.9375,0.9375,0.9375,0.9375,0.96875,      0000121P0000260
0.96875,0.96875,0.96875,0.96875,1.,1.,1.,1.,1.,19.12235647,      0000121P0000261
47.400000009,94.823236559,18.502479597,47.400000029,             0000121P0000262
95.461853154,17.874520294,47.399984636,96.072906815,             0000121P0000263
17.238720905,47.399999993,96.656397539,16.595143332,             0000121P0000264
47.399999948,97.212325329,0.9375,0.96875,8.243653661E-05,        0000121P0000265
0.999999993,8.72404287E-05;                                      0000121P0000266
126,4,4,0,0,1,0,0.96875,0.96875,0.96875,0.96875,0.96875,1.,1.,   0000123P0000267
1.,1.,1.,1.,1.,1.,1.,1.,16.595143332,47.399999948,97.212325329,  0000123P0000268
15.91376246,47.399999965,97.800907768,15.224897507,47.399973306, 0000123P0000269
98.357547693,14.52860191,47.399999991,98.882245104,13.824694673, 0000123P0000270
47.399999996,99.375,0.96875,1.,1.101108682E-04,0.999999984,      0000123P0000271
1.410255111E-04;                                                 0000123P0000272
100,0.,0.,0.,49.375,-1.060229057E-27,26.543769786,41.633146777;  0000125P0000273
124,0.279997454,0.960000742,1.955210257E-15,0.,0.960000742,      0000127P0000274
-0.279997454,-6.703649798E-15,0.,-5.888054888E-15,               0000127P0000275
3.754008177E-15,-1.,99.375;                                      0000127P0000276
126,4,4,0,0,1,0,0.,0.,0.,0.,0.,3.125E-02,3.125E-02,3.125E-02,    0000129P0000277
3.125E-02,3.125E-02,1.,1.,1.,1.,1.,47.400000011,13.82469902,     0000129P0000278
99.375,47.400000013,14.528463836,98.882346619,47.399973369,      0000129P0000279
15.224619978,98.357763544,47.400000012,15.91334824,97.801250776, 0000129P0000280
47.400000012,16.594595236,97.212808315,0.,3.125E-02,0.999999984, 0000129P0000281
1.100788901E-04,1.410111364E-04;                                 0000129P0000282
126,4,4,0,0,1,0,3.125E-02,3.125E-02,3.125E-02,3.125E-02,         0000131P0000283
3.125E-02,6.25E-02,6.25E-02,6.25E-02,6.25E-02,6.25E-02,1.,1.,1., 0000131P0000284
1.,1.,47.400000012,16.594595236,97.212808315,47.399999994,       0000131P0000285
17.241859163,96.653719538,47.399984254,17.881253431,             0000131P0000286
96.066753521,47.399999962,18.51271505,95.451910264,47.399999947, 0000131P0000287
19.135996491,94.809189766,3.125E-02,6.25E-02,0.999999993,        0000131P0000288
8.397932699E-05,8.877729313E-05;                                 0000131P0000289
126,4,4,0,0,1,0,6.25E-02,6.25E-02,6.25E-02,6.25E-02,6.25E-02,    0000133P0000290
0.125,0.125,0.125,0.125,0.125,1.,1.,1.,1.,1.,47.399999947,       0000133P0000291
19.135996491,94.809189766,47.399999967,20.306495466,             0000133P0000292
93.602184859,47.399852342,21.445348335,92.299917078,             0000133P0000293
47.399999978,22.55092307,90.902386423,47.399999964,23.619449265, 0000133P0000294
89.409592894,6.25E-02,0.125,0.999999942,2.610692055E-04,         0000133P0000295
2.170386507E-04;                                                 0000133P0000296
126,4,4,0,0,1,0,0.125,0.125,0.125,0.125,0.125,0.1875,0.1875,     0000135P0000297
0.1875,0.1875,0.1875,1.,1.,1.,1.,1.,47.399999964,23.619449265,   0000135P0000298
89.409592894,47.399999986,24.597368811,88.043382052,             0000135P0000299
47.399903478,25.541169775,86.601620465,47.399999997,             0000135P0000300
26.447956786,85.084308134,47.399999983,27.313638872,             0000135P0000301
83.491445057,0.125,0.1875,0.999999964,2.281209833E-04,           0000135P0000302
1.426690383E-04;                                                 0000135P0000303
126,4,4,0,0,1,0,0.1875,0.1875,0.1875,0.1875,0.1875,0.25,0.25,    0000137P0000304
0.25,0.25,0.25,1.,1.,1.,1.,1.,47.399999983,27.313638872,         0000137P0000305
83.491445057,47.400000028,28.123462637,82.001361623,             0000137P0000306
47.399901336,28.894868217,80.449706658,47.400000075,             0000137P0000307
29.624589744,78.836480164,47.400000074,30.30873674,77.161682139, 0000137P0000308
0.1875,0.25,0.999999953,2.777365949E-04,1.317472777E-04;         0000137P0000309
126,4,4,0,0,1,0,0.25,0.25,0.25,0.25,0.25,0.3125,0.3125,0.3125,   0000139P0000310
0.3125,0.3125,1.,1.,1.,1.,1.,47.400000074,30.30873674,           0000139P0000311
77.161682139,47.399999999,30.951636659,75.587857618,             0000139P0000312
47.399887054,31.551800623,73.965846109,47.399999934,             0000139P0000313
32.106188349,72.295647612,47.399999952,32.611547564,             0000139P0000314
70.577262127,0.25,0.3125,0.999999927,3.605667371E-04,            0000139P0000315
1.264286083E-04;                                                 0000139P0000316
126,4,4,0,0,1,0,0.3125,0.3125,0.3125,0.3125,0.3125,0.375,0.375,  0000141P0000317
0.375,0.375,0.375,1.,1.,1.,1.,1.,47.399999952,32.611547564,      0000141P0000318
70.577262127,47.39999995,33.091440876,68.945469085,47.399864477, 0000141P0000319
33.524606336,67.278914875,47.399999975,33.90859834,65.577599496, 0000141P0000320
47.400000004,34.241017145,63.841522949,0.3125,0.375,0.999999883, 0000141P0000321
4.707686314E-04,1.142317412E-04;                                 0000141P0000322
126,4,4,0,0,1,0,0.375,0.375,0.375,0.375,0.375,0.4375,0.4375,     0000143P0000323
0.4375,0.4375,0.4375,1.,1.,1.,1.,1.,47.400000004,34.241017145,   0000143P0000324
63.841522949,47.400000031,34.564267649,62.1533284,47.399846862,  0000143P0000325
34.836593412,60.443683903,47.399999992,35.056312281,             0000143P0000326
58.712589457,47.399999921,35.221978274,56.960045064,0.375,       0000143P0000327
0.4375,0.999999845,5.504003269E-04,7.869863026E-05;              0000143P0000328
126,4,4,0,0,1,0,0.4375,0.4375,0.4375,0.4375,0.4375,0.5,0.5,0.5,  0000145P0000329
0.5,0.5,1.,1.,1.,1.,1.,47.399999921,35.221978274,56.960045064,   0000145P0000330
47.399999999,35.386295934,55.221762293,47.399832697,             0000145P0000331
35.496153616,53.476158379,47.400000024,35.550830832,51.72323332, 0000145P0000332
47.39999997,35.549951284,49.962987118,0.4375,0.5,0.999999818,    0000145P0000333
6.030806732E-04,2.836980065E-05;                                 0000145P0000334
126,4,4,0,0,1,0,0.5,0.5,0.5,0.5,0.5,0.5625,0.5625,0.5625,0.5625, 0000147P0000335
0.5625,1.,1.,1.,1.,1.,47.39999997,35.549951284,49.962987118,     0000147P0000336
47.399999937,35.54907687,48.213074609,47.399836556,35.493300605, 0000147P0000337
46.470507997,47.399999969,35.383001582,44.735287283,             0000147P0000338
47.400000033,35.218894645,43.007412466,0.5,0.5625,-0.999999821,  0000147P0000339
-5.97169941E-04,2.850755895E-05;                                 0000147P0000340
126,4,4,0,0,1,0,0.5625,0.5625,0.5625,0.5625,0.5625,0.625,0.625,  0000149P0000341
0.625,0.625,0.625,1.,1.,1.,1.,1.,47.400000033,35.218894645,      0000149P0000342
43.007412466,47.400000041,35.052175307,41.252030985,             0000149P0000343
47.399845955,34.831235725,39.518244763,47.400000003,             0000149P0000344
34.557534376,37.806053799,47.399999955,34.232766617,             0000149P0000345
36.115458095,0.5625,0.625,-0.999999844,-5.520588826E-04,         0000149P0000346
7.92546961E-05;                                                  0000149P0000347
126,4,4,0,0,1,0,0.625,0.625,0.625,0.625,0.625,0.6875,0.6875,     0000151P0000348
0.6875,0.6875,0.6875,1.,1.,1.,1.,1.,47.399999955,34.232766617,   0000151P0000349
36.115458095,47.399999984,33.895531751,34.35996478,47.39985869,  0000151P0000350
33.505588738,32.640160191,47.400000038,33.065427974,30.95604433, 0000151P0000351
47.400000059,32.577584885,29.307617196,0.625,0.6875,             0000151P0000352
-0.999999878,-4.799038671E-04,1.17017218E-04;                    0000151P0000353
126,4,4,0,0,1,0,0.6875,0.6875,0.6875,0.6875,0.6875,0.75,0.75,    0000153P0000354
0.75,0.75,0.75,1.,1.,1.,1.,1.,47.400000059,32.577584885,         0000153P0000355
29.307617196,47.400000046,32.070371201,27.59373644,47.399888474, 0000153P0000356
31.514404876,25.928037223,47.399999984,30.912928265,             0000153P0000357
24.310519547,47.399999934,30.268968498,22.741183411,0.6875,0.75, 0000153P0000358
-0.999999929,-3.565521008E-04,1.257156386E-04;                   0000153P0000359
126,4,4,0,0,1,0,0.75,0.75,0.75,0.75,0.75,0.8125,0.8125,0.8125,   0000155P0000360
0.8125,0.8125,1.,1.,1.,1.,1.,47.399999934,30.268968498,          0000155P0000361
22.741183411,47.399999996,29.587356321,21.08008843,47.399904336, 0000155P0000362
28.860912287,19.479809739,47.40000002,28.093444204,17.940347338, 0000155P0000363
47.399999986,27.288148286,16.461701228,0.75,0.8125,-0.999999954, 0000155P0000364
-2.725388814E-04,1.296683268E-04;                                0000155P0000365
126,4,4,0,0,1,0,0.8125,0.8125,0.8125,0.8125,0.8125,0.875,0.875,  0000157P0000366
0.875,0.875,0.875,1.,1.,1.,1.,1.,47.399999986,27.288148286,      0000157P0000367
16.461701228,47.400000031,26.416787348,14.861749926,             0000157P0000368
47.399901504,25.503958486,13.338222055,47.400000028,             0000157P0000369
24.553813326,11.891117616,47.399999993,23.569277938,             0000157P0000370
10.520436609,0.8125,0.875,-0.999999963,-2.300383337E-04,         0000157P0000371
1.442639441E-04;                                                 0000157P0000372
126,4,4,0,0,1,0,0.875,0.875,0.875,0.875,0.875,0.9375,0.9375,     0000159P0000373
0.9375,0.9375,0.9375,1.,1.,1.,1.,1.,47.399999993,23.569277938,   0000159P0000374
10.520436609,47.399999962,22.508839946,9.044083177,47.399857814, 0000159P0000375
21.41212089,7.661352513,47.400000005,20.282768105,6.372244618,   0000159P0000376
47.400000064,19.122364103,5.176759491,0.875,0.9375,-0.999999945, 0000159P0000377
-2.559541006E-04,2.132364221E-04;                                0000159P0000378
126,4,4,0,0,1,0,0.9375,0.9375,0.9375,0.9375,0.9375,0.96875,      0000161P0000379
0.96875,0.96875,0.96875,0.96875,1.,1.,1.,1.,1.,47.400000064,     0000161P0000380
19.122364103,5.176759491,47.400000016,18.502487271,4.538142451,  0000161P0000381
47.399984609,17.874527919,3.927088742,47.399999984,17.238728371, 0000161P0000382
3.343598363,47.399999993,16.59515055,2.787671314,0.9375,0.96875, 0000161P0000383
-0.999999993,-8.352247133E-05,8.839042444E-05;                   0000161P0000384
126,4,4,0,0,1,0,0.96875,0.96875,0.96875,0.96875,0.96875,1.,1.,   0000163P0000385
1.,1.,1.,1.,1.,1.,1.,1.,47.399999993,16.59515055,2.787671314,    0000163P0000386
47.40000001,15.913769532,2.199089615,47.399973356,15.22490402,   0000163P0000387
1.642450496,47.400000021,14.528607483,1.117753958,47.400000011,  0000163P0000388
13.82469902,0.625,0.96875,1.,-0.999999984,-1.099543025E-04,      0000163P0000389
1.408397066E-04;                                                 0000163P0000390
100,0.,0.,0.,47.400058396,13.824799784,13.824933949,             0000165P0000391
47.400019265;                                                    0000165P0000392
124,1.,0.,0.,0.,0.,1.,0.,0.,0.,0.,1.,0.625;                      0000167P0000393
144,171,1,0,173;                                                 0000169P0000394
128,8,4,3,3,0,0,1,0,0,0.544208264,0.544208264,0.544208264,       0000171P0000395
0.544208264,0.5625,0.59375,0.625,0.65625,0.6875,0.705791703,     0000171P0000396
0.705791703,0.705791703,0.705791703,0.,0.,0.,0.,0.5,1.,1.,1.,1., 0000171P0000397
1.,1.,1.,1.,1.,1.,1.,1.,1.,1.,1.,1.,1.,1.,1.,1.,1.,1.,1.,1.,1.,  0000171P0000398
1.,1.,1.,1.,1.,1.,1.,1.,1.,1.,1.,1.,1.,1.,1.,1.,1.,1.,1.,1.,1.,  0000171P0000399
1.,1.,1.,47.48236279,-13.539133622,99.375,46.963626162,          0000171P0000400
-15.35819158,99.375,45.275962679,-20.204372541,99.375,           0000171P0000401
41.318528736,-27.608172898,99.375,35.138524514,-35.138535399,    0000171P0000402
99.375,27.608162949,-41.318538987,99.375,20.204344421,           0000171P0000403
-45.275964089,99.375,15.358179697,-46.963626806,99.375,          0000171P0000404
13.539130011,-47.482362843,99.375,53.813349688,-15.344349236,    0000171P0000405
82.916666666,53.225445281,-17.405944299,82.916666666,            0000171P0000406
51.312749486,-22.898270972,82.916666666,46.827678137,            0000171P0000407
-31.289256312,82.916666666,39.823664248,-39.823666378,           0000171P0000408
82.916666666,31.289258326,-46.827674685,82.916666666,            0000171P0000409
22.898260725,-51.312757303,82.916666666,17.405939985,            0000171P0000410
-53.225442591,82.916666666,15.34435009,-53.813343713,            0000171P0000411
82.916666666,60.144336586,-17.14956485,50.,59.4872644,           0000171P0000412
-19.45369702,50.,57.349536292,-25.592169402,50.,52.336827537,    0000171P0000413
-34.970339726,50.,44.508803982,-44.508797357,50.,34.970353703,   0000171P0000414
-52.336810382,50.,25.59217703,-57.349550518,50.,19.453700273,    0000171P0000415
-59.487258376,50.,17.149570169,-60.144324582,50.,53.813349688,   0000171P0000416
-15.344349236,17.083333334,53.225445281,-17.405944299,           0000171P0000417
17.083333334,51.312749486,-22.898270972,17.083333334,            0000171P0000418
46.827678137,-31.289256312,17.083333334,39.823664248,            0000171P0000419
-39.823666378,17.083333334,31.289258326,-46.827674685,           0000171P0000420
17.083333334,22.898260725,-51.312757303,17.083333334,            0000171P0000421
17.405939985,-53.225442591,17.083333334,15.34435009,             0000171P0000422
-53.813343713,17.083333334,47.48236279,-13.539133622,0.625,      0000171P0000423
46.963626162,-15.35819158,0.625,45.275962679,-20.204372541,      0000171P0000424
0.625,41.318528736,-27.608172898,0.625,35.138524514,             0000171P0000425
-35.138535399,0.625,27.608162949,-41.318538987,0.625,            0000171P0000426
20.204344421,-45.275964089,0.625,15.358179697,-46.963626806,     0000171P0000427
0.625,13.539130011,-47.482362843,0.625,0.545166269,0.704833698,  0000171P0000428
0.,1.;                                                           0000171P0000429
142,0,171,175,253,3;                                             0000173P0000430
102,38,177,179,181,183,185,187,189,191,193,195,197,199,201,203,  0000175P0000431
205,207,209,211,213,215,217,219,221,223,225,227,229,231,233,235, 0000175P0000432
237,239,241,243,245,247,249,251;                                 0000175P0000433
126,2,2,1,0,1,0,0.,0.,0.,3.125E-02,3.125E-02,3.125E-02,1.,1.,1., 0000177P0000434
0.545166269,1.,0.,0.549521782,0.99002221,0.,0.553597108,         0000177P0000435
0.978104388,0.,0.,3.125E-02,-0.,-0.,1.;                          0000177P0000436
126,2,2,1,0,1,0,3.125E-02,3.125E-02,3.125E-02,6.25E-02,6.25E-02, 0000179P0000437
6.25E-02,1.,1.,1.,0.553597108,0.978104388,0.,0.557469142,        0000179P0000438
0.966781071,0.,0.561068172,0.953763947,0.,3.125E-02,6.25E-02,    0000179P0000439
-0.,-0.,1.;                                                      0000179P0000440
126,2,2,1,0,1,0,6.25E-02,6.25E-02,6.25E-02,0.125,0.125,0.125,1., 0000181P0000441
1.,1.,0.561068172,0.953763947,0.,0.567827017,0.929318278,0.,     0000181P0000442
0.573575265,0.899084485,0.,6.25E-02,0.125,-0.,-0.,1.;            0000181P0000443
126,2,2,1,0,1,0,0.125,0.125,0.125,0.1875,0.1875,0.1875,1.,1.,1., 0000183P0000444
0.573575265,0.899084485,0.,0.578836085,0.871414392,0.,           0000183P0000445
0.58320033,0.839153874,0.,0.125,0.1875,-0.,-0.,1.;               0000183P0000446
126,2,2,1,0,1,0,0.1875,0.1875,0.1875,0.25,0.25,0.25,1.,1.,1.,    0000185P0000447
0.58320033,0.839153874,0.,0.587282971,0.808974969,0.,            0000185P0000448
0.590544008,0.775055009,0.,0.1875,0.25,-0.,-0.,1.;               0000185P0000449
126,2,2,1,0,1,0,0.25,0.25,0.25,0.3125,0.3125,0.3125,1.,1.,1.,    0000187P0000450
0.590544008,0.775055009,0.,0.593608438,0.743180082,0.,           0000187P0000451
0.595911835,0.708377338,0.,0.25,0.3125,-0.,-0.,1.;               0000187P0000452
126,2,2,1,0,1,0,0.3125,0.3125,0.3125,0.375,0.375,0.375,1.,1.,1., 0000189P0000453
0.595911835,0.708377338,0.,0.59809916,0.675328365,0.,            0000189P0000454
0.599566026,0.640167321,0.,0.3125,0.375,-0.,-0.,1.;              0000189P0000455
126,2,2,1,0,1,0,0.375,0.375,0.375,0.4375,0.4375,0.4375,1.,1.,1., 0000191P0000456
0.599566026,0.640167321,0.,0.600992435,0.605976039,0.,           0000191P0000457
0.601709184,0.570481469,0.,0.375,0.4375,-0.,-0.,1.;              0000191P0000458
126,2,2,1,0,1,0,0.4375,0.4375,0.4375,0.5,0.5,0.5,1.,1.,1.,       0000193P0000459
0.601709184,0.570481469,0.,0.602420099,0.535275742,0.,           0000193P0000460
0.602416319,0.499625186,0.,0.4375,0.5,-0.,-0.,1.;                0000193P0000461
126,2,2,1,0,1,0,0.5,0.5,0.5,0.5625,0.5625,0.5625,1.,1.,1.,       0000195P0000462
0.602416319,0.499625186,0.,0.602412561,0.464183921,0.,           0000195P0000463
0.601702513,0.429188987,0.,0.5,0.5625,-0.,-0.,1.;                0000195P0000464
126,2,2,1,0,1,0,0.5625,0.5625,0.5625,0.625,0.625,0.625,1.,1.,1., 0000197P0000465
0.601702513,0.429188987,0.,0.600981162,0.393636957,0.,           0000197P0000466
0.599547821,0.359397044,0.,0.5625,0.625,-0.,-0.,1.;              0000197P0000467
126,2,2,1,0,1,0,0.625,0.625,0.625,0.6875,0.6875,0.6875,1.,1.,1., 0000199P0000468
0.599547821,0.359397044,0.,0.598059457,0.323842749,0.,           0000199P0000469
0.595834409,0.290456883,0.,0.625,0.6875,-0.,-0.,1.;              0000199P0000470
126,2,2,1,0,1,0,0.6875,0.6875,0.6875,0.75,0.75,0.75,1.,1.,1.,    0000201P0000471
0.595834409,0.290456883,0.,0.593521012,0.255745374,0.,           0000201P0000472
0.590449193,0.223961352,0.,0.6875,0.75,-0.,-0.,1.;               0000201P0000473
126,2,2,1,0,1,0,0.75,0.75,0.75,0.8125,0.8125,0.8125,1.,1.,1.,    0000203P0000474
0.590449193,0.223961352,0.,0.587197764,0.190318921,0.,           0000203P0000475
0.583136061,0.160371658,0.,0.75,0.8125,-0.,-0.,1.;               0000203P0000476
126,2,2,1,0,1,0,0.8125,0.8125,0.8125,0.875,0.875,0.875,1.,1.,1., 0000205P0000477
0.583136061,0.160371658,0.,0.578741143,0.127967581,0.,           0000205P0000478
0.573440257,0.100206953,0.,0.8125,0.875,-0.,-0.,1.;              0000205P0000479
126,2,2,1,0,1,0,0.875,0.875,0.875,0.9375,0.9375,0.9375,1.,1.,1., 0000207P0000480
0.573440257,0.100206953,0.,0.5677307,7.0306124E-02,0.,           0000207P0000481
0.56102881,4.6093767E-02,0.,0.875,0.9375,-0.,-0.,1.;             0000207P0000482
126,2,2,1,0,1,0,0.9375,0.9375,0.9375,0.96875,0.96875,0.96875,1., 0000209P0000483
1.,1.,0.56102881,4.6093767E-02,0.,0.557448724,3.3159751E-02,0.,  0000209P0000484
0.553598769,2.1900469E-02,0.,0.9375,0.96875,-0.,-0.,1.;          0000209P0000485
126,2,2,1,0,1,0,0.96875,0.96875,0.96875,1.,1.,1.,1.,1.,1.,       0000211P0000486
0.553598769,2.1900469E-02,0.,0.549522671,9.979827E-03,0.,        0000211P0000487
0.545166269,0.,0.,0.96875,1.,-0.,-0.,1.;                         0000211P0000488
126,1,1,1,0,1,0,0.,0.,1.003213625,1.003213625,1.,1.,0.545166785, 0000213P0000489
0.,0.,0.704833216,0.,0.,0.,1.003213625,0.,0.,1.;                 0000213P0000490
126,2,2,1,0,1,0,0.,0.,0.,3.125E-02,3.125E-02,3.125E-02,1.,1.,1., 0000215P0000491
0.704833698,0.,0.,0.700478183,9.977811E-03,0.,0.696402852,       0000215P0000492
2.189565E-02,0.,0.,3.125E-02,-0.,-0.,1.;                         0000215P0000493
126,2,2,1,0,1,0,3.125E-02,3.125E-02,3.125E-02,6.25E-02,6.25E-02, 0000217P0000494
6.25E-02,1.,1.,1.,0.696402852,2.189565E-02,0.,0.692530814,       0000217P0000495
3.3218984E-02,0.,0.688931784,4.6236101E-02,0.,3.125E-02,         0000217P0000496
6.25E-02,-0.,-0.,1.;                                             0000217P0000497
126,2,2,1,0,1,0,6.25E-02,6.25E-02,6.25E-02,0.125,0.125,0.125,1., 0000219P0000498
1.,1.,0.688931784,4.6236101E-02,0.,0.682172935,7.0681778E-02,0., 0000219P0000499
0.676424698,0.10091554,0.,6.25E-02,0.125,-0.,-0.,1.;             0000219P0000500
126,2,2,1,0,1,0,0.125,0.125,0.125,0.1875,0.1875,0.1875,1.,1.,1., 0000221P0000501
0.676424698,0.10091554,0.,0.671163887,0.128585605,0.,0.66679965, 0000221P0000502
0.160846129,0.,0.125,0.1875,-0.,-0.,1.;                          0000221P0000503
126,2,2,1,0,1,0,0.1875,0.1875,0.1875,0.25,0.25,0.25,1.,1.,1.,    0000223P0000504
0.66679965,0.160846129,0.,0.66271702,0.191025013,0.,0.65945599,  0000223P0000505
0.22494499,0.,0.1875,0.25,-0.,-0.,1.;                            0000223P0000506
126,2,2,1,0,1,0,0.25,0.25,0.25,0.3125,0.3125,0.3125,1.,1.,1.,    0000225P0000507
0.65945599,0.22494499,0.,0.65639157,0.256819913,0.,0.654088178,  0000225P0000508
0.291622661,0.,0.25,0.3125,-0.,-0.,1.;                           0000225P0000509
126,2,2,1,0,1,0,0.3125,0.3125,0.3125,0.375,0.375,0.375,1.,1.,1., 0000227P0000510
0.654088178,0.291622661,0.,0.651900858,0.324671638,0.,           0000227P0000511
0.650433995,0.359832678,0.,0.3125,0.375,-0.,-0.,1.;              0000227P0000512
126,2,2,1,0,1,0,0.375,0.375,0.375,0.4375,0.4375,0.4375,1.,1.,1., 0000229P0000513
0.650433995,0.359832678,0.,0.649007588,0.394023963,0.,           0000229P0000514
0.648290842,0.429518529,0.,0.375,0.4375,-0.,-0.,1.;              0000229P0000515
126,2,2,1,0,1,0,0.4375,0.4375,0.4375,0.5,0.5,0.5,1.,1.,1.,       0000231P0000516
0.648290842,0.429518529,0.,0.647579927,0.464724257,0.,           0000231P0000517
0.647583708,0.500374811,0.,0.4375,0.5,-0.,-0.,1.;                0000231P0000518
126,2,2,1,0,1,0,0.5,0.5,0.5,0.5625,0.5625,0.5625,1.,1.,1.,       0000233P0000519
0.647583708,0.500374811,0.,0.647587466,0.535816077,0.,           0000233P0000520
0.648297512,0.570811011,0.,0.5,0.5625,-0.,-0.,1.;                0000233P0000521
126,2,2,1,0,1,0,0.5625,0.5625,0.5625,0.625,0.625,0.625,1.,1.,1., 0000235P0000522
0.648297512,0.570811011,0.,0.649018861,0.60636304,0.,0.6504522,  0000235P0000523
0.640602956,0.,0.5625,0.625,-0.,-0.,1.;                          0000235P0000524
126,2,2,1,0,1,0,0.625,0.625,0.625,0.6875,0.6875,0.6875,1.,1.,1., 0000237P0000525
0.6504522,0.640602956,0.,0.65194056,0.676157248,0.,0.654165603,  0000237P0000526
0.709543118,0.,0.625,0.6875,-0.,-0.,1.;                          0000237P0000527
126,2,2,1,0,1,0,0.6875,0.6875,0.6875,0.75,0.75,0.75,1.,1.,1.,    0000239P0000528
0.654165603,0.709543118,0.,0.656478995,0.744254632,0.,           0000239P0000529
0.659550806,0.77603865,0.,0.6875,0.75,-0.,-0.,1.;                0000239P0000530
126,2,2,1,0,1,0,0.75,0.75,0.75,0.8125,0.8125,0.8125,1.,1.,1.,    0000241P0000531
0.659550806,0.77603865,0.,0.662802228,0.809681099,0.,0.66686392, 0000241P0000532
0.839628343,0.,0.75,0.8125,-0.,-0.,1.;                           0000241P0000533
126,2,2,1,0,1,0,0.8125,0.8125,0.8125,0.875,0.875,0.875,1.,1.,1., 0000243P0000534
0.66686392,0.839628343,0.,0.671258829,0.87203243,0.,0.676559707, 0000243P0000535
0.899793034,0.,0.8125,0.875,-0.,-0.,1.;                          0000243P0000536
126,2,2,1,0,1,0,0.875,0.875,0.875,0.9375,0.9375,0.9375,1.,1.,1., 0000245P0000537
0.676559707,0.899793034,0.,0.682269254,0.929693829,0.,           0000245P0000538
0.688971148,0.953906193,0.,0.875,0.9375,-0.,-0.,1.;              0000245P0000539
126,2,2,1,0,1,0,0.9375,0.9375,0.9375,0.96875,0.96875,0.96875,1., 0000247P0000540
1.,1.,0.688971148,0.953906193,0.,0.692551234,0.9668402,0.,       0000247P0000541
0.696401192,0.978099497,0.,0.9375,0.96875,-0.,-0.,1.;            0000247P0000542
126,2,2,1,0,1,0,0.96875,0.96875,0.96875,1.,1.,1.,1.,1.,1.,       0000249P0000543
0.696401192,0.978099497,0.,0.700477294,0.990020154,0.,           0000249P0000544
0.704833698,1.,0.,0.96875,1.,-0.,-0.,1.;                         0000249P0000545
126,1,1,1,0,1,0,4.996178795,4.996178795,5.99939257,5.99939257,   0000251P0000546
1.,1.,0.704833175,1.,0.,0.545166744,1.,0.,4.996178795,           0000251P0000547
5.99939257,0.,0.,1.;                                             0000251P0000548
102,38,255,257,259,261,263,265,267,269,271,273,275,277,279,281,  0000253P0000549
283,285,287,289,291,295,297,299,301,303,305,307,309,311,313,315, 0000253P0000550
317,319,321,323,325,327,329,331;                                 0000253P0000551
126,4,4,0,0,1,0,0.,0.,0.,0.,0.,3.125E-02,3.125E-02,3.125E-02,    0000255P0000552
3.125E-02,3.125E-02,1.,1.,1.,1.,1.,47.400000011,-13.82469902,    0000255P0000553
0.625,47.400000013,-14.528463836,1.117653381,47.399973369,       0000255P0000554
-15.224619978,1.642236456,47.400000012,-15.91334824,2.198749224, 0000255P0000555
47.400000012,-16.594595236,2.787191685,0.,3.125E-02,             0000255P0000556
-0.999999984,1.100788875E-04,1.410111364E-04;                    0000255P0000557
126,4,4,0,0,1,0,3.125E-02,3.125E-02,3.125E-02,3.125E-02,         0000257P0000558
3.125E-02,6.25E-02,6.25E-02,6.25E-02,6.25E-02,6.25E-02,1.,1.,1., 0000257P0000559
1.,1.,47.400000012,-16.594595236,2.787191685,47.399999994,       0000257P0000560
-17.241859163,3.346280462,47.399984272,-17.881253381,            0000257P0000561
3.933246479,47.400000018,-18.512714901,4.548089736,47.400000068, 0000257P0000562
-19.135996193,5.190810234,3.125E-02,6.25E-02,-0.999999992,       0000257P0000563
8.451297717E-05,8.939026952E-05;                                 0000257P0000564
126,4,4,0,0,1,0,6.25E-02,6.25E-02,6.25E-02,6.25E-02,6.25E-02,    0000259P0000565
0.125,0.125,0.125,0.125,0.125,1.,1.,1.,1.,1.,47.400000068,       0000259P0000566
-19.135996193,5.190810234,47.400000034,-20.306495317,            0000259P0000567
6.397815141,47.399852367,-21.445348285,7.700082922,47.399999978, 0000259P0000568
-22.55092307,9.097613577,47.399999964,-23.619449265,             0000259P0000569
10.590407106,6.25E-02,0.125,-0.999999942,2.612446293E-04,        0000259P0000570
2.171610391E-04;                                                 0000259P0000571
126,4,4,0,0,1,0,0.125,0.125,0.125,0.125,0.125,0.1875,0.1875,     0000261P0000572
0.1875,0.1875,0.1875,1.,1.,1.,1.,1.,47.399999964,-23.619449265,  0000261P0000573
10.590407106,47.399999986,-24.597368811,11.956617948,            0000261P0000574
47.399903478,-25.541169775,13.398379535,47.399999997,            0000261P0000575
-26.447956786,14.915691866,47.399999983,-27.313638872,           0000261P0000576
16.508554943,0.125,0.1875,-0.999999964,2.281209832E-04,          0000261P0000577
1.426690388E-04;                                                 0000261P0000578
126,4,4,0,0,1,0,0.1875,0.1875,0.1875,0.1875,0.1875,0.25,0.25,    0000263P0000579
0.25,0.25,0.25,1.,1.,1.,1.,1.,47.399999983,-27.313638872,        0000263P0000580
16.508554943,47.400000028,-28.123462637,17.998638377,            0000263P0000581
47.399901336,-28.894868217,19.550293342,47.400000075,            0000263P0000582
-29.624589744,21.163519836,47.400000074,-30.30873674,            0000263P0000583
22.838317861,0.1875,0.25,-0.999999953,2.77736595E-04,            0000263P0000584
1.317472781E-04;                                                 0000263P0000585
126,4,4,0,0,1,0,0.25,0.25,0.25,0.25,0.25,0.3125,0.3125,0.3125,   0000265P0000586
0.3125,0.3125,1.,1.,1.,1.,1.,47.400000074,-30.30873674,          0000265P0000587
22.838317861,47.399999999,-30.951636659,24.412142382,            0000265P0000588
47.399887054,-31.551800623,26.034153891,47.399999934,            0000265P0000589
-32.106188349,27.704352388,47.399999952,-32.611547564,           0000265P0000590
29.422737873,0.25,0.3125,-0.999999927,3.605667367E-04,           0000265P0000591
1.264286081E-04;                                                 0000265P0000592
126,4,4,0,0,1,0,0.3125,0.3125,0.3125,0.3125,0.3125,0.375,0.375,  0000267P0000593
0.375,0.375,0.375,1.,1.,1.,1.,1.,47.399999952,-32.611547564,     0000267P0000594
29.422737873,47.39999995,-33.091440876,31.054530915,             0000267P0000595
47.399864477,-33.524606336,32.721085125,47.399999975,            0000267P0000596
-33.90859834,34.422400504,47.400000004,-34.241017145,            0000267P0000597
36.158477051,0.3125,0.375,-0.999999883,4.707686307E-04,          0000267P0000598
1.142317417E-04;                                                 0000267P0000599
126,4,4,0,0,1,0,0.375,0.375,0.375,0.375,0.375,0.4375,0.4375,     0000269P0000600
0.4375,0.4375,0.4375,1.,1.,1.,1.,1.,47.400000004,-34.241017145,  0000269P0000601
36.158477051,47.400000031,-34.564267649,37.8466716,47.399846862, 0000269P0000602
-34.836593412,39.556316097,47.399999992,-35.056312281,           0000269P0000603
41.287410543,47.399999921,-35.221978274,43.039954936,0.375,      0000269P0000604
0.4375,-0.999999845,5.504003266E-04,7.86986305E-05;              0000269P0000605
126,4,4,0,0,1,0,0.4375,0.4375,0.4375,0.4375,0.4375,0.5,0.5,0.5,  0000271P0000606
0.5,0.5,1.,1.,1.,1.,1.,47.399999921,-35.221978274,43.039954936,  0000271P0000607
47.399999999,-35.386295934,44.778237707,47.399832697,            0000271P0000608
-35.496153616,46.523841621,47.400000024,-35.550830832,           0000271P0000609
48.27676668,47.39999997,-35.549951284,50.037012882,0.4375,0.5,   0000271P0000610
-0.999999818,6.030806718E-04,2.836980065E-05;                    0000271P0000611
126,4,4,0,0,1,0,0.5,0.5,0.5,0.5,0.5,0.5625,0.5625,0.5625,0.5625, 0000273P0000612
0.5625,1.,1.,1.,1.,1.,47.39999997,-35.549951284,50.037012882,    0000273P0000613
47.399999937,-35.54907687,51.786925342,47.399836558,             0000273P0000614
-35.493300606,53.529491937,47.399999971,-35.383001584,           0000273P0000615
55.264712667,47.400000033,-35.218894645,56.992587534,0.5,0.5625, 0000273P0000616
0.999999821,-5.971562424E-04,2.850664848E-05;                    0000273P0000617
126,4,4,0,0,1,0,0.5625,0.5625,0.5625,0.5625,0.5625,0.625,0.625,  0000275P0000618
0.625,0.625,0.625,1.,1.,1.,1.,1.,47.400000033,-35.218894645,     0000275P0000619
56.992587534,47.400000041,-35.052175307,58.747969015,            0000275P0000620
47.399845955,-34.831235725,60.481755237,47.400000003,            0000275P0000621
-34.557534376,62.193946201,47.399999955,-34.232766617,           0000275P0000622
63.884541905,0.5625,0.625,0.999999844,-5.520588829E-04,          0000275P0000623
7.925469586E-05;                                                 0000275P0000624
126,4,4,0,0,1,0,0.625,0.625,0.625,0.625,0.625,0.6875,0.6875,     0000277P0000625
0.6875,0.6875,0.6875,1.,1.,1.,1.,1.,47.399999955,-34.232766617,  0000277P0000626
63.884541905,47.399999984,-33.895531751,65.64003522,47.39985869, 0000277P0000627
-33.505588738,67.359839809,47.400000038,-33.065427974,           0000277P0000628
69.04395567,47.400000059,-32.577584885,70.692382804,0.625,       0000277P0000629
0.6875,0.999999878,-4.799038669E-04,1.170172175E-04;             0000277P0000630
126,4,4,0,0,1,0,0.6875,0.6875,0.6875,0.6875,0.6875,0.75,0.75,    0000279P0000631
0.75,0.75,0.75,1.,1.,1.,1.,1.,47.400000059,-32.577584885,        0000279P0000632
70.692382804,47.400000046,-32.070371201,72.40626356,             0000279P0000633
47.399888476,-31.514404877,74.07196276,47.399999992,             0000279P0000634
-30.91292827,75.689480404,47.399999952,-30.26896851,77.25881649, 0000279P0000635
0.6875,0.75,0.999999929,-3.566093824E-04,1.257331446E-04;        0000279P0000636
126,4,4,0,0,1,0,0.75,0.75,0.75,0.75,0.75,0.8125,0.8125,0.8125,   0000281P0000637
0.8125,0.8125,1.,1.,1.,1.,1.,47.399999952,-30.26896851,          0000281P0000638
77.25881649,47.400000007,-29.587356327,78.91991152,47.39990434,  0000281P0000639
-28.860912289,80.520190244,47.40000002,-28.093444204,            0000281P0000640
82.059652662,47.399999986,-27.288148286,83.538298772,0.75,       0000281P0000641
0.8125,0.999999954,-2.725740233E-04,1.296881078E-04;             0000281P0000642
126,4,4,0,0,1,0,0.8125,0.8125,0.8125,0.8125,0.8125,0.875,0.875,  0000283P0000643
0.875,0.875,0.875,1.,1.,1.,1.,1.,47.399999986,-27.288148286,     0000283P0000644
83.538298772,47.400000031,-26.416787348,85.138250074,            0000283P0000645
47.399901504,-25.503958486,86.661777945,47.400000028,            0000283P0000646
-24.553813326,88.108882384,47.399999993,-23.569277938,           0000283P0000647
89.479563391,0.8125,0.875,0.999999963,-2.300383342E-04,          0000283P0000648
1.442639441E-04;                                                 0000283P0000649
126,4,4,0,0,1,0,0.875,0.875,0.875,0.875,0.875,0.9375,0.9375,     0000285P0000650
0.9375,0.9375,0.9375,1.,1.,1.,1.,1.,47.399999993,-23.569277938,  0000285P0000651
89.479563391,47.399999962,-22.508839946,90.955916823,            0000285P0000652
47.399857814,-21.41212089,92.338647487,47.400000005,             0000285P0000653
-20.282768105,93.627755382,47.400000064,-19.122364103,           0000285P0000654
94.823240509,0.875,0.9375,0.999999945,-2.559541008E-04,          0000285P0000655
2.13236422E-04;                                                  0000285P0000656
126,4,4,0,0,1,0,0.9375,0.9375,0.9375,0.9375,0.9375,0.96875,      0000287P0000657
0.96875,0.96875,0.96875,0.96875,1.,1.,1.,1.,1.,47.400000064,     0000287P0000658
-19.122364103,94.823240509,47.400000016,-18.502487271,           0000287P0000659
95.461857549,47.399984609,-17.874527919,96.072911258,            0000287P0000660
47.399999984,-17.238728371,96.656401637,47.399999993,            0000287P0000661
-16.59515055,97.212328686,0.9375,0.96875,0.999999993,            0000287P0000662
-8.352247402E-05,8.839042444E-05;                                0000287P0000663
126,4,4,0,0,1,0,0.96875,0.96875,0.96875,0.96875,0.96875,1.,1.,   0000289P0000664
1.,1.,1.,1.,1.,1.,1.,1.,47.399999993,-16.59515055,97.212328686,  0000289P0000665
47.40000001,-15.913769532,97.800910385,47.399973356,             0000289P0000666
-15.22490402,98.357549504,47.400000021,-14.528607483,            0000289P0000667
98.882246042,47.400000011,-13.82469902,99.375,0.96875,1.,        0000289P0000668
0.999999984,-1.099543001E-04,1.408397061E-04;                    0000289P0000669
100,0.,0.,0.,49.375,-1.009741959E-27,26.543770319,41.633146437;  0000291P0000670
124,0.96000073,-0.279997495,-6.703649856E-15,9.971201842E-29,    0000293P0000671
-0.279997495,-0.96000073,-1.955210056E-15,0.,-5.88805484E-15,    0000293P0000672
3.754008252E-15,-1.,99.375;                                      0000293P0000673
126,4,4,0,0,1,0,0.,0.,0.,0.,0.,3.125E-02,3.125E-02,3.125E-02,    0000295P0000674
3.125E-02,3.125E-02,1.,1.,1.,1.,1.,13.824694673,-47.399999996,   0000295P0000675
99.375,14.528458274,-47.400000021,98.882345582,15.224613538,     0000295P0000676
-47.39997338,98.357761536,15.913341354,-47.400000028,            0000295P0000677
97.801247863,16.594588367,-47.400000004,97.212804562,0.,         0000295P0000678
3.125E-02,1.098012453E-04,-0.999999984,1.406601004E-04;          0000295P0000679
126,4,4,0,0,1,0,3.125E-02,3.125E-02,3.125E-02,3.125E-02,         0000297P0000680
3.125E-02,6.25E-02,6.25E-02,6.25E-02,6.25E-02,6.25E-02,1.,1.,1., 0000297P0000681
1.,1.,16.594588367,-47.400000004,97.212804562,17.241852203,      0000297P0000682
-47.400000019,96.653714946,17.881246376,-47.399984302,           0000297P0000683
96.066748485,18.512707912,-47.400000038,95.451905178,            0000297P0000684
19.135989266,-47.40000004,94.809185026,3.125E-02,6.25E-02,       0000297P0000685
8.383783738E-05,-0.999999993,8.866939971E-05;                    0000297P0000686
126,4,4,0,0,1,0,6.25E-02,6.25E-02,6.25E-02,6.25E-02,6.25E-02,    0000299P0000687
0.125,0.125,0.125,0.125,0.125,1.,1.,1.,1.,1.,19.135989266,       0000299P0000688
-47.40000004,94.809185026,20.306489242,-47.400000028,            0000299P0000689
93.602179724,21.445343357,-47.399852444,92.29991219,             0000299P0000690
22.550918972,-47.40000004,90.902382424,23.619445342,             0000299P0000691
-47.400000069,89.409590425,6.25E-02,0.125,2.611916716E-04,       0000299P0000692
-0.999999942,2.171420969E-04;                                    0000299P0000693
126,4,4,0,0,1,0,0.125,0.125,0.125,0.125,0.125,0.1875,0.1875,     0000301P0000694
0.1875,0.1875,0.1875,1.,1.,1.,1.,1.,23.619445342,-47.400000069,  0000301P0000695
89.409590425,24.59736521,-47.400000055,88.043380965,             0000301P0000696
25.541166776,-47.399903524,86.601620202,26.447954444,            0000301P0000697
-47.399999986,85.084308134,27.313637167,-47.399999924,           0000301P0000698
83.491444761,0.125,0.1875,2.280602003E-04,-0.999999964,          0000301P0000699
1.42603866E-04;                                                  0000301P0000700
126,4,4,0,0,1,0,0.1875,0.1875,0.1875,0.1875,0.1875,0.25,0.25,    0000303P0000701
0.25,0.25,0.25,1.,1.,1.,1.,1.,27.313637167,-47.399999924,        0000303P0000702
83.491444761,28.123460828,-47.399999917,82.001362364,            0000303P0000703
28.894866462,-47.399901189,80.44970781,29.624588145,             0000303P0000704
-47.399999913,78.836481102,30.308735386,-47.399999915,           0000303P0000705
77.161682237,0.1875,0.25,2.780082921E-04,-0.999999953,           0000303P0000706
1.318600507E-04;                                                 0000303P0000707
126,4,4,0,0,1,0,0.25,0.25,0.25,0.25,0.25,0.3125,0.3125,0.3125,   0000305P0000708
0.3125,0.3125,1.,1.,1.,1.,1.,30.308735386,-47.399999915,         0000305P0000709
77.161682237,30.951634909,-47.399999984,75.587857914,            0000305P0000710
31.551798588,-47.399887124,73.965846471,32.106186141,            0000305P0000711
-47.400000055,72.295647909,32.611545324,-47.400000048,           0000305P0000712
70.577262226,0.25,0.3125,3.596668046E-04,-0.999999927,           0000305P0000713
1.261531299E-04;                                                 0000305P0000714
126,4,4,0,0,1,0,0.3125,0.3125,0.3125,0.3125,0.3125,0.375,0.375,  0000307P0000715
0.375,0.375,0.375,1.,1.,1.,1.,1.,32.611545324,-47.400000048,     0000307P0000716
70.577262226,33.091438569,-47.400000048,68.945468987,            0000307P0000717
33.524603938,-47.399864569,67.27891471,33.908595853,             0000307P0000718
-47.400000049,65.577599397,34.241014588,-47.400000049,           0000307P0000719
63.841523047,0.3125,0.375,4.70587006E-04,-0.999999883,           0000307P0000720
1.141802081E-04;                                                 0000307P0000721
126,4,4,0,0,1,0,0.375,0.375,0.375,0.375,0.375,0.4375,0.4375,     0000309P0000722
0.4375,0.4375,0.4375,1.,1.,1.,1.,1.,34.241014588,-47.400000049,  0000309P0000723
63.841523047,34.564265182,-47.39999998,62.153328351,             0000309P0000724
34.836590899,-47.399846799,60.443683821,35.056309605,            0000309P0000725
-47.400000007,58.712589457,35.221975324,-47.400000108,           0000309P0000726
56.960045261,0.375,0.4375,5.519936178E-04,-0.999999845,          0000309P0000727
7.894605945E-05;                                                 0000309P0000728
126,4,4,0,0,1,0,0.4375,0.4375,0.4375,0.4375,0.4375,0.5,0.5,0.5,  0000311P0000729
0.5,0.5,1.,1.,1.,1.,1.,35.221975324,-47.400000108,56.960045261,  0000311P0000730
35.386293163,-47.400000037,55.221762441,35.49615091,             0000311P0000731
-47.399832674,53.476158527,35.550828084,-47.400000025,           0000311P0000732
51.723233517,35.549948389,-47.400000087,49.962987414,0.4375,0.5, 0000311P0000733
6.046672461E-04,-0.999999817,2.843408558E-05;                    0000311P0000734
126,4,4,0,0,1,0,0.5,0.5,0.5,0.5,0.5,0.5625,0.5625,0.5625,0.5625, 0000313P0000735
0.5625,1.,1.,1.,1.,1.,35.549948389,-47.400000087,49.962987414,   0000313P0000736
35.549073977,-47.400000059,48.213074905,35.493297755,            0000313P0000737
-47.399836657,46.470508277,35.382998818,-47.400000023,           0000313P0000738
44.73528753,35.218892003,-47.400000019,43.007412664,0.5,0.5625,  0000313P0000739
-5.967244037E-04,0.999999822,2.850538232E-05;                    0000313P0000740
126,4,4,0,0,1,0,0.5625,0.5625,0.5625,0.5625,0.5625,0.625,0.625,  0000315P0000741
0.625,0.625,0.625,1.,1.,1.,1.,1.,35.218892003,-47.400000019,     0000315P0000742
43.007412664,35.052172787,-47.399999966,41.252031232,            0000315P0000743
34.831233265,-47.399845873,39.518244993,34.557531906,            0000315P0000744
-47.399999966,37.806053948,34.232764056,-47.400000017,           0000315P0000745
36.115458095,0.5625,0.625,-5.530139966E-04,0.999999844,          0000315P0000746
7.938045151E-05;                                                 0000315P0000747
126,4,4,0,0,1,0,0.625,0.625,0.625,0.625,0.625,0.6875,0.6875,     0000317P0000748
0.6875,0.6875,0.6875,1.,1.,1.,1.,1.,34.232764056,-47.400000017,  0000317P0000749
36.115458095,33.895529401,-47.399999969,34.359964928,            0000317P0000750
33.505586566,-47.399858628,32.640160372,33.065425932,            0000317P0000751
-47.399999957,30.956044429,32.577582896,-47.399999988,           0000317P0000752
29.307617098,0.625,0.6875,-4.803821452E-04,0.999999878,          0000317P0000753
1.171530784E-04;                                                 0000317P0000754
126,4,4,0,0,1,0,0.6875,0.6875,0.6875,0.6875,0.6875,0.75,0.75,    0000319P0000755
0.75,0.75,0.75,1.,1.,1.,1.,1.,32.577582896,-47.399999988,        0000319P0000756
29.307617098,32.070369234,-47.399999999,27.593736094,            0000319P0000757
31.514402974,-47.399888448,25.928036795,30.912926446,            0000319P0000758
-47.400000011,24.310519201,30.268966777,-47.400000012,           0000319P0000759
22.741183313,0.6875,0.75,-3.567486116E-04,0.999999928,           0000319P0000760
1.257621363E-04;                                                 0000319P0000761
126,4,4,0,0,1,0,0.75,0.75,0.75,0.75,0.75,0.8125,0.8125,0.8125,   0000321P0000762
0.8125,0.8125,1.,1.,1.,1.,1.,30.268966777,-47.400000012,         0000321P0000763
22.741183313,29.587354343,-47.400000045,21.080087393,            0000321P0000764
28.860910142,-47.399904368,19.47980839,28.093441997,             0000321P0000765
-47.400000051,17.940346301,27.288146178,-47.400000029,           0000321P0000766
16.461701129,0.75,0.8125,-2.727350693E-04,0.999999954,           0000321P0000767
1.29767229E-04;                                                  0000321P0000768
126,4,4,0,0,1,0,0.8125,0.8125,0.8125,0.8125,0.8125,0.875,0.875,  0000323P0000769
0.875,0.875,0.875,1.,1.,1.,1.,1.,27.288146178,-47.400000029,     0000323P0000770
16.461701129,26.41678471,-47.399999981,14.861749333,             0000323P0000771
25.503955198,-47.399901425,13.338221529,24.553809344,            0000323P0000772
-47.399999929,11.891117715,23.569273453,-47.399999922,           0000323P0000773
10.520437893,0.8125,0.875,-2.304538731E-04,0.999999963,          0000323P0000774
1.44542425E-04;                                                  0000323P0000775
126,4,4,0,0,1,0,0.875,0.875,0.875,0.875,0.875,0.9375,0.9375,     0000325P0000776
0.9375,0.9375,0.9375,1.,1.,1.,1.,1.,23.569273453,-47.399999922,  0000325P0000777
10.520437893,22.508835183,-47.399999932,9.04408614,21.412115243, 0000325P0000778
-47.399857848,7.66135648,20.282761305,-47.399999978,6.372248914, 0000325P0000779
19.12235647,-47.400000009,5.176763441,0.875,0.9375,              0000325P0000780
-2.556561692E-04,0.999999945,2.129864475E-04;                    0000325P0000781
126,4,4,0,0,1,0,0.9375,0.9375,0.9375,0.9375,0.9375,0.96875,      0000327P0000782
0.96875,0.96875,0.96875,0.96875,1.,1.,1.,1.,1.,19.12235647,      0000327P0000783
-47.400000009,5.176763441,18.502479597,-47.400000029,            0000327P0000784
4.538146846,17.874520294,-47.399984636,3.927093185,17.238720905, 0000327P0000785
-47.399999993,3.343602461,16.595143332,-47.399999948,            0000327P0000786
2.787674671,0.9375,0.96875,-8.243653314E-05,0.999999993,         0000327P0000787
8.72404287E-05;                                                  0000327P0000788
126,4,4,0,0,1,0,0.96875,0.96875,0.96875,0.96875,0.96875,1.,1.,   0000329P0000789
1.,1.,1.,1.,1.,1.,1.,1.,16.595143332,-47.399999948,2.787674671,  0000329P0000790
15.91376246,-47.399999965,2.199092232,15.224897507,              0000329P0000791
-47.399973306,1.642452307,14.52860191,-47.399999991,1.117754896, 0000329P0000792
13.824694673,-47.399999996,0.625,0.96875,1.,-1.101108637E-04,    0000329P0000793
0.999999984,1.410255116E-04;                                     0000329P0000794
100,0.,0.,0.,13.824796443,-47.40005937,47.40001897,              0000331P0000795
-13.824934961;                                                   0000331P0000796
124,1.,0.,0.,0.,0.,1.,0.,0.,0.,0.,1.,0.625;                      0000333P0000797
144,337,1,0,339;                                                 0000335P0000798
128,8,4,3,3,0,0,1,0,0,0.7942083,0.7942083,0.7942083,0.7942083,   0000337P0000799
0.8125,0.84375,0.875,0.90625,0.9375,0.955791496,0.955791496,     0000337P0000800
0.955791496,0.955791496,0.,0.,0.,0.,0.5,1.,1.,1.,1.,1.,1.,1.,1., 0000337P0000801
1.,1.,1.,1.,1.,1.,1.,1.,1.,1.,1.,1.,1.,1.,1.,1.,1.,1.,1.,1.,1.,  0000337P0000802
1.,1.,1.,1.,1.,1.,1.,1.,1.,1.,1.,1.,1.,1.,1.,1.,1.,1.,1.,1.,     0000337P0000803
-13.539130599,-47.48236271,99.375,-15.358179494,-46.963626809,   0000337P0000804
99.375,-20.204342653,-45.275964314,99.375,-27.608168599,         0000337P0000805
-41.318537789,99.375,-35.138514407,-35.138537613,99.375,         0000337P0000806
-41.318547096,-27.608168844,99.375,-45.275923195,-20.204400582,  0000337P0000807
99.375,-46.96362491,-15.358235281,99.375,-47.482364218,          0000337P0000808
-13.539200374,99.375,-15.344350759,-53.81334353,82.916666666,    0000337P0000809
-17.405939762,-53.225442537,82.916666666,-22.89825874,           0000337P0000810
-51.312757451,82.916666666,-31.289264679,-46.827673675,          0000337P0000811
82.916666666,-39.823652896,-39.823668252,82.916666666,           0000337P0000812
-46.827698666,-31.289252857,82.916666666,-51.312705745,          0000337P0000813
-22.898301089,82.916666666,-53.225441837,-17.405994592,          0000337P0000814
82.916666666,-53.813348771,-15.34442623,82.916666666,            0000337P0000815
-17.149570919,-60.144324349,50.,-19.45370003,-59.487258263,50.,  0000337P0000816
-25.592174826,-57.349550587,50.,-34.970360758,-52.336809575,50., 0000337P0000817
-44.508791385,-44.508798838,50.,-52.336850236,-34.970337062,50., 0000337P0000818
-57.349488295,-25.592201009,50.,-59.487258763,-19.453754627,50., 0000337P0000819
-60.144333324,-17.149652866,50.,-15.344350759,-53.81334353,      0000337P0000820
17.083333334,-17.405939762,-53.225442537,17.083333334,           0000337P0000821
-22.89825874,-51.312757451,17.083333334,-31.289264679,           0000337P0000822
-46.827673675,17.083333334,-39.823652896,-39.823668252,          0000337P0000823
17.083333334,-46.827698666,-31.289252857,17.083333334,           0000337P0000824
-51.312705745,-22.898301089,17.083333334,-53.225441837,          0000337P0000825
-17.405994592,17.083333334,-53.813348771,-15.34442623,           0000337P0000826
17.083333334,-13.539130599,-47.48236271,0.625,-15.358179494,     0000337P0000827
-46.963626809,0.625,-20.204342653,-45.275964314,0.625,           0000337P0000828
-27.608168599,-41.318537789,0.625,-35.138514407,-35.138537613,   0000337P0000829
0.625,-41.318547096,-27.608168844,0.625,-45.275923195,           0000337P0000830
-20.204400582,0.625,-46.96362491,-15.358235281,0.625,            0000337P0000831
-47.482364218,-13.539200374,0.625,0.795166303,0.954833493,0.,1.; 0000337P0000832
142,0,337,341,419,3;                                             0000339P0000833
102,38,343,345,347,349,351,353,355,357,359,361,363,365,367,369,  0000341P0000834
371,373,375,377,379,381,383,385,387,389,391,393,395,397,399,401, 0000341P0000835
403,405,407,409,411,413,415,417;                                 0000341P0000836
126,2,2,1,0,1,0,0.,0.,0.,3.125E-02,3.125E-02,3.125E-02,1.,1.,1., 0000343P0000837
0.795166303,1.,0.,0.79952182,0.990022188,0.,0.803597151,         0000343P0000838
0.978104348,0.,0.,3.125E-02,-0.,-0.,1.;                          0000343P0000839
126,2,2,1,0,1,0,3.125E-02,3.125E-02,3.125E-02,6.25E-02,6.25E-02, 0000345P0000840
6.25E-02,1.,1.,1.,0.803597151,0.978104348,0.,0.807469189,        0000345P0000841
0.966781014,0.,0.811068219,0.953763896,0.,3.125E-02,6.25E-02,    0000345P0000842
-0.,-0.,1.;                                                      0000345P0000843
126,2,2,1,0,1,0,6.25E-02,6.25E-02,6.25E-02,0.125,0.125,0.125,1., 0000347P0000844
1.,1.,0.811068219,0.953763896,0.,0.817827065,0.929318224,0.,     0000347P0000845
0.823575302,0.89908446,0.,6.25E-02,0.125,-0.,-0.,1.;             0000347P0000846
126,2,2,1,0,1,0,0.125,0.125,0.125,0.1875,0.1875,0.1875,1.,1.,1., 0000349P0000847
0.823575302,0.89908446,0.,0.828836111,0.871414396,0.,            0000349P0000848
0.833200347,0.839153874,0.,0.125,0.1875,-0.,-0.,1.;              0000349P0000849
126,2,2,1,0,1,0,0.1875,0.1875,0.1875,0.25,0.25,0.25,1.,1.,1.,    0000351P0000850
0.833200347,0.839153874,0.,0.837282977,0.80897499,0.,            0000351P0000851
0.840544007,0.775055016,0.,0.1875,0.25,-0.,-0.,1.;               0000351P0000852
126,2,2,1,0,1,0,0.25,0.25,0.25,0.3125,0.3125,0.3125,1.,1.,1.,    0000353P0000853
0.840544007,0.775055016,0.,0.843608429,0.74318009,0.,            0000353P0000854
0.845911821,0.708377342,0.,0.25,0.3125,-0.,-0.,1.;               0000353P0000855
126,2,2,1,0,1,0,0.3125,0.3125,0.3125,0.375,0.375,0.375,1.,1.,1., 0000355P0000856
0.845911821,0.708377342,0.,0.848099142,0.675328363,0.,           0000355P0000857
0.849566005,0.640167323,0.,0.3125,0.375,-0.,-0.,1.;              0000355P0000858
126,2,2,1,0,1,0,0.375,0.375,0.375,0.4375,0.4375,0.4375,1.,1.,1., 0000357P0000859
0.849566005,0.640167323,0.,0.850992411,0.605976039,0.,           0000357P0000860
0.851709158,0.570481474,0.,0.375,0.4375,-0.,-0.,1.;              0000357P0000861
126,2,2,1,0,1,0,0.4375,0.4375,0.4375,0.5,0.5,0.5,1.,1.,1.,       0000359P0000862
0.851709158,0.570481474,0.,0.852420073,0.535275746,0.,           0000359P0000863
0.852416293,0.499625191,0.,0.4375,0.5,-0.,-0.,1.;                0000359P0000864
126,2,2,1,0,1,0,0.5,0.5,0.5,0.5625,0.5625,0.5625,1.,1.,1.,       0000361P0000865
0.852416293,0.499625191,0.,0.852412534,0.464183925,0.,           0000361P0000866
0.851702488,0.429188989,0.,0.5,0.5625,-0.,-0.,1.;                0000361P0000867
126,2,2,1,0,1,0,0.5625,0.5625,0.5625,0.625,0.625,0.625,1.,1.,1., 0000363P0000868
0.851702488,0.429188989,0.,0.850981138,0.393636959,0.,0.8495478, 0000363P0000869
0.359397043,0.,0.5625,0.625,-0.,-0.,1.;                          0000363P0000870
126,2,2,1,0,1,0,0.625,0.625,0.625,0.6875,0.6875,0.6875,1.,1.,1., 0000365P0000871
0.8495478,0.359397043,0.,0.848059439,0.32384275,0.,0.845834396,  0000365P0000872
0.290456879,0.,0.625,0.6875,-0.,-0.,1.;                          0000365P0000873
126,2,2,1,0,1,0,0.6875,0.6875,0.6875,0.75,0.75,0.75,1.,1.,1.,    0000367P0000874
0.845834396,0.290456879,0.,0.843521003,0.255745366,0.,           0000367P0000875
0.840449192,0.223961346,0.,0.6875,0.75,-0.,-0.,1.;               0000367P0000876
126,2,2,1,0,1,0,0.75,0.75,0.75,0.8125,0.8125,0.8125,1.,1.,1.,    0000369P0000877
0.840449192,0.223961346,0.,0.83719777,0.190318899,0.,            0000369P0000878
0.833136078,0.160371654,0.,0.75,0.8125,-0.,-0.,1.;               0000369P0000879
126,2,2,1,0,1,0,0.8125,0.8125,0.8125,0.875,0.875,0.875,1.,1.,1., 0000371P0000880
0.833136078,0.160371654,0.,0.828741169,0.12796757,0.,            0000371P0000881
0.823440292,0.100206968,0.,0.8125,0.875,-0.,-0.,1.;              0000371P0000882
126,2,2,1,0,1,0,0.875,0.875,0.875,0.9375,0.9375,0.9375,1.,1.,1., 0000373P0000883
0.823440292,0.100206968,0.,0.817730746,7.030617E-02,0.,          0000373P0000884
0.811028855,4.6093811E-02,0.,0.875,0.9375,-0.,-0.,1.;            0000373P0000885
126,2,2,1,0,1,0,0.9375,0.9375,0.9375,0.96875,0.96875,0.96875,1., 0000375P0000886
1.,1.,0.811028855,4.6093811E-02,0.,0.807448769,3.3159803E-02,0., 0000375P0000887
0.80359881,2.1900505E-02,0.,0.9375,0.96875,-0.,-0.,1.;           0000375P0000888
126,2,2,1,0,1,0,0.96875,0.96875,0.96875,1.,1.,1.,1.,1.,1.,       0000377P0000889
0.80359881,2.1900505E-02,0.,0.799522708,9.979847E-03,0.,         0000377P0000890
0.795166303,0.,0.,0.96875,1.,-0.,-0.,1.;                         0000377P0000891
126,1,1,1,0,1,0,0.,0.,1.003212991,1.003212991,1.,1.,0.795166826, 0000379P0000892
0.,0.,0.954833123,0.,0.,0.,1.003212991,0.,0.,1.;                 0000379P0000893
126,2,2,1,0,1,0,0.,0.,0.,3.125E-02,3.125E-02,3.125E-02,1.,1.,1., 0000381P0000894
0.954833493,0.,0.,0.950478066,9.977793E-03,0.,0.946402745,       0000381P0000895
2.1895853E-02,0.,0.,3.125E-02,-0.,-0.,1.;                        0000381P0000896
126,2,2,1,0,1,0,3.125E-02,3.125E-02,3.125E-02,6.25E-02,6.25E-02, 0000383P0000897
6.25E-02,1.,1.,1.,0.946402745,2.1895853E-02,0.,0.942530776,      0000383P0000898
3.3219222E-02,0.,0.938931754,4.6236486E-02,0.,3.125E-02,         0000383P0000899
6.25E-02,-0.,-0.,1.;                                             0000383P0000900
126,2,2,1,0,1,0,6.25E-02,6.25E-02,6.25E-02,0.125,0.125,0.125,1., 0000385P0000901
1.,1.,0.938931754,4.6236486E-02,0.,0.932172913,7.0682463E-02,0., 0000385P0000902
0.926424709,0.100915994,0.,6.25E-02,0.125,-0.,-0.,1.;            0000385P0000903
126,2,2,1,0,1,0,0.125,0.125,0.125,0.1875,0.1875,0.1875,1.,1.,1., 0000387P0000904
0.926424709,0.100915994,0.,0.921163874,0.128586141,0.,           0000387P0000905
0.916799636,0.160846493,0.,0.125,0.1875,-0.,-0.,1.;              0000387P0000906
126,2,2,1,0,1,0,0.1875,0.1875,0.1875,0.25,0.25,0.25,1.,1.,1.,    0000389P0000907
0.916799636,0.160846493,0.,0.912716982,0.191025386,0.,           0000389P0000908
0.909455944,0.224945294,0.,0.1875,0.25,-0.,-0.,1.;               0000389P0000909
126,2,2,1,0,1,0,0.25,0.25,0.25,0.3125,0.3125,0.3125,1.,1.,1.,    0000391P0000910
0.909455944,0.224945294,0.,0.906391516,0.256820146,0.,           0000391P0000911
0.904088121,0.291622862,0.,0.25,0.3125,-0.,-0.,1.;               0000391P0000912
126,2,2,1,0,1,0,0.3125,0.3125,0.3125,0.375,0.375,0.375,1.,1.,1., 0000393P0000913
0.904088121,0.291622862,0.,0.901900801,0.324671776,0.,           0000393P0000914
0.900433937,0.359832805,0.,0.3125,0.375,-0.,-0.,1.;              0000393P0000915
126,2,2,1,0,1,0,0.375,0.375,0.375,0.4375,0.4375,0.4375,1.,1.,1., 0000395P0000916
0.900433937,0.359832805,0.,0.899007532,0.394024053,0.,           0000395P0000917
0.898290785,0.429518608,0.,0.375,0.4375,-0.,-0.,1.;              0000395P0000918
126,2,2,1,0,1,0,0.4375,0.4375,0.4375,0.5,0.5,0.5,1.,1.,1.,       0000397P0000919
0.898290785,0.429518608,0.,0.897579872,0.464724298,0.,           0000397P0000920
0.897583652,0.500374821,0.,0.4375,0.5,-0.,-0.,1.;                0000397P0000921
126,2,2,1,0,1,0,0.5,0.5,0.5,0.5625,0.5625,0.5625,1.,1.,1.,       0000399P0000922
0.897583652,0.500374821,0.,0.897587411,0.535816049,0.,           0000399P0000923
0.898297456,0.57081094,0.,0.5,0.5625,-0.,-0.,1.;                 0000399P0000924
126,2,2,1,0,1,0,0.5625,0.5625,0.5625,0.625,0.625,0.625,1.,1.,1., 0000401P0000925
0.898297456,0.57081094,0.,0.899018805,0.606362953,0.,            0000401P0000926
0.900452143,0.640602829,0.,0.5625,0.625,-0.,-0.,1.;              0000401P0000927
126,2,2,1,0,1,0,0.625,0.625,0.625,0.6875,0.6875,0.6875,1.,1.,1., 0000403P0000928
0.900452143,0.640602829,0.,0.901940504,0.676157117,0.,           0000403P0000929
0.904165548,0.709542928,0.,0.625,0.6875,-0.,-0.,1.;              0000403P0000930
126,2,2,1,0,1,0,0.6875,0.6875,0.6875,0.75,0.75,0.75,1.,1.,1.,    0000405P0000931
0.904165548,0.709542928,0.,0.906478943,0.744254416,0.,           0000405P0000932
0.909550762,0.776038371,0.,0.6875,0.75,-0.,-0.,1.;               0000405P0000933
126,2,2,1,0,1,0,0.75,0.75,0.75,0.8125,0.8125,0.8125,1.,1.,1.,    0000407P0000934
0.909550762,0.776038371,0.,0.912802191,0.809680743,0.,           0000407P0000935
0.916863907,0.839627988,0.,0.75,0.8125,-0.,-0.,1.;               0000407P0000936
126,2,2,1,0,1,0,0.8125,0.8125,0.8125,0.875,0.875,0.875,1.,1.,1., 0000409P0000937
0.916863907,0.839627988,0.,0.921258819,0.872031913,0.,           0000409P0000938
0.926559725,0.899792609,0.,0.8125,0.875,-0.,-0.,1.;              0000409P0000939
126,2,2,1,0,1,0,0.875,0.875,0.875,0.9375,0.9375,0.9375,1.,1.,1., 0000411P0000940
0.926559725,0.899792609,0.,0.932269239,0.929693175,0.,           0000411P0000941
0.938971124,0.953905831,0.,0.875,0.9375,-0.,-0.,1.;              0000411P0000942
126,2,2,1,0,1,0,0.9375,0.9375,0.9375,0.96875,0.96875,0.96875,1., 0000413P0000943
1.,1.,0.938971124,0.953905831,0.,0.9425512,0.966839974,0.,       0000413P0000944
0.946401087,0.978099298,0.,0.9375,0.96875,-0.,-0.,1.;            0000413P0000945
126,2,2,1,0,1,0,0.96875,0.96875,0.96875,1.,1.,1.,1.,1.,1.,       0000415P0000946
0.946401087,0.978099298,0.,0.950477178,0.990020174,0.,           0000415P0000947
0.954833493,1.,0.,0.96875,1.,-0.,-0.,1.;                         0000415P0000948
126,1,1,1,0,1,0,3.425383508,3.425383508,4.428596264,4.428596264, 0000417P0000949
1.,1.,0.954833078,1.,0.,0.795166785,1.,0.,3.425383508,           0000417P0000950
4.428596264,0.,0.,1.;                                            0000417P0000951
102,38,421,423,425,427,429,431,433,435,437,439,441,443,445,447,  0000419P0000952
449,451,453,455,457,461,463,465,467,469,471,473,475,477,479,481, 0000419P0000953
483,485,487,489,491,493,495,497;                                 0000419P0000954
126,4,4,0,0,1,0,0.,0.,0.,0.,0.,3.125E-02,3.125E-02,3.125E-02,    0000421P0000955
3.125E-02,3.125E-02,1.,1.,1.,1.,1.,-13.82469463,-47.400000032,   0000421P0000956
0.625,-14.528458357,-47.400000014,1.117654468,-15.224613659,     0000421P0000957
-47.399973342,1.642238563,-15.913341443,-47.399999978,           0000421P0000958
2.198752285,-16.594588371,-47.399999966,2.787195635,0.,          0000421P0000959
3.125E-02,1.101986671E-04,0.999999984,1.411321833E-04;           0000421P0000960
126,4,4,0,0,1,0,3.125E-02,3.125E-02,3.125E-02,3.125E-02,         0000423P0000961
3.125E-02,6.25E-02,6.25E-02,6.25E-02,6.25E-02,6.25E-02,1.,1.,1., 0000423P0000962
1.,1.,-16.594588371,-47.399999966,2.787195635,-17.24185212,      0000423P0000963
-47.399999975,3.346285251,-17.881246247,-47.399984249,           0000423P0000964
3.933251729,-18.512707794,-47.399999973,4.548095069,             0000423P0000965
-19.135989219,-47.399999957,5.19081527,3.125E-02,6.25E-02,       0000423P0000966
8.374703028E-05,0.999999993,8.855560163E-05;                     0000423P0000967
126,4,4,0,0,1,0,6.25E-02,6.25E-02,6.25E-02,6.25E-02,6.25E-02,    0000425P0000968
0.125,0.125,0.125,0.125,0.125,1.,1.,1.,1.,1.,-19.135989219,      0000425P0000969
-47.399999957,5.19081527,-20.306488836,-47.399999979,            0000425P0000970
6.397820325,-21.44534299,-47.399852405,7.700087728,              0000425P0000971
-22.550918902,-47.399999988,9.097617478,-23.61944572,            0000425P0000972
-47.399999969,10.590409575,6.25E-02,0.125,2.609573985E-04,       0000425P0000973
0.999999942,2.169452694E-04;                                     0000425P0000974
126,4,4,0,0,1,0,0.125,0.125,0.125,0.125,0.125,0.1875,0.1875,     0000427P0000975
0.1875,0.1875,0.1875,1.,1.,1.,1.,1.,-23.61944572,-47.399999969,  0000427P0000976
10.590409575,-24.59736568,-47.400000019,11.956618985,            0000427P0000977
-25.541167376,-47.399903548,13.398379683,-26.447955146,          0000427P0000978
-47.400000071,14.915691669,-27.313637927,-47.400000064,          0000427P0000979
16.508554943,0.125,0.1875,2.279917429E-04,0.999999964,           0000427P0000980
1.426017433E-04;                                                 0000427P0000981
126,4,4,0,0,1,0,0.1875,0.1875,0.1875,0.1875,0.1875,0.25,0.25,    0000429P0000982
0.25,0.25,0.25,1.,1.,1.,1.,1.,-27.313637927,-47.400000064,       0000429P0000983
16.508554943,-28.123461794,-47.40000005,17.99863734,             0000429P0000984
-28.894867545,-47.399901319,19.550291844,-29.624589246,          0000429P0000985
-47.400000046,21.163518454,-30.308736421,-47.400000057,          0000429P0000986
22.83831717,0.1875,0.25,2.780873009E-04,0.999999953,             0000429P0000987
1.31897613E-04;                                                  0000429P0000988
126,4,4,0,0,1,0,0.25,0.25,0.25,0.25,0.25,0.3125,0.3125,0.3125,   0000431P0000989
0.3125,0.3125,1.,1.,1.,1.,1.,-30.308736421,-47.400000057,        0000431P0000990
22.83831717,-30.951636213,-47.399999999,24.412141641,            0000431P0000991
-31.551799984,-47.399887059,26.034153183,-32.106187458,          0000431P0000992
-47.399999969,27.704351795,-32.61154644,-47.400000003,           0000431P0000993
29.422737478,0.25,0.3125,3.60595669E-04,0.999999927,             0000431P0000994
1.264491357E-04;                                                 0000431P0000995
126,4,4,0,0,1,0,0.3125,0.3125,0.3125,0.3125,0.3125,0.375,0.375,  0000433P0000996
0.375,0.375,0.375,1.,1.,1.,1.,1.,-32.61154644,-47.400000003,     0000433P0000997
29.422737478,-33.091439652,-47.399999955,31.054530816,           0000433P0000998
-33.524604914,-47.399864449,32.721085158,-33.908596678,          0000433P0000999
-47.399999929,34.422400504,-34.241015228,-47.399999959,          0000433P0001000
36.158476854,0.3125,0.375,4.710441692E-04,0.999999883,           0000433P0001001
1.142837523E-04;                                                 0000433P0001002
126,4,4,0,0,1,0,0.375,0.375,0.375,0.375,0.375,0.4375,0.4375,     0000435P0001003
0.4375,0.4375,0.4375,1.,1.,1.,1.,1.,-34.241015228,-47.399999959, 0000435P0001004
36.158476854,-34.56426549,-47.400000021,37.846671501,            0000435P0001005
-34.836590996,-47.399846901,39.556315982,-35.056309618,          0000435P0001006
-47.400000092,41.287410296,-35.221975386,-47.400000097,          0000435P0001007
43.039954443,0.375,0.4375,5.506283184E-04,0.999999845,           0000435P0001008
7.876315316E-05;                                                 0000435P0001009
126,4,4,0,0,1,0,0.4375,0.4375,0.4375,0.4375,0.4375,0.5,0.5,0.5,  0000437P0001010
0.5,0.5,1.,1.,1.,1.,1.,-35.221975386,-47.400000097,43.039954443, 0000437P0001011
-35.386293127,-47.400000045,44.778237263,-35.496150858,          0000437P0001012
-47.399832658,46.523841194,-35.550828101,-47.399999943,          0000437P0001013
48.276766236,-35.549948556,-47.399999895,50.037012389,0.4375,    0000437P0001014
0.5,6.039057064E-04,0.999999817,2.837252881E-05;                 0000437P0001015
126,4,4,0,0,1,0,0.5,0.5,0.5,0.5,0.5,0.5625,0.5625,0.5625,0.5625, 0000439P0001016
0.5625,1.,1.,1.,1.,1.,-35.549948556,-47.399999895,50.037012389,  0000439P0001017
-35.549073998,-47.399999981,51.786924897,-35.493297713,          0000439P0001018
-47.399836651,53.529491558,-35.382998794,-47.400000045,          0000439P0001019
55.264712371,-35.218892076,-47.400000022,56.992587336,0.5,       0000439P0001020
0.5625,-5.95921067E-04,-0.999999822,2.843885522E-05;             0000439P0001021
126,4,4,0,0,1,0,0.5625,0.5625,0.5625,0.5625,0.5625,0.625,0.625,  0000441P0001022
0.625,0.625,0.625,1.,1.,1.,1.,1.,-35.218892076,-47.400000022,    0000441P0001023
56.992587336,-35.052172812,-47.400000063,58.747968817,           0000441P0001024
-34.831233371,-47.399845983,60.481755089,-34.557532222,          0000441P0001025
-47.400000012,62.193946151,-34.232764701,-47.399999926,          0000441P0001026
63.884542004,0.5625,0.625,-5.516321068E-04,-0.999999845,         0000441P0001027
7.91965651E-05;                                                  0000441P0001028
126,4,4,0,0,1,0,0.625,0.625,0.625,0.625,0.625,0.6875,0.6875,     0000443P0001029
0.6875,0.6875,0.6875,1.,1.,1.,1.,1.,-34.232764701,-47.399999926, 0000443P0001030
63.884542004,-33.895530081,-47.399999951,65.64003522,            0000443P0001031
-33.505587348,-47.39985864,67.359839825,-33.065426873,           0000443P0001032
-47.399999957,69.043955818,-32.577584025,-47.399999941,          0000443P0001033
70.692383199,0.625,0.6875,-4.797020185E-04,-0.999999878,         0000443P0001034
1.169816065E-04;                                                 0000443P0001035
126,4,4,0,0,1,0,0.6875,0.6875,0.6875,0.6875,0.6875,0.75,0.75,    0000445P0001036
0.75,0.75,0.75,1.,1.,1.,1.,1.,-32.577584025,-47.399999941,       0000445P0001037
70.692383199,-32.070370419,-47.40000002,72.406264153,            0000445P0001038
-31.514404242,-47.399888493,74.071963452,-30.912927773,          0000445P0001039
-47.400000044,75.689481095,-30.268968136,-47.399999999,          0000445P0001040
77.258817082,0.6875,0.75,-3.561469107E-04,-0.999999929,          0000445P0001041
1.25545688E-04;                                                  0000445P0001042
126,4,4,0,0,1,0,0.75,0.75,0.75,0.75,0.75,0.8125,0.8125,0.8125,   0000447P0001043
0.8125,0.8125,1.,1.,1.,1.,1.,-30.268968136,-47.399999999,        0000447P0001044
77.258817082,-29.58735576,-47.400000021,78.919912903,            0000447P0001045
-28.860911532,-47.399904337,80.520191857,-28.093443261,          0000447P0001046
-47.400000019,82.059653945,-27.288147229,-47.399999998,          0000447P0001047
83.538299167,0.75,0.8125,-2.72790718E-04,-0.999999954,           0000447P0001048
1.297962993E-04;                                                 0000447P0001049
126,4,4,0,0,1,0,0.8125,0.8125,0.8125,0.8125,0.8125,0.875,0.875,  0000449P0001050
0.875,0.875,0.875,1.,1.,1.,1.,1.,-27.288147229,-47.399999998,    0000449P0001051
83.538299167,-26.416785558,-47.399999998,85.138250815,           0000449P0001052
-25.503955798,-47.39990148,86.661778488,-24.553809669,           0000449P0001053
-47.400000017,88.108882186,-23.569273541,-47.40000003,           0000449P0001054
89.47956191,0.8125,0.875,-2.303733766E-04,-0.999999963,          0000449P0001055
1.444685137E-04;                                                 0000449P0001056
126,4,4,0,0,1,0,0.875,0.875,0.875,0.875,0.875,0.9375,0.9375,     0000451P0001057
0.9375,0.9375,0.9375,1.,1.,1.,1.,1.,-23.569273541,-47.40000003,  0000451P0001058
89.47956191,-22.508834969,-47.399999996,90.955913811,            0000451P0001059
-21.412114831,-47.399857868,92.338643487,-20.282760908,          0000451P0001060
-47.399999962,93.627750938,-19.122356435,-47.39999996,           0000451P0001061
94.823236164,0.875,0.9375,-2.556703731E-04,-0.999999945,         0000451P0001062
2.130278741E-04;                                                 0000451P0001063
126,4,4,0,0,1,0,0.9375,0.9375,0.9375,0.9375,0.9375,0.96875,      0000453P0001064
0.96875,0.96875,0.96875,0.96875,1.,1.,1.,1.,1.,-19.122356435,    0000453P0001065
-47.39999996,94.823236164,-18.502479492,-47.399999998,           0000453P0001066
95.461852809,-17.874520128,-47.399984632,96.072906518,           0000453P0001067
-17.238720679,-47.400000023,96.656397292,-16.595143038,          0000453P0001068
-47.400000013,97.212325131,0.9375,0.96875,-8.263737352E-05,      0000453P0001069
-0.999999993,8.740404944E-05;                                    0000453P0001070
126,4,4,0,0,1,0,0.96875,0.96875,0.96875,0.96875,0.96875,1.,1.,   0000455P0001071
1.,1.,1.,1.,1.,1.,1.,1.,-16.595143038,-47.400000013,             0000455P0001072
97.212325131,-15.913762251,-47.400000014,97.80090762,            0000455P0001073
-15.224897379,-47.399973347,98.357547594,-14.528601844,          0000455P0001074
-47.400000028,98.882245054,-13.82469463,-47.400000032,99.375,    0000455P0001075
0.96875,1.,-1.102055338E-04,-0.999999984,1.411595921E-04;        0000455P0001076
100,0.,0.,0.,49.375,-1.968996819E-27,26.543796706,41.633129613;  0000457P0001077
124,-0.279997455,-0.960000742,-1.955214586E-15,-9.721921796E-28, 0000459P0001078
-0.960000742,0.279997455,6.703648535E-15,0.,-5.888052461E-15,    0000459P0001079
3.754011984E-15,-1.,99.375;                                      0000459P0001080
126,4,4,0,0,1,0,0.,0.,0.,0.,0.,3.125E-02,3.125E-02,3.125E-02,    0000461P0001081
3.125E-02,3.125E-02,1.,1.,1.,1.,1.,-47.399999998,-13.824765498,  0000461P0001082
99.375,-47.400000023,-14.528518158,98.882346471,-47.399973361,   0000461P0001083
-15.224666766,98.35775938,-47.400000027,-15.913392084,           0000461P0001084
97.801238729,-47.399999998,-16.594640688,97.212784516,0.,        0000461P0001085
3.125E-02,-0.999999984,-1.098457403E-04,1.407113808E-04;         0000461P0001086
126,4,4,0,0,1,0,3.125E-02,3.125E-02,3.125E-02,3.125E-02,         0000463P0001087
3.125E-02,6.25E-02,6.25E-02,6.25E-02,6.25E-02,6.25E-02,1.,1.,1., 0000463P0001088
1.,1.,-47.399999998,-16.594640688,97.212784516,-47.399999991,    0000463P0001089
-17.241896085,96.653693172,-47.399984243,-17.881284755,          0000463P0001090
96.066723139,-47.399999986,-18.512743659,95.451874417,           0000463P0001091
-47.399999995,-19.136025229,94.809147007,3.125E-02,6.25E-02,     0000463P0001092
-0.999999992,-8.419181057E-05,8.902481761E-05;                   0000463P0001093
126,4,4,0,0,1,0,6.25E-02,6.25E-02,6.25E-02,6.25E-02,6.25E-02,    0000465P0001094
0.125,0.125,0.125,0.125,0.125,1.,1.,1.,1.,1.,-47.399999995,      0000465P0001095
-19.136025229,94.809147007,-47.399999972,-20.306526818,          0000465P0001096
93.602126893,-47.399852325,-21.44537847,92.299853286,            0000465P0001097
-47.399999939,-22.550948097,90.902326185,-47.399999927,          0000465P0001098
-23.619465615,89.409545592,6.25E-02,0.125,-0.999999942,          0000465P0001099
-2.612081553E-04,2.171372676E-04;                                0000465P0001100
126,4,4,0,0,1,0,0.125,0.125,0.125,0.125,0.125,0.1875,0.1875,     0000467P0001101
0.1875,0.1875,0.1875,1.,1.,1.,1.,1.,-47.399999927,-23.619465615, 0000467P0001102
89.409545592,-47.399999993,-24.597387515,88.043332084,           0000467P0001103
-47.399903572,-25.541189043,86.601571452,-47.400000042,          0000467P0001104
-26.447974944,85.084263696,-47.400000007,-27.313654403,          0000467P0001105
83.491408816,0.125,0.1875,-0.999999964,-2.277188959E-04,         0000467P0001106
1.424294155E-04;                                                 0000467P0001107
126,4,4,0,0,1,0,0.1875,0.1875,0.1875,0.1875,0.1875,0.25,0.25,    0000469P0001108
0.25,0.25,0.25,1.,1.,1.,1.,1.,-47.400000007,-27.313654403,       0000469P0001109
83.491408816,-47.400000019,-28.123479582,82.001325974,           0000469P0001110
-47.399901332,-28.894885893,80.44967226,-47.400000031,           0000469P0001111
-29.62460752,78.836447675,-47.400000031,-30.308754016,           0000469P0001112
77.161652217,0.1875,0.25,-0.999999953,-2.77823033E-04,           0000469P0001113
1.317775665E-04;                                                 0000469P0001114
126,4,4,0,0,1,0,0.25,0.25,0.25,0.25,0.25,0.3125,0.3125,0.3125,   0000471P0001115
0.3125,0.3125,1.,1.,1.,1.,1.,-47.400000031,-30.308754016,        0000471P0001116
77.161652217,-47.399999997,-30.951652873,75.5878314,             0000471P0001117
-47.399887099,-31.551815952,73.965822821,-47.399999938,          0000471P0001118
-32.10620296,72.29562648,-47.399999909,-32.611561573,            0000471P0001119
70.577242377,0.25,0.3125,-0.999999927,-3.600052242E-04,          0000471P0001120
1.262326483E-04;                                                 0000471P0001121
126,4,4,0,0,1,0,0.3125,0.3125,0.3125,0.3125,0.3125,0.375,0.375,  0000473P0001122
0.375,0.375,0.375,1.,1.,1.,1.,1.,-47.399999909,-32.611561573,    0000473P0001123
70.577242377,-47.399999961,-33.091453699,68.945452249,           0000473P0001124
-47.399864495,-33.52461826,67.278900227,-47.399999968,           0000473P0001125
-33.908609616,65.577586313,-47.39999992,-34.241027987,           0000473P0001126
63.841510506,0.3125,0.375,-0.999999883,-4.70034245E-04,          0000473P0001127
1.14047987E-04;                                                  0000473P0001128
126,4,4,0,0,1,0,0.375,0.375,0.375,0.375,0.375,0.4375,0.4375,     0000475P0001129
0.4375,0.4375,0.4375,1.,1.,1.,1.,1.,-47.39999992,-34.241027987,  0000475P0001130
63.841510506,-47.400000006,-34.564277699,62.153317636,           0000475P0001131
-47.39984688,-34.836602826,60.443674505,-47.400000045,           0000475P0001132
-35.056321198,58.712581113,-47.399999992,-35.221986817,          0000475P0001133
56.96003746,0.375,0.4375,-0.999999846,-5.501544845E-04,          0000475P0001134
7.868608928E-05;                                                 0000475P0001135
126,4,4,0,0,1,0,0.4375,0.4375,0.4375,0.4375,0.4375,0.5,0.5,0.5,  0000477P0001136
0.5,0.5,1.,1.,1.,1.,1.,-47.399999992,-35.221986817,56.96003746,  0000477P0001137
-47.40000004,-35.386304067,55.221756516,-47.399832713,           0000477P0001138
-35.496161476,53.476154363,-47.400000025,-35.550838555,          0000477P0001139
51.723230999,-47.399999964,-35.549959001,49.962986426,0.4375,    0000477P0001140
0.5,-0.999999818,-6.032297732E-04,2.836571674E-05;               0000477P0001141
126,4,4,0,0,1,0,0.5,0.5,0.5,0.5,0.5,0.5625,0.5625,0.5625,0.5625, 0000479P0001142
0.5625,1.,1.,1.,1.,1.,-47.399999964,-35.549959001,49.962986426,  0000479P0001143
-47.400000037,-35.549084433,48.213075794,-47.3998367,            0000479P0001144
-35.49330825,46.470511124,-47.4000001,-35.383009548,             0000479P0001145
44.735292418,-47.400000089,-35.218903176,43.007419675,0.5,       0000479P0001146
0.5625,0.999999822,5.960891829E-04,2.844714826E-05;              0000479P0001147
126,4,4,0,0,1,0,0.5625,0.5625,0.5625,0.5625,0.5625,0.625,0.625,  0000481P0001148
0.625,0.625,0.625,1.,1.,1.,1.,1.,-47.400000089,-35.218903176,    0000481P0001149
43.007419675,-47.40000008,-35.052184212,41.252039033,-47.399846, 0000481P0001150
-34.831245081,39.518253979,-47.400000087,-34.557544275,          0000481P0001151
37.806064514,-47.4000001,-34.232777169,36.115470636,0.5625,      0000481P0001152
0.625,0.999999844,5.52544028E-04,7.93111387E-05;                 0000481P0001153
126,4,4,0,0,1,0,0.625,0.625,0.625,0.625,0.625,0.6875,0.6875,     0000483P0001154
0.6875,0.6875,0.6875,1.,1.,1.,1.,1.,-47.4000001,-34.232777169,   0000483P0001155
36.115470636,-47.400000064,-33.895542863,34.359977666,           0000483P0001156
-47.39985872,-33.505600519,32.640174214,-47.400000053,           0000483P0001157
-33.065440579,30.956060278,-47.400000075,-32.577598504,          0000483P0001158
29.30763586,0.625,0.6875,0.999999878,4.802879695E-04,            0000483P0001159
1.171297741E-04;                                                 0000483P0001160
126,4,4,0,0,1,0,0.6875,0.6875,0.6875,0.6875,0.6875,0.75,0.75,    0000485P0001161
0.75,0.75,0.75,1.,1.,1.,1.,1.,-47.400000075,-32.577598504,       0000485P0001162
29.30763586,-47.400000037,-32.070385384,27.59375614,             0000485P0001163
-47.399888489,-31.514419633,25.928058734,-47.399999983,          0000485P0001164
-30.912943662,24.310543642,-47.399999968,-30.268984607,          0000485P0001165
22.741210864,0.6875,0.75,0.999999928,3.567774724E-04,            0000485P0001166
1.257920726E-04;                                                 0000485P0001167
126,4,4,0,0,1,0,0.75,0.75,0.75,0.75,0.75,0.8125,0.8125,0.8125,   0000487P0001168
0.8125,0.8125,1.,1.,1.,1.,1.,-47.399999968,-30.268984607,        0000487P0001169
22.741210864,-47.399999939,-29.587373101,21.080118746,           0000487P0001170
-47.399904277,-28.860929093,19.479842261,-47.399999964,          0000487P0001171
-28.093460359,17.940381407,-47.400000013,-27.288163062,          0000487P0001172
16.461736185,0.75,0.8125,0.999999954,2.732889503E-04,            0000487P0001173
1.300254695E-04;                                                 0000487P0001174
126,4,4,0,0,1,0,0.8125,0.8125,0.8125,0.8125,0.8125,0.875,0.875,  0000489P0001175
0.875,0.875,0.875,1.,1.,1.,1.,1.,-47.400000013,-27.288163062,    0000489P0001176
16.461736185,-47.399999967,-26.416804507,14.861792388,           0000489P0001177
-47.399901466,-25.503976308,13.338268402,-47.399999944,          0000489P0001178
-24.553829933,11.891164226,-47.399999961,-23.569291341,          0000489P0001179
10.520479861,0.8125,0.875,0.999999963,2.304441858E-04,           0000489P0001180
1.445269329E-04;                                                 0000489P0001181
126,4,4,0,0,1,0,0.875,0.875,0.875,0.875,0.875,0.9375,0.9375,     0000491P0001182
0.9375,0.9375,0.9375,1.,1.,1.,1.,1.,-47.399999961,-23.569291341, 0000491P0001183
10.520479861,-47.39999996,-22.508861874,9.044139415,             0000491P0001184
-47.399857806,-21.412147946,7.661412488,-47.399999969,           0000491P0001185
-20.282796572,6.372299079,-47.399999984,-19.122390328,           0000491P0001186
5.176799189,0.875,0.9375,0.999999945,2.55735225E-04,             0000491P0001187
2.13064023E-04;                                                  0000491P0001188
126,4,4,0,0,1,0,0.9375,0.9375,0.9375,0.9375,0.9375,0.96875,      0000493P0001189
0.96875,0.96875,0.96875,0.96875,1.,1.,1.,1.,1.,-47.399999984,    0000493P0001190
-19.122390328,5.176799189,-47.400000016,-18.50251361,            0000493P0001191
4.538175878,-47.399984628,-17.874557308,3.927117297,             0000493P0001192
-47.400000024,-17.238763784,3.343623445,-47.400000004,           0000493P0001193
-16.59519501,2.787694323,0.9375,0.96875,0.999999993,             0000493P0001194
8.266888729E-05,8.745000665E-05;                                 0000493P0001195
126,4,4,0,0,1,0,0.96875,0.96875,0.96875,0.96875,0.96875,1.,1.,   0000495P0001196
1.,1.,1.,1.,1.,1.,1.,1.,-47.400000004,-16.59519501,2.787694323,  0000495P0001197
-47.4,-15.913812708,2.19910107,-47.399973304,-15.224950414,      0000495P0001198
1.642454265,-47.399999998,-14.528661634,1.117753909,             0000495P0001199
-47.399999998,-13.824765498,0.625,0.96875,1.,0.999999984,        0000495P0001200
1.102860211E-04,1.412728898E-04;                                 0000495P0001201
100,0.,0.,0.,-47.400044999,-13.824845714,-13.824933967,          0000497P0001202
-47.400019259;                                                   0000497P0001203
124,1.,0.,0.,0.,0.,1.,0.,0.,0.,0.,1.,0.625;                      0000499P0001204
144,503,1,0,505;                                                 0000501P0001205
128,1,1,1,1,0,0,1,0,0,0.,0.,1.,1.,0.,0.,1.,1.,1.,1.,1.,1.,       0000503P0001206
-47.968836563,-47.968845964,0.625,47.968845492,-47.968845964,    0000503P0001207
0.625,-47.968836563,47.968845953,0.625,47.968845492,             0000503P0001208
47.968845953,0.625,5.929062E-03,0.994070677,5.929327E-03,        0000503P0001209
0.994070673;                                                     0000503P0001210
142,0,503,507,581,3;                                             0000505P0001211
102,36,509,511,513,515,517,519,521,523,525,527,529,531,533,535,  0000507P0001212
537,539,541,543,545,547,549,551,553,555,557,559,561,563,565,567, 0000507P0001213
569,571,573,575,577,579;                                         0000507P0001214
126,2,2,1,0,1,0,3.266958765E-06,3.266958765E-06,3.266958765E-06, 0000509P0001215
0.125,0.125,0.125,1.,1.,1.,0.644104253,5.929327E-03,0.,          0000509P0001216
0.675125909,1.497807602E-02,0.,0.704772155,2.783456E-02,0.,      0000509P0001217
3.266958765E-06,0.125,0.,0.,1.;                                  0000509P0001218
126,2,2,1,0,1,0,0.125,0.125,0.125,0.25,0.25,0.25,1.,1.,1.,       0000511P0001219
0.704772155,2.783456E-02,0.,0.734409993,4.0687397E-02,0.,        0000511P0001220
0.762217604,5.7152332E-02,0.,0.125,0.25,0.,0.,1.;                0000511P0001221
126,2,2,1,0,1,0,0.25,0.25,0.25,0.375,0.375,0.375,1.,1.,1.,       0000513P0001222
0.762217604,5.7152332E-02,0.,0.790019899,7.361412E-02,0.,        0000513P0001223
0.815542199,9.3422599E-02,0.,0.25,0.375,0.,0.,1.;                0000513P0001224
126,2,2,1,0,1,0,0.375,0.375,0.375,0.5,0.5,0.5,1.,1.,1.,          0000515P0001225
0.815542199,9.3422599E-02,0.,0.841072454,0.113237253,0.,         0000515P0001226
0.863916741,0.13608191,0.,0.375,0.5,0.,0.,1.;                    0000515P0001227
126,2,2,1,0,1,0,0.5,0.5,0.5,0.625,0.625,0.625,1.,1.,1.,          0000517P0001228
0.863916741,0.13608191,0.,0.886764869,0.158930409,0.,            0000517P0001229
0.906578695,0.184459609,0.,0.5,0.625,0.,0.,1.;                   0000517P0001230
126,2,2,1,0,1,0,0.625,0.625,0.625,0.75,0.75,0.75,1.,1.,1.,       0000519P0001231
0.906578695,0.184459609,0.,0.926385872,0.209980241,0.,           0000519P0001232
0.94284932,0.237785115,0.,0.625,0.75,0.,0.,1.;                   0000519P0001233
126,2,2,1,0,1,0,0.75,0.75,0.75,0.875,0.875,0.875,1.,1.,1.,       0000521P0001234
0.94284932,0.237785115,0.,0.959313223,0.265590758,0.,            0000521P0001235
0.972165921,0.295228686,0.,0.75,0.875,0.,0.,1.;                  0000521P0001236
126,2,2,1,0,1,0,0.875,0.875,0.875,0.99999703,0.99999703,         0000523P0001237
0.99999703,1.,1.,1.,0.972165921,0.295228686,0.,0.985022754,      0000523P0001238
0.324876151,0.,0.994070677,0.35589599,0.,0.875,0.99999703,0.,0., 0000523P0001239
1.;                                                              0000523P0001240
126,1,1,1,0,1,0,7.508275766E-08,7.508275766E-08,27.650040009,    0000525P0001241
27.650040009,1.,1.,0.994070677,0.35589599,0.,0.994070677,        0000525P0001242
0.644104299,0.,7.508275766E-08,27.650040009,0.,0.,1.;            0000525P0001243
126,2,2,1,0,1,0,3.239314891E-06,3.239314891E-06,3.239314891E-06, 0000527P0001244
0.125,0.125,0.125,1.,1.,1.,0.994070677,0.644104299,0.,           0000527P0001245
0.985021881,0.675126059,0.,0.972165405,0.704772256,0.,           0000527P0001246
3.239314891E-06,0.125,0.,0.,1.;                                  0000527P0001247
126,2,2,1,0,1,0,0.125,0.125,0.125,0.25,0.25,0.25,1.,1.,1.,       0000529P0001248
0.972165405,0.704772256,0.,0.959312555,0.73441009,0.,0.94284756, 0000529P0001249
0.7622178,0.,0.125,0.25,0.,0.,1.;                                0000529P0001250
126,2,2,1,0,1,0,0.25,0.25,0.25,0.375,0.375,0.375,1.,1.,1.,       0000531P0001251
0.94284756,0.7622178,0.,0.926385848,0.790019967,0.,0.906577295,  0000531P0001252
0.81554235,0.,0.25,0.375,0.,0.,1.;                               0000531P0001253
126,2,2,1,0,1,0,0.375,0.375,0.375,0.5,0.5,0.5,1.,1.,1.,          0000533P0001254
0.906577295,0.81554235,0.,0.886762592,0.841072657,0.,            0000533P0001255
0.863918098,0.863916732,0.,0.375,0.5,0.,0.,1.;                   0000533P0001256
126,2,2,1,0,1,0,0.5,0.5,0.5,0.625,0.625,0.625,1.,1.,1.,          0000535P0001257
0.863918098,0.863916732,0.,0.841069379,0.886765033,0.,           0000535P0001258
0.815540222,0.906578815,0.,0.5,0.625,0.,0.,1.;                   0000535P0001259
126,2,2,1,0,1,0,0.625,0.625,0.625,0.75,0.75,0.75,1.,1.,1.,       0000537P0001260
0.815540222,0.906578815,0.,0.790019718,0.926385881,0.,           0000537P0001261
0.762214755,0.94284938,0.,0.625,0.75,0.,0.,1.;                   0000537P0001262
126,2,2,1,0,1,0,0.75,0.75,0.75,0.875,0.875,0.875,1.,1.,1.,       0000539P0001263
0.762214755,0.94284938,0.,0.734409186,0.959313237,0.,            0000539P0001264
0.704771279,0.972165923,0.,0.75,0.875,0.,0.,1.;                  0000539P0001265
126,2,2,1,0,1,0,0.875,0.875,0.875,0.999996988,0.999996988,       0000541P0001266
0.999996988,1.,1.,1.,0.704771279,0.972165923,0.,0.675123815,     0000541P0001267
0.985022752,0.,0.644103978,0.994070673,0.,0.875,0.999996988,0.,  0000541P0001268
0.,1.;                                                           0000541P0001269
126,1,1,1,0,1,0,1.162598345E-07,1.162598345E-07,27.65003876,     0000543P0001270
27.65003876,1.,1.,0.644103978,0.994070673,0.,0.355895653,        0000543P0001271
0.994070673,0.,1.162598345E-07,27.65003876,0.,0.,1.;             0000543P0001272
126,2,2,1,0,1,0,3.266963458E-06,3.266963458E-06,3.266963458E-06, 0000545P0001273
0.125,0.125,0.125,1.,1.,1.,0.355895653,0.994070673,0.,           0000545P0001274
0.324874042,0.985021937,0.,0.295227733,0.972165434,0.,           0000545P0001275
3.266963458E-06,0.125,0.,0.,1.;                                  0000545P0001276
126,2,2,1,0,1,0,0.125,0.125,0.125,0.25,0.25,0.25,1.,1.,1.,       0000547P0001277
0.295227733,0.972165434,0.,0.265590026,0.959312661,0.,           0000547P0001278
0.237782176,0.942847591,0.,0.125,0.25,0.,0.,1.;                  0000547P0001279
126,2,2,1,0,1,0,0.25,0.25,0.25,0.375,0.375,0.375,1.,1.,1.,       0000549P0001280
0.237782176,0.942847591,0.,0.209980033,0.9263859,0.,0.184457668, 0000549P0001281
0.906577375,0.,0.25,0.375,0.,0.,1.;                              0000549P0001282
126,2,2,1,0,1,0,0.375,0.375,0.375,0.5,0.5,0.5,1.,1.,1.,          0000551P0001283
0.184457668,0.906577375,0.,0.158927379,0.8867627,0.,0.136083317, 0000551P0001284
0.863918241,0.,0.375,0.5,0.,0.,1.;                               0000551P0001285
126,2,2,1,0,1,0,0.5,0.5,0.5,0.625,0.625,0.625,1.,1.,1.,          0000553P0001286
0.136083317,0.863918241,0.,0.113235028,0.841069555,0.,           0000553P0001287
9.3421252E-02,0.815540435,0.,0.5,0.625,0.,0.,1.;                 0000553P0001288
126,2,2,1,0,1,0,0.625,0.625,0.625,0.75,0.75,0.75,1.,1.,1.,       0000555P0001289
9.3421252E-02,0.815540435,0.,7.3614148E-02,0.790019914,0.,       0000555P0001290
5.7150619E-02,0.762214942,0.,0.625,0.75,0.,0.,1.;                0000555P0001291
126,2,2,1,0,1,0,0.75,0.75,0.75,0.875,0.875,0.875,1.,1.,1.,       0000557P0001292
5.7150619E-02,0.762214942,0.,4.0686769E-02,0.734409427,0.,       0000557P0001293
2.7834073E-02,0.704771525,0.,0.75,0.875,0.,0.,1.;                0000557P0001294
126,2,2,1,0,1,0,0.875,0.875,0.875,1.,1.,1.,1.,1.,1.,             0000559P0001295
2.7834073E-02,0.704771525,0.,1.4976913E-02,0.67512333,0.,        0000559P0001296
5.929062E-03,0.644103422,0.,0.875,1.,0.,0.,1.;                   0000559P0001297
126,1,1,1,0,1,0,0.,0.,27.650038707,27.650038707,1.,1.,           0000561P0001298
5.929062E-03,0.644103422,0.,5.92923E-03,0.355895701,0.,0.,       0000561P0001299
27.650038707,0.,0.,1.;                                           0000561P0001300
126,2,2,1,0,1,0,2.596976186E-06,2.596976186E-06,2.596976186E-06, 0000563P0001301
0.125,0.125,0.125,1.,1.,1.,5.92923E-03,0.355895701,0.,           0000563P0001302
1.497806711E-02,0.3248738,0.,2.7834618E-02,0.295227477,0.,       0000563P0001303
2.596976186E-06,0.125,0.,0.,1.;                                  0000563P0001304
126,2,2,1,0,1,0,0.125,0.125,0.125,0.25,0.25,0.25,1.,1.,1.,       0000565P0001305
2.7834618E-02,0.295227477,0.,4.0687476E-02,0.265589669,0.,       0000565P0001306
5.7152473E-02,0.237781986,0.,0.125,0.25,0.,0.,1.;                0000565P0001307
126,2,2,1,0,1,0,0.25,0.25,0.25,0.375,0.375,0.375,1.,1.,1.,       0000567P0001308
5.7152473E-02,0.237781986,0.,7.3614189E-02,0.209979845,0.,       0000567P0001309
9.3422739E-02,0.184457486,0.,0.25,0.375,0.,0.,1.;                0000567P0001310
126,2,2,1,0,1,0,0.375,0.375,0.375,0.5,0.5,0.5,1.,1.,1.,          0000569P0001311
9.3422739E-02,0.184457486,0.,0.11323744,0.158927203,0.,          0000569P0001312
0.136081926,0.13608315,0.,0.375,0.5,0.,0.,1.;                    0000569P0001313
126,2,2,1,0,1,0,0.5,0.5,0.5,0.625,0.625,0.625,1.,1.,1.,          0000571P0001314
0.136081926,0.13608315,0.,0.158930627,0.113234883,0.,            0000571P0001315
0.184459618,9.3421232E-02,0.,0.5,0.625,0.,0.,1.;                 0000571P0001316
126,2,2,1,0,1,0,0.625,0.625,0.625,0.75,0.75,0.75,1.,1.,1.,       0000573P0001317
0.184459618,9.3421232E-02,0.,0.209980245,7.3614072E-02,0.,       0000573P0001318
0.237785111,5.7150638E-02,0.,0.625,0.75,0.,0.,1.;                0000573P0001319
126,2,2,1,0,1,0,0.75,0.75,0.75,0.875,0.875,0.875,1.,1.,1.,       0000575P0001320
0.237785111,5.7150638E-02,0.,0.265590747,4.0686748E-02,0.,       0000575P0001321
0.295228666,2.7834061E-02,0.,0.75,0.875,0.,0.,1.;                0000575P0001322
126,2,2,1,0,1,0,0.875,0.875,0.875,0.999996988,0.999996988,       0000577P0001323
0.999996988,1.,1.,1.,0.295228666,2.7834061E-02,0.,0.324876111,   0000577P0001324
1.497724177E-02,0.,0.355895929,5.929327E-03,0.,0.875,            0000577P0001325
0.999996988,0.,0.,1.;                                            0000577P0001326
126,1,1,1,0,1,0,1.162525795E-07,1.162525795E-07,27.650038664,    0000579P0001327
27.650038664,1.,1.,0.355895929,5.929327E-03,0.,0.644104253,      0000579P0001328
5.929327E-03,0.,1.162525795E-07,27.650038664,0.,0.,1.;           0000579P0001329
102,36,583,585,587,589,591,593,595,597,599,601,603,605,607,609,  0000581P0001330
611,613,615,617,619,621,623,625,627,629,631,633,635,637,639,641, 0000581P0001331
643,645,647,649,651,653;                                         0000581P0001332
126,2,2,1,0,1,0,3.266958765E-06,3.266958765E-06,3.266958765E-06, 0000583P0001333
0.125,0.125,0.125,1.,1.,1.,13.825032432,-47.400000017,0.625,     0000583P0001334
16.801178227,-46.531883921,0.625,19.645370365,-45.298462522,     0000583P0001335
0.625,3.266958765E-06,0.125,0.,0.,1.;                            0000583P0001336
126,2,2,1,0,1,0,0.125,0.125,0.125,0.25,0.25,0.25,1.,1.,1.,       0000585P0001337
19.645370365,-45.298462522,0.625,22.488755844,-44.065391006,     0000585P0001338
0.625,25.156553586,-42.485783144,0.625,0.125,0.25,0.,0.,1.;      0000585P0001339
126,2,2,1,0,1,0,0.25,0.25,0.25,0.375,0.375,0.375,1.,1.,1.,       0000587P0001340
25.156553586,-42.485783144,0.625,27.823841324,-40.906477199,     0000587P0001341
0.625,30.272391627,-39.006097443,0.625,0.25,0.375,0.,0.,1.;      0000587P0001342
126,2,2,1,0,1,0,0.375,0.375,0.375,0.5,0.5,0.5,1.,1.,1.,          0000589P0001343
30.272391627,-39.006097443,0.625,32.721705114,-37.105125272,     0000589P0001344
0.625,34.913333057,-34.913461607,0.625,0.375,0.5,0.,0.,1.;       0000589P0001345
126,2,2,1,0,1,0,0.5,0.5,0.5,0.625,0.625,0.625,1.,1.,1.,          0000591P0001346
34.913333057,-34.913461607,0.625,37.105329497,-32.721429349,     0000591P0001347
0.625,39.006222036,-30.272216825,0.625,0.5,0.625,0.,0.,1.;       0000591P0001348
126,2,2,1,0,1,0,0.625,0.625,0.625,0.75,0.75,0.75,1.,1.,1.,       0000593P0001349
39.006222036,-30.272216825,0.625,40.906476685,-27.823826294,     0000593P0001350
0.625,42.485941725,-25.156290859,0.625,0.625,0.75,0.,0.,1.;      0000593P0001351
126,2,2,1,0,1,0,0.75,0.75,0.75,0.875,0.875,0.875,1.,1.,1.,       0000595P0001352
42.485941725,-25.156290859,0.625,44.065450416,-22.488681647,     0000595P0001353
0.625,45.298508471,-19.645287242,0.625,0.75,0.875,0.,0.,1.;      0000595P0001354
126,2,2,1,0,1,0,0.875,0.875,0.875,0.99999703,0.99999703,         0000597P0001355
0.99999703,1.,1.,1.,45.298508471,-19.645287242,0.625,            0000597P0001356
46.531963274,-16.800977926,0.625,47.399999987,-13.825006142,     0000597P0001357
0.625,0.875,0.99999703,0.,0.,1.;                                 0000597P0001358
110,47.4,-13.825006144,0.625,47.4,13.82503379,0.625;             0000599P0001359
126,2,2,1,0,1,0,3.239314891E-06,3.239314891E-06,3.239314891E-06, 0000601P0001360
0.125,0.125,0.125,1.,1.,1.,47.399999987,13.825033824,0.625,      0000601P0001361
46.531879457,16.801189917,0.625,45.298458967,19.645377604,0.625, 0000601P0001362
3.239314891E-06,0.125,0.,0.,1.;                                  0000601P0001363
126,2,2,1,0,1,0,0.125,0.125,0.125,0.25,0.25,0.25,1.,1.,1.,       0000603P0001364
45.298458967,19.645377604,0.625,44.06538633,22.488762991,0.625,  0000603P0001365
42.485772875,25.156570506,0.625,0.125,0.25,0.,0.,1.;             0000603P0001366
126,2,2,1,0,1,0,0.25,0.25,0.25,0.375,0.375,0.375,1.,1.,1.,       0000605P0001367
42.485772875,25.156570506,0.625,40.906474383,27.823846239,0.625, 0000605P0001368
39.006087723,30.272404756,0.625,0.25,0.375,0.,0.,1.;             0000605P0001369
126,2,2,1,0,1,0,0.375,0.375,0.375,0.5,0.5,0.5,1.,1.,1.,          0000607P0001370
39.006087723,30.272404756,0.625,37.105111047,32.721723483,0.625, 0000607P0001371
34.913463245,34.913331313,0.625,0.375,0.5,0.,0.,1.;              0000607P0001372
126,2,2,1,0,1,0,0.5,0.5,0.5,0.625,0.625,0.625,1.,1.,1.,          0000609P0001373
34.913463245,34.913331313,0.625,32.721410106,37.105344575,0.625, 0000609P0001374
30.272201958,39.006233088,0.625,0.5,0.625,0.,0.,1.;              0000609P0001375
126,2,2,1,0,1,0,0.625,0.625,0.625,0.75,0.75,0.75,1.,1.,1.,       0000611P0001376
30.272201958,39.006233088,0.625,27.82382396,40.906477284,0.625,  0000611P0001377
25.15628026,42.485947379,0.625,0.625,0.75,0.,0.,1.;              0000611P0001378
126,2,2,1,0,1,0,0.75,0.75,0.75,0.875,0.875,0.875,1.,1.,1.,       0000613P0001379
25.15628026,42.485947379,0.625,22.488678422,44.065451819,0.625,  0000613P0001380
19.645286323,45.298508849,0.625,0.75,0.875,0.,0.,1.;             0000613P0001381
126,2,2,1,0,1,0,0.875,0.875,0.875,0.999996988,0.999996988,       0000615P0001382
0.999996988,1.,1.,1.,19.645286323,45.298508849,0.625,            0000615P0001383
16.80097738,46.531963371,0.625,13.825006068,47.400000006,0.625,  0000615P0001384
0.875,0.999996988,0.,0.,1.;                                      0000615P0001385
110,13.825006103,47.4,0.625,-13.825032541,47.4,0.625;            0000617P0001386
126,2,2,1,0,1,0,3.266963458E-06,3.266963458E-06,3.266963458E-06, 0000619P0001387
0.125,0.125,0.125,1.,1.,1.,-13.825032521,47.400000006,0.625,     0000619P0001388
-16.801173999,46.531885158,0.625,-19.645372181,45.298461936,     0000619P0001389
0.625,3.266963458E-06,0.125,0.,0.,1.;                            0000619P0001390
126,2,2,1,0,1,0,0.125,0.125,0.125,0.25,0.25,0.25,1.,1.,1.,       0000621P0001391
-19.645372181,45.298461936,0.625,-22.488745092,44.065396559,     0000621P0001392
0.625,-25.156565764,42.485775746,0.625,0.125,0.25,0.,0.,1.;      0000621P0001393
126,2,2,1,0,1,0,0.25,0.25,0.25,0.375,0.375,0.375,1.,1.,1.,       0000623P0001394
-25.156565764,42.485775746,0.625,-27.823838919,40.906479107,     0000623P0001395
0.625,-30.272395458,39.006094938,0.625,0.25,0.375,0.,0.,1.;      0000623P0001396
126,2,2,1,0,1,0,0.375,0.375,0.375,0.5,0.5,0.5,1.,1.,1.,          0000625P0001397
-30.272395458,39.006094938,0.625,-32.721712207,37.105120752,     0000625P0001398
0.625,-34.913318564,34.913476083,0.625,0.375,0.5,0.,0.,1.;       0000625P0001399
126,2,2,1,0,1,0,0.5,0.5,0.5,0.625,0.625,0.625,1.,1.,1.,          0000627P0001400
-34.913318564,34.913476083,0.625,-37.105330449,32.721425885,     0000627P0001401
0.625,-39.006218192,30.272221035,0.625,0.5,0.625,0.,0.,1.;       0000627P0001402
126,2,2,1,0,1,0,0.625,0.625,0.625,0.75,0.75,0.75,1.,1.,1.,       0000629P0001403
-39.006218192,30.272221035,0.625,-40.906465838,27.823841154,     0000629P0001404
0.625,-42.485938648,25.156296316,0.625,0.625,0.75,0.,0.,1.;      0000629P0001405
126,2,2,1,0,1,0,0.75,0.75,0.75,0.875,0.875,0.875,1.,1.,1.,       0000631P0001406
-42.485938648,25.156296316,0.625,-44.065442255,22.488699385,     0000631P0001407
0.625,-45.298500117,19.645307473,0.625,0.75,0.875,0.,0.,1.;      0000631P0001408
126,2,2,1,0,1,0,0.875,0.875,0.875,1.,1.,1.,1.,1.,1.,             0000633P0001409
-45.298500117,19.645307473,0.625,-46.531986246,16.800928076,     0000633P0001410
0.625,-47.400032216,13.824894534,0.625,0.875,1.,0.,0.,1.;        0000633P0001411
110,-47.4,13.825004901,0.625,-47.4,-13.825033806,0.625;          0000635P0001412
126,2,2,1,0,1,0,2.596976186E-06,2.596976186E-06,2.596976186E-06, 0000637P0001413
0.125,0.125,0.125,1.,1.,1.,-47.399999981,-13.82503385,0.625,     0000637P0001414
-46.531875523,-16.801203422,0.625,-45.298447831,-19.64540323,    0000637P0001415
0.625,2.596976186E-06,0.125,0.,0.,1.;                            0000637P0001416
126,2,2,1,0,1,0,0.125,0.125,0.125,0.25,0.25,0.25,1.,1.,1.,       0000639P0001417
-45.298447831,-19.64540323,0.625,-44.065374427,-22.488786123,    0000639P0001418
0.625,-42.48576078,-25.156591048,0.625,0.125,0.25,0.,0.,1.;      0000639P0001419
126,2,2,1,0,1,0,0.25,0.25,0.25,0.375,0.375,0.375,1.,1.,1.,       0000641P0001420
-42.48576078,-25.156591048,0.625,-40.906461904,-27.823864286,    0000641P0001421
0.625,-39.006075532,-30.2724205,0.625,0.25,0.375,0.,0.,1.;       0000641P0001422
126,2,2,1,0,1,0,0.375,0.375,0.375,0.5,0.5,0.5,1.,1.,1.,          0000643P0001423
-39.006075532,-30.2724205,0.625,-37.105099048,-32.721736925,     0000643P0001424
0.625,-34.913452013,-34.913342644,0.625,0.375,0.5,0.,0.,1.;      0000643P0001425
126,2,2,1,0,1,0,0.5,0.5,0.5,0.625,0.625,0.625,1.,1.,1.,          0000645P0001426
-34.913452013,-34.913342644,0.625,-32.721400601,-37.105352645,   0000645P0001427
0.625,-30.272208379,-39.00622859,0.625,0.5,0.625,0.,0.,1.;       0000645P0001428
126,2,2,1,0,1,0,0.625,0.625,0.625,0.75,0.75,0.75,1.,1.,1.,       0000647P0001429
-30.272208379,-39.00622859,0.625,-27.82381858,-40.906481804,     0000647P0001430
0.625,-25.156284187,-42.485945663,0.625,0.625,0.75,0.,0.,1.;     0000647P0001431
126,2,2,1,0,1,0,0.75,0.75,0.75,0.875,0.875,0.875,1.,1.,1.,       0000649P0001432
-25.156284187,-42.485945663,0.625,-22.488675921,-44.065453269,   0000649P0001433
0.625,-19.645282671,-45.298510395,0.625,0.75,0.875,0.,0.,1.;     0000649P0001434
126,2,2,1,0,1,0,0.875,0.875,0.875,0.999996988,0.999996988,       0000651P0001435
0.999996988,1.,1.,1.,-19.645282671,-45.298510395,0.625,          0000651P0001436
-16.80097555,-46.531963957,0.625,-13.825006062,-47.400000017,    0000651P0001437
0.625,0.875,0.999996988,0.,0.,1.;                                0000651P0001438
110,-13.825006103,-47.4,0.625,13.825032445,-47.4,0.625;          0000653P0001439
144,657,1,0,659;                                                 0000655P0001440
128,1,1,1,1,0,0,1,0,0,0.,0.,1.,1.,0.,0.,1.,1.,1.,1.,1.,1.,       0000657P0001441
-47.968836562,-47.968845953,99.375,47.968845314,-47.968845953,   0000657P0001442
99.375,-47.968836562,47.968845964,99.375,47.968845314,           0000657P0001443
47.968845964,99.375,5.928854E-03,0.994071146,5.928854E-03,       0000657P0001444
0.994071146;                                                     0000657P0001445
142,0,657,661,751,3;                                             0000659P0001446
102,44,663,665,667,669,671,673,675,677,679,681,683,685,687,689,  0000661P0001447
691,693,695,697,699,701,703,705,707,709,711,713,715,717,719,721, 0000661P0001448
723,725,727,729,731,733,735,737,739,741,743,745,747,749;         0000661P0001449
110,0.644102632,0.994071146,0.,0.644102494,0.994070673,0.;       0000663P0001450
126,1,1,1,0,1,0,0.,0.,27.649714102,27.649714102,1.,1.,           0000665P0001451
0.644102494,0.994070673,0.,0.355897552,0.994070673,0.,0.,        0000665P0001452
27.649714102,0.,0.,1.;                                           0000665P0001453
110,0.355897552,0.994070673,0.,0.355897424,0.994071109,0.;       0000667P0001454
126,2,2,1,0,1,0,0.,0.,0.,0.125,0.125,0.125,1.,1.,1.,0.355897424, 0000669P0001455
0.994071109,0.,0.324876807,0.985023062,0.,0.295228733,           0000669P0001456
0.972165967,0.,0.,0.125,0.,0.,1.;                                0000669P0001457
126,2,2,1,0,1,0,0.125,0.125,0.125,0.25,0.25,0.25,1.,1.,1.,       0000671P0001458
0.295228733,0.972165967,0.,0.265590708,0.959313229,0.,           0000671P0001459
0.23778533,0.942849493,0.,0.125,0.25,0.,0.,1.;                   0000671P0001460
126,2,2,1,0,1,0,0.25,0.25,0.25,0.375,0.375,0.375,1.,1.,1.,       0000673P0001461
0.23778533,0.942849493,0.,0.209980332,0.926385981,0.,            0000673P0001462
0.184459784,0.906578891,0.,0.25,0.375,0.,0.,1.;                  0000673P0001463
126,2,2,1,0,1,0,0.375,0.375,0.375,0.5,0.5,0.5,1.,1.,1.,          0000675P0001464
0.184459784,0.906578891,0.,0.158930638,0.886765128,0.,           0000675P0001465
0.136081926,0.86391685,0.,0.375,0.5,0.,0.,1.;                    0000675P0001466
126,2,2,1,0,1,0,0.5,0.5,0.5,0.625,0.625,0.625,1.,1.,1.,          0000677P0001467
0.136081926,0.86391685,0.,0.11323744,0.841072797,0.,             0000677P0001468
9.3422739E-02,0.815542514,0.,0.5,0.625,0.,0.,1.;                 0000677P0001469
126,2,2,1,0,1,0,0.625,0.625,0.625,0.75,0.75,0.75,1.,1.,1.,       0000679P0001470
9.3422739E-02,0.815542514,0.,7.3614189E-02,0.790020155,0.,       0000679P0001471
5.7152474E-02,0.762218014,0.,0.625,0.75,0.,0.,1.;                0000679P0001472
126,2,2,1,0,1,0,0.75,0.75,0.75,0.875,0.875,0.875,1.,1.,1.,       0000681P0001473
5.7152474E-02,0.762218014,0.,4.0687477E-02,0.734410331,0.,       0000681P0001474
2.7834618E-02,0.704772523,0.,0.75,0.875,0.,0.,1.;                0000681P0001475
126,2,2,1,0,1,0,0.875,0.875,0.875,1.,1.,1.,1.,1.,1.,             0000683P0001476
2.7834618E-02,0.704772523,0.,1.49778E-02,0.675125584,0.,         0000683P0001477
5.928854E-03,0.64410301,0.,0.875,1.,0.,0.,1.;                    0000683P0001478
110,5.928854E-03,0.64410301,0.,5.92923E-03,0.644102901,0.;       0000685P0001479
126,1,1,1,0,1,0,0.,0.,27.649784889,27.649784889,1.,1.,           0000687P0001480
5.92923E-03,0.644102901,0.,5.92923E-03,0.35589725,0.,0.,         0000687P0001481
27.649784889,0.,0.,1.;                                           0000687P0001482
110,5.92923E-03,0.35589725,0.,5.928894E-03,0.355897153,0.;       0000689P0001483
126,2,2,1,0,1,0,0.,0.,0.,0.125,0.125,0.125,1.,1.,1.,             0000691P0001484
5.928894E-03,0.355897153,0.,1.4976913E-02,0.32487667,0.,         0000691P0001485
2.7834073E-02,0.295228475,0.,0.,0.125,0.,0.,1.;                  0000691P0001486
126,2,2,1,0,1,0,0.125,0.125,0.125,0.25,0.25,0.25,1.,1.,1.,       0000693P0001487
2.7834073E-02,0.295228475,0.,4.0686769E-02,0.265590573,0.,       0000693P0001488
5.7150619E-02,0.237785058,0.,0.125,0.25,0.,0.,1.;                0000693P0001489
126,2,2,1,0,1,0,0.25,0.25,0.25,0.375,0.375,0.375,1.,1.,1.,       0000695P0001490
5.7150619E-02,0.237785058,0.,7.3614148E-02,0.209980086,0.,       0000695P0001491
9.3421252E-02,0.184459565,0.,0.25,0.375,0.,0.,1.;                0000695P0001492
126,2,2,1,0,1,0,0.375,0.375,0.375,0.5,0.5,0.5,1.,1.,1.,          0000697P0001493
9.3421252E-02,0.184459565,0.,0.113235028,0.158930445,0.,         0000697P0001494
0.136083317,0.136081759,0.,0.375,0.5,0.,0.,1.;                   0000697P0001495
126,2,2,1,0,1,0,0.5,0.5,0.5,0.625,0.625,0.625,1.,1.,1.,          0000699P0001496
0.136083317,0.136081759,0.,0.15892739,0.113237289,0.,            0000699P0001497
0.184457834,9.3422502E-02,0.,0.5,0.625,0.,0.,1.;                 0000699P0001498
126,2,2,1,0,1,0,0.625,0.625,0.625,0.75,0.75,0.75,1.,1.,1.,       0000701P0001499
0.184457834,9.3422502E-02,0.,0.209980119,7.3614047E-02,0.,       0000701P0001500
0.237782395,5.7152278E-02,0.,0.625,0.75,0.,0.,1.;                0000701P0001501
126,2,2,1,0,1,0,0.75,0.75,0.75,0.875,0.875,0.875,1.,1.,1.,       0000703P0001502
0.237782395,5.7152278E-02,0.,0.265589986,4.0687362E-02,0.,       0000703P0001503
0.295227801,2.7834539E-02,0.,0.75,0.875,0.,0.,1.;                0000703P0001504
126,2,2,1,0,1,0,0.875,0.875,0.875,1.,1.,1.,1.,1.,1.,0.295227801, 0000705P0001505
2.7834539E-02,0.,0.324874799,1.4977732E-02,0.,0.355897276,       0000705P0001506
5.928854E-03,0.,0.875,1.,0.,0.,1.;                               0000705P0001507
110,0.355897276,5.928854E-03,0.,0.355897414,5.929327E-03,0.;     0000707P0001508
126,1,1,1,0,1,0,0.,0.,27.649714102,27.649714102,1.,1.,           0000709P0001509
0.355897414,5.929327E-03,0.,0.644102357,5.929327E-03,0.,0.,      0000709P0001510
27.649714102,0.,0.,1.;                                           0000709P0001511
110,0.644102357,5.929327E-03,0.,0.644102484,5.928891E-03,0.;     0000711P0001512
126,2,2,1,0,1,0,0.,0.,0.,0.125,0.125,0.125,1.,1.,1.,0.644102484, 0000713P0001513
5.928891E-03,0.,0.675123097,1.4976936E-02,0.,0.704771269,        0000713P0001514
2.7834072E-02,0.,0.,0.125,0.,0.,1.;                              0000713P0001515
126,2,2,1,0,1,0,0.125,0.125,0.125,0.25,0.25,0.25,1.,1.,1.,       0000715P0001516
0.704771269,2.7834072E-02,0.,0.734409201,4.0686768E-02,0.,       0000715P0001517
0.762214848,5.7150668E-02,0.,0.125,0.25,0.,0.,1.;                0000715P0001518
126,2,2,1,0,1,0,0.25,0.25,0.25,0.375,0.375,0.375,1.,1.,1.,       0000717P0001519
0.762214848,5.7150668E-02,0.,0.790019725,7.3614113E-02,0.,       0000717P0001520
0.815540361,9.3421286E-02,0.,0.25,0.375,0.,0.,1.;                0000717P0001521
126,2,2,1,0,1,0,0.375,0.375,0.375,0.5,0.5,0.5,1.,1.,1.,          0000719P0001522
0.815540361,9.3421286E-02,0.,0.841069564,0.113235109,0.,         0000719P0001523
0.863918067,0.136083234,0.,0.375,0.5,0.,0.,1.;                   0000719P0001524
126,2,2,1,0,1,0,0.5,0.5,0.5,0.625,0.625,0.625,1.,1.,1.,          0000721P0001525
0.863918067,0.136083234,0.,0.886762728,0.158927518,0.,           0000721P0001526
0.906577384,0.18445777,0.,0.5,0.625,0.,0.,1.;                    0000721P0001527
126,2,2,1,0,1,0,0.625,0.625,0.625,0.75,0.75,0.75,1.,1.,1.,       0000723P0001528
0.906577384,0.18445777,0.,0.926385866,0.209980066,0.,            0000723P0001529
0.942847657,0.237782358,0.,0.625,0.75,0.,0.,1.;                  0000723P0001530
126,2,2,1,0,1,0,0.75,0.75,0.75,0.875,0.875,0.875,1.,1.,1.,       0000725P0001531
0.942847657,0.237782358,0.,0.959312596,0.265589965,0.,           0000725P0001532
0.972165435,0.295227799,0.,0.75,0.875,0.,0.,1.;                  0000725P0001533
126,2,2,1,0,1,0,0.875,0.875,0.875,1.,1.,1.,1.,1.,1.,0.972165435, 0000727P0001534
0.295227799,0.,0.985022258,0.324874816,0.,0.994071146,           0000727P0001535
0.355897316,0.,0.875,1.,0.,0.,1.;                                0000727P0001536
110,0.994071146,0.355897316,0.,0.994070679,0.355897452,0.;       0000729P0001537
126,1,1,1,0,1,0,0.,0.,27.649717797,27.649717797,1.,1.,           0000731P0001538
0.994070679,0.355897452,0.,0.994070679,0.644102403,0.,0.,        0000731P0001539
27.649717797,0.,0.,1.;                                           0000731P0001540
110,0.994070679,0.644102403,0.,0.994071107,0.644102528,0.;       0000733P0001541
126,2,2,1,0,1,0,0.,0.,0.,0.125,0.125,0.125,1.,1.,1.,0.994071107, 0000735P0001542
0.644102528,0.,0.985023103,0.675123037,0.,0.972165952,           0000735P0001543
0.704771258,0.,0.,0.125,0.,0.,1.;                                0000735P0001544
126,2,2,1,0,1,0,0.125,0.125,0.125,0.25,0.25,0.25,1.,1.,1.,       0000737P0001545
0.972165952,0.704771258,0.,0.959313264,0.734409186,0.,           0000737P0001546
0.942849416,0.762214727,0.,0.125,0.25,0.,0.,1.;                  0000737P0001547
126,2,2,1,0,1,0,0.25,0.25,0.25,0.375,0.375,0.375,1.,1.,1.,       0000739P0001548
0.942849416,0.762214727,0.,0.92638589,0.790019726,0.,            0000739P0001549
0.906578784,0.815540271,0.,0.25,0.375,0.,0.,1.;                  0000739P0001550
126,2,2,1,0,1,0,0.375,0.375,0.375,0.5,0.5,0.5,1.,1.,1.,          0000741P0001551
0.906578784,0.815540271,0.,0.886765005,0.841069415,0.,           0000741P0001552
0.863916709,0.863918123,0.,0.375,0.5,0.,0.,1.;                   0000741P0001553
126,2,2,1,0,1,0,0.5,0.5,0.5,0.625,0.625,0.625,1.,1.,1.,          0000743P0001554
0.863916709,0.863918123,0.,0.841072639,0.886762605,0.,           0000743P0001555
0.815542339,0.906577299,0.,0.5,0.625,0.,0.,1.;                   0000743P0001556
126,2,2,1,0,1,0,0.625,0.625,0.625,0.75,0.75,0.75,1.,1.,1.,       0000745P0001557
0.815542339,0.906577299,0.,0.790019906,0.926385886,0.,           0000745P0001558
0.762217697,0.94284762,0.,0.625,0.75,0.,0.,1.;                   0000745P0001559
126,2,2,1,0,1,0,0.75,0.75,0.75,0.875,0.875,0.875,1.,1.,1.,       0000747P0001560
0.762217697,0.94284762,0.,0.734410008,0.959312598,0.,            0000747P0001561
0.704772146,0.972165445,0.,0.75,0.875,0.,0.,1.;                  0000747P0001562
126,2,2,1,0,1,0,0.875,0.875,0.875,1.,1.,1.,1.,1.,1.,0.704772146, 0000749P0001563
0.972165445,0.,0.67512513,0.985022262,0.,0.644102632,            0000749P0001564
0.994071146,0.,0.875,1.,0.,0.,1.;                                0000749P0001565
102,44,753,755,757,759,761,763,765,767,769,771,773,775,777,779,  0000751P0001566
781,783,785,787,789,791,793,795,797,799,801,803,805,807,809,811, 0000751P0001567
813,815,817,819,821,823,825,827,829,831,833,835,837,839;         0000751P0001568
126,1,1,1,0,1,0,0.,0.,4.927200017E-07,4.927200017E-07,1.,1.,     0000753P0001569
13.824876843,47.400045396,99.375,13.824863603,47.400000017,      0000753P0001570
99.375,0.,4.927200017E-07,0.,0.,1.;                              0000753P0001571
110,13.824863621,47.4,99.375,-13.824850481,47.4,99.375;          0000755P0001572
126,1,1,1,0,1,0,0.,0.,4.544007042E-07,4.544007042E-07,1.,1.,     0000757P0001573
-13.824850438,47.400000017,99.375,-13.824862718,47.400041846,    0000757P0001574
99.375,0.,4.544007042E-07,0.,0.,1.;                              0000757P0001575
126,2,2,1,0,1,0,0.,0.,0.,0.125,0.125,0.125,1.,1.,1.,             0000759P0001576
-13.824862718,47.400041846,99.375,-16.800908803,46.5319931,      0000759P0001577
99.375,-19.645276295,45.298513081,99.375,0.,0.125,0.,0.,1.;      0000759P0001578
126,2,2,1,0,1,0,0.125,0.125,0.125,0.25,0.25,0.25,1.,1.,1.,       0000761P0001579
-19.645276295,45.298513081,99.375,-22.488679709,44.065451063,    0000761P0001580
99.375,-25.156263218,42.485958231,99.375,0.125,0.25,0.,0.,1.;    0000761P0001581
126,2,2,1,0,1,0,0.25,0.25,0.25,0.375,0.375,0.375,1.,1.,1.,       0000763P0001582
-25.156263218,42.485958231,99.375,-27.82381027,40.906486889,     0000763P0001583
99.375,-30.272192486,39.00624039,99.375,0.25,0.375,0.,0.,1.;     0000763P0001584
126,2,2,1,0,1,0,0.375,0.375,0.375,0.5,0.5,0.5,1.,1.,1.,          0000765P0001585
-30.272192486,39.00624039,99.375,-32.721399573,37.1053537,       0000765P0001586
99.375,-34.913452036,34.913342644,99.375,0.375,0.5,0.,0.,1.;     0000765P0001587
126,2,2,1,0,1,0,0.5,0.5,0.5,0.625,0.625,0.625,1.,1.,1.,          0000767P0001588
-34.913452036,34.913342644,99.375,-37.105099067,32.721736925,    0000767P0001589
99.375,-39.006075548,30.2724205,99.375,0.5,0.625,0.,0.,1.;       0000767P0001590
126,2,2,1,0,1,0,0.625,0.625,0.625,0.75,0.75,0.75,1.,1.,1.,       0000769P0001591
-39.006075548,30.2724205,99.375,-40.906461916,27.823864286,      0000769P0001592
99.375,-42.485760693,25.156591048,99.375,0.625,0.75,0.,0.,1.;    0000769P0001593
126,2,2,1,0,1,0,0.75,0.75,0.75,0.875,0.875,0.875,1.,1.,1.,       0000771P0001594
-42.485760693,25.156591048,99.375,-44.065374337,22.488786123,    0000771P0001595
99.375,-45.298447835,19.64540323,99.375,0.75,0.875,0.,0.,1.;     0000771P0001596
126,2,2,1,0,1,0,0.875,0.875,0.875,1.,1.,1.,1.,1.,1.,             0000773P0001597
-45.298447835,19.64540323,99.375,-46.531901151,16.80114433,      0000773P0001598
99.375,-47.400036053,13.824910183,99.375,0.875,1.,0.,0.,1.;      0000773P0001599
126,1,1,1,0,1,0,0.,0.,3.914805231E-07,3.914805231E-07,1.,1.,     0000775P0001600
-47.400036053,13.824910183,99.375,-47.399999981,13.824899726,    0000775P0001601
99.375,0.,3.914805231E-07,0.,0.,1.;                              0000775P0001602
110,-47.4,13.824899694,99.375,-47.4,-13.824885195,99.375;        0000777P0001603
126,1,1,1,0,1,0,0.,0.,3.497213176E-07,3.497213176E-07,1.,1.,     0000779P0001604
-47.399999981,-13.824885229,99.375,-47.400032216,-13.824894534,  0000779P0001605
99.375,0.,3.497213176E-07,0.,0.,1.;                              0000779P0001606
126,2,2,1,0,1,0,0.,0.,0.,0.125,0.125,0.125,1.,1.,1.,             0000781P0001607
-47.400032216,-13.824894534,99.375,-46.531986247,-16.800928076,  0000781P0001608
99.375,-45.298500121,-19.645307473,99.375,0.,0.125,0.,0.,1.;     0000781P0001609
126,2,2,1,0,1,0,0.125,0.125,0.125,0.25,0.25,0.25,1.,1.,1.,       0000783P0001610
-45.298500121,-19.645307473,99.375,-44.065442261,-22.488699385,  0000783P0001611
99.375,-42.485938658,-25.156296316,99.375,0.125,0.25,0.,0.,1.;   0000783P0001612
126,2,2,1,0,1,0,0.25,0.25,0.25,0.375,0.375,0.375,1.,1.,1.,       0000785P0001613
-42.485938658,-25.156296316,99.375,-40.90646585,-27.823841154,   0000785P0001614
99.375,-39.006218207,-30.272221035,99.375,0.25,0.375,0.,0.,1.;   0000785P0001615
126,2,2,1,0,1,0,0.375,0.375,0.375,0.5,0.5,0.5,1.,1.,1.,          0000787P0001616
-39.006218207,-30.272221035,99.375,-37.105330469,-32.721425885,  0000787P0001617
99.375,-34.913318587,-34.913476083,99.375,0.375,0.5,0.,0.,1.;    0000787P0001618
126,2,2,1,0,1,0,0.5,0.5,0.5,0.625,0.625,0.625,1.,1.,1.,          0000789P0001619
-34.913318587,-34.913476083,99.375,-32.721711179,-37.105121808,  0000789P0001620
99.375,-30.272379564,-39.006106738,99.375,0.5,0.625,0.,0.,1.;    0000789P0001621
126,2,2,1,0,1,0,0.625,0.625,0.625,0.75,0.75,0.75,1.,1.,1.,       0000791P0001622
-30.272379564,-39.006106738,99.375,-27.823830705,-40.906484191,  0000791P0001623
99.375,-25.156544795,-42.485788314,99.375,0.625,0.75,0.,0.,1.;   0000791P0001624
126,2,2,1,0,1,0,0.75,0.75,0.75,0.875,0.875,0.875,1.,1.,1.,       0000793P0001625
-25.156544795,-42.485788314,99.375,-22.488748976,-44.065394353,  0000793P0001626
99.375,-19.645365709,-45.298464526,99.375,0.75,0.875,0.,0.,1.;   0000793P0001627
126,2,2,1,0,1,0,0.875,0.875,0.875,1.,1.,1.,1.,1.,1.,             0000795P0001628
-19.645365709,-45.298464526,99.375,-16.801101446,-46.531916915,  0000795P0001629
99.375,-13.824876917,-47.400045385,99.375,0.875,1.,0.,0.,1.;     0000795P0001630
126,1,1,1,0,1,0,0.,0.,4.927200016E-07,4.927200016E-07,1.,1.,     0000797P0001631
-13.824876917,-47.400045385,99.375,-13.824863677,-47.400000006,  0000797P0001632
99.375,0.,4.927200016E-07,0.,0.,1.;                              0000797P0001633
110,-13.824863662,-47.4,99.375,13.82485044,-47.4,99.375;         0000799P0001634
126,1,1,1,0,1,0,0.,0.,4.541200282E-07,4.541200282E-07,1.,1.,     0000801P0001635
13.82485046,-47.400000006,99.375,13.824862644,-47.400041835,     0000801P0001636
99.375,0.,4.541200282E-07,0.,0.,1.;                              0000801P0001637
126,2,2,1,0,1,0,0.,0.,0.,0.125,0.125,0.125,1.,1.,1.,             0000803P0001638
13.824862644,-47.400041835,99.375,16.800908345,-46.531993281,    0000803P0001639
99.375,19.645285239,-45.298509329,99.375,0.,0.125,0.,0.,1.;      0000803P0001640
126,2,2,1,0,1,0,0.125,0.125,0.125,0.25,0.25,0.25,1.,1.,1.,       0000805P0001641
19.645285239,-45.298509329,99.375,22.488679731,-44.06545134,     0000805P0001642
99.375,25.156289047,-42.485942774,99.375,0.125,0.25,0.,0.,1.;    0000805P0001643
126,2,2,1,0,1,0,0.25,0.25,0.25,0.375,0.375,0.375,1.,1.,1.,       0000807P0001644
25.156289047,-42.485942774,99.375,27.823824491,-40.90647786,     0000807P0001645
99.375,30.272215149,-39.006223399,99.375,0.25,0.375,0.,0.,1.;    0000807P0001646
126,2,2,1,0,1,0,0.375,0.375,0.375,0.5,0.5,0.5,1.,1.,1.,          0000809P0001647
30.272215149,-39.006223399,99.375,32.721427705,-37.105330952,    0000809P0001648
99.375,34.913460117,-34.913334575,99.375,0.375,0.5,0.,0.,1.;     0000809P0001649
126,2,2,1,0,1,0,0.5,0.5,0.5,0.625,0.625,0.625,1.,1.,1.,          0000811P0001650
34.913460117,-34.913334575,99.375,37.105123937,-32.721706694,    0000811P0001651
99.375,39.006096101,-30.272393243,99.375,0.5,0.625,0.,0.,1.;     0000811P0001652
126,2,2,1,0,1,0,0.625,0.625,0.625,0.75,0.75,0.75,1.,1.,1.,       0000813P0001653
39.006096101,-30.272393243,99.375,40.906475945,-27.823843073,    0000813P0001654
99.375,42.485782013,-25.156555348,99.375,0.625,0.75,0.,0.,1.;    0000813P0001655
126,2,2,1,0,1,0,0.75,0.75,0.75,0.875,0.875,0.875,1.,1.,1.,       0000815P0001656
42.485782013,-25.156555348,99.375,44.065390093,-22.488757715,    0000815P0001657
99.375,45.298461672,-19.645372327,99.375,0.75,0.875,0.,0.,1.;    0000815P0001658
126,2,2,1,0,1,0,0.875,0.875,0.875,1.,1.,1.,1.,1.,1.,             0000817P0001659
45.298461672,-19.645372327,99.375,46.531915467,-16.801105944,    0000817P0001660
99.375,47.400044805,-13.824878897,99.375,0.875,1.,0.,0.,1.;      0000817P0001661
126,1,1,1,0,1,0,0.,0.,4.864000411E-07,4.864000411E-07,1.,1.,     0000819P0001662
47.400044805,-13.824878897,99.375,47.400000003,-13.824865849,    0000819P0001663
99.375,0.,4.864000411E-07,0.,0.,1.;                              0000819P0001664
110,47.4,-13.824865819,99.375,47.4,13.824851979,99.375;          0000821P0001665
126,1,1,1,0,1,0,0.,0.,4.458800287E-07,4.458800287E-07,1.,1.,     0000823P0001666
47.400000003,13.824851949,99.375,47.400041064,13.824863941,      0000823P0001667
99.375,0.,4.458800287E-07,0.,0.,1.;                              0000823P0001668
126,2,2,1,0,1,0,0.,0.,0.,0.125,0.125,0.125,1.,1.,1.,             0000825P0001669
47.400041064,13.824863941,99.375,46.531996535,16.800899977,      0000825P0001670
99.375,45.298511272,19.645281869,99.375,0.,0.125,0.,0.,1.;       0000825P0001671
126,2,2,1,0,1,0,0.125,0.125,0.125,0.25,0.25,0.25,1.,1.,1.,       0000827P0001672
45.298511272,19.645281869,99.375,44.065454179,22.488676275,      0000827P0001673
99.375,42.485950768,25.156275701,99.375,0.125,0.25,0.,0.,1.;     0000827P0001674
126,2,2,1,0,1,0,0.25,0.25,0.25,0.375,0.375,0.375,1.,1.,1.,       0000829P0001675
42.485950768,25.156275701,99.375,40.906478248,27.823823128,      0000829P0001676
99.375,39.006230413,30.272205312,99.375,0.25,0.375,0.,0.,1.;     0000829P0001677
126,2,2,1,0,1,0,0.375,0.375,0.375,0.5,0.5,0.5,1.,1.,1.,          0000831P0001678
39.006230413,30.272205312,99.375,37.105342387,32.721412464,      0000831P0001679
99.375,34.913329834,34.913464773,99.375,0.375,0.5,0.,0.,1.;      0000831P0001680
126,2,2,1,0,1,0,0.5,0.5,0.5,0.625,0.625,0.625,1.,1.,1.,          0000833P0001681
34.913329834,34.913464773,99.375,32.721722713,37.105111649,      0000833P0001682
99.375,30.272404914,39.006087658,99.375,0.5,0.625,0.,0.,1.;      0000833P0001683
126,2,2,1,0,1,0,0.625,0.625,0.625,0.75,0.75,0.75,1.,1.,1.,       0000835P0001684
30.272404914,39.006087658,99.375,27.823841856,40.906477774,      0000835P0001685
99.375,25.156562373,42.485778539,99.375,0.625,0.75,0.,0.,1.;     0000835P0001686
126,2,2,1,0,1,0,0.75,0.75,0.75,0.875,0.875,0.875,1.,1.,1.,       0000837P0001687
25.156562373,42.485778539,99.375,22.488757152,44.065390526,      0000837P0001688
99.375,19.645369376,45.298463002,99.375,0.75,0.875,0.,0.,1.;     0000837P0001689
126,2,2,1,0,1,0,0.875,0.875,0.875,1.,1.,1.,1.,1.,1.,             0000839P0001690
19.645369376,45.298463002,99.375,16.801103387,46.53191635,       0000839P0001691
99.375,13.824876843,47.400045396,99.375,0.875,1.,0.,0.,1.;       0000839P0001692
144,843,1,0,845;                                                 0000841P0001693
128,8,4,3,3,0,0,1,0,0,4.420850374E-02,4.420850374E-02,           0000843P0001694
4.420850374E-02,4.420850374E-02,6.25E-02,9.375E-02,0.125,        0000843P0001695
0.15625,0.1875,0.2057917,0.2057917,0.2057917,0.2057917,0.,0.,0., 0000843P0001696
0.,0.5,1.,1.,1.,1.,1.,1.,1.,1.,1.,1.,1.,1.,1.,1.,1.,1.,1.,1.,1., 0000843P0001697
1.,1.,1.,1.,1.,1.,1.,1.,1.,1.,1.,1.,1.,1.,1.,1.,1.,1.,1.,1.,1.,  0000843P0001698
1.,1.,1.,1.,1.,1.,1.,1.,1.,-47.482364225,13.539200349,99.375,    0000843P0001699
-46.963624916,15.358235266,99.375,-45.275923199,20.204400575,    0000843P0001700
99.375,-41.318547096,27.608168844,99.375,-35.138514407,          0000843P0001701
35.138537613,99.375,-27.608168599,41.318537789,99.375,           0000843P0001702
-20.204342653,45.275964314,99.375,-15.358179494,46.963626809,    0000843P0001703
99.375,-13.539130599,47.48236271,99.375,-53.813348779,           0000843P0001704
15.344426202,82.916666666,-53.225441843,17.405994574,            0000843P0001705
82.916666666,-51.31270575,22.898301082,82.916666666,             0000843P0001706
-46.827698666,31.289252857,82.916666666,-39.823652896,           0000843P0001707
39.823668252,82.916666666,-31.289264679,46.827673675,            0000843P0001708
82.916666666,-22.89825874,51.312757451,82.916666666,             0000843P0001709
-17.405939762,53.225442537,82.916666666,-15.344350759,           0000843P0001710
53.81334353,82.916666666,-60.144333333,17.149652835,50.,         0000843P0001711
-59.487258769,19.453754608,50.,-57.349488301,25.592201,50.,      0000843P0001712
-52.336850236,34.970337062,50.,-44.508791385,44.508798838,50.,   0000843P0001713
-34.970360758,52.336809575,50.,-25.592174826,57.349550588,50.,   0000843P0001714
-19.453700029,59.487258263,50.,-17.149570918,60.144324349,50.,   0000843P0001715
-53.813348779,15.344426202,17.083333334,-53.225441843,           0000843P0001716
17.405994574,17.083333334,-51.31270575,22.898301082,             0000843P0001717
17.083333334,-46.827698666,31.289252857,17.083333334,            0000843P0001718
-39.823652896,39.823668252,17.083333334,-31.289264679,           0000843P0001719
46.827673675,17.083333334,-22.89825874,51.312757451,             0000843P0001720
17.083333334,-17.405939762,53.225442537,17.083333334,            0000843P0001721
-15.344350759,53.81334353,17.083333334,-47.482364225,            0000843P0001722
13.539200349,0.625,-46.963624916,15.358235266,0.625,             0000843P0001723
-45.275923199,20.204400575,0.625,-41.318547096,27.608168844,     0000843P0001724
0.625,-35.138514407,35.138537613,0.625,-27.608168599,            0000843P0001725
41.318537789,0.625,-20.204342653,45.275964314,0.625,             0000843P0001726
-15.358179494,46.963626809,0.625,-13.539130599,47.48236271,      0000843P0001727
0.625,4.5166507E-02,0.204833697,0.,1.;                           0000843P0001728
142,0,843,847,925,3;                                             0000845P0001729
102,38,849,851,853,855,857,859,861,863,865,867,869,871,873,875,  0000847P0001730
877,879,881,883,885,887,889,891,893,895,897,899,901,903,905,907, 0000847P0001731
909,911,913,915,917,919,921,923;                                 0000847P0001732
126,2,2,1,0,1,0,0.,0.,0.,3.125E-02,3.125E-02,3.125E-02,1.,1.,1., 0000849P0001733
4.5166507E-02,1.,0.,4.9521935E-02,0.990022207,0.,5.3597255E-02,  0000849P0001734
0.978104147,0.,0.,3.125E-02,-0.,-0.,1.;                          0000849P0001735
126,2,2,1,0,1,0,3.125E-02,3.125E-02,3.125E-02,6.25E-02,6.25E-02, 0000851P0001736
6.25E-02,1.,1.,1.,5.3597255E-02,0.978104147,0.,5.7469224E-02,    0000851P0001737
0.966780779,0.,6.1068246E-02,0.953763514,0.,3.125E-02,6.25E-02,  0000851P0001738
-0.,-0.,1.;                                                      0000851P0001739
126,2,2,1,0,1,0,6.25E-02,6.25E-02,6.25E-02,0.125,0.125,0.125,1., 0000853P0001740
1.,1.,6.1068246E-02,0.953763514,0.,6.7827087E-02,0.929317537,0., 0000853P0001741
7.357529E-02,0.899084006,0.,6.25E-02,0.125,-0.,-0.,1.;           0000853P0001742
126,2,2,1,0,1,0,0.125,0.125,0.125,0.1875,0.1875,0.1875,1.,1.,1., 0000855P0001743
7.357529E-02,0.899084006,0.,7.8836126E-02,0.871413859,0.,        0000855P0001744
8.3200364E-02,0.839153507,0.,0.125,0.1875,-0.,-0.,1.;            0000855P0001745
126,2,2,1,0,1,0,0.1875,0.1875,0.1875,0.25,0.25,0.25,1.,1.,1.,    0000857P0001746
8.3200364E-02,0.839153507,0.,8.7283018E-02,0.808974614,0.,       0000857P0001747
9.0544056E-02,0.775054707,0.,0.1875,0.25,-0.,-0.,1.;             0000857P0001748
126,2,2,1,0,1,0,0.25,0.25,0.25,0.3125,0.3125,0.3125,1.,1.,1.,    0000859P0001749
9.0544056E-02,0.775054707,0.,9.3608484E-02,0.743179854,0.,       0000859P0001750
9.5911879E-02,0.708377138,0.,0.25,0.3125,-0.,-0.,1.;             0000859P0001751
126,2,2,1,0,1,0,0.3125,0.3125,0.3125,0.375,0.375,0.375,1.,1.,1., 0000861P0001752
9.5911879E-02,0.708377138,0.,9.8099199E-02,0.675328224,0.,       0000861P0001753
9.9566063E-02,0.640167195,0.,0.3125,0.375,-0.,-0.,1.;            0000861P0001754
126,2,2,1,0,1,0,0.375,0.375,0.375,0.4375,0.4375,0.4375,1.,1.,1., 0000863P0001755
9.9566063E-02,0.640167195,0.,0.100992468,0.605975947,0.,         0000863P0001756
0.101709215,0.570481392,0.,0.375,0.4375,-0.,-0.,1.;              0000863P0001757
126,2,2,1,0,1,0,0.4375,0.4375,0.4375,0.5,0.5,0.5,1.,1.,1.,       0000865P0001758
0.101709215,0.570481392,0.,0.102420128,0.535275702,0.,           0000865P0001759
0.102416348,0.499625179,0.,0.4375,0.5,-0.,-0.,1.;                0000865P0001760
126,2,2,1,0,1,0,0.5,0.5,0.5,0.5625,0.5625,0.5625,1.,1.,1.,       0000867P0001761
0.102416348,0.499625179,0.,0.102412589,0.464183951,0.,           0000867P0001762
0.101702544,0.42918906,0.,0.5,0.5625,-0.,-0.,1.;                 0000867P0001763
126,2,2,1,0,1,0,0.5625,0.5625,0.5625,0.625,0.625,0.625,1.,1.,1., 0000869P0001764
0.101702544,0.42918906,0.,0.100981195,0.393637047,0.,            0000869P0001765
9.9547857E-02,0.359397171,0.,0.5625,0.625,-0.,-0.,1.;            0000869P0001766
126,2,2,1,0,1,0,0.625,0.625,0.625,0.6875,0.6875,0.6875,1.,1.,1., 0000871P0001767
9.9547857E-02,0.359397171,0.,9.8059496E-02,0.323842883,0.,       0000871P0001768
9.5834452E-02,0.290457072,0.,0.625,0.6875,-0.,-0.,1.;            0000871P0001769
126,2,2,1,0,1,0,0.6875,0.6875,0.6875,0.75,0.75,0.75,1.,1.,1.,    0000873P0001770
9.5834452E-02,0.290457072,0.,9.3521057E-02,0.255745584,0.,       0000873P0001771
9.0449238E-02,0.223961629,0.,0.6875,0.75,-0.,-0.,1.;             0000873P0001772
126,2,2,1,0,1,0,0.75,0.75,0.75,0.8125,0.8125,0.8125,1.,1.,1.,    0000875P0001773
9.0449238E-02,0.223961629,0.,8.7197809E-02,0.190319257,0.,       0000875P0001774
8.3136093E-02,0.160372012,0.,0.75,0.8125,-0.,-0.,1.;             0000875P0001775
126,2,2,1,0,1,0,0.8125,0.8125,0.8125,0.875,0.875,0.875,1.,1.,1., 0000877P0001776
8.3136093E-02,0.160372012,0.,7.8741181E-02,0.127968087,0.,       0000877P0001777
7.3440275E-02,0.10020739,0.,0.8125,0.875,-0.,-0.,1.;             0000877P0001778
126,2,2,1,0,1,0,0.875,0.875,0.875,0.9375,0.9375,0.9375,1.,1.,1., 0000879P0001779
7.3440275E-02,0.10020739,0.,6.7730761E-02,7.0306825E-02,0.,      0000879P0001780
6.1028876E-02,4.6094169E-02,0.,0.875,0.9375,-0.,-0.,1.;          0000879P0001781
126,2,2,1,0,1,0,0.9375,0.9375,0.9375,0.96875,0.96875,0.96875,1., 0000881P0001782
1.,1.,6.1028876E-02,4.6094169E-02,0.,5.74488E-02,3.3160025E-02,  0000881P0001783
0.,5.3598913E-02,2.1900702E-02,0.,0.9375,0.96875,-0.,-0.,1.;     0000881P0001784
126,2,2,1,0,1,0,0.96875,0.96875,0.96875,1.,1.,1.,1.,1.,1.,       0000883P0001785
5.3598913E-02,2.1900702E-02,0.,4.9522822E-02,9.979827E-03,0.,    0000883P0001786
4.5166507E-02,0.,0.,0.96875,1.,-0.,-0.,1.;                       0000883P0001787
126,1,1,1,0,1,0,0.,0.,1.003212966,1.003212966,1.,1.,             0000885P0001788
4.5166922E-02,0.,0.,0.204833215,0.,0.,0.,1.003212966,0.,0.,1.;   0000885P0001789
126,2,2,1,0,1,0,0.,0.,0.,3.125E-02,3.125E-02,3.125E-02,1.,1.,1., 0000887P0001790
0.204833697,0.,0.,0.20047818,9.977812E-03,0.,0.196402849,        0000887P0001791
2.1895652E-02,0.,0.,3.125E-02,-0.,-0.,1.;                        0000887P0001792
126,2,2,1,0,1,0,3.125E-02,3.125E-02,3.125E-02,6.25E-02,6.25E-02, 0000889P0001793
6.25E-02,1.,1.,1.,0.196402849,2.1895652E-02,0.,0.192530811,      0000889P0001794
3.3218986E-02,0.,0.188931781,4.6236104E-02,0.,3.125E-02,         0000889P0001795
6.25E-02,-0.,-0.,1.;                                             0000889P0001796
126,2,2,1,0,1,0,6.25E-02,6.25E-02,6.25E-02,0.125,0.125,0.125,1., 0000891P0001797
1.,1.,0.188931781,4.6236104E-02,0.,0.182172935,7.0681776E-02,0., 0000891P0001798
0.176424698,0.10091554,0.,6.25E-02,0.125,-0.,-0.,1.;             0000891P0001799
126,2,2,1,0,1,0,0.125,0.125,0.125,0.1875,0.1875,0.1875,1.,1.,1., 0000893P0001800
0.176424698,0.10091554,0.,0.171163889,0.128585604,0.,            0000893P0001801
0.166799653,0.160846126,0.,0.125,0.1875,-0.,-0.,1.;              0000893P0001802
126,2,2,1,0,1,0,0.1875,0.1875,0.1875,0.25,0.25,0.25,1.,1.,1.,    0000895P0001803
0.166799653,0.160846126,0.,0.162717023,0.19102501,0.,            0000895P0001804
0.159455993,0.224944984,0.,0.1875,0.25,-0.,-0.,1.;               0000895P0001805
126,2,2,1,0,1,0,0.25,0.25,0.25,0.3125,0.3125,0.3125,1.,1.,1.,    0000897P0001806
0.159455993,0.224944984,0.,0.156391571,0.25681991,0.,            0000897P0001807
0.154088179,0.291622659,0.,0.25,0.3125,-0.,-0.,1.;               0000897P0001808
126,2,2,1,0,1,0,0.3125,0.3125,0.3125,0.375,0.375,0.375,1.,1.,1., 0000899P0001809
0.154088179,0.291622659,0.,0.151900858,0.324671637,0.,           0000899P0001810
0.150433995,0.359832677,0.,0.3125,0.375,-0.,-0.,1.;              0000899P0001811
126,2,2,1,0,1,0,0.375,0.375,0.375,0.4375,0.4375,0.4375,1.,1.,1., 0000901P0001812
0.150433995,0.359832677,0.,0.149007589,0.394023961,0.,           0000901P0001813
0.148290842,0.429518526,0.,0.375,0.4375,-0.,-0.,1.;              0000901P0001814
126,2,2,1,0,1,0,0.4375,0.4375,0.4375,0.5,0.5,0.5,1.,1.,1.,       0000903P0001815
0.148290842,0.429518526,0.,0.147579927,0.464724254,0.,           0000903P0001816
0.147583707,0.500374809,0.,0.4375,0.5,-0.,-0.,1.;                0000903P0001817
126,2,2,1,0,1,0,0.5,0.5,0.5,0.5625,0.5625,0.5625,1.,1.,1.,       0000905P0001818
0.147583707,0.500374809,0.,0.147587466,0.535816076,0.,           0000905P0001819
0.148297512,0.570811011,0.,0.5,0.5625,-0.,-0.,1.;                0000905P0001820
126,2,2,1,0,1,0,0.5625,0.5625,0.5625,0.625,0.625,0.625,1.,1.,1., 0000907P0001821
0.148297512,0.570811011,0.,0.149018862,0.606363041,0.,0.1504522, 0000907P0001822
0.640602958,0.,0.5625,0.625,-0.,-0.,1.;                          0000907P0001823
126,2,2,1,0,1,0,0.625,0.625,0.625,0.6875,0.6875,0.6875,1.,1.,1., 0000909P0001824
0.1504522,0.640602958,0.,0.151940561,0.67615725,0.,0.154165604,  0000909P0001825
0.709543121,0.,0.625,0.6875,-0.,-0.,1.;                          0000909P0001826
126,2,2,1,0,1,0,0.6875,0.6875,0.6875,0.75,0.75,0.75,1.,1.,1.,    0000911P0001827
0.154165604,0.709543121,0.,0.156478997,0.744254634,0.,           0000911P0001828
0.159550808,0.776038654,0.,0.6875,0.75,-0.,-0.,1.;               0000911P0001829
126,2,2,1,0,1,0,0.75,0.75,0.75,0.8125,0.8125,0.8125,1.,1.,1.,    0000913P0001830
0.159550808,0.776038654,0.,0.16280223,0.809681101,0.,            0000913P0001831
0.166863922,0.839628346,0.,0.75,0.8125,-0.,-0.,1.;               0000913P0001832
126,2,2,1,0,1,0,0.8125,0.8125,0.8125,0.875,0.875,0.875,1.,1.,1., 0000915P0001833
0.166863922,0.839628346,0.,0.171258831,0.87203243,0.,            0000915P0001834
0.176559708,0.899793032,0.,0.8125,0.875,-0.,-0.,1.;              0000915P0001835
126,2,2,1,0,1,0,0.875,0.875,0.875,0.9375,0.9375,0.9375,1.,1.,1., 0000917P0001836
0.176559708,0.899793032,0.,0.182269254,0.92969383,0.,            0000917P0001837
0.188971145,0.953906189,0.,0.875,0.9375,-0.,-0.,1.;              0000917P0001838
126,2,2,1,0,1,0,0.9375,0.9375,0.9375,0.96875,0.96875,0.96875,1., 0000919P0001839
1.,1.,0.188971145,0.953906189,0.,0.192551231,0.966840197,0.,     0000919P0001840
0.19640119,0.978099495,0.,0.9375,0.96875,-0.,-0.,1.;             0000919P0001841
126,2,2,1,0,1,0,0.96875,0.96875,0.96875,1.,1.,1.,1.,1.,1.,       0000921P0001842
0.19640119,0.978099495,0.,0.200477292,0.990020153,0.,            0000921P0001843
0.204833697,1.,0.,0.96875,1.,-0.,-0.,1.;                         0000921P0001844
126,1,1,1,0,1,0,1.854586143,1.854586143,2.857799613,2.857799613, 0000923P0001845
1.,1.,0.204833174,1.,0.,4.5166877E-02,1.,0.,1.854586143,         0000923P0001846
2.857799613,0.,0.,1.;                                            0000923P0001847
102,38,927,929,931,933,935,937,939,941,943,945,947,949,951,953,  0000925P0001848
955,957,959,961,963,967,969,971,973,975,977,979,981,983,985,987, 0000925P0001849
989,991,993,995,997,999,1001,1003;                               0000925P0001850
126,4,4,0,0,1,0,0.,0.,0.,0.,0.,3.125E-02,3.125E-02,3.125E-02,    0000927P0001851
3.125E-02,3.125E-02,1.,1.,1.,1.,1.,-47.399999998,13.824765498,   0000927P0001852
0.625,-47.39999998,14.528518307,1.117653529,-47.399973297,       0000927P0001853
15.224666964,1.64224062,-47.399999975,15.913392233,2.198761271,  0000927P0001854
-47.399999998,16.594640689,2.787215484,0.,3.125E-02,0.999999984, 0000927P0001855
-1.105052111E-04,1.415530222E-04;                                0000927P0001856
126,4,4,0,0,1,0,3.125E-02,3.125E-02,3.125E-02,3.125E-02,         0000929P0001857
3.125E-02,6.25E-02,6.25E-02,6.25E-02,6.25E-02,6.25E-02,1.,1.,1., 0000929P0001858
1.,1.,-47.399999998,16.594640689,2.787215484,-47.399999974,      0000929P0001859
17.241896079,3.346306779,-47.39998422,17.881284747,3.933276795,  0000929P0001860
-47.399999969,18.512743653,4.548125533,-47.399999995,            0000929P0001861
19.136025229,5.190852993,3.125E-02,6.25E-02,0.999999992,         0000929P0001862
-8.449813955E-05,8.93490802E-05;                                 0000929P0001863
126,4,4,0,0,1,0,6.25E-02,6.25E-02,6.25E-02,6.25E-02,6.25E-02,    0000931P0001864
0.125,0.125,0.125,0.125,0.125,1.,1.,1.,1.,1.,-47.399999995,      0000931P0001865
19.136025229,5.190852993,-47.399999972,20.306526818,6.397873107, 0000931P0001866
-47.399852345,21.44537842,7.700146714,-47.400000006,             0000931P0001867
22.550947948,9.097673815,-47.400000075,23.619465317,             0000931P0001868
10.590454408,6.25E-02,0.125,0.999999942,-2.614248055E-04,        0000931P0001869
2.173437289E-04;                                                 0000931P0001870
126,4,4,0,0,1,0,0.125,0.125,0.125,0.125,0.125,0.1875,0.1875,     0000933P0001871
0.1875,0.1875,0.1875,1.,1.,1.,1.,1.,-47.400000075,23.619465317,  0000933P0001872
10.590454408,-47.400000073,24.597387366,11.956667916,            0000933P0001873
-47.399903601,25.541188994,13.398428548,-47.400000042,           0000933P0001874
26.447974944,14.915736304,-47.400000008,27.313654403,            0000933P0001875
16.508591184,0.125,0.1875,0.999999964,-2.280106825E-04,          0000933P0001876
1.425857986E-04;                                                 0000933P0001877
126,4,4,0,0,1,0,0.1875,0.1875,0.1875,0.1875,0.1875,0.25,0.25,    0000935P0001878
0.25,0.25,0.25,1.,1.,1.,1.,1.,-47.400000008,27.313654403,        0000935P0001879
16.508591184,-47.400000019,28.123479582,17.998674026,            0000935P0001880
-47.399901328,28.894885891,19.550327723,-47.400000021,           0000935P0001881
29.624607514,21.163552276,-47.400000013,30.308754004,            0000935P0001882
22.838347684,0.1875,0.25,0.999999953,-2.777885348E-04,           0000935P0001883
1.317581752E-04;                                                 0000935P0001884
126,4,4,0,0,1,0,0.25,0.25,0.25,0.25,0.25,0.3125,0.3125,0.3125,   0000937P0001885
0.3125,0.3125,1.,1.,1.,1.,1.,-47.400000013,30.308754004,         0000937P0001886
22.838347684,-47.399999989,30.951652868,24.412168551,            0000937P0001887
-47.399887097,31.55181595,26.034177163,-47.399999938,            0000937P0001888
32.10620296,27.70437352,-47.399999909,32.611561573,29.422757623, 0000937P0001889
0.25,0.3125,0.999999927,-3.599483119E-04,1.262153549E-04;        0000937P0001890
126,4,4,0,0,1,0,0.3125,0.3125,0.3125,0.3125,0.3125,0.375,0.375,  0000939P0001891
0.375,0.375,0.375,1.,1.,1.,1.,1.,-47.399999909,32.611561573,     0000939P0001892
29.422757623,-47.399999961,33.091453699,31.054547751,            0000939P0001893
-47.399864495,33.52461826,32.721099773,-47.399999968,            0000939P0001894
33.908609616,34.422413687,-47.39999992,34.241027987,             0000939P0001895
36.158489494,0.3125,0.375,0.999999883,-4.700342586E-04,          0000939P0001896
1.14047988E-04;                                                  0000939P0001897
126,4,4,0,0,1,0,0.375,0.375,0.375,0.375,0.375,0.4375,0.4375,     0000941P0001898
0.4375,0.4375,0.4375,1.,1.,1.,1.,1.,-47.39999992,34.241027987,   0000941P0001899
36.158489494,-47.400000006,34.564277699,37.846682364,            0000941P0001900
-47.39984688,34.836602826,39.556325495,-47.400000046,            0000941P0001901
35.056321198,41.287418887,-47.399999992,35.221986817,            0000941P0001902
43.03996254,0.375,0.4375,0.999999846,-5.501544959E-04,           0000941P0001903
7.868608952E-05;                                                 0000941P0001904
126,4,4,0,0,1,0,0.4375,0.4375,0.4375,0.4375,0.4375,0.5,0.5,0.5,  0000943P0001905
0.5,0.5,1.,1.,1.,1.,1.,-47.399999992,35.221986817,43.03996254,   0000943P0001906
-47.40000004,35.386304067,44.778243484,-47.399832713,            0000943P0001907
35.496161476,46.523845637,-47.400000025,35.550838555,            0000943P0001908
48.276769001,-47.399999964,35.549959001,50.037013574,0.4375,0.5, 0000943P0001909
0.999999818,-6.03229783E-04,2.836571651E-05;                     0000943P0001910
126,4,4,0,0,1,0,0.5,0.5,0.5,0.5,0.5,0.5625,0.5625,0.5625,0.5625, 0000945P0001911
0.5625,1.,1.,1.,1.,1.,-47.399999964,35.549959001,50.037013574,   0000945P0001912
-47.400000037,35.549084433,51.786924206,-47.3998367,35.49330825, 0000945P0001913
53.529488876,-47.4000001,35.383009548,55.264707582,              0000945P0001914
-47.400000089,35.218903176,56.992580325,0.5,0.5625,-0.999999822, 0000945P0001915
5.960891924E-04,2.84471485E-05;                                  0000945P0001916
126,4,4,0,0,1,0,0.5625,0.5625,0.5625,0.5625,0.5625,0.625,0.625,  0000947P0001917
0.625,0.625,0.625,1.,1.,1.,1.,1.,-47.400000089,35.218903176,     0000947P0001918
56.992580325,-47.40000008,35.052184212,58.747960967,-47.399846,  0000947P0001919
34.831245081,60.481746021,-47.400000087,34.557544275,            0000947P0001920
62.193935486,-47.400000101,34.232777169,63.884529364,0.5625,     0000947P0001921
0.625,-0.999999844,5.525440403E-04,7.93111387E-05;               0000947P0001922
126,4,4,0,0,1,0,0.625,0.625,0.625,0.625,0.625,0.6875,0.6875,     0000949P0001923
0.6875,0.6875,0.6875,1.,1.,1.,1.,1.,-47.400000101,34.232777169,  0000949P0001924
63.884529364,-47.400000064,33.895542863,65.640022334,            0000949P0001925
-47.39985872,33.505600519,67.359825786,-47.400000053,            0000949P0001926
33.065440579,69.043939722,-47.400000075,32.577598504,            0000949P0001927
70.69236414,0.625,0.6875,-0.999999878,4.802879832E-04,           0000949P0001928
1.171297746E-04;                                                 0000949P0001929
126,4,4,0,0,1,0,0.6875,0.6875,0.6875,0.6875,0.6875,0.75,0.75,    0000951P0001930
0.75,0.75,0.75,1.,1.,1.,1.,1.,-47.400000075,32.577598504,        0000951P0001931
70.69236414,-47.400000037,32.070385384,72.40624386,              0000951P0001932
-47.399888489,31.514419633,74.071941266,-47.399999983,           0000951P0001933
30.912943662,75.689456358,-47.399999968,30.268984607,            0000951P0001934
77.258789136,0.6875,0.75,-0.999999928,3.567774817E-04,           0000951P0001935
1.257920719E-04;                                                 0000951P0001936
126,4,4,0,0,1,0,0.75,0.75,0.75,0.75,0.75,0.8125,0.8125,0.8125,   0000953P0001937
0.8125,0.8125,1.,1.,1.,1.,1.,-47.399999968,30.268984607,         0000953P0001938
77.258789136,-47.399999939,29.587373101,78.919881254,            0000953P0001939
-47.399904278,28.860929093,80.520157739,-47.399999964,           0000953P0001940
28.093460359,82.059618593,-47.400000013,27.288163062,            0000953P0001941
83.538263815,0.75,0.8125,-0.999999954,2.732889195E-04,           0000953P0001942
1.300254523E-04;                                                 0000953P0001943
126,4,4,0,0,1,0,0.8125,0.8125,0.8125,0.8125,0.8125,0.875,0.875,  0000955P0001944
0.875,0.875,0.875,1.,1.,1.,1.,1.,-47.400000013,27.288163062,     0000955P0001945
83.538263815,-47.399999968,26.416804507,85.138207612,            0000955P0001946
-47.399901462,25.503976306,86.661731614,-47.399999932,           0000955P0001947
24.553829926,88.108835823,-47.399999933,23.569291328,            0000955P0001948
89.479520237,0.8125,0.875,-0.999999963,2.303801593E-04,          0000955P0001949
1.444914237E-04;                                                 0000955P0001950
126,4,4,0,0,1,0,0.875,0.875,0.875,0.875,0.875,0.9375,0.9375,     0000957P0001951
0.9375,0.9375,0.9375,1.,1.,1.,1.,1.,-47.399999933,23.569291328,  0000957P0001952
89.479520237,-47.399999945,22.508861868,90.955860634,            0000957P0001953
-47.399857801,21.412147944,92.338587529,-47.399999969,           0000957P0001954
20.282796572,93.627700921,-47.399999984,19.122390328,            0000957P0001955
94.823200811,0.875,0.9375,-0.999999945,2.557014209E-04,          0000957P0001956
2.130303973E-04;                                                 0000957P0001957
126,4,4,0,0,1,0,0.9375,0.9375,0.9375,0.9375,0.9375,0.96875,      0000959P0001958
0.96875,0.96875,0.96875,0.96875,1.,1.,1.,1.,1.,-47.399999984,    0000959P0001959
19.122390328,94.823200811,-47.399999999,18.502513603,            0000959P0001960
95.461824171,-47.399984605,17.874557299,96.072882769,            0000959P0001961
-47.400000006,17.238763778,96.656376604,-47.400000004,           0000959P0001962
16.59519501,97.212305677,0.9375,0.96875,-0.999999993,            0000959P0001963
8.297866636E-05,8.777809023E-05;                                 0000959P0001964
126,4,4,0,0,1,0,0.96875,0.96875,0.96875,0.96875,0.96875,1.,1.,   0000961P0001965
1.,1.,1.,1.,1.,1.,1.,1.,-47.400000004,16.59519501,97.212305677,  0000961P0001966
-47.400000018,15.913812714,97.800898881,-47.399973329,           0000961P0001967
15.224950422,98.357545669,-47.400000017,14.52866164,             0000961P0001968
98.882246042,-47.399999998,13.824765498,99.375,0.96875,1.,       0000961P0001969
-0.999999984,1.1003202E-04,1.409471626E-04;                      0000961P0001970
100,0.,0.,0.,49.375,-1.776356839E-15,26.543797773,41.633128934;  0000963P0001971
124,-0.960000546,0.279998128,6.703649855E-15,0.,0.279998128,     0000965P0001972
0.960000546,1.955210062E-15,-2.49280046E-29,-5.888052365E-15,    0000965P0001973
3.754012135E-15,-1.,99.375;                                      0000965P0001974
126,4,4,0,0,1,0,0.,0.,0.,0.,0.,3.125E-02,3.125E-02,3.125E-02,    0000967P0001975
3.125E-02,3.125E-02,1.,1.,1.,1.,1.,-13.82469463,47.400000032,    0000967P0001976
99.375,-14.528458357,47.400000014,98.882345532,-15.224613659,    0000967P0001977
47.399973342,98.357761437,-15.913341443,47.399999978,            0000967P0001978
97.801247715,-16.594588371,47.399999966,97.212804365,0.,         0000967P0001979
3.125E-02,-1.101986574E-04,0.999999984,1.411321785E-04;          0000967P0001980
126,4,4,0,0,1,0,3.125E-02,3.125E-02,3.125E-02,3.125E-02,         0000969P0001981
3.125E-02,6.25E-02,6.25E-02,6.25E-02,6.25E-02,6.25E-02,1.,1.,1., 0000969P0001982
1.,1.,-16.594588371,47.399999966,97.212804365,-17.24185212,      0000969P0001983
47.399999975,96.653714749,-17.881246248,47.399984249,            0000969P0001984
96.066748271,-18.512707794,47.399999973,95.451904931,            0000969P0001985
-19.135989219,47.399999957,94.80918473,3.125E-02,6.25E-02,       0000969P0001986
-8.374703875E-05,0.999999993,8.855561729E-05;                    0000969P0001987
126,4,4,0,0,1,0,6.25E-02,6.25E-02,6.25E-02,6.25E-02,6.25E-02,    0000971P0001988
0.125,0.125,0.125,0.125,0.125,1.,1.,1.,1.,1.,-19.135989219,      0000971P0001989
47.399999957,94.80918473,-20.306488836,47.399999979,             0000971P0001990
93.602179675,-21.44534299,47.399852405,92.299912272,             0000971P0001991
-22.550918902,47.399999988,90.902382522,-23.61944572,            0000971P0001992
47.399999969,89.409590425,6.25E-02,0.125,-2.609574009E-04,       0000971P0001993
0.999999942,2.169452785E-04;                                     0000971P0001994
126,4,4,0,0,1,0,0.125,0.125,0.125,0.125,0.125,0.1875,0.1875,     0000973P0001995
0.1875,0.1875,0.1875,1.,1.,1.,1.,1.,-23.61944572,47.399999969,   0000973P0001996
89.409590425,-24.59736568,47.400000019,88.043381015,             0000973P0001997
-25.541167376,47.399903548,86.601620317,-26.447955146,           0000973P0001998
47.400000071,85.084308331,-27.313637927,47.400000064,            0000973P0001999
83.491445057,0.125,0.1875,-2.279917232E-04,0.999999964,          0000973P0002000
1.426017357E-04;                                                 0000973P0002001
126,4,4,0,0,1,0,0.1875,0.1875,0.1875,0.1875,0.1875,0.25,0.25,    0000975P0002002
0.25,0.25,0.25,1.,1.,1.,1.,1.,-27.313637927,47.400000064,        0000975P0002003
83.491445057,-28.123461794,47.40000005,82.00136266,              0000975P0002004
-28.894867545,47.399901319,80.449708156,-29.624589246,           0000975P0002005
47.400000046,78.836481546,-30.308736421,47.400000057,            0000975P0002006
77.16168283,0.1875,0.25,-2.780872797E-04,0.999999953,            0000975P0002007
1.318976037E-04;                                                 0000975P0002008
126,4,4,0,0,1,0,0.25,0.25,0.25,0.25,0.25,0.3125,0.3125,0.3125,   0000977P0002009
0.3125,0.3125,1.,1.,1.,1.,1.,-30.308736421,47.400000057,         0000977P0002010
77.16168283,-30.951636213,47.399999999,75.587858359,             0000977P0002011
-31.551799986,47.399887062,73.9658468,-32.106187464,             0000977P0002012
47.399999977,72.295648155,-32.61154645,47.400000017,             0000977P0002013
70.577262424,0.25,0.3125,-3.606236401E-04,0.999999927,           0000977P0002014
1.264611323E-04;                                                 0000977P0002015
126,4,4,0,0,1,0,0.3125,0.3125,0.3125,0.3125,0.3125,0.375,0.375,  0000979P0002016
0.375,0.375,0.375,1.,1.,1.,1.,1.,-32.61154645,47.400000017,      0000979P0002017
70.577262424,-33.091439656,47.399999961,68.945469135,            0000979P0002018
-33.524604915,47.399864451,67.278914826,-33.908596678,           0000979P0002019
47.399999929,65.577599496,-34.241015228,47.399999959,            0000979P0002020
63.841523146,0.3125,0.375,-4.710911524E-04,0.999999883,          0000979P0002021
1.142932537E-04;                                                 0000979P0002022
126,4,4,0,0,1,0,0.375,0.375,0.375,0.375,0.375,0.4375,0.4375,     0000981P0002023
0.4375,0.4375,0.4375,1.,1.,1.,1.,1.,-34.241015228,47.399999959,  0000981P0002024
63.841523146,-34.56426549,47.400000021,62.153328499,             0000981P0002025
-34.836590996,47.399846901,60.443684018,-35.056309618,           0000981P0002026
47.400000092,58.712589704,-35.221975386,47.400000097,            0000981P0002027
56.960045557,0.375,0.4375,-5.506283223E-04,0.999999845,          0000981P0002028
7.876315316E-05;                                                 0000981P0002029
126,4,4,0,0,1,0,0.4375,0.4375,0.4375,0.4375,0.4375,0.5,0.5,0.5,  0000983P0002030
0.5,0.5,1.,1.,1.,1.,1.,-35.221975386,47.400000097,56.960045557,  0000983P0002031
-35.386293127,47.400000045,55.221762737,-35.496150858,           0000983P0002032
47.399832658,53.476158806,-35.550828101,47.399999943,            0000983P0002033
51.723233764,-35.549948556,47.399999895,49.962987611,0.4375,0.5, 0000983P0002034
-6.039057109E-04,0.999999817,2.837252857E-05;                    0000983P0002035
126,4,4,0,0,1,0,0.5,0.5,0.5,0.5,0.5,0.5625,0.5625,0.5625,0.5625, 0000985P0002036
0.5625,1.,1.,1.,1.,1.,-35.549948556,47.399999895,49.962987611,   0000985P0002037
-35.549073998,47.399999981,48.213075053,-35.493297712,           0000985P0002038
47.39983665,46.470508376,-35.382998793,47.400000043,             0000985P0002039
44.735287579,-35.218892076,47.400000022,43.007412664,0.5,0.5625, 0000985P0002040
5.959347687E-04,-0.999999822,2.843976522E-05;                    0000985P0002041
126,4,4,0,0,1,0,0.5625,0.5625,0.5625,0.5625,0.5625,0.625,0.625,  0000987P0002042
0.625,0.625,0.625,1.,1.,1.,1.,1.,-35.218892076,47.400000022,     0000987P0002043
43.007412664,-35.052172812,47.400000063,41.252031183,            0000987P0002044
-34.83123337,47.399845982,39.518244894,-34.55753222,             0000987P0002045
47.400000008,37.806053799,-34.232764694,47.399999917,            0000987P0002046
36.115457898,0.5625,0.625,5.515980314E-04,-0.999999845,          0000987P0002047
7.919285806E-05;                                                 0000987P0002048
126,4,4,0,0,1,0,0.625,0.625,0.625,0.625,0.625,0.6875,0.6875,     0000989P0002049
0.6875,0.6875,0.6875,1.,1.,1.,1.,1.,-34.232764694,47.399999917,  0000989P0002050
36.115457898,-33.895530077,47.399999946,34.35996473,             0000989P0002051
-33.505587347,47.399858637,32.640160158,-33.065426873,           0000989P0002052
47.399999957,30.956044182,-32.577584025,47.399999941,            0000989P0002053
29.307616801,0.625,0.6875,4.796840377E-04,-0.999999878,          0000989P0002054
1.169757698E-04;                                                 0000989P0002055
126,4,4,0,0,1,0,0.6875,0.6875,0.6875,0.6875,0.6875,0.75,0.75,    0000991P0002056
0.75,0.75,0.75,1.,1.,1.,1.,1.,-32.577584025,47.399999941,        0000991P0002057
29.307616801,-32.070370419,47.40000002,27.593735847,             0000991P0002058
-31.514404242,47.399888493,25.928036548,-30.912927773,           0000991P0002059
47.400000044,24.310518905,-30.268968136,47.399999999,            0000991P0002060
22.741182918,0.6875,0.75,3.561469045E-04,-0.999999929,           0000991P0002061
1.255456856E-04;                                                 0000991P0002062
126,4,4,0,0,1,0,0.75,0.75,0.75,0.75,0.75,0.8125,0.8125,0.8125,   0000993P0002063
0.8125,0.8125,1.,1.,1.,1.,1.,-30.268968136,47.399999999,         0000993P0002064
22.741182918,-29.58735576,47.400000021,21.080087097,             0000993P0002065
-28.860911532,47.399904337,19.479808143,-28.093443261,           0000993P0002066
47.400000019,17.940346055,-27.288147229,47.399999998,            0000993P0002067
16.461700833,0.75,0.8125,2.727906956E-04,-0.999999954,           0000993P0002068
1.297962902E-04;                                                 0000993P0002069
126,4,4,0,0,1,0,0.8125,0.8125,0.8125,0.8125,0.8125,0.875,0.875,  0000995P0002070
0.875,0.875,0.875,1.,1.,1.,1.,1.,-27.288147229,47.399999998,     0000995P0002071
16.461700833,-26.416785558,47.399999998,14.861749185,            0000995P0002072
-25.503955798,47.39990148,13.338221512,-24.553809669,            0000995P0002073
47.400000017,11.891117814,-23.569273541,47.40000003,10.52043809, 0000995P0002074
0.8125,0.875,2.30373358E-04,-0.999999963,1.444685062E-04;        0000995P0002075
126,4,4,0,0,1,0,0.875,0.875,0.875,0.875,0.875,0.9375,0.9375,     0000997P0002076
0.9375,0.9375,0.9375,1.,1.,1.,1.,1.,-23.569273541,47.40000003,   0000997P0002077
10.52043809,-22.508834969,47.399999996,9.044086189,              0000997P0002078
-21.412114831,47.399857868,7.661356513,-20.282760909,            0000997P0002079
47.399999962,6.372249062,-19.122356435,47.39999996,5.176763836,  0000997P0002080
0.875,0.9375,2.556703776E-04,-0.999999945,2.130278836E-04;       0000997P0002081
126,4,4,0,0,1,0,0.9375,0.9375,0.9375,0.9375,0.9375,0.96875,      0000999P0002082
0.96875,0.96875,0.96875,0.96875,1.,1.,1.,1.,1.,-19.122356435,    0000999P0002083
47.39999996,5.176763836,-18.502479492,47.399999998,4.538147191,  0000999P0002084
-17.874520128,47.399984632,3.927093482,-17.238720679,            0000999P0002085
47.400000023,3.343602708,-16.595143038,47.400000013,2.787674869, 0000999P0002086
0.9375,0.96875,8.263738252E-05,-0.999999993,8.740406434E-05;     0000999P0002087
126,4,4,0,0,1,0,0.96875,0.96875,0.96875,0.96875,0.96875,1.,1.,   0001001P0002088
1.,1.,1.,1.,1.,1.,1.,1.,-16.595143038,47.400000013,2.787674869,  0001001P0002089
-15.913762251,47.400000014,2.19909238,-15.224897379,             0001001P0002090
47.399973347,1.642452406,-14.528601844,47.400000028,1.117754946, 0001001P0002091
-13.82469463,47.400000032,0.625,0.96875,1.,1.102055288E-04,      0001001P0002092
-0.999999984,1.411595878E-04;                                    0001001P0002093
100,0.,0.,0.,-13.824796499,47.400059354,-47.400014771,           0001003P0002094
13.824949356;                                                    0001003P0002095
124,1.,0.,0.,0.,0.,1.,0.,0.,0.,0.,1.,0.625;                      0001005P0002096
144,1009,1,0,1011;                                               0001007P0002097
128,1,1,1,1,0,0,1,0,0,0.,0.,1.,1.,0.,0.,1.,1.,1.,1.,1.,1.,-47.4, 0001009P0002098
-36.249843614,0.624999989,-47.4,36.249843611,0.624999989,-47.4,  0001009P0002099
-36.249843614,99.375,-47.4,36.249843611,99.375,9.629437E-03,     0001009P0002100
0.990370563,0.,1.;                                               0001009P0002101
142,0,1009,1013,1107,3;                                          0001011P0002102
102,46,1015,1017,1019,1021,1023,1025,1027,1029,1031,1033,1035,   0001013P0002103
1037,1039,1041,1043,1045,1047,1049,1051,1053,1055,1057,1059,     0001013P0002104
1061,1063,1065,1067,1069,1071,1073,1075,1077,1079,1081,1083,     0001013P0002105
1085,1087,1089,1091,1093,1095,1097,1099,1101,1103,1105;          0001013P0002106
126,1,1,1,0,1,0,2.683938427E-04,2.683938427E-04,27.649799405,    0001015P0002107
27.649799405,1.,1.,0.309312757,0.,0.,0.690687243,0.,0.,          0001015P0002108
2.683938427E-04,27.649799405,0.,0.,1.;                           0001015P0002109
126,2,2,1,0,1,0,0.,0.,0.,3.125E-02,3.125E-02,3.125E-02,1.,1.,1., 0001017P0002110
0.690687243,0.,0.,0.71009193,9.973031E-03,0.,0.728892584,        0001017P0002111
2.1895853E-02,0.,0.,3.125E-02,0.,0.,1.;                          0001017P0002112
126,2,2,1,0,1,0,3.125E-02,3.125E-02,3.125E-02,6.25E-02,6.25E-02, 0001019P0002113
6.25E-02,1.,1.,1.,0.728892584,2.1895853E-02,0.,0.74677437,       0001019P0002114
3.3235957E-02,0.,0.763946314,4.6236486E-02,0.,3.125E-02,         0001019P0002115
6.25E-02,0.,0.,1.;                                               0001019P0002116
126,2,2,1,0,1,0,6.25E-02,6.25E-02,6.25E-02,9.375E-02,9.375E-02,  0001021P0002117
9.375E-02,1.,1.,1.,0.763946314,4.6236486E-02,0.,0.780482732,     0001021P0002118
5.8755871E-02,0.,0.796235606,7.2721559E-02,0.,6.25E-02,          0001021P0002119
9.375E-02,0.,0.,1.;                                              0001021P0002120
126,2,2,1,0,1,0,9.375E-02,9.375E-02,9.375E-02,0.125,0.125,0.125, 0001023P0002121
1.,1.,1.,0.796235606,7.2721559E-02,0.,0.811444458,8.6204946E-02, 0001023P0002122
0.,0.825787136,0.100915994,0.,9.375E-02,0.125,0.,0.,1.;          0001023P0002123
126,2,2,1,0,1,0,0.125,0.125,0.125,0.15625,0.15625,0.15625,1.,1., 0001025P0002124
1.,0.825787136,0.100915994,0.,0.839625593,0.115109871,0.,        0001025P0002125
0.852541309,0.130327617,0.,0.125,0.15625,0.,0.,1.;               0001025P0002126
126,2,2,1,0,1,0,0.15625,0.15625,0.15625,0.1875,0.1875,0.1875,1., 0001027P0002127
1.,1.,0.852541309,0.130327617,0.,0.865127694,0.145157333,0.,     0001027P0002128
0.876741686,0.160846493,0.,0.15625,0.1875,0.,0.,1.;              0001027P0002129
126,2,2,1,0,1,0,0.1875,0.1875,0.1875,0.25,0.25,0.25,1.,1.,1.,    0001029P0002130
0.876741686,0.160846493,0.,0.899479216,0.191562265,0.,           0001029P0002131
0.918053583,0.224945293,0.,0.1875,0.25,0.,0.,1.;                 0001029P0002132
126,2,2,1,0,1,0,0.25,0.25,0.25,0.3125,0.3125,0.3125,1.,1.,1.,    0001031P0002133
0.918053583,0.224945293,0.,0.936098708,0.257377133,0.,           0001031P0002134
0.949816581,0.291622862,0.,0.25,0.3125,0.,0.,1.;                 0001031P0002135
126,2,2,1,0,1,0,0.3125,0.3125,0.3125,0.375,0.375,0.375,1.,1.,1., 0001033P0002136
0.949816581,0.291622862,0.,0.96324659,0.325149958,0.,            0001033P0002137
0.972292077,0.359832805,0.,0.3125,0.375,0.,0.,1.;                0001033P0002138
126,2,2,1,0,1,0,0.375,0.375,0.375,0.4375,0.4375,0.4375,1.,1.,1., 0001035P0002139
0.972292077,0.359832805,0.,0.98129457,0.394350801,0.,            0001035P0002140
0.985822604,0.429518608,0.,0.375,0.4375,0.,0.,1.;                0001035P0002141
126,2,2,1,0,1,0,0.4375,0.4375,0.4375,0.5,0.5,0.5,1.,1.,1.,       0001037P0002142
0.985822604,0.429518608,0.,0.990370563,0.464841176,0.,           0001037P0002143
0.990346377,0.500374821,0.,0.4375,0.5,0.,0.,1.;                  0001037P0002144
126,2,2,1,0,1,0,0.5,0.5,0.5,0.5625,0.5625,0.5625,1.,1.,1.,       0001039P0002145
0.990346377,0.500374821,0.,0.990322333,0.535698793,0.,           0001039P0002146
0.985780072,0.57081094,0.,0.5,0.5625,0.,0.,1.;                   0001039P0002147
126,2,2,1,0,1,0,0.5625,0.5625,0.5625,0.625,0.625,0.625,1.,1.,1., 0001041P0002148
0.985780072,0.57081094,0.,0.981223447,0.606034125,0.,            0001041P0002149
0.972178276,0.640602829,0.,0.5625,0.625,0.,0.,1.;                0001041P0002150
126,2,2,1,0,1,0,0.625,0.625,0.625,0.6875,0.6875,0.6875,1.,1.,1., 0001043P0002151
0.972178276,0.640602829,0.,0.963003463,0.675666996,0.,           0001043P0002152
0.949348126,0.709542928,0.,0.625,0.6875,0.,0.,1.;                0001043P0002153
126,2,2,1,0,1,0,0.6875,0.6875,0.6875,0.75,0.75,0.75,1.,1.,1.,    0001045P0002154
0.949348126,0.709542928,0.,0.935579697,0.743699417,0.,           0001045P0002155
0.917505036,0.776038371,0.,0.6875,0.75,0.,0.,1.;                 0001045P0002156
126,2,2,1,0,1,0,0.75,0.75,0.75,0.8125,0.8125,0.8125,1.,1.,1.,    0001047P0002157
0.917505036,0.776038371,0.,0.898997095,0.809152544,0.,           0001047P0002158
0.87639008,0.839627988,0.,0.75,0.8125,0.,0.,1.;                  0001047P0002159
126,2,2,1,0,1,0,0.8125,0.8125,0.8125,0.84375,0.84375,0.84375,1., 0001049P0002160
1.,1.,0.87639008,0.839627988,0.,0.86471382,0.8553682,0.,         0001049P0002161
0.852058852,0.870240094,0.,0.8125,0.84375,0.,0.,1.;              0001049P0002162
126,2,2,1,0,1,0,0.84375,0.84375,0.84375,0.875,0.875,0.875,1.,1., 0001051P0002163
1.,0.852058852,0.870240094,0.,0.839042987,0.885536108,0.,        0001051P0002164
0.825095075,0.89979261,0.,0.84375,0.875,0.,0.,1.;                0001051P0002165
126,2,2,1,0,1,0,0.875,0.875,0.875,0.90625,0.90625,0.90625,1.,1., 0001053P0002166
1.,0.825095075,0.89979261,0.,0.810833664,0.914369546,0.,         0001053P0002167
0.795721209,0.927733907,0.,0.875,0.90625,0.,0.,1.;               0001053P0002168
126,2,2,1,0,1,0,0.90625,0.90625,0.90625,0.9375,0.9375,0.9375,1., 0001055P0002169
1.,1.,0.795721209,0.927733907,0.,0.780122483,0.941528292,0.,     0001055P0002170
0.763758245,0.953905831,0.,0.90625,0.9375,0.,0.,1.;              0001055P0002171
126,2,2,1,0,1,0,0.9375,0.9375,0.9375,0.96875,0.96875,0.96875,1., 0001057P0002172
1.,1.,0.763758245,0.953905831,0.,0.746679914,0.966823494,0.,     0001057P0002173
0.728900229,0.978099298,0.,0.9375,0.96875,0.,0.,1.;              0001057P0002174
126,2,2,1,0,1,0,0.96875,0.96875,0.96875,1.,1.,1.,1.,1.,1.,       0001059P0002175
0.728900229,0.978099298,0.,0.710095887,0.990024935,0.,           0001059P0002176
0.690687243,1.,0.,0.96875,1.,0.,0.,1.;                           0001059P0002177
126,1,1,1,0,1,0,1.341969213E-04,1.341969213E-04,27.649665192,    0001061P0002178
27.649665192,1.,1.,0.690687243,1.,0.,0.309312757,1.,0.,          0001061P0002179
1.341969213E-04,27.649665192,0.,0.,1.;                           0001061P0002180
126,2,2,1,0,1,0,0.,0.,0.,3.125E-02,3.125E-02,3.125E-02,1.,1.,1., 0001063P0002181
0.309312757,1.,0.,0.28990807,0.990026969,0.,0.271107416,         0001063P0002182
0.978104147,0.,0.,3.125E-02,0.,0.,1.;                            0001063P0002183
126,2,2,1,0,1,0,3.125E-02,3.125E-02,3.125E-02,6.25E-02,6.25E-02, 0001065P0002184
6.25E-02,1.,1.,1.,0.271107416,0.978104147,0.,0.25322563,         0001065P0002185
0.966764043,0.,0.236053686,0.953763514,0.,3.125E-02,6.25E-02,0., 0001065P0002186
0.,1.;                                                           0001065P0002187
126,2,2,1,0,1,0,6.25E-02,6.25E-02,6.25E-02,9.375E-02,9.375E-02,  0001067P0002188
9.375E-02,1.,1.,1.,0.236053686,0.953763514,0.,0.219517268,       0001067P0002189
0.941244129,0.,0.203764394,0.927278441,0.,6.25E-02,9.375E-02,0., 0001067P0002190
0.,1.;                                                           0001067P0002191
126,2,2,1,0,1,0,9.375E-02,9.375E-02,9.375E-02,0.125,0.125,0.125, 0001069P0002192
1.,1.,1.,0.203764394,0.927278441,0.,0.188555542,0.913795054,0.,  0001069P0002193
0.174212864,0.899084006,0.,9.375E-02,0.125,0.,0.,1.;             0001069P0002194
126,2,2,1,0,1,0,0.125,0.125,0.125,0.15625,0.15625,0.15625,1.,1., 0001071P0002195
1.,0.174212864,0.899084006,0.,0.160374407,0.884890129,0.,        0001071P0002196
0.14745869,0.869672383,0.,0.125,0.15625,0.,0.,1.;                0001071P0002197
126,2,2,1,0,1,0,0.15625,0.15625,0.15625,0.1875,0.1875,0.1875,1., 0001073P0002198
1.,1.,0.14745869,0.869672383,0.,0.134872306,0.854842667,0.,      0001073P0002199
0.123258314,0.839153507,0.,0.15625,0.1875,0.,0.,1.;              0001073P0002200
126,2,2,1,0,1,0,0.1875,0.1875,0.1875,0.25,0.25,0.25,1.,1.,1.,    0001075P0002201
0.123258314,0.839153507,0.,0.100520784,0.808437735,0.,           0001075P0002202
8.1946417E-02,0.775054707,0.,0.1875,0.25,0.,0.,1.;               0001075P0002203
126,2,2,1,0,1,0,0.25,0.25,0.25,0.3125,0.3125,0.3125,1.,1.,1.,    0001077P0002204
8.1946417E-02,0.775054707,0.,6.3901292E-02,0.742622867,0.,       0001077P0002205
5.0183419E-02,0.708377138,0.,0.25,0.3125,0.,0.,1.;               0001077P0002206
126,2,2,1,0,1,0,0.3125,0.3125,0.3125,0.375,0.375,0.375,1.,1.,1., 0001079P0002207
5.0183419E-02,0.708377138,0.,3.675341E-02,0.674850042,0.,        0001079P0002208
2.7707923E-02,0.640167195,0.,0.3125,0.375,0.,0.,1.;              0001079P0002209
126,2,2,1,0,1,0,0.375,0.375,0.375,0.4375,0.4375,0.4375,1.,1.,1., 0001081P0002210
2.7707923E-02,0.640167195,0.,1.870543E-02,0.605649199,0.,        0001081P0002211
1.4177396E-02,0.570481392,0.,0.375,0.4375,0.,0.,1.;              0001081P0002212
126,2,2,1,0,1,0,0.4375,0.4375,0.4375,0.5,0.5,0.5,1.,1.,1.,       0001083P0002213
1.4177396E-02,0.570481392,0.,9.629437E-03,0.535158824,0.,        0001083P0002214
9.653623E-03,0.499625179,0.,0.4375,0.5,0.,0.,1.;                 0001083P0002215
126,2,2,1,0,1,0,0.5,0.5,0.5,0.5625,0.5625,0.5625,1.,1.,1.,       0001085P0002216
9.653623E-03,0.499625179,0.,9.677667E-03,0.464301207,0.,         0001085P0002217
1.4219928E-02,0.42918906,0.,0.5,0.5625,0.,0.,1.;                 0001085P0002218
126,2,2,1,0,1,0,0.5625,0.5625,0.5625,0.625,0.625,0.625,1.,1.,1., 0001087P0002219
1.4219928E-02,0.42918906,0.,1.8776553E-02,0.393965875,0.,        0001087P0002220
2.7821724E-02,0.359397171,0.,0.5625,0.625,0.,0.,1.;              0001087P0002221
126,2,2,1,0,1,0,0.625,0.625,0.625,0.6875,0.6875,0.6875,1.,1.,1., 0001089P0002222
2.7821724E-02,0.359397171,0.,3.6996537E-02,0.324333004,0.,       0001089P0002223
5.0651874E-02,0.290457072,0.,0.625,0.6875,0.,0.,1.;              0001089P0002224
126,2,2,1,0,1,0,0.6875,0.6875,0.6875,0.75,0.75,0.75,1.,1.,1.,    0001091P0002225
5.0651874E-02,0.290457072,0.,6.4420303E-02,0.256300583,0.,       0001091P0002226
8.2494964E-02,0.223961629,0.,0.6875,0.75,0.,0.,1.;               0001091P0002227
126,2,2,1,0,1,0,0.75,0.75,0.75,0.8125,0.8125,0.8125,1.,1.,1.,    0001093P0002228
8.2494964E-02,0.223961629,0.,0.101002905,0.190847456,0.,         0001093P0002229
0.12360992,0.160372012,0.,0.75,0.8125,0.,0.,1.;                  0001093P0002230
126,2,2,1,0,1,0,0.8125,0.8125,0.8125,0.84375,0.84375,0.84375,1., 0001095P0002231
1.,1.,0.12360992,0.160372012,0.,0.13528618,0.144631801,0.,       0001095P0002232
0.147941148,0.129759906,0.,0.8125,0.84375,0.,0.,1.;              0001095P0002233
126,2,2,1,0,1,0,0.84375,0.84375,0.84375,0.875,0.875,0.875,1.,1., 0001097P0002234
1.,0.147941148,0.129759906,0.,0.160957013,0.114463892,0.,        0001097P0002235
0.174904925,0.100207391,0.,0.84375,0.875,0.,0.,1.;               0001097P0002236
126,2,2,1,0,1,0,0.875,0.875,0.875,0.90625,0.90625,0.90625,1.,1., 0001099P0002237
1.,0.174904925,0.100207391,0.,0.189166336,8.5630455E-02,0.,      0001099P0002238
0.204278791,7.2266093E-02,0.,0.875,0.90625,0.,0.,1.;             0001099P0002239
126,2,2,1,0,1,0,0.90625,0.90625,0.90625,0.9375,0.9375,0.9375,1., 0001101P0002240
1.,1.,0.204278791,7.2266093E-02,0.,0.219877517,5.8471708E-02,0., 0001101P0002241
0.236241755,4.6094169E-02,0.,0.90625,0.9375,0.,0.,1.;            0001101P0002242
126,2,2,1,0,1,0,0.9375,0.9375,0.9375,0.96875,0.96875,0.96875,1., 0001103P0002243
1.,1.,0.236241755,4.6094169E-02,0.,0.253320086,3.3176506E-02,0., 0001103P0002244
0.27109977,2.1900702E-02,0.,0.9375,0.96875,0.,0.,1.;             0001103P0002245
126,2,2,1,0,1,0,0.96875,0.96875,0.96875,1.,1.,1.,1.,1.,1.,       0001105P0002246
0.27109977,2.1900702E-02,0.,0.289904114,9.975064E-03,0.,         0001105P0002247
0.309312757,0.,0.,0.96875,1.,0.,0.,1.;                           0001105P0002248
102,46,1109,1111,1113,1115,1117,1119,1121,1123,1125,1127,1129,   0001107P0002249
1131,1133,1135,1137,1139,1141,1143,1145,1147,1149,1151,1153,     0001107P0002250
1155,1157,1159,1161,1163,1165,1167,1169,1171,1173,1175,1177,     0001107P0002251
1179,1181,1183,1185,1187,1189,1191,1193,1195,1197,1199;          0001107P0002252
110,-47.4,-13.824765504,0.625,-47.4,13.824765507,0.625;          0001109P0002253
126,2,2,1,0,1,0,0.,0.,0.,3.125E-02,3.125E-02,3.125E-02,1.,1.,1., 0001111P0002254
-47.4,13.824765474,0.624999989,-47.4,15.231599212,1.6098368,     0001111P0002255
-47.4,16.594640747,2.787215473,0.,3.125E-02,1.,-2.262856502E-14, 0001111P0002256
0.;                                                              0001111P0002257
126,2,2,1,0,1,0,3.125E-02,3.125E-02,3.125E-02,6.25E-02,6.25E-02, 0001113P0002258
6.25E-02,1.,1.,1.,-47.4,16.594640747,2.787215473,-47.4,          0001113P0002259
17.891064639,3.907050743,-47.4,19.136025208,5.190852982,         0001113P0002260
3.125E-02,6.25E-02,1.,0.,0.;                                     0001113P0002261
126,2,2,1,0,1,0,6.25E-02,6.25E-02,6.25E-02,9.375E-02,9.375E-02,  0001115P0002262
9.375E-02,1.,1.,1.,-47.4,19.136025208,5.190852982,-47.4,         0001115P0002263
20.334910341,6.427142251,-47.4,21.476988778,7.806253941,         0001115P0002264
6.25E-02,9.375E-02,1.,0.,0.;                                     0001115P0002265
126,2,2,1,0,1,0,9.375E-02,9.375E-02,9.375E-02,0.125,0.125,0.125, 0001117P0002266
1.,1.,1.,-47.4,21.476988778,7.806253941,-47.4,22.579625792,      0001117P0002267
9.137738408,-47.4,23.619465461,10.590454398,9.375E-02,0.125,1.,  0001117P0002268
0.,0.;                                                           0001117P0002269
126,2,2,1,0,1,0,0.125,0.125,0.125,0.15625,0.15625,0.15625,1.,1., 0001119P0002270
1.,-47.4,23.619465461,10.590454398,-47.4,24.622749265,           0001119P0002271
11.992099752,-47.4,25.559134635,13.494852169,0.125,0.15625,1.,   0001119P0002272
0.,0.;                                                           0001119P0002273
126,2,2,1,0,1,0,0.15625,0.15625,0.15625,0.1875,0.1875,0.1875,1., 0001121P0002274
1.,1.,-47.4,25.559134635,13.494852169,-47.4,26.471643611,        0001121P0002275
14.959286624,-47.4,27.313654398,16.508591175,0.15625,0.1875,1.,  0001121P0002276
0.,0.;                                                           0001121P0002277
126,2,2,1,0,1,0,0.1875,0.1875,0.1875,0.25,0.25,0.25,1.,1.,1.,    0001123P0002278
-47.4,27.313654398,16.508591175,-47.4,28.962118211,19.54177366,  0001123P0002279
-47.4,30.308754009,22.838347675,0.1875,0.25,1.,0.,0.;            0001123P0002280
126,2,2,1,0,1,0,0.25,0.25,0.25,0.3125,0.3125,0.3125,1.,1.,1.,    0001125P0002281
-47.4,30.308754009,22.838347675,-47.4,31.617019928,26.040991876, 0001125P0002282
-47.4,32.61156143,29.422757615,0.25,0.3125,1.,0.,0.;             0001125P0002283
126,2,2,1,0,1,0,0.3125,0.3125,0.3125,0.375,0.375,0.375,1.,1.,1., 0001127P0002284
-47.4,32.61156143,29.422757615,-47.4,33.585232882,32.733558345,  0001127P0002285
-47.4,34.24102786,36.158489487,0.3125,0.375,1.,0.,0.;            0001127P0002286
126,2,2,1,0,1,0,0.375,0.375,0.375,0.4375,0.4375,0.4375,1.,1.,1., 0001129P0002287
-47.4,34.24102786,36.158489487,-47.4,34.893705787,39.567141592,  0001129P0002288
-47.4,35.221986835,43.039962534,0.375,0.4375,1.,0.,0.;           0001129P0002289
126,2,2,1,0,1,0,0.4375,0.4375,0.4375,0.5,0.5,0.5,1.,1.,1.,-47.4, 0001131P0002290
35.221986835,43.039962534,-47.4,35.55171244,46.528066124,-47.4,  0001131P0002291
35.549958963,50.037013568,0.4375,0.5,1.,0.,0.;                   0001131P0002292
126,2,2,1,0,1,0,0.5,0.5,0.5,0.5625,0.5625,0.5625,1.,1.,1.,-47.4, 0001133P0002293
35.549958963,50.037013568,-47.4,35.548215781,53.525255804,-47.4, 0001133P0002294
35.218903279,56.99258032,0.5,0.5625,1.,0.,0.;                    0001133P0002295
126,2,2,1,0,1,0,0.5625,0.5625,0.5625,0.625,0.625,0.625,1.,1.,1., 0001135P0002296
-47.4,35.218903279,56.99258032,-47.4,34.888549391,60.470869839,  0001135P0002297
-47.4,34.232777323,63.88452936,0.5625,0.625,1.,0.,0.;            0001135P0002298
126,2,2,1,0,1,0,0.625,0.625,0.625,0.6875,0.6875,0.6875,1.,1.,1., 0001137P0002299
-47.4,34.232777323,63.88452936,-47.4,33.56760625,67.347115851,   0001137P0002300
-47.4,32.577598589,70.692364137,0.625,0.6875,1.,0.,0.;           0001137P0002301
126,2,2,1,0,1,0,0.6875,0.6875,0.6875,0.75,0.75,0.75,1.,1.,1.,    0001139P0002302
-47.4,32.577598589,70.692364137,-47.4,31.579391793,74.065317426, 0001139P0002303
-47.4,30.268984523,77.258789134,0.6875,0.75,1.,0.,0.;            0001139P0002304
126,2,2,1,0,1,0,0.75,0.75,0.75,0.8125,0.8125,0.8125,1.,1.,1.,    0001141P0002305
-47.4,30.268984523,77.258789134,-47.4,28.92716459,80.528813718,  0001141P0002306
-47.4,27.288163073,83.538263813,0.75,0.8125,1.,0.,0.;            0001141P0002307
126,2,2,1,0,1,0,0.8125,0.8125,0.8125,0.84375,0.84375,0.84375,1., 0001143P0002308
1.,1.,-47.4,27.288163073,83.538263813,-47.4,26.441637875,        0001143P0002309
85.092609748,-47.4,25.524156653,86.561209281,0.8125,0.84375,1.,  0001143P0002310
0.,0.;                                                           0001143P0002311
126,2,2,1,0,1,0,0.84375,0.84375,0.84375,0.875,0.875,0.875,1.,1., 0001145P0002312
1.,-47.4,25.524156653,86.561209281,-47.4,24.580510512,           0001145P0002313
88.071690664,-47.4,23.569291254,89.479520236,0.84375,0.875,1.,   0001145P0002314
0.,0.;                                                           0001145P0002315
126,2,2,1,0,1,0,0.875,0.875,0.875,0.90625,0.90625,0.90625,1.,1., 0001147P0002316
1.,-47.4,23.569291254,89.479520236,-47.4,22.535343418,           0001147P0002317
90.918992667,-47.4,21.439695157,92.238723315,0.875,0.90625,1.,   0001147P0002318
0.,0.;                                                           0001147P0002319
126,2,2,1,0,1,0,0.90625,0.90625,0.90625,0.9375,0.9375,0.9375,1., 0001149P0002320
1.,1.,-47.4,21.439695157,92.238723315,-47.4,20.308792401,        0001149P0002321
93.600918834,-47.4,19.122390264,94.823200811,0.90625,0.9375,1.,  0001149P0002322
0.,0.;                                                           0001149P0002323
126,2,2,1,0,1,0,0.9375,0.9375,0.9375,0.96875,0.96875,0.96875,1., 0001151P0002324
1.,1.,-47.4,19.122390264,94.823200811,-47.4,17.884216608,        0001151P0002325
96.098820032,-47.4,16.595195007,97.212305677,0.9375,0.96875,1.,  0001151P0002326
0.,0.;                                                           0001151P0002327
126,2,2,1,0,1,0,0.96875,0.96875,0.96875,1.,1.,1.,1.,1.,1.,-47.4, 0001153P0002328
16.595195007,97.212305677,-47.4,15.231886093,98.389962331,-47.4, 0001153P0002329
13.824765474,99.375,0.96875,1.,1.,0.,0.;                         0001153P0002330
110,-47.4,13.824765497,99.375,-47.4,-13.824765498,99.375;        0001155P0002331
126,2,2,1,0,1,0,0.,0.,0.,3.125E-02,3.125E-02,3.125E-02,1.,1.,1., 0001157P0002332
-47.4,-13.824765477,99.375,-47.4,-15.231599215,98.390163189,     0001157P0002333
-47.4,-16.59464075,97.212784516,0.,3.125E-02,1.,0.,0.;           0001157P0002334
126,2,2,1,0,1,0,3.125E-02,3.125E-02,3.125E-02,6.25E-02,6.25E-02, 0001159P0002335
6.25E-02,1.,1.,1.,-47.4,-16.59464075,97.212784516,-47.4,         0001159P0002336
-17.891064642,96.092949246,-47.4,-19.136025211,94.809147007,     0001159P0002337
3.125E-02,6.25E-02,1.,0.,0.;                                     0001159P0002338
126,2,2,1,0,1,0,6.25E-02,6.25E-02,6.25E-02,9.375E-02,9.375E-02,  0001161P0002339
9.375E-02,1.,1.,1.,-47.4,-19.136025211,94.809147007,-47.4,       0001161P0002340
-20.334910344,93.572857738,-47.4,-21.476988781,92.193746048,     0001161P0002341
6.25E-02,9.375E-02,1.,0.,0.;                                     0001161P0002342
126,2,2,1,0,1,0,9.375E-02,9.375E-02,9.375E-02,0.125,0.125,0.125, 0001163P0002343
1.,1.,1.,-47.4,-21.476988781,92.193746048,-47.4,-22.579625794,   0001163P0002344
90.862261582,-47.4,-23.619465463,89.409545591,9.375E-02,0.125,   0001163P0002345
1.,0.,0.;                                                        0001163P0002346
126,2,2,1,0,1,0,0.125,0.125,0.125,0.15625,0.15625,0.15625,1.,1., 0001165P0002347
1.,-47.4,-23.619465463,89.409545591,-47.4,-24.622749268,         0001165P0002348
88.007900237,-47.4,-25.55913471,86.50514782,0.125,0.15625,1.,0., 0001165P0002349
0.;                                                              0001165P0002350
126,2,2,1,0,1,0,0.15625,0.15625,0.15625,0.1875,0.1875,0.1875,1., 0001167P0002351
1.,1.,-47.4,-25.55913471,86.50514782,-47.4,-26.471643614,        0001167P0002352
85.040713365,-47.4,-27.313654401,83.491408815,0.15625,0.1875,1., 0001167P0002353
0.,0.;                                                           0001167P0002354
126,2,2,1,0,1,0,0.1875,0.1875,0.1875,0.25,0.25,0.25,1.,1.,1.,    0001169P0002355
-47.4,-27.313654401,83.491408815,-47.4,-28.962118214,            0001169P0002356
80.458226329,-47.4,-30.308754012,77.161652314,0.1875,0.25,1.,0., 0001169P0002357
0.;                                                              0001169P0002358
126,2,2,1,0,1,0,0.25,0.25,0.25,0.3125,0.3125,0.3125,1.,1.,1.,    0001171P0002359
-47.4,-30.308754012,77.161652314,-47.4,-31.617019931,            0001171P0002360
73.959008113,-47.4,-32.611561433,70.577242374,0.25,0.3125,1.,0., 0001171P0002361
0.;                                                              0001171P0002362
126,2,2,1,0,1,0,0.3125,0.3125,0.3125,0.375,0.375,0.375,1.,1.,1., 0001173P0002363
-47.4,-32.611561433,70.577242374,-47.4,-33.585232885,            0001173P0002364
67.266441644,-47.4,-34.241027863,63.841510502,0.3125,0.375,1.,   0001173P0002365
0.,0.;                                                           0001173P0002366
126,2,2,1,0,1,0,0.375,0.375,0.375,0.4375,0.4375,0.4375,1.,1.,1., 0001175P0002367
-47.4,-34.241027863,63.841510502,-47.4,-34.89370579,             0001175P0002368
60.432858397,-47.4,-35.221986838,56.960037455,0.375,0.4375,1.,   0001175P0002369
0.,0.;                                                           0001175P0002370
126,2,2,1,0,1,0,0.4375,0.4375,0.4375,0.5,0.5,0.5,1.,1.,1.,-47.4, 0001177P0002371
-35.221986838,56.960037455,-47.4,-35.551712443,53.471933865,     0001177P0002372
-47.4,-35.549958966,49.962986421,0.4375,0.5,1.,0.,0.;            0001177P0002373
126,2,2,1,0,1,0,0.5,0.5,0.5,0.5625,0.5625,0.5625,1.,1.,1.,-47.4, 0001179P0002374
-35.549958966,49.962986421,-47.4,-35.548215784,46.474744185,     0001179P0002375
-47.4,-35.218903282,43.007419669,0.5,0.5625,1.,0.,0.;            0001179P0002376
126,2,2,1,0,1,0,0.5625,0.5625,0.5625,0.625,0.625,0.625,1.,1.,1., 0001181P0002377
-47.4,-35.218903282,43.007419669,-47.4,-34.888549394,            0001181P0002378
39.52913015,-47.4,-34.232777326,36.115470629,0.5625,0.625,1.,0., 0001181P0002379
0.;                                                              0001181P0002380
126,2,2,1,0,1,0,0.625,0.625,0.625,0.6875,0.6875,0.6875,1.,1.,1., 0001183P0002381
-47.4,-34.232777326,36.115470629,-47.4,-33.567606253,            0001183P0002382
32.652884138,-47.4,-32.577598592,29.307635852,0.625,0.6875,1.,   0001183P0002383
0.,0.;                                                           0001183P0002384
126,2,2,1,0,1,0,0.6875,0.6875,0.6875,0.75,0.75,0.75,1.,1.,1.,    0001185P0002385
-47.4,-32.577598592,29.307635852,-47.4,-31.579391796,            0001185P0002386
25.934682563,-47.4,-30.268984526,22.741210855,0.6875,0.75,1.,0., 0001185P0002387
0.;                                                              0001185P0002388
126,2,2,1,0,1,0,0.75,0.75,0.75,0.8125,0.8125,0.8125,1.,1.,1.,    0001187P0002389
-47.4,-30.268984526,22.741210855,-47.4,-28.927164593,            0001187P0002390
19.471186271,-47.4,-27.288163076,16.461736176,0.75,0.8125,1.,0., 0001187P0002391
0.;                                                              0001187P0002392
126,2,2,1,0,1,0,0.8125,0.8125,0.8125,0.84375,0.84375,0.84375,1., 0001189P0002393
1.,1.,-47.4,-27.288163076,16.461736176,-47.4,-26.441637878,      0001189P0002394
14.907390339,-47.4,-25.524156656,13.438790708,0.8125,0.84375,1., 0001189P0002395
0.,0.;                                                           0001189P0002396
126,2,2,1,0,1,0,0.84375,0.84375,0.84375,0.875,0.875,0.875,1.,1., 0001191P0002397
1.,-47.4,-25.524156656,13.438790708,-47.4,-24.580510515,         0001191P0002398
11.928309325,-47.4,-23.569291257,10.520479851,0.84375,0.875,1.,  0001191P0002399
0.,0.;                                                           0001191P0002400
126,2,2,1,0,1,0,0.875,0.875,0.875,0.90625,0.90625,0.90625,1.,1., 0001193P0002401
1.,-47.4,-23.569291257,10.520479851,-47.4,-22.535343421,         0001193P0002402
9.081007421,-47.4,-21.43969516,7.761276674,0.875,0.90625,1.,0.,  0001193P0002403
0.;                                                              0001193P0002404
126,2,2,1,0,1,0,0.90625,0.90625,0.90625,0.9375,0.9375,0.9375,1., 0001195P0002405
1.,1.,-47.4,-21.43969516,7.761276674,-47.4,-20.308792404,        0001195P0002406
6.399081155,-47.4,-19.122390267,5.176799178,0.90625,0.9375,1.,   0001195P0002407
0.,0.;                                                           0001195P0002408
126,2,2,1,0,1,0,0.9375,0.9375,0.9375,0.96875,0.96875,0.96875,1., 0001197P0002409
1.,1.,-47.4,-19.122390267,5.176799178,-47.4,-17.884216611,       0001197P0002410
3.901179957,-47.4,-16.595195082,2.787694312,0.9375,0.96875,1.,   0001197P0002411
0.,0.;                                                           0001197P0002412
126,2,2,1,0,1,0,0.96875,0.96875,0.96875,1.,1.,1.,1.,1.,1.,-47.4, 0001199P0002413
-16.595195082,2.787694312,-47.4,-15.231886024,1.610037559,-47.4, 0001199P0002414
-13.824765477,0.624999989,0.96875,1.,1.,2.261475061E-14,0.;      0001199P0002415
144,1203,1,0,1205;                                               0001201P0002416
128,1,1,1,1,0,0,1,0,0,0.,0.,1.,1.,0.,0.,1.,1.,1.,1.,1.,1.,       0001203P0002417
36.249820202,-47.4,0.624999989,-36.249818354,-47.4,0.624999989,  0001203P0002418
36.249820202,-47.4,99.375,-36.249818354,-47.4,99.375,            0001203P0002419
9.629265E-03,0.990370759,0.,1.;                                  0001203P0002420
142,0,1203,1207,1301,3;                                          0001205P0002421
102,46,1209,1211,1213,1215,1217,1219,1221,1223,1225,1227,1229,   0001207P0002422
1231,1233,1235,1237,1239,1241,1243,1245,1247,1249,1251,1253,     0001207P0002423
1255,1257,1259,1261,1263,1265,1267,1269,1271,1273,1275,1277,     0001207P0002424
1279,1281,1283,1285,1287,1289,1291,1293,1295,1297,1299;          0001207P0002425
126,1,1,1,0,1,0,3.379208161E-04,3.379208161E-04,27.649727341,    0001209P0002426
27.649727341,1.,1.,0.309313619,0.,0.,0.690686408,0.,0.,          0001209P0002427
3.379208161E-04,27.649727341,0.,0.,1.;                           0001209P0002428
126,2,2,1,0,1,0,0.,0.,0.,3.125E-02,3.125E-02,3.125E-02,1.,1.,1., 0001211P0002429
0.690686408,0.,0.,0.710091392,9.973041E-03,0.,0.728892026,       0001211P0002430
2.1895652E-02,0.,0.,3.125E-02,0.,0.,1.;                          0001211P0002431
126,2,2,1,0,1,0,3.125E-02,3.125E-02,3.125E-02,6.25E-02,6.25E-02, 0001213P0002432
6.25E-02,1.,1.,1.,0.728892026,2.1895652E-02,0.,0.746774048,      0001213P0002433
3.3235715E-02,0.,0.763946006,4.6236104E-02,0.,3.125E-02,         0001213P0002434
6.25E-02,0.,0.,1.;                                               0001213P0002435
126,2,2,1,0,1,0,6.25E-02,6.25E-02,6.25E-02,9.375E-02,9.375E-02,  0001215P0002436
9.375E-02,1.,1.,1.,0.763946006,4.6236104E-02,0.,0.780482475,     0001215P0002437
5.8755383E-02,0.,0.796235442,7.272108E-02,0.,6.25E-02,9.375E-02, 0001215P0002438
0.,0.,1.;                                                        0001215P0002439
126,2,2,1,0,1,0,9.375E-02,9.375E-02,9.375E-02,0.125,0.125,0.125, 0001217P0002440
1.,1.,1.,0.796235442,7.272108E-02,0.,0.811444335,8.6204433E-02,  0001217P0002441
0.,0.825787095,0.10091554,0.,9.375E-02,0.125,0.,0.,1.;           0001217P0002442
126,2,2,1,0,1,0,0.125,0.125,0.125,0.15625,0.15625,0.15625,1.,1., 0001219P0002443
1.,0.825787095,0.10091554,0.,0.839625568,0.115109411,0.,         0001219P0002444
0.852541327,0.130327208,0.,0.125,0.15625,0.,0.,1.;               0001219P0002445
126,2,2,1,0,1,0,0.15625,0.15625,0.15625,0.1875,0.1875,0.1875,1., 0001221P0002446
1.,1.,0.852541327,0.130327208,0.,0.865127714,0.145156928,0.,     0001221P0002447
0.876741726,0.160846126,0.,0.15625,0.1875,0.,0.,1.;              0001221P0002448
126,2,2,1,0,1,0,0.1875,0.1875,0.1875,0.25,0.25,0.25,1.,1.,1.,    0001223P0002449
0.876741726,0.160846126,0.,0.899479242,0.191561901,0.,           0001223P0002450
0.918053635,0.224944984,0.,0.1875,0.25,0.,0.,1.;                 0001223P0002451
126,2,2,1,0,1,0,0.25,0.25,0.25,0.3125,0.3125,0.3125,1.,1.,1.,    0001225P0002452
0.918053635,0.224944984,0.,0.93609879,0.257376886,0.,            0001225P0002453
0.949816689,0.291622659,0.,0.25,0.3125,0.,0.,1.;                 0001225P0002454
126,2,2,1,0,1,0,0.3125,0.3125,0.3125,0.375,0.375,0.375,1.,1.,1., 0001227P0002455
0.949816689,0.291622659,0.,0.963246727,0.325149805,0.,           0001227P0002456
0.972292232,0.359832677,0.,0.3125,0.375,0.,0.,1.;                0001227P0002457
126,2,2,1,0,1,0,0.375,0.375,0.375,0.4375,0.4375,0.4375,1.,1.,1., 0001229P0002458
0.972292232,0.359832677,0.,0.981294743,0.394350702,0.,           0001229P0002459
0.985822787,0.429518526,0.,0.375,0.4375,0.,0.,1.;                0001229P0002460
126,2,2,1,0,1,0,0.4375,0.4375,0.4375,0.5,0.5,0.5,1.,1.,1.,       0001231P0002461
0.985822787,0.429518526,0.,0.990370759,0.464841131,0.,           0001231P0002462
0.990346573,0.500374809,0.,0.4375,0.5,0.,0.,1.;                  0001231P0002463
126,2,2,1,0,1,0,0.5,0.5,0.5,0.5625,0.5625,0.5625,1.,1.,1.,       0001233P0002464
0.990346573,0.500374809,0.,0.990322531,0.535698821,0.,           0001233P0002465
0.985780257,0.570811011,0.,0.5,0.5625,0.,0.,1.;                  0001233P0002466
126,2,2,1,0,1,0,0.5625,0.5625,0.5625,0.625,0.625,0.625,1.,1.,1., 0001235P0002467
0.985780257,0.570811011,0.,0.981223621,0.60603422,0.,0.97217843, 0001235P0002468
0.640602957,0.,0.5625,0.625,0.,0.,1.;                            0001235P0002469
126,2,2,1,0,1,0,0.625,0.625,0.625,0.6875,0.6875,0.6875,1.,1.,1., 0001237P0002470
0.97217843,0.640602957,0.,0.963003601,0.675667144,0.,            0001237P0002471
0.949348238,0.709543121,0.,0.625,0.6875,0.,0.,1.;                0001237P0002472
126,2,2,1,0,1,0,0.6875,0.6875,0.6875,0.75,0.75,0.75,1.,1.,1.,    0001239P0002473
0.949348238,0.709543121,0.,0.935579787,0.743699646,0.,           0001239P0002474
0.917505103,0.776038654,0.,0.6875,0.75,0.,0.,1.;                 0001239P0002475
126,2,2,1,0,1,0,0.75,0.75,0.75,0.8125,0.8125,0.8125,1.,1.,1.,    0001241P0002476
0.917505103,0.776038654,0.,0.898997134,0.80915289,0.,            0001241P0002477
0.876390127,0.839628346,0.,0.75,0.8125,0.,0.,1.;                 0001241P0002478
126,2,2,1,0,1,0,0.8125,0.8125,0.8125,0.84375,0.84375,0.84375,1., 0001243P0002479
1.,1.,0.876390127,0.839628346,0.,0.864713853,0.855368588,0.,     0001243P0002480
0.85205889,0.870240479,0.,0.8125,0.84375,0.,0.,1.;               0001243P0002481
126,2,2,1,0,1,0,0.84375,0.84375,0.84375,0.875,0.875,0.875,1.,1., 0001245P0002482
1.,0.85205889,0.870240479,0.,0.839042986,0.885536541,0.,         0001245P0002483
0.825095062,0.899793032,0.,0.84375,0.875,0.,0.,1.;               0001245P0002484
126,2,2,1,0,1,0,0.875,0.875,0.875,0.90625,0.90625,0.90625,1.,1., 0001247P0002485
1.,0.825095062,0.899793032,0.,0.810833583,0.914370016,0.,        0001247P0002486
0.795721102,0.927734333,0.,0.875,0.90625,0.,0.,1.;               0001247P0002487
126,2,2,1,0,1,0,0.90625,0.90625,0.90625,0.9375,0.9375,0.9375,1., 0001249P0002488
1.,1.,0.795721102,0.927734333,0.,0.780122271,0.941528741,0.,     0001249P0002489
0.763757967,0.953906189,0.,0.90625,0.9375,0.,0.,1.;              0001249P0002490
126,2,2,1,0,1,0,0.9375,0.9375,0.9375,0.96875,0.96875,0.96875,1., 0001251P0002491
1.,1.,0.763757967,0.953906189,0.,0.746679611,0.966823723,0.,     0001251P0002492
0.72889968,0.978099495,0.,0.9375,0.96875,0.,0.,1.;               0001251P0002493
126,2,2,1,0,1,0,0.96875,0.96875,0.96875,1.,1.,1.,1.,1.,1.,       0001253P0002494
0.72889968,0.978099495,0.,0.710095353,0.990024923,0.,            0001253P0002495
0.690686408,1.,0.,0.96875,1.,0.,0.,1.;                           0001253P0002496
126,1,1,1,0,1,0,1.68924158E-04,1.68924158E-04,27.649558373,      0001255P0002497
27.649558373,1.,1.,0.690686408,1.,0.,0.309313618,1.,0.,          0001255P0002498
1.68924158E-04,27.649558373,0.,0.,1.;                            0001255P0002499
126,2,2,1,0,1,0,0.,0.,0.,3.125E-02,3.125E-02,3.125E-02,1.,1.,1., 0001257P0002500
0.309313618,1.,0.,0.289908631,0.990026958,0.,0.271107998,        0001257P0002501
0.97810435,0.,0.,3.125E-02,0.,0.,1.;                             0001257P0002502
126,2,2,1,0,1,0,3.125E-02,3.125E-02,3.125E-02,6.25E-02,6.25E-02, 0001259P0002503
6.25E-02,1.,1.,1.,0.271107998,0.97810435,0.,0.253225972,         0001259P0002504
0.966764286,0.,0.236054016,0.953763899,0.,3.125E-02,6.25E-02,0., 0001259P0002505
0.,1.;                                                           0001259P0002506
126,2,2,1,0,1,0,6.25E-02,6.25E-02,6.25E-02,9.375E-02,9.375E-02,  0001261P0002507
9.375E-02,1.,1.,1.,0.236054016,0.953763899,0.,0.219517548,       0001261P0002508
0.941244621,0.,0.203764582,0.927278922,0.,6.25E-02,9.375E-02,0., 0001261P0002509
0.,1.;                                                           0001261P0002510
126,2,2,1,0,1,0,9.375E-02,9.375E-02,9.375E-02,0.125,0.125,0.125, 0001263P0002511
1.,1.,1.,0.203764582,0.927278922,0.,0.188555692,0.91379557,0.,   0001263P0002512
0.174212934,0.89908446,0.,9.375E-02,0.125,0.,0.,1.;              0001263P0002513
126,2,2,1,0,1,0,0.125,0.125,0.125,0.15625,0.15625,0.15625,1.,1., 0001265P0002514
1.,0.174212934,0.89908446,0.,0.160374465,0.88489059,0.,          0001265P0002515
0.147458707,0.86967279,0.,0.125,0.15625,0.,0.,1.;                0001265P0002516
126,2,2,1,0,1,0,0.15625,0.15625,0.15625,0.1875,0.1875,0.1875,1., 0001267P0002517
1.,1.,0.147458707,0.86967279,0.,0.134872324,0.854843071,0.,      0001267P0002518
0.123258313,0.839153871,0.,0.15625,0.1875,0.,0.,1.;              0001267P0002519
126,2,2,1,0,1,0,0.1875,0.1875,0.1875,0.25,0.25,0.25,1.,1.,1.,    0001269P0002520
0.123258313,0.839153871,0.,0.100520802,0.808438094,0.,           0001269P0002521
8.1946408E-02,0.77505501,0.,0.1875,0.25,0.,0.,1.;                0001269P0002522
126,2,2,1,0,1,0,0.25,0.25,0.25,0.3125,0.3125,0.3125,1.,1.,1.,    0001271P0002523
8.1946408E-02,0.77505501,0.,6.3901252E-02,0.742623106,0.,        0001271P0002524
5.0183351E-02,0.708377339,0.,0.25,0.3125,0.,0.,1.;               0001271P0002525
126,2,2,1,0,1,0,0.3125,0.3125,0.3125,0.375,0.375,0.375,1.,1.,1., 0001273P0002526
5.0183351E-02,0.708377339,0.,3.6753308E-02,0.67485019,0.,        0001273P0002527
2.7707801E-02,0.640167322,0.,0.3125,0.375,0.,0.,1.;              0001273P0002528
126,2,2,1,0,1,0,0.375,0.375,0.375,0.4375,0.4375,0.4375,1.,1.,1., 0001275P0002529
2.7707801E-02,0.640167322,0.,1.8705285E-02,0.605649295,0.,       0001275P0002530
1.4177239E-02,0.570481471,0.,0.375,0.4375,0.,0.,1.;              0001275P0002531
126,2,2,1,0,1,0,0.4375,0.4375,0.4375,0.5,0.5,0.5,1.,1.,1.,       0001277P0002532
1.4177239E-02,0.570481471,0.,9.629265E-03,0.535158867,0.,        0001277P0002533
9.653451E-03,0.499625189,0.,0.4375,0.5,0.,0.,1.;                 0001277P0002534
126,2,2,1,0,1,0,0.5,0.5,0.5,0.5625,0.5625,0.5625,1.,1.,1.,       0001279P0002535
9.653451E-03,0.499625189,0.,9.677494E-03,0.464301178,0.,         0001279P0002536
1.421977E-02,0.429188989,0.,0.5,0.5625,0.,0.,1.;                 0001279P0002537
126,2,2,1,0,1,0,0.5625,0.5625,0.5625,0.625,0.625,0.625,1.,1.,1., 0001281P0002538
1.421977E-02,0.429188989,0.,1.8776408E-02,0.393965782,0.,        0001281P0002539
2.7821603E-02,0.359397044,0.,0.5625,0.625,0.,0.,1.;              0001281P0002540
126,2,2,1,0,1,0,0.625,0.625,0.625,0.6875,0.6875,0.6875,1.,1.,1., 0001283P0002541
2.7821603E-02,0.359397044,0.,3.6996434E-02,0.324332862,0.,       0001283P0002542
5.0651802E-02,0.290456882,0.,0.625,0.6875,0.,0.,1.;              0001283P0002543
126,2,2,1,0,1,0,0.6875,0.6875,0.6875,0.75,0.75,0.75,1.,1.,1.,    0001285P0002544
5.0651802E-02,0.290456882,0.,6.4420255E-02,0.256300362,0.,       0001285P0002545
8.2494941E-02,0.22396135,0.,0.6875,0.75,0.,0.,1.;                0001285P0002546
126,2,2,1,0,1,0,0.75,0.75,0.75,0.8125,0.8125,0.8125,1.,1.,1.,    0001287P0002547
8.2494941E-02,0.22396135,0.,0.10100291,0.190847114,0.,           0001287P0002548
0.123609912,0.160371657,0.,0.75,0.8125,0.,0.,1.;                 0001287P0002549
126,2,2,1,0,1,0,0.8125,0.8125,0.8125,0.84375,0.84375,0.84375,1., 0001289P0002550
1.,1.,0.123609912,0.160371657,0.,0.135286185,0.144631413,0.,     0001289P0002551
0.147941145,0.129759522,0.,0.8125,0.84375,0.,0.,1.;              0001289P0002552
126,2,2,1,0,1,0,0.84375,0.84375,0.84375,0.875,0.875,0.875,1.,1., 0001291P0002553
1.,0.147941145,0.129759522,0.,0.160957047,0.114463457,0.,        0001291P0002554
0.174904967,0.100206966,0.,0.84375,0.875,0.,0.,1.;               0001291P0002555
126,2,2,1,0,1,0,0.875,0.875,0.875,0.90625,0.90625,0.90625,1.,1., 0001293P0002556
1.,0.174904967,0.100206966,0.,0.189166445,8.562998E-02,0.,       0001293P0002557
0.204278923,7.2265663E-02,0.,0.875,0.90625,0.,0.,1.;             0001293P0002558
126,2,2,1,0,1,0,0.90625,0.90625,0.90625,0.9375,0.9375,0.9375,1., 0001295P0002559
1.,1.,0.204278923,7.2265663E-02,0.,0.219877753,5.8471254E-02,0., 0001295P0002560
0.236242056,4.6093807E-02,0.,0.90625,0.9375,0.,0.,1.;            0001295P0002561
126,2,2,1,0,1,0,0.9375,0.9375,0.9375,0.96875,0.96875,0.96875,1., 0001297P0002562
1.,1.,0.236242056,4.6093807E-02,0.,0.25332041,3.3176275E-02,0.,  0001297P0002563
0.271100345,2.1900503E-02,0.,0.9375,0.96875,0.,0.,1.;            0001297P0002564
126,2,2,1,0,1,0,0.96875,0.96875,0.96875,1.,1.,1.,1.,1.,1.,       0001299P0002565
0.271100345,2.1900503E-02,0.,0.289904671,9.975077E-03,0.,        0001299P0002566
0.309313619,0.,0.,0.96875,1.,0.,0.,1.;                           0001299P0002567
102,46,1303,1305,1307,1309,1311,1313,1315,1317,1319,1321,1323,   0001301P0002568
1325,1327,1329,1331,1333,1335,1337,1339,1341,1343,1345,1347,     0001301P0002569
1349,1351,1353,1355,1357,1359,1361,1363,1365,1367,1369,1371,     0001301P0002570
1373,1375,1377,1379,1381,1383,1385,1387,1389,1391,1393;          0001301P0002571
110,13.82469466,-47.4,0.625,-13.824694761,-47.4,0.625;           0001303P0002572
126,2,2,1,0,1,0,0.,0.,0.,3.125E-02,3.125E-02,3.125E-02,1.,1.,1., 0001305P0002573
-13.824694733,-47.4,0.624999989,-15.231549059,-47.4,1.609837788, 0001305P0002574
-16.594588229,-47.4,2.787195624,0.,3.125E-02,0.,1.,0.;           0001305P0002575
126,2,2,1,0,1,0,3.125E-02,3.125E-02,3.125E-02,6.25E-02,6.25E-02, 0001307P0002576
6.25E-02,1.,1.,1.,-16.594588229,-47.4,2.787195624,-17.891028361, 0001307P0002577
-47.4,3.907026846,-19.135989109,-47.4,5.19081526,3.125E-02,      0001307P0002578
6.25E-02,0.,1.,0.;                                               0001307P0002579
126,2,2,1,0,1,0,6.25E-02,6.25E-02,6.25E-02,9.375E-02,9.375E-02,  0001309P0002580
9.375E-02,1.,1.,1.,-19.135989109,-47.4,5.19081526,-20.334877135, 0001309P0002581
-47.4,6.427094061,-21.476961548,-47.4,7.80620664,6.25E-02,       0001309P0002582
9.375E-02,0.,1.,0.;                                              0001309P0002583
126,2,2,1,0,1,0,9.375E-02,9.375E-02,9.375E-02,0.125,0.125,0.125, 0001311P0002584
1.,1.,1.,-21.476961548,-47.4,7.80620664,-22.579600794,-47.4,     0001311P0002585
9.137687749,-23.619445709,-47.4,10.590409565,9.375E-02,0.125,0., 0001311P0002586
1.,0.;                                                           0001311P0002587
126,2,2,1,0,1,0,0.125,0.125,0.125,0.15625,0.15625,0.15625,1.,1., 0001313P0002588
1.,-23.619445709,-47.4,10.590409565,-24.62273,-47.4,             0001313P0002589
11.992054327,-25.559117859,-47.4,13.494811781,0.125,0.15625,0.,  0001313P0002590
1.,0.;                                                           0001313P0002591
126,2,2,1,0,1,0,0.15625,0.15625,0.15625,0.1875,0.1875,0.1875,1., 0001315P0002592
1.,1.,-25.559117859,-47.4,13.494811781,-26.471626368,-47.4,      0001315P0002593
14.959246631,-27.31363804,-47.4,16.508554933,0.15625,0.1875,0.,  0001315P0002594
1.,0.;                                                           0001315P0002595
126,2,2,1,0,1,0,0.1875,0.1875,0.1875,0.25,0.25,0.25,1.,1.,1.,    0001317P0002596
-27.31363804,-47.4,16.508554933,-28.962099731,-47.4,             0001317P0002597
19.541737715,-30.30873651,-47.4,22.838317162,0.1875,0.25,0.,1.,  0001317P0002598
0.;                                                              0001317P0002599
126,2,2,1,0,1,0,0.25,0.25,0.25,0.3125,0.3125,0.3125,1.,1.,1.,    0001319P0002600
-30.30873651,-47.4,22.838317162,-31.617003726,-47.4,             0001319P0002601
26.040967484,-32.611546445,-47.4,29.422737569,0.25,0.3125,0.,1., 0001319P0002602
0.;                                                              0001319P0002603
126,2,2,1,0,1,0,0.3125,0.3125,0.3125,0.375,0.375,0.375,1.,1.,1., 0001321P0002604
-32.611546445,-47.4,29.422737569,-33.585219346,-47.4,            0001321P0002605
32.733543236,-34.241015189,-47.4,36.158476847,0.3125,0.375,0.,   0001321P0002606
1.,0.;                                                           0001321P0002607
126,2,2,1,0,1,0,0.375,0.375,0.375,0.4375,0.4375,0.4375,1.,1.,1., 0001323P0002608
-34.241015189,-47.4,36.158476847,-34.893693982,-47.4,            0001323P0002609
39.567131816,-35.221975536,-47.4,43.039954436,0.375,0.4375,0.,   0001323P0002610
1.,0.;                                                           0001323P0002611
126,2,2,1,0,1,0,0.4375,0.4375,0.4375,0.5,0.5,0.5,1.,1.,1.,       0001325P0002612
-35.221975536,-47.4,43.039954436,-35.551701862,-47.4,            0001325P0002613
46.52806168,-35.549948385,-47.4,50.037012383,0.4375,0.5,0.,1.,   0001325P0002614
0.;                                                              0001325P0002615
126,2,2,1,0,1,0,0.5,0.5,0.5,0.5625,0.5625,0.5625,1.,1.,1.,       0001327P0002616
-35.549948385,-47.4,50.037012383,-35.548205349,-47.4,            0001327P0002617
53.525258569,-35.218892126,-47.4,56.992587332,0.5,0.5625,0.,1.,  0001327P0002618
0.;                                                              0001327P0002619
126,2,2,1,0,1,0,0.5625,0.5625,0.5625,0.625,0.625,0.625,1.,1.,1., 0001329P0002620
-35.218892126,-47.4,56.992587332,-34.888537663,-47.4,            0001329P0002621
60.470879221,-34.232764585,-47.4,63.884542,0.5625,0.625,0.,1.,   0001329P0002622
0.;                                                              0001329P0002623
126,2,2,1,0,1,0,0.625,0.625,0.625,0.6875,0.6875,0.6875,1.,1.,1., 0001331P0002624
-34.232764585,-47.4,63.884542,-33.567592798,-47.4,67.347130466,  0001331P0002625
-32.577583917,-47.4,70.692383196,0.625,0.6875,0.,1.,0.;          0001331P0002626
126,2,2,1,0,1,0,0.6875,0.6875,0.6875,0.75,0.75,0.75,1.,1.,1.,    0001333P0002627
-32.577583917,-47.4,70.692383196,-31.579376196,-47.4,            0001333P0002628
74.06534004,-30.268968139,-47.4,77.25881708,0.6875,0.75,0.,1.,   0001333P0002629
0.;                                                              0001333P0002630
126,2,2,1,0,1,0,0.75,0.75,0.75,0.8125,0.8125,0.8125,1.,1.,1.,    0001335P0002631
-30.268968139,-47.4,77.25881708,-28.927147076,-47.4,             0001335P0002632
80.528847885,-27.288147239,-47.4,83.538299166,0.75,0.8125,0.,1., 0001335P0002633
0.;                                                              0001335P0002634
126,2,2,1,0,1,0,0.8125,0.8125,0.8125,0.84375,0.84375,0.84375,1., 0001337P0002635
1.,1.,-27.288147239,-47.4,83.538299166,-26.441621595,-47.4,      0001337P0002636
85.092648063,-25.524141351,-47.4,86.5612473,0.8125,0.84375,0.,   0001337P0002637
1.,0.;                                                           0001337P0002638
126,2,2,1,0,1,0,0.84375,0.84375,0.84375,0.875,0.875,0.875,1.,1., 0001339P0002639
1.,-25.524141351,-47.4,86.5612473,-24.580493016,-47.4,           0001339P0002640
88.071733423,-23.569273567,-47.4,89.479561909,0.84375,0.875,0.,  0001339P0002641
1.,0.;                                                           0001339P0002642
126,2,2,1,0,1,0,0.875,0.875,0.875,0.90625,0.90625,0.90625,1.,1., 0001341P0002643
1.,-23.569273567,-47.4,89.479561909,-22.535321494,-47.4,         0001341P0002644
90.919039079,-21.439672084,-47.4,92.238765383,0.875,0.90625,0.,  0001341P0002645
1.,0.;                                                           0001341P0002646
126,2,2,1,0,1,0,0.90625,0.90625,0.90625,0.9375,0.9375,0.9375,1., 0001343P0002647
1.,1.,-21.439672084,-47.4,92.238765383,-20.308762475,-47.4,      0001343P0002648
93.600963173,-19.12235635,-47.4,94.823236163,0.90625,0.9375,0.,  0001343P0002649
1.,0.;                                                           0001343P0002650
126,2,2,1,0,1,0,0.9375,0.9375,0.9375,0.96875,0.96875,0.96875,1., 0001345P0002651
1.,1.,-19.12235635,-47.4,94.823236163,-17.884181712,-47.4,       0001345P0002652
96.098842646,-16.595143141,-47.4,97.212325131,0.9375,0.96875,0., 0001345P0002653
1.,0.;                                                           0001345P0002654
126,2,2,1,0,1,0,0.96875,0.96875,0.96875,1.,1.,1.,1.,1.,1.,       0001347P0002655
-16.595143141,-47.4,97.212325131,-15.231836231,-47.4,            0001347P0002656
98.389961146,-13.824694733,-47.4,99.375,0.96875,1.,0.,1.,0.;     0001347P0002657
110,-13.824694738,-47.4,99.375,13.824694711,-47.4,99.375;        0001349P0002658
126,2,2,1,0,1,0,0.,0.,0.,3.125E-02,3.125E-02,3.125E-02,1.,1.,1., 0001351P0002659
13.824694697,-47.4,99.375,15.231549241,-47.4,98.390162102,       0001351P0002660
16.594588338,-47.4,97.212804562,0.,3.125E-02,0.,1.,0.;           0001351P0002661
126,2,2,1,0,1,0,3.125E-02,3.125E-02,3.125E-02,6.25E-02,6.25E-02, 0001353P0002662
6.25E-02,1.,1.,1.,16.594588338,-47.4,97.212804562,17.891028759,  0001353P0002663
-47.4,96.092973242,19.135989363,-47.4,94.809185026,3.125E-02,    0001353P0002664
6.25E-02,0.,1.,0.;                                               0001353P0002665
126,2,2,1,0,1,0,6.25E-02,6.25E-02,6.25E-02,9.375E-02,9.375E-02,  0001355P0002666
9.375E-02,1.,1.,1.,19.135989363,-47.4,94.809185026,20.334877316, 0001355P0002667
-47.4,93.572906323,21.476961657,-47.4,92.193793547,6.25E-02,     0001355P0002668
9.375E-02,0.,1.,0.;                                              0001355P0002669
126,2,2,1,0,1,0,9.375E-02,9.375E-02,9.375E-02,0.125,0.125,0.125, 0001357P0002670
1.,1.,1.,21.476961657,-47.4,92.193793547,22.579600685,-47.4,     0001357P0002671
90.862312537,23.619445456,-47.4,89.409590424,9.375E-02,0.125,0., 0001357P0002672
1.,0.;                                                           0001357P0002673
126,2,2,1,0,1,0,0.125,0.125,0.125,0.15625,0.15625,0.15625,1.,1., 0001359P0002674
1.,23.619445456,-47.4,89.409590424,24.622729456,-47.4,           0001359P0002675
88.007945761,25.559117243,-47.4,86.505188011,0.125,0.15625,0.,   0001359P0002676
1.,0.;                                                           0001359P0002677
126,2,2,1,0,1,0,0.15625,0.15625,0.15625,0.1875,0.1875,0.1875,1., 0001361P0002678
1.,1.,25.559117243,-47.4,86.505188011,26.471625461,-47.4,        0001361P0002679
85.04075326,27.313637061,-47.4,83.49144476,0.15625,0.1875,0.,1., 0001361P0002680
0.;                                                              0001361P0002681
126,2,2,1,0,1,0,0.1875,0.1875,0.1875,0.25,0.25,0.25,1.,1.,1.,    0001363P0002682
27.313637061,-47.4,83.49144476,28.96209839,-47.4,80.45826178,    0001363P0002683
30.308735241,-47.4,77.161682235,0.1875,0.25,0.,1.,0.;            0001363P0002684
126,2,2,1,0,1,0,0.25,0.25,0.25,0.3125,0.3125,0.3125,1.,1.,1.,    0001365P0002685
30.308735241,-47.4,77.161682235,31.617002529,-47.4,73.959031715, 0001365P0002686
32.611545393,-47.4,70.577262223,0.25,0.3125,0.,1.,0.;            0001365P0002687
126,2,2,1,0,1,0,0.3125,0.3125,0.3125,0.375,0.375,0.375,1.,1.,1., 0001367P0002688
32.611545393,-47.4,70.577262223,33.585218657,-47.4,67.266456259, 0001367P0002689
34.241014645,-47.4,63.841523044,0.3125,0.375,0.,1.,0.;           0001367P0002690
126,2,2,1,0,1,0,0.375,0.375,0.375,0.4375,0.4375,0.4375,1.,1.,1., 0001369P0002691
34.241014645,-47.4,63.841523044,34.893693801,-47.4,60.432867877, 0001369P0002692
35.221975499,-47.4,56.960045257,0.375,0.4375,0.,1.,0.;           0001369P0002693
126,2,2,1,0,1,0,0.4375,0.4375,0.4375,0.5,0.5,0.5,1.,1.,1.,       0001371P0002694
35.221975499,-47.4,56.960045257,35.55170197,-47.4,53.471938111,  0001371P0002695
35.549948494,-47.4,49.962987408,0.4375,0.5,0.,1.,0.;             0001371P0002696
126,2,2,1,0,1,0,0.5,0.5,0.5,0.5625,0.5625,0.5625,1.,1.,1.,       0001373P0002697
35.549948494,-47.4,49.962987408,35.548205385,-47.4,46.474741322, 0001373P0002698
35.218892017,-47.4,43.007412658,0.5,0.5625,0.,1.,0.;             0001373P0002699
126,2,2,1,0,1,0,0.5625,0.5625,0.5625,0.625,0.625,0.625,1.,1.,1., 0001375P0002700
35.218892017,-47.4,43.007412658,34.888537409,-47.4,39.529120966, 0001375P0002701
34.232764041,-47.4,36.115458088,0.5625,0.625,0.,1.,0.;           0001375P0002702
126,2,2,1,0,1,0,0.625,0.625,0.625,0.6875,0.6875,0.6875,1.,1.,1., 0001377P0002703
34.232764041,-47.4,36.115458088,33.56759211,-47.4,32.652870115,  0001377P0002704
32.577582865,-47.4,29.30761709,0.625,0.6875,0.,1.,0.;            0001377P0002705
126,2,2,1,0,1,0,0.6875,0.6875,0.6875,0.75,0.75,0.75,1.,1.,1.,    0001379P0002706
32.577582865,-47.4,29.30761709,31.579374999,-47.4,25.934660739,  0001379P0002707
30.268966797,-47.4,22.741183304,0.6875,0.75,0.,1.,0.;            0001379P0002708
126,2,2,1,0,1,0,0.75,0.75,0.75,0.8125,0.8125,0.8125,1.,1.,1.,    0001381P0002709
30.268966797,-47.4,22.741183304,28.927145734,-47.4,19.471152499, 0001381P0002710
27.28814626,-47.4,16.46170112,0.75,0.8125,0.,1.,0.;              0001381P0002711
126,2,2,1,0,1,0,0.8125,0.8125,0.8125,0.84375,0.84375,0.84375,1., 0001383P0002712
1.,1.,27.28814626,-47.4,16.46170112,26.441620688,-47.4,          0001383P0002713
14.907352024,25.524140662,-47.4,13.438752788,0.8125,0.84375,0.,  0001383P0002714
1.,0.;                                                           0001383P0002715
126,2,2,1,0,1,0,0.84375,0.84375,0.84375,0.875,0.875,0.875,1.,1., 0001385P0002716
1.,25.524140662,-47.4,13.438752788,24.580492472,-47.4,           0001385P0002717
11.928266369,23.569273313,-47.4,10.520437883,0.84375,0.875,0.,   0001385P0002718
1.,0.;                                                           0001385P0002719
126,2,2,1,0,1,0,0.875,0.875,0.875,0.90625,0.90625,0.90625,1.,1., 0001387P0002720
1.,23.569273313,-47.4,10.520437883,22.535321313,-47.4,           0001387P0002721
9.080960515,21.43967212,-47.4,7.761234211,0.875,0.90625,0.,1.,   0001387P0002722
0.;                                                              0001387P0002723
126,2,2,1,0,1,0,0.90625,0.90625,0.90625,0.9375,0.9375,0.9375,1., 0001389P0002724
1.,1.,21.43967212,-47.4,7.761234211,20.308762583,-47.4,          0001389P0002725
6.399036322,19.122356531,-47.4,5.176763431,0.90625,0.9375,0.,1., 0001389P0002726
0.;                                                              0001389P0002727
126,2,2,1,0,1,0,0.9375,0.9375,0.9375,0.96875,0.96875,0.96875,1., 0001391P0002728
1.,1.,19.122356531,-47.4,5.176763431,17.884182039,-47.4,         0001391P0002729
3.901157146,16.595143177,-47.4,2.787674661,0.9375,0.96875,0.,1., 0001391P0002730
0.;                                                              0001391P0002731
126,2,2,1,0,1,0,0.96875,0.96875,0.96875,1.,1.,1.,1.,1.,1.,       0001393P0002732
16.595143177,-47.4,2.787674661,15.231836339,-47.4,1.610038843,   0001393P0002733
13.824694624,-47.4,0.624999989,0.96875,1.,0.,1.,0.;              0001393P0002734
144,1397,1,0,1399;                                               0001395P0002735
128,1,1,1,1,0,0,1,0,0,0.,0.,1.,1.,0.,0.,1.,1.,1.,1.,1.,1.,47.4,  0001397P0002736
-36.249823809,0.624999989,47.4,-36.249823809,99.375,47.4,        0001397P0002737
36.249823809,0.624999989,47.4,36.249823809,99.375,0.,1.,         0001397P0002738
9.629276E-03,0.990370724;                                        0001397P0002739
142,0,1397,1401,1495,3;                                          0001399P0002740
102,46,1403,1405,1407,1409,1411,1413,1415,1417,1419,1421,1423,   0001401P0002741
1425,1427,1429,1431,1433,1435,1437,1439,1441,1443,1445,1447,     0001401P0002742
1449,1451,1453,1455,1457,1459,1461,1463,1465,1467,1469,1471,     0001401P0002743
1473,1475,1477,1479,1481,1483,1485,1487,1489,1491,1493;          0001401P0002744
126,1,1,1,0,1,0,3.348758718E-04,3.348758718E-04,27.649732936,    0001403P0002745
27.649732936,1.,1.,0.,0.690686431,0.,0.,0.309313569,0.,          0001403P0002746
3.348758718E-04,27.649732936,0.,0.,1.;                           0001403P0002747
126,2,2,1,0,1,0,0.,0.,0.,3.125E-02,3.125E-02,3.125E-02,1.,1.,1., 0001405P0002748
0.,0.309313569,0.,9.973026E-03,0.289908543,0.,2.1895612E-02,     0001405P0002749
0.271107918,0.,0.,3.125E-02,0.,0.,1.;                            0001405P0002750
126,2,2,1,0,1,0,3.125E-02,3.125E-02,3.125E-02,6.25E-02,6.25E-02, 0001407P0002751
6.25E-02,1.,1.,1.,2.1895612E-02,0.271107918,0.,3.3235659E-02,    0001407P0002752
0.253225895,0.,4.6236053E-02,0.23605394,0.,3.125E-02,6.25E-02,   0001407P0002753
0.,0.,1.;                                                        0001407P0002754
126,2,2,1,0,1,0,6.25E-02,6.25E-02,6.25E-02,9.375E-02,9.375E-02,  0001409P0002755
9.375E-02,1.,1.,1.,4.6236053E-02,0.23605394,0.,5.8755315E-02,    0001409P0002756
0.219517503,0.,7.2721037E-02,0.203764533,0.,6.25E-02,9.375E-02,  0001409P0002757
0.,0.,1.;                                                        0001409P0002758
126,2,2,1,0,1,0,9.375E-02,9.375E-02,9.375E-02,0.125,0.125,0.125, 0001411P0002759
1.,1.,1.,7.2721037E-02,0.203764533,0.,8.6204387E-02,0.188555666, 0001411P0002760
0.,0.100915515,0.174212911,0.,9.375E-02,0.125,0.,0.,1.;          0001411P0002761
126,2,2,1,0,1,0,0.125,0.125,0.125,0.15625,0.15625,0.15625,1.,1., 0001413P0002762
1.,0.100915515,0.174212911,0.,0.11510939,0.160374456,0.,         0001413P0002763
0.130327198,0.147458704,0.,0.125,0.15625,0.,0.,1.;               0001413P0002764
126,2,2,1,0,1,0,0.15625,0.15625,0.15625,0.1875,0.1875,0.1875,1., 0001415P0002765
1.,1.,0.130327198,0.147458704,0.,0.145156924,0.134872328,0.,     0001415P0002766
0.160846126,0.123258323,0.,0.15625,0.1875,0.,0.,1.;              0001415P0002767
126,2,2,1,0,1,0,0.1875,0.1875,0.1875,0.25,0.25,0.25,1.,1.,1.,    0001417P0002768
0.160846126,0.123258323,0.,0.191561919,0.100520812,0.,           0001417P0002769
0.224944991,8.1946425E-02,0.,0.1875,0.25,0.,0.,1.;               0001417P0002770
126,2,2,1,0,1,0,0.25,0.25,0.25,0.3125,0.3125,0.3125,1.,1.,1.,    0001419P0002771
0.224944991,8.1946425E-02,0.,0.257376902,6.3901266E-02,0.,       0001419P0002772
0.291622662,5.0183366E-02,0.,0.25,0.3125,0.,0.,1.;               0001419P0002773
126,2,2,1,0,1,0,0.3125,0.3125,0.3125,0.375,0.375,0.375,1.,1.,1., 0001421P0002774
0.291622662,5.0183366E-02,0.,0.325149811,3.6753321E-02,0.,       0001421P0002775
0.359832679,2.7707813E-02,0.,0.3125,0.375,0.,0.,1.;              0001421P0002776
126,2,2,1,0,1,0,0.375,0.375,0.375,0.4375,0.4375,0.4375,1.,1.,1., 0001423P0002777
0.359832679,2.7707813E-02,0.,0.394350706,1.8705296E-02,0.,       0001423P0002778
0.429518531,1.417725E-02,0.,0.375,0.4375,0.,0.,1.;               0001423P0002779
126,2,2,1,0,1,0,0.4375,0.4375,0.4375,0.5,0.5,0.5,1.,1.,1.,       0001425P0002780
0.429518531,1.417725E-02,0.,0.464841135,9.629276E-03,0.,         0001425P0002781
0.500374814,9.653462E-03,0.,0.4375,0.5,0.,0.,1.;                 0001425P0002782
126,2,2,1,0,1,0,0.5,0.5,0.5,0.5625,0.5625,0.5625,1.,1.,1.,       0001427P0002783
0.500374814,9.653462E-03,0.,0.535698824,9.677505E-03,0.,         0001427P0002784
0.570811013,1.4219781E-02,0.,0.5,0.5625,0.,0.,1.;                0001427P0002785
126,2,2,1,0,1,0,0.5625,0.5625,0.5625,0.625,0.625,0.625,1.,1.,1., 0001429P0002786
0.570811013,1.4219781E-02,0.,0.606034219,1.8776419E-02,0.,       0001429P0002787
0.640602956,2.7821614E-02,0.,0.5625,0.625,0.,0.,1.;              0001429P0002788
126,2,2,1,0,1,0,0.625,0.625,0.625,0.6875,0.6875,0.6875,1.,1.,1., 0001431P0002789
0.640602956,2.7821614E-02,0.,0.675667137,3.6996447E-02,0.,       0001431P0002790
0.709543117,5.0651816E-02,0.,0.625,0.6875,0.,0.,1.;              0001431P0002791
126,2,2,1,0,1,0,0.6875,0.6875,0.6875,0.75,0.75,0.75,1.,1.,1.,    0001433P0002792
0.709543117,5.0651816E-02,0.,0.74369963,6.4420268E-02,0.,        0001433P0002793
0.776038649,8.2494958E-02,0.,0.6875,0.75,0.,0.,1.;               0001433P0002794
126,2,2,1,0,1,0,0.75,0.75,0.75,0.8125,0.8125,0.8125,1.,1.,1.,    0001435P0002795
0.776038649,8.2494958E-02,0.,0.809152871,0.101002919,0.,         0001435P0002796
0.839628342,0.123609918,0.,0.75,0.8125,0.,0.,1.;                 0001435P0002797
126,2,2,1,0,1,0,0.8125,0.8125,0.8125,0.84375,0.84375,0.84375,1., 0001437P0002798
1.,1.,0.839628342,0.123609918,0.,0.855368585,0.135286183,0.,     0001437P0002799
0.87024048,0.147941132,0.,0.8125,0.84375,0.,0.,1.;               0001437P0002800
126,2,2,1,0,1,0,0.84375,0.84375,0.84375,0.875,0.875,0.875,1.,1., 0001439P0002801
1.,0.87024048,0.147941132,0.,0.885536552,0.160957028,0.,         0001439P0002802
0.899793047,0.174904931,0.,0.84375,0.875,0.,0.,1.;               0001439P0002803
126,2,2,1,0,1,0,0.875,0.875,0.875,0.90625,0.90625,0.90625,1.,1., 0001441P0002804
1.,0.899793047,0.174904931,0.,0.91437005,0.189166406,0.,         0001441P0002805
0.927734366,0.20427886,0.,0.875,0.90625,0.,0.,1.;                0001441P0002806
126,2,2,1,0,1,0,0.90625,0.90625,0.90625,0.9375,0.9375,0.9375,1., 0001443P0002807
1.,1.,0.927734366,0.20427886,0.,0.9415288,0.219877694,0.,        0001443P0002808
0.953906233,0.23624197,0.,0.90625,0.9375,0.,0.,1.;               0001443P0002809
126,2,2,1,0,1,0,0.9375,0.9375,0.9375,0.96875,0.96875,0.96875,1., 0001445P0002810
1.,1.,0.953906233,0.23624197,0.,0.966823774,0.253320325,0.,      0001445P0002811
0.978099531,0.271100259,0.,0.9375,0.96875,0.,0.,1.;              0001445P0002812
126,2,2,1,0,1,0,0.96875,0.96875,0.96875,1.,1.,1.,1.,1.,1.,       0001447P0002813
0.978099531,0.271100259,0.,0.990024937,0.28990458,0.,1.,         0001447P0002814
0.309313569,0.,0.96875,1.,0.,0.,1.;                              0001447P0002815
126,1,1,1,0,1,0,1.667491898E-04,1.667491898E-04,27.649564895,    0001449P0002816
27.649564895,1.,1.,1.,0.309313569,0.,1.,0.690686431,0.,          0001449P0002817
1.667491898E-04,27.649564895,0.,0.,1.;                           0001449P0002818
126,2,2,1,0,1,0,0.,0.,0.,3.125E-02,3.125E-02,3.125E-02,1.,1.,1., 0001451P0002819
1.,0.690686431,0.,0.990026974,0.710091457,0.,0.978104388,        0001451P0002820
0.728892082,0.,0.,3.125E-02,0.,0.,1.;                            0001451P0002821
126,2,2,1,0,1,0,3.125E-02,3.125E-02,3.125E-02,6.25E-02,6.25E-02, 0001453P0002822
6.25E-02,1.,1.,1.,0.978104388,0.728892082,0.,0.966764341,        0001453P0002823
0.746774105,0.,0.953763947,0.76394606,0.,3.125E-02,6.25E-02,0.,  0001453P0002824
0.,1.;                                                           0001453P0002825
126,2,2,1,0,1,0,6.25E-02,6.25E-02,6.25E-02,9.375E-02,9.375E-02,  0001455P0002826
9.375E-02,1.,1.,1.,0.953763947,0.76394606,0.,0.941244685,        0001455P0002827
0.780482498,0.,0.927278963,0.796235467,0.,6.25E-02,9.375E-02,0., 0001455P0002828
0.,1.;                                                           0001455P0002829
126,2,2,1,0,1,0,9.375E-02,9.375E-02,9.375E-02,0.125,0.125,0.125, 0001457P0002830
1.,1.,1.,0.927278963,0.796235467,0.,0.913795613,0.811444334,0.,  0001457P0002831
0.899084485,0.82578709,0.,9.375E-02,0.125,0.,0.,1.;              0001457P0002832
126,2,2,1,0,1,0,0.125,0.125,0.125,0.15625,0.15625,0.15625,1.,1., 0001459P0002833
1.,0.899084485,0.82578709,0.,0.88489061,0.839625544,0.,          0001459P0002834
0.869672802,0.852541296,0.,0.125,0.15625,0.,0.,1.;               0001459P0002835
126,2,2,1,0,1,0,0.15625,0.15625,0.15625,0.1875,0.1875,0.1875,1., 0001461P0002836
1.,1.,0.869672802,0.852541296,0.,0.854843076,0.865127672,0.,     0001461P0002837
0.839153874,0.876741678,0.,0.15625,0.1875,0.,0.,1.;              0001461P0002838
126,2,2,1,0,1,0,0.1875,0.1875,0.1875,0.25,0.25,0.25,1.,1.,1.,    0001463P0002839
0.839153874,0.876741678,0.,0.808438081,0.899479188,0.,           0001463P0002840
0.775055009,0.918053575,0.,0.1875,0.25,0.,0.,1.;                 0001463P0002841
126,2,2,1,0,1,0,0.25,0.25,0.25,0.3125,0.3125,0.3125,1.,1.,1.,    0001465P0002842
0.775055009,0.918053575,0.,0.742623098,0.936098734,0.,           0001465P0002843
0.708377338,0.949816634,0.,0.25,0.3125,0.,0.,1.;                 0001465P0002844
126,2,2,1,0,1,0,0.3125,0.3125,0.3125,0.375,0.375,0.375,1.,1.,1., 0001467P0002845
0.708377338,0.949816634,0.,0.674850189,0.963246679,0.,           0001467P0002846
0.640167321,0.972292187,0.,0.3125,0.375,0.,0.,1.;                0001467P0002847
126,2,2,1,0,1,0,0.375,0.375,0.375,0.4375,0.4375,0.4375,1.,1.,1., 0001469P0002848
0.640167321,0.972292187,0.,0.605649294,0.981294704,0.,           0001469P0002849
0.570481469,0.98582275,0.,0.375,0.4375,0.,0.,1.;                 0001469P0002850
126,2,2,1,0,1,0,0.4375,0.4375,0.4375,0.5,0.5,0.5,1.,1.,1.,       0001471P0002851
0.570481469,0.98582275,0.,0.535158865,0.990370724,0.,            0001471P0002852
0.499625186,0.990346538,0.,0.4375,0.5,0.,0.,1.;                  0001471P0002853
126,2,2,1,0,1,0,0.5,0.5,0.5,0.5625,0.5625,0.5625,1.,1.,1.,       0001473P0002854
0.499625186,0.990346538,0.,0.464301176,0.990322495,0.,           0001473P0002855
0.429188987,0.985780219,0.,0.5,0.5625,0.,0.,1.;                  0001473P0002856
126,2,2,1,0,1,0,0.5625,0.5625,0.5625,0.625,0.625,0.625,1.,1.,1., 0001475P0002857
0.429188987,0.985780219,0.,0.393965781,0.981223581,0.,           0001475P0002858
0.359397044,0.972178386,0.,0.5625,0.625,0.,0.,1.;                0001475P0002859
126,2,2,1,0,1,0,0.625,0.625,0.625,0.6875,0.6875,0.6875,1.,1.,1., 0001477P0002860
0.359397044,0.972178386,0.,0.324332863,0.963003553,0.,           0001477P0002861
0.290456883,0.949348184,0.,0.625,0.6875,0.,0.,1.;                0001477P0002862
126,2,2,1,0,1,0,0.6875,0.6875,0.6875,0.75,0.75,0.75,1.,1.,1.,    0001479P0002863
0.290456883,0.949348184,0.,0.25630037,0.935579732,0.,            0001479P0002864
0.223961352,0.917505042,0.,0.6875,0.75,0.,0.,1.;                 0001479P0002865
126,2,2,1,0,1,0,0.75,0.75,0.75,0.8125,0.8125,0.8125,1.,1.,1.,    0001481P0002866
0.223961352,0.917505042,0.,0.190847129,0.898997081,0.,           0001481P0002867
0.160371658,0.876390082,0.,0.75,0.8125,0.,0.,1.;                 0001481P0002868
126,2,2,1,0,1,0,0.8125,0.8125,0.8125,0.84375,0.84375,0.84375,1., 0001483P0002869
1.,1.,0.160371658,0.876390082,0.,0.144631415,0.864713817,0.,     0001483P0002870
0.129759521,0.852058868,0.,0.8125,0.84375,0.,0.,1.;              0001483P0002871
126,2,2,1,0,1,0,0.84375,0.84375,0.84375,0.875,0.875,0.875,1.,1., 0001485P0002872
1.,0.129759521,0.852058868,0.,0.114463448,0.839042972,0.,        0001485P0002873
0.100206953,0.825095069,0.,0.84375,0.875,0.,0.,1.;               0001485P0002874
126,2,2,1,0,1,0,0.875,0.875,0.875,0.90625,0.90625,0.90625,1.,1., 0001487P0002875
1.,0.100206953,0.825095069,0.,8.562995E-02,0.810833594,0.,       0001487P0002876
7.2265634E-02,0.79572114,0.,0.875,0.90625,0.,0.,1.;              0001487P0002877
126,2,2,1,0,1,0,0.90625,0.90625,0.90625,0.9375,0.9375,0.9375,1., 0001489P0002878
1.,1.,7.2265634E-02,0.79572114,0.,5.84712E-02,0.780122306,0.,    0001489P0002879
4.6093767E-02,0.76375803,0.,0.90625,0.9375,0.,0.,1.;             0001489P0002880
126,2,2,1,0,1,0,0.9375,0.9375,0.9375,0.96875,0.96875,0.96875,1., 0001491P0002881
1.,1.,4.6093767E-02,0.76375803,0.,3.3176226E-02,0.746679675,0.,  0001491P0002882
2.1900469E-02,0.728899741,0.,0.9375,0.96875,0.,0.,1.;            0001491P0002883
126,2,2,1,0,1,0,0.96875,0.96875,0.96875,1.,1.,1.,1.,1.,1.,       0001493P0002884
2.1900469E-02,0.728899741,0.,9.975063E-03,0.71009542,0.,0.,      0001493P0002885
0.690686431,0.,0.96875,1.,0.,0.,1.;                              0001493P0002886
102,46,1497,1499,1501,1503,1505,1507,1509,1511,1513,1515,1517,   0001495P0002887
1519,1521,1523,1525,1527,1529,1531,1533,1535,1537,1539,1541,     0001495P0002888
1543,1545,1547,1549,1551,1553,1555,1557,1559,1561,1563,1565,     0001495P0002889
1567,1569,1571,1573,1575,1577,1579,1581,1583,1585,1587;          0001495P0002890
110,47.4,13.824699022,0.625,47.4,-13.824699038,0.625;            0001497P0002891
126,2,2,1,0,1,0,0.,0.,0.,3.125E-02,3.125E-02,3.125E-02,1.,1.,1., 0001499P0002892
47.4,-13.824699053,0.624999989,47.4,-15.2315566,1.609836307,     0001499P0002893
47.4,-16.594595287,2.787191674,0.,3.125E-02,-1.,0.,0.;           0001499P0002894
126,2,2,1,0,1,0,3.125E-02,3.125E-02,3.125E-02,6.25E-02,6.25E-02, 0001501P0002895
6.25E-02,1.,1.,1.,47.4,-16.594595287,2.787191674,47.4,           0001501P0002896
-17.891035654,3.907021316,47.4,-19.13599634,5.190810223,         0001501P0002897
3.125E-02,6.25E-02,-1.,0.,0.;                                    0001501P0002898
126,2,2,1,0,1,0,6.25E-02,6.25E-02,6.25E-02,9.375E-02,9.375E-02,  0001503P0002899
9.375E-02,1.,1.,1.,47.4,-19.13599634,5.190810223,47.4,           0001503P0002900
-20.334882195,6.427087346,47.4,-21.476966969,7.806202394,        0001503P0002901
6.25E-02,9.375E-02,-1.,0.,0.;                                    0001503P0002902
126,2,2,1,0,1,0,9.375E-02,9.375E-02,9.375E-02,0.125,0.125,0.125, 0001505P0002903
1.,1.,1.,47.4,-21.476966969,7.806202394,47.4,-22.579604467,      0001505P0002904
9.137683206,47.4,-23.619449151,10.590407096,9.375E-02,0.125,-1., 0001505P0002905
0.,0.;                                                           0001505P0002906
126,2,2,1,0,1,0,0.125,0.125,0.125,0.15625,0.15625,0.15625,1.,1., 0001507P0002907
1.,47.4,-23.619449151,10.590407096,47.4,-24.622732262,           0001507P0002908
11.992052253,47.4,-25.559119731,13.494810793,0.125,0.15625,-1.,  0001507P0002909
0.,0.;                                                           0001507P0002910
126,2,2,1,0,1,0,0.15625,0.15625,0.15625,0.1875,0.1875,0.1875,1., 0001509P0002911
1.,1.,47.4,-25.559119731,13.494810793,47.4,-26.471627555,        0001509P0002912
14.959246236,47.4,-27.313638825,16.508554933,0.15625,0.1875,-1., 0001509P0002913
0.,0.;                                                           0001509P0002914
126,2,2,1,0,1,0,0.1875,0.1875,0.1875,0.25,0.25,0.25,1.,1.,1.,    0001511P0002915
47.4,-27.313638825,16.508554933,47.4,-28.962100361,19.541739492, 0001511P0002916
47.4,-30.308736873,22.838317853,0.1875,0.25,-1.,0.,0.;           0001511P0002917
126,2,2,1,0,1,0,0.25,0.25,0.25,0.3125,0.3125,0.3125,1.,1.,1.,    0001513P0002918
47.4,-30.308736873,22.838317853,47.4,-31.617004541,26.040969064, 0001513P0002919
47.4,-32.611547458,29.422737865,0.25,0.3125,-1.,0.,0.;           0001513P0002920
126,2,2,1,0,1,0,0.3125,0.3125,0.3125,0.375,0.375,0.375,1.,1.,1., 0001515P0002921
47.4,-32.611547458,29.422737865,47.4,-33.585220988,32.733543829, 0001515P0002922
47.4,-34.24101713,36.158477044,0.3125,0.375,-1.,0.,0.;           0001515P0002923
126,2,2,1,0,1,0,0.375,0.375,0.375,0.4375,0.4375,0.4375,1.,1.,1., 0001517P0002924
47.4,-34.24101713,36.158477044,47.4,-34.89369644,39.567132211,   0001517P0002925
47.4,-35.22197818,43.03995493,0.375,0.4375,-1.,0.,0.;            0001517P0002926
126,2,2,1,0,1,0,0.4375,0.4375,0.4375,0.5,0.5,0.5,1.,1.,1.,47.4,  0001519P0002927
-35.22197818,43.03995493,47.4,-35.551704692,46.528062075,47.4,   0001519P0002928
-35.549951215,50.037012877,0.4375,0.5,-1.,0.,0.;                 0001519P0002929
126,2,2,1,0,1,0,0.5,0.5,0.5,0.5625,0.5625,0.5625,1.,1.,1.,47.4,  0001521P0002930
-35.549951215,50.037012877,47.4,-35.548208106,53.525258865,47.4, 0001521P0002931
-35.218894697,56.992587529,0.5,0.5625,-1.,0.,0.;                 0001521P0002932
126,2,2,1,0,1,0,0.5625,0.5625,0.5625,0.625,0.625,0.625,1.,1.,1., 0001523P0002933
47.4,-35.218894697,56.992587529,47.4,-34.888540048,60.470879122, 0001523P0002934
47.4,-34.232766598,63.884541901,0.5625,0.625,-1.,0.,0.;          0001523P0002935
126,2,2,1,0,1,0,0.625,0.625,0.625,0.6875,0.6875,0.6875,1.,1.,1., 0001525P0002936
47.4,-34.232766598,63.884541901,47.4,-33.567594438,67.347129775, 0001525P0002937
47.4,-32.577584998,70.692382801,0.625,0.6875,-1.,0.,0.;          0001525P0002938
126,2,2,1,0,1,0,0.6875,0.6875,0.6875,0.75,0.75,0.75,1.,1.,1.,    0001527P0002939
47.4,-32.577584998,70.692382801,47.4,-31.579377079,74.06533846,  0001527P0002940
47.4,-30.268968424,77.258816586,0.6875,0.75,-1.,0.,0.;           0001527P0002941
126,2,2,1,0,1,0,0.75,0.75,0.75,0.8125,0.8125,0.8125,1.,1.,1.,    0001529P0002942
47.4,-30.268968424,77.258816586,47.4,-28.927147773,80.528846009, 0001529P0002943
47.4,-27.288148312,83.538298771,0.75,0.8125,-1.,0.,0.;           0001529P0002944
126,2,2,1,0,1,0,0.8125,0.8125,0.8125,0.84375,0.84375,0.84375,1., 0001531P0002945
1.,1.,47.4,-27.288148312,83.538298771,47.4,-26.441623214,        0001531P0002946
85.092647767,47.4,-25.524143871,86.561247399,0.8125,0.84375,-1., 0001531P0002947
0.,0.;                                                           0001531P0002948
126,2,2,1,0,1,0,0.84375,0.84375,0.84375,0.875,0.875,0.875,1.,1., 0001533P0002949
1.,47.4,-25.524143871,86.561247399,47.4,-24.580495997,           0001533P0002950
88.071734509,47.4,-23.569277945,89.47956339,0.84375,0.875,-1.,   0001533P0002951
0.,0.;                                                           0001533P0002952
126,2,2,1,0,1,0,0.875,0.875,0.875,0.90625,0.90625,0.90625,1.,1., 0001535P0002953
1.,47.4,-23.569277945,89.47956339,47.4,-22.535326033,            0001535P0002954
90.919042437,47.4,-21.439678443,92.238768642,0.875,0.90625,-1.,  0001535P0002955
0.,0.;                                                           0001535P0002956
126,2,2,1,0,1,0,0.90625,0.90625,0.90625,0.9375,0.9375,0.9375,1., 0001537P0002957
1.,1.,47.4,-21.439678443,92.238768642,47.4,-20.308768475,        0001537P0002958
93.600968999,47.4,-19.122364231,94.823240508,0.90625,0.9375,-1., 0001537P0002959
0.,0.;                                                           0001537P0002960
126,2,2,1,0,1,0,0.9375,0.9375,0.9375,0.96875,0.96875,0.96875,1., 0001539P0002961
1.,1.,47.4,-19.122364231,94.823240508,47.4,-17.884189512,        0001539P0002962
96.098847682,47.4,-16.595150562,97.212328686,0.9375,0.96875,-1., 0001539P0002963
0.,0.;                                                           0001539P0002964
126,2,2,1,0,1,0,0.96875,0.96875,0.96875,1.,1.,1.,1.,1.,1.,47.4,  0001541P0002965
-16.595150562,97.212328686,47.4,-15.231843916,98.389962529,47.4, 0001541P0002966
-13.824699053,99.375,0.96875,1.,-1.,0.,0.;                       0001541P0002967
110,47.4,-13.824699069,99.375,47.4,13.824699077,99.375;          0001543P0002968
126,2,2,1,0,1,0,0.,0.,0.,3.125E-02,3.125E-02,3.125E-02,1.,1.,1., 0001545P0002969
47.4,13.824699053,99.375,47.4,15.2315566,98.390163682,47.4,      0001545P0002970
16.594595287,97.212808315,0.,3.125E-02,-1.,0.,0.;                0001545P0002971
126,2,2,1,0,1,0,3.125E-02,3.125E-02,3.125E-02,6.25E-02,6.25E-02, 0001547P0002972
6.25E-02,1.,1.,1.,47.4,16.594595287,97.212808315,47.4,           0001547P0002973
17.891035654,96.092978673,47.4,19.13599634,94.809189766,         0001547P0002974
3.125E-02,6.25E-02,-1.,0.,0.;                                    0001547P0002975
126,2,2,1,0,1,0,6.25E-02,6.25E-02,6.25E-02,9.375E-02,9.375E-02,  0001549P0002976
9.375E-02,1.,1.,1.,47.4,19.13599634,94.809189766,47.4,           0001549P0002977
20.334882268,93.572912643,47.4,21.476966969,92.193797595,        0001549P0002978
6.25E-02,9.375E-02,-1.,0.,0.;                                    0001549P0002979
126,2,2,1,0,1,0,9.375E-02,9.375E-02,9.375E-02,0.125,0.125,0.125, 0001551P0002980
1.,1.,1.,47.4,21.476966969,92.193797595,47.4,22.579604467,       0001551P0002981
90.862316783,47.4,23.619449223,89.409592893,9.375E-02,0.125,-1., 0001551P0002982
0.,0.;                                                           0001551P0002983
126,2,2,1,0,1,0,0.125,0.125,0.125,0.15625,0.15625,0.15625,1.,1., 0001553P0002984
1.,47.4,23.619449223,89.409592893,47.4,24.622732262,             0001553P0002985
88.007947736,47.4,25.559119731,86.505189196,0.125,0.15625,-1.,   0001553P0002986
0.,0.;                                                           0001553P0002987
126,2,2,1,0,1,0,0.15625,0.15625,0.15625,0.1875,0.1875,0.1875,1., 0001555P0002988
1.,1.,47.4,25.559119731,86.505189196,47.4,26.471627555,          0001555P0002989
85.040753753,47.4,27.313638898,83.491445056,0.15625,0.1875,-1.,  0001555P0002990
0.,0.;                                                           0001555P0002991
126,2,2,1,0,1,0,0.1875,0.1875,0.1875,0.25,0.25,0.25,1.,1.,1.,    0001557P0002992
47.4,27.313638898,83.491445056,47.4,28.962100361,80.458260497,   0001557P0002993
47.4,30.308736873,77.161682136,0.1875,0.25,-1.,0.,0.;            0001557P0002994
126,2,2,1,0,1,0,0.25,0.25,0.25,0.3125,0.3125,0.3125,1.,1.,1.,    0001559P0002995
47.4,30.308736873,77.161682136,47.4,31.617004541,73.959030925,   0001559P0002996
47.4,32.611547458,70.577262124,0.25,0.3125,-1.,0.,0.;            0001559P0002997
126,2,2,1,0,1,0,0.3125,0.3125,0.3125,0.375,0.375,0.375,1.,1.,1., 0001561P0002998
47.4,32.611547458,70.577262124,47.4,33.585220988,67.26645616,    0001561P0002999
47.4,34.24101713,63.841522945,0.3125,0.375,-1.,0.,0.;            0001561P0003000
126,2,2,1,0,1,0,0.375,0.375,0.375,0.4375,0.4375,0.4375,1.,1.,1., 0001563P0003001
47.4,34.24101713,63.841522945,47.4,34.89369644,60.432867778,     0001563P0003002
47.4,35.22197818,56.960045059,0.375,0.4375,-1.,0.,0.;            0001563P0003003
126,2,2,1,0,1,0,0.4375,0.4375,0.4375,0.5,0.5,0.5,1.,1.,1.,47.4,  0001565P0003004
35.22197818,56.960045059,47.4,35.551704692,53.471937914,47.4,    0001565P0003005
35.549951215,49.962987112,0.4375,0.5,-1.,0.,0.;                  0001565P0003006
126,2,2,1,0,1,0,0.5,0.5,0.5,0.5625,0.5625,0.5625,1.,1.,1.,47.4,  0001567P0003007
35.549951215,49.962987112,47.4,35.548208106,46.474741124,47.4,   0001567P0003008
35.218894697,43.00741246,0.5,0.5625,-1.,0.,0.;                   0001567P0003009
126,2,2,1,0,1,0,0.5625,0.5625,0.5625,0.625,0.625,0.625,1.,1.,1., 0001569P0003010
47.4,35.218894697,43.00741246,47.4,34.888540048,39.529120867,    0001569P0003011
47.4,34.232766598,36.115458088,0.5625,0.625,-1.,0.,0.;           0001569P0003012
126,2,2,1,0,1,0,0.625,0.625,0.625,0.6875,0.6875,0.6875,1.,1.,1., 0001571P0003013
47.4,34.232766598,36.115458088,47.4,33.567594438,32.652870214,   0001571P0003014
47.4,32.577584998,29.307617189,0.625,0.6875,-1.,0.,0.;           0001571P0003015
126,2,2,1,0,1,0,0.6875,0.6875,0.6875,0.75,0.75,0.75,1.,1.,1.,    0001573P0003016
47.4,32.577584998,29.307617189,47.4,31.579377079,25.934661529,   0001573P0003017
47.4,30.268968424,22.741183502,0.6875,0.75,-1.,0.,0.;            0001573P0003018
126,2,2,1,0,1,0,0.75,0.75,0.75,0.8125,0.8125,0.8125,1.,1.,1.,    0001575P0003019
47.4,30.268968424,22.741183502,47.4,28.927147773,19.47115398,    0001575P0003020
47.4,27.288148312,16.461701218,0.75,0.8125,-1.,0.,0.;            0001575P0003021
126,2,2,1,0,1,0,0.8125,0.8125,0.8125,0.84375,0.84375,0.84375,1., 0001577P0003022
1.,1.,47.4,27.288148312,16.461701218,47.4,26.441623214,          0001577P0003023
14.907352222,47.4,25.524143871,13.438752689,0.8125,0.84375,-1.,  0001577P0003024
0.,0.;                                                           0001577P0003025
126,2,2,1,0,1,0,0.84375,0.84375,0.84375,0.875,0.875,0.875,1.,1., 0001579P0003026
1.,47.4,25.524143871,13.438752689,47.4,24.580495997,11.92826548, 0001579P0003027
47.4,23.569277945,10.520436599,0.84375,0.875,-1.,0.,0.;          0001579P0003028
126,2,2,1,0,1,0,0.875,0.875,0.875,0.90625,0.90625,0.90625,1.,1., 0001581P0003029
1.,47.4,23.569277945,10.520436599,47.4,22.535326033,9.080957553, 0001581P0003030
47.4,21.439678443,7.761231347,0.875,0.90625,-1.,0.,0.;           0001581P0003031
126,2,2,1,0,1,0,0.90625,0.90625,0.90625,0.9375,0.9375,0.9375,1., 0001583P0003032
1.,1.,47.4,21.439678443,7.761231347,47.4,20.308768475,           0001583P0003033
6.39903099,47.4,19.122364231,5.176759481,0.90625,0.9375,-1.,0.,  0001583P0003034
0.;                                                              0001583P0003035
126,2,2,1,0,1,0,0.9375,0.9375,0.9375,0.96875,0.96875,0.96875,1., 0001585P0003036
1.,1.,47.4,19.122364231,5.176759481,47.4,17.884189512,           0001585P0003037
3.901152307,47.4,16.595150562,2.787671303,0.9375,0.96875,-1.,0., 0001585P0003038
0.;                                                              0001585P0003039
126,2,2,1,0,1,0,0.96875,0.96875,0.96875,1.,1.,1.,1.,1.,1.,47.4,  0001587P0003040
16.595150562,2.787671303,47.4,15.231843916,1.61003746,47.4,      0001587P0003041
13.824699053,0.624999989,0.96875,1.,-1.,0.,0.;                   0001587P0003042
144,1591,1,0,1593;                                               0001589P0003043
128,1,1,1,1,0,0,1,0,0,0.,0.,1.,1.,0.,0.,1.,1.,1.,1.,1.,1.,       0001591P0003044
-36.249818354,47.4,99.375,-36.249818354,47.4,0.624999989,        0001591P0003045
36.249820202,47.4,99.375,36.249820202,47.4,0.624999989,0.,1.,    0001591P0003046
9.629241E-03,0.990370735;                                        0001591P0003047
142,0,1591,1595,1689,3;                                          0001593P0003048
102,46,1597,1599,1601,1603,1605,1607,1609,1611,1613,1615,1617,   0001595P0003049
1619,1621,1623,1625,1627,1629,1631,1633,1635,1637,1639,1641,     0001595P0003050
1643,1645,1647,1649,1651,1653,1655,1657,1659,1661,1663,1665,     0001595P0003051
1667,1669,1671,1673,1675,1677,1679,1681,1683,1685,1687;          0001595P0003052
126,1,1,1,0,1,0,3.378483155E-04,3.378483155E-04,27.649727196,    0001597P0003053
27.649727196,1.,1.,1.,0.309313592,0.,1.,0.690686381,0.,          0001597P0003054
3.378483155E-04,27.649727196,0.,0.,1.;                           0001597P0003055
126,2,2,1,0,1,0,0.,0.,0.,3.125E-02,3.125E-02,3.125E-02,1.,1.,1., 0001599P0003056
1.,0.690686381,0.,0.990026958,0.710091369,0.,0.97810435,         0001599P0003057
0.728892002,0.,0.,3.125E-02,0.,0.,1.;                            0001599P0003058
126,2,2,1,0,1,0,3.125E-02,3.125E-02,3.125E-02,6.25E-02,6.25E-02, 0001601P0003059
6.25E-02,1.,1.,1.,0.97810435,0.728892002,0.,0.966764286,         0001601P0003060
0.746774028,0.,0.953763899,0.763945984,0.,3.125E-02,6.25E-02,0., 0001601P0003061
0.,1.;                                                           0001601P0003062
126,2,2,1,0,1,0,6.25E-02,6.25E-02,6.25E-02,9.375E-02,9.375E-02,  0001603P0003063
9.375E-02,1.,1.,1.,0.953763899,0.763945984,0.,0.941244621,       0001603P0003064
0.780482452,0.,0.927278922,0.796235418,0.,6.25E-02,9.375E-02,0., 0001603P0003065
0.,1.;                                                           0001603P0003066
126,2,2,1,0,1,0,9.375E-02,9.375E-02,9.375E-02,0.125,0.125,0.125, 0001605P0003067
1.,1.,1.,0.927278922,0.796235418,0.,0.91379557,0.811444308,0.,   0001605P0003068
0.89908446,0.825787066,0.,9.375E-02,0.125,0.,0.,1.;              0001605P0003069
126,2,2,1,0,1,0,0.125,0.125,0.125,0.15625,0.15625,0.15625,1.,1., 0001607P0003070
1.,0.89908446,0.825787066,0.,0.88489059,0.839625535,0.,          0001607P0003071
0.86967279,0.852541293,0.,0.125,0.15625,0.,0.,1.;                0001607P0003072
126,2,2,1,0,1,0,0.15625,0.15625,0.15625,0.1875,0.1875,0.1875,1., 0001609P0003073
1.,1.,0.86967279,0.852541293,0.,0.854843071,0.865127676,0.,      0001609P0003074
0.839153871,0.876741687,0.,0.15625,0.1875,0.,0.,1.;              0001609P0003075
126,2,2,1,0,1,0,0.1875,0.1875,0.1875,0.25,0.25,0.25,1.,1.,1.,    0001611P0003076
0.839153871,0.876741687,0.,0.808438094,0.899479198,0.,           0001611P0003077
0.77505501,0.918053592,0.,0.1875,0.25,0.,0.,1.;                  0001611P0003078
126,2,2,1,0,1,0,0.25,0.25,0.25,0.3125,0.3125,0.3125,1.,1.,1.,    0001613P0003079
0.77505501,0.918053592,0.,0.742623106,0.936098748,0.,            0001613P0003080
0.708377339,0.949816649,0.,0.25,0.3125,0.,0.,1.;                 0001613P0003081
126,2,2,1,0,1,0,0.3125,0.3125,0.3125,0.375,0.375,0.375,1.,1.,1., 0001615P0003082
0.708377339,0.949816649,0.,0.67485019,0.963246692,0.,            0001615P0003083
0.640167322,0.972292199,0.,0.3125,0.375,0.,0.,1.;                0001615P0003084
126,2,2,1,0,1,0,0.375,0.375,0.375,0.4375,0.4375,0.4375,1.,1.,1., 0001617P0003085
0.640167322,0.972292199,0.,0.605649295,0.981294715,0.,           0001617P0003086
0.570481471,0.985822761,0.,0.375,0.4375,0.,0.,1.;                0001617P0003087
126,2,2,1,0,1,0,0.4375,0.4375,0.4375,0.5,0.5,0.5,1.,1.,1.,       0001619P0003088
0.570481471,0.985822761,0.,0.535158867,0.990370735,0.,           0001619P0003089
0.499625189,0.990346549,0.,0.4375,0.5,0.,0.,1.;                  0001619P0003090
126,2,2,1,0,1,0,0.5,0.5,0.5,0.5625,0.5625,0.5625,1.,1.,1.,       0001621P0003091
0.499625189,0.990346549,0.,0.464301178,0.990322506,0.,           0001621P0003092
0.429188989,0.98578023,0.,0.5,0.5625,0.,0.,1.;                   0001621P0003093
126,2,2,1,0,1,0,0.5625,0.5625,0.5625,0.625,0.625,0.625,1.,1.,1., 0001623P0003094
0.429188989,0.98578023,0.,0.393965782,0.981223592,0.,            0001623P0003095
0.359397044,0.972178397,0.,0.5625,0.625,0.,0.,1.;                0001623P0003096
126,2,2,1,0,1,0,0.625,0.625,0.625,0.6875,0.6875,0.6875,1.,1.,1., 0001625P0003097
0.359397044,0.972178397,0.,0.324332861,0.963003566,0.,           0001625P0003098
0.290456882,0.949348198,0.,0.625,0.6875,0.,0.,1.;                0001625P0003099
126,2,2,1,0,1,0,0.6875,0.6875,0.6875,0.75,0.75,0.75,1.,1.,1.,    0001627P0003100
0.290456882,0.949348198,0.,0.256300361,0.935579745,0.,           0001627P0003101
0.22396135,0.917505059,0.,0.6875,0.75,0.,0.,1.;                  0001627P0003102
126,2,2,1,0,1,0,0.75,0.75,0.75,0.8125,0.8125,0.8125,1.,1.,1.,    0001629P0003103
0.22396135,0.917505059,0.,0.190847114,0.89899709,0.,0.160371657, 0001629P0003104
0.876390088,0.,0.75,0.8125,0.,0.,1.;                             0001629P0003105
126,2,2,1,0,1,0,0.8125,0.8125,0.8125,0.84375,0.84375,0.84375,1., 0001631P0003106
1.,1.,0.160371657,0.876390088,0.,0.144631413,0.864713815,0.,     0001631P0003107
0.129759522,0.852058855,0.,0.8125,0.84375,0.,0.,1.;              0001631P0003108
126,2,2,1,0,1,0,0.84375,0.84375,0.84375,0.875,0.875,0.875,1.,1., 0001633P0003109
1.,0.129759522,0.852058855,0.,0.114463457,0.839042953,0.,        0001633P0003110
0.100206966,0.825095033,0.,0.84375,0.875,0.,0.,1.;               0001633P0003111
126,2,2,1,0,1,0,0.875,0.875,0.875,0.90625,0.90625,0.90625,1.,1., 0001635P0003112
1.,0.100206966,0.825095033,0.,8.562998E-02,0.810833555,0.,       0001635P0003113
7.2265663E-02,0.795721077,0.,0.875,0.90625,0.,0.,1.;             0001635P0003114
126,2,2,1,0,1,0,0.90625,0.90625,0.90625,0.9375,0.9375,0.9375,1., 0001637P0003115
1.,1.,7.2265663E-02,0.795721077,0.,5.8471254E-02,0.780122247,0., 0001637P0003116
4.6093807E-02,0.763757944,0.,0.90625,0.9375,0.,0.,1.;            0001637P0003117
126,2,2,1,0,1,0,0.9375,0.9375,0.9375,0.96875,0.96875,0.96875,1., 0001639P0003118
1.,1.,4.6093807E-02,0.763757944,0.,3.3176275E-02,0.74667959,0.,  0001639P0003119
2.1900503E-02,0.728899655,0.,0.9375,0.96875,0.,0.,1.;            0001639P0003120
126,2,2,1,0,1,0,0.96875,0.96875,0.96875,1.,1.,1.,1.,1.,1.,       0001641P0003121
2.1900503E-02,0.728899655,0.,9.975077E-03,0.710095329,0.,0.,     0001641P0003122
0.690686381,0.,0.96875,1.,0.,0.,1.;                              0001641P0003123
126,1,1,1,0,1,0,1.689966576E-04,1.689966576E-04,27.649558373,    0001643P0003124
27.649558373,1.,1.,0.,0.690686381,0.,0.,0.309313592,0.,          0001643P0003125
1.689966576E-04,27.649558373,0.,0.,1.;                           0001643P0003126
126,2,2,1,0,1,0,0.,0.,0.,3.125E-02,3.125E-02,3.125E-02,1.,1.,1., 0001645P0003127
0.,0.309313592,0.,9.973041E-03,0.289908608,0.,2.1895652E-02,     0001645P0003128
0.271107974,0.,0.,3.125E-02,0.,0.,1.;                            0001645P0003129
126,2,2,1,0,1,0,3.125E-02,3.125E-02,3.125E-02,6.25E-02,6.25E-02, 0001647P0003130
6.25E-02,1.,1.,1.,2.1895652E-02,0.271107974,0.,3.3235715E-02,    0001647P0003131
0.253225952,0.,4.6236104E-02,0.236053993,0.,3.125E-02,6.25E-02,  0001647P0003132
0.,0.,1.;                                                        0001647P0003133
126,2,2,1,0,1,0,6.25E-02,6.25E-02,6.25E-02,9.375E-02,9.375E-02,  0001649P0003134
9.375E-02,1.,1.,1.,4.6236104E-02,0.236053993,0.,5.8755383E-02,   0001649P0003135
0.219517525,0.,7.272108E-02,0.203764558,0.,6.25E-02,9.375E-02,   0001649P0003136
0.,0.,1.;                                                        0001649P0003137
126,2,2,1,0,1,0,9.375E-02,9.375E-02,9.375E-02,0.125,0.125,0.125, 0001651P0003138
1.,1.,1.,7.272108E-02,0.203764558,0.,8.6204433E-02,0.188555665,  0001651P0003139
0.,0.10091554,0.174212905,0.,9.375E-02,0.125,0.,0.,1.;           0001651P0003140
126,2,2,1,0,1,0,0.125,0.125,0.125,0.15625,0.15625,0.15625,1.,1., 0001653P0003141
1.,0.10091554,0.174212905,0.,0.115109411,0.160374432,0.,         0001653P0003142
0.130327208,0.147458673,0.,0.125,0.15625,0.,0.,1.;               0001653P0003143
126,2,2,1,0,1,0,0.15625,0.15625,0.15625,0.1875,0.1875,0.1875,1., 0001655P0003144
1.,1.,0.130327208,0.147458673,0.,0.145156928,0.134872286,0.,     0001655P0003145
0.160846126,0.123258274,0.,0.15625,0.1875,0.,0.,1.;              0001655P0003146
126,2,2,1,0,1,0,0.1875,0.1875,0.1875,0.25,0.25,0.25,1.,1.,1.,    0001657P0003147
0.160846126,0.123258274,0.,0.191561901,0.100520758,0.,           0001657P0003148
0.224944984,8.1946365E-02,0.,0.1875,0.25,0.,0.,1.;               0001657P0003149
126,2,2,1,0,1,0,0.25,0.25,0.25,0.3125,0.3125,0.3125,1.,1.,1.,    0001659P0003150
0.224944984,8.1946365E-02,0.,0.257376886,6.390121E-02,0.,        0001659P0003151
0.291622659,5.0183311E-02,0.,0.25,0.3125,0.,0.,1.;               0001659P0003152
126,2,2,1,0,1,0,0.3125,0.3125,0.3125,0.375,0.375,0.375,1.,1.,1., 0001661P0003153
0.291622659,5.0183311E-02,0.,0.325149805,3.6753273E-02,0.,       0001661P0003154
0.359832677,2.7707768E-02,0.,0.3125,0.375,0.,0.,1.;              0001661P0003155
126,2,2,1,0,1,0,0.375,0.375,0.375,0.4375,0.4375,0.4375,1.,1.,1., 0001663P0003156
0.359832677,2.7707768E-02,0.,0.394350702,1.8705257E-02,0.,       0001663P0003157
0.429518526,1.4177213E-02,0.,0.375,0.4375,0.,0.,1.;              0001663P0003158
126,2,2,1,0,1,0,0.4375,0.4375,0.4375,0.5,0.5,0.5,1.,1.,1.,       0001665P0003159
0.429518526,1.4177213E-02,0.,0.464841131,9.629241E-03,0.,        0001665P0003160
0.500374809,9.653427E-03,0.,0.4375,0.5,0.,0.,1.;                 0001665P0003161
126,2,2,1,0,1,0,0.5,0.5,0.5,0.5625,0.5625,0.5625,1.,1.,1.,       0001667P0003162
0.500374809,9.653427E-03,0.,0.535698821,9.677469E-03,0.,         0001667P0003163
0.570811011,1.4219743E-02,0.,0.5,0.5625,0.,0.,1.;                0001667P0003164
126,2,2,1,0,1,0,0.5625,0.5625,0.5625,0.625,0.625,0.625,1.,1.,1., 0001669P0003165
0.570811011,1.4219743E-02,0.,0.60603422,1.8776379E-02,0.,        0001669P0003166
0.640602957,2.782157E-02,0.,0.5625,0.625,0.,0.,1.;               0001669P0003167
126,2,2,1,0,1,0,0.625,0.625,0.625,0.6875,0.6875,0.6875,1.,1.,1., 0001671P0003168
0.640602957,2.782157E-02,0.,0.675667144,3.6996399E-02,0.,        0001671P0003169
0.709543121,5.0651762E-02,0.,0.625,0.6875,0.,0.,1.;              0001671P0003170
126,2,2,1,0,1,0,0.6875,0.6875,0.6875,0.75,0.75,0.75,1.,1.,1.,    0001673P0003171
0.709543121,5.0651762E-02,0.,0.743699646,6.4420213E-02,0.,       0001673P0003172
0.776038654,8.2494897E-02,0.,0.6875,0.75,0.,0.,1.;               0001673P0003173
126,2,2,1,0,1,0,0.75,0.75,0.75,0.8125,0.8125,0.8125,1.,1.,1.,    0001675P0003174
0.776038654,8.2494897E-02,0.,0.80915289,0.101002866,0.,          0001675P0003175
0.839628346,0.123609873,0.,0.75,0.8125,0.,0.,1.;                 0001675P0003176
126,2,2,1,0,1,0,0.8125,0.8125,0.8125,0.84375,0.84375,0.84375,1., 0001677P0003177
1.,1.,0.839628346,0.123609873,0.,0.855368588,0.135286147,0.,     0001677P0003178
0.870240479,0.14794111,0.,0.8125,0.84375,0.,0.,1.;               0001677P0003179
126,2,2,1,0,1,0,0.84375,0.84375,0.84375,0.875,0.875,0.875,1.,1., 0001679P0003180
1.,0.870240479,0.14794111,0.,0.885536541,0.160957014,0.,         0001679P0003181
0.899793032,0.174904938,0.,0.84375,0.875,0.,0.,1.;               0001679P0003182
126,2,2,1,0,1,0,0.875,0.875,0.875,0.90625,0.90625,0.90625,1.,1., 0001681P0003183
1.,0.899793032,0.174904938,0.,0.914370016,0.189166417,0.,        0001681P0003184
0.927734333,0.204278898,0.,0.875,0.90625,0.,0.,1.;               0001681P0003185
126,2,2,1,0,1,0,0.90625,0.90625,0.90625,0.9375,0.9375,0.9375,1., 0001683P0003186
1.,1.,0.927734333,0.204278898,0.,0.941528741,0.219877729,0.,     0001683P0003187
0.953906189,0.236242033,0.,0.90625,0.9375,0.,0.,1.;              0001683P0003188
126,2,2,1,0,1,0,0.9375,0.9375,0.9375,0.96875,0.96875,0.96875,1., 0001685P0003189
1.,1.,0.953906189,0.236242033,0.,0.966823723,0.253320389,0.,     0001685P0003190
0.978099495,0.27110032,0.,0.9375,0.96875,0.,0.,1.;               0001685P0003191
126,2,2,1,0,1,0,0.96875,0.96875,0.96875,1.,1.,1.,1.,1.,1.,       0001687P0003192
0.978099495,0.27110032,0.,0.990024923,0.289904647,0.,1.,         0001687P0003193
0.309313592,0.,0.96875,1.,0.,0.,1.;                              0001687P0003194
102,46,1691,1693,1695,1697,1699,1701,1703,1705,1707,1709,1711,   0001689P0003195
1713,1715,1717,1719,1721,1723,1725,1727,1729,1731,1733,1735,     0001689P0003196
1737,1739,1741,1743,1745,1747,1749,1751,1753,1755,1757,1759,     0001689P0003197
1761,1763,1765,1767,1769,1771,1773,1775,1777,1779,1781;          0001689P0003198
110,-13.824694732,47.4,0.625,13.824694616,47.4,0.625;            0001691P0003199
126,2,2,1,0,1,0,0.,0.,0.,3.125E-02,3.125E-02,3.125E-02,1.,1.,1., 0001693P0003200
13.824694624,47.4,0.624999989,15.231549241,47.4,1.609837887,     0001693P0003201
16.594588338,47.4,2.787195427,0.,3.125E-02,0.,-1.,0.;            0001693P0003202
126,2,2,1,0,1,0,3.125E-02,3.125E-02,3.125E-02,6.25E-02,6.25E-02, 0001695P0003203
6.25E-02,1.,1.,1.,16.594588338,47.4,2.787195427,17.891028759,    0001695P0003204
47.4,3.907026747,19.135989363,47.4,5.190814963,3.125E-02,        0001695P0003205
6.25E-02,0.,-1.,0.;                                              0001695P0003206
126,2,2,1,0,1,0,6.25E-02,6.25E-02,6.25E-02,9.375E-02,9.375E-02,  0001697P0003207
9.375E-02,1.,1.,1.,19.135989363,47.4,5.190814963,20.334877316,   0001697P0003208
47.4,6.427093666,21.476961657,47.4,7.806206442,6.25E-02,         0001697P0003209
9.375E-02,0.,-1.,0.;                                             0001697P0003210
126,2,2,1,0,1,0,9.375E-02,9.375E-02,9.375E-02,0.125,0.125,0.125, 0001699P0003211
1.,1.,1.,21.476961657,47.4,7.806206442,22.579600685,47.4,        0001699P0003212
9.137687453,23.619445456,47.4,10.590409565,9.375E-02,0.125,0.,   0001699P0003213
-1.,0.;                                                          0001699P0003214
126,2,2,1,0,1,0,0.125,0.125,0.125,0.15625,0.15625,0.15625,1.,1., 0001701P0003215
1.,23.619445456,47.4,10.590409565,24.622729456,47.4,             0001701P0003216
11.992054228,25.559117243,47.4,13.494811978,0.125,0.15625,0.,    0001701P0003217
-1.,0.;                                                          0001701P0003218
126,2,2,1,0,1,0,0.15625,0.15625,0.15625,0.1875,0.1875,0.1875,1., 0001703P0003219
1.,1.,25.559117243,47.4,13.494811978,26.471625461,47.4,          0001703P0003220
14.959246729,27.313637061,47.4,16.50855523,0.15625,0.1875,0.,    0001703P0003221
-1.,0.;                                                          0001703P0003222
126,2,2,1,0,1,0,0.1875,0.1875,0.1875,0.25,0.25,0.25,1.,1.,1.,    0001705P0003223
27.313637061,47.4,16.50855523,28.96209839,47.4,19.541738209,     0001705P0003224
30.308735241,47.4,22.838317754,0.1875,0.25,0.,-1.,0.;            0001705P0003225
126,2,2,1,0,1,0,0.25,0.25,0.25,0.3125,0.3125,0.3125,1.,1.,1.,    0001707P0003226
30.308735241,47.4,22.838317754,31.617002529,47.4,26.040968274,   0001707P0003227
32.611545393,47.4,29.422737766,0.25,0.3125,0.,-1.,0.;            0001707P0003228
126,2,2,1,0,1,0,0.3125,0.3125,0.3125,0.375,0.375,0.375,1.,1.,1., 0001709P0003229
32.611545393,47.4,29.422737766,33.585218657,47.4,32.73354373,    0001709P0003230
34.241014645,47.4,36.158476946,0.3125,0.375,0.,-1.,0.;           0001709P0003231
126,2,2,1,0,1,0,0.375,0.375,0.375,0.4375,0.4375,0.4375,1.,1.,1., 0001711P0003232
34.241014645,47.4,36.158476946,34.893693801,47.4,39.567132112,   0001711P0003233
35.221975499,47.4,43.039954733,0.375,0.4375,0.,-1.,0.;           0001711P0003234
126,2,2,1,0,1,0,0.4375,0.4375,0.4375,0.5,0.5,0.5,1.,1.,1.,       0001713P0003235
35.221975499,47.4,43.039954733,35.55170197,47.4,46.528061878,    0001713P0003236
35.549948494,47.4,50.037012581,0.4375,0.5,0.,-1.,0.;             0001713P0003237
126,2,2,1,0,1,0,0.5,0.5,0.5,0.5625,0.5625,0.5625,1.,1.,1.,       0001715P0003238
35.549948494,47.4,50.037012581,35.548205385,47.4,53.525258667,   0001715P0003239
35.218892017,47.4,56.992587332,0.5,0.5625,0.,-1.,0.;             0001715P0003240
126,2,2,1,0,1,0,0.5625,0.5625,0.5625,0.625,0.625,0.625,1.,1.,1., 0001717P0003241
35.218892017,47.4,56.992587332,34.888537409,47.4,60.470879023,   0001717P0003242
34.232764041,47.4,63.884541901,0.5625,0.625,0.,-1.,0.;           0001717P0003243
126,2,2,1,0,1,0,0.625,0.625,0.625,0.6875,0.6875,0.6875,1.,1.,1., 0001719P0003244
34.232764041,47.4,63.884541901,33.56759211,47.4,67.347129973,    0001719P0003245
32.577582865,47.4,70.692382899,0.625,0.6875,0.,-1.,0.;           0001719P0003246
126,2,2,1,0,1,0,0.6875,0.6875,0.6875,0.75,0.75,0.75,1.,1.,1.,    0001721P0003247
32.577582865,47.4,70.692382899,31.579374999,47.4,74.065339348,   0001721P0003248
30.268966797,47.4,77.258816685,0.6875,0.75,0.,-1.,0.;            0001721P0003249
126,2,2,1,0,1,0,0.75,0.75,0.75,0.8125,0.8125,0.8125,1.,1.,1.,    0001723P0003250
30.268966797,47.4,77.258816685,28.927145734,47.4,80.52884749,    0001723P0003251
27.28814626,47.4,83.53829887,0.75,0.8125,0.,-1.,0.;              0001723P0003252
126,2,2,1,0,1,0,0.8125,0.8125,0.8125,0.84375,0.84375,0.84375,1., 0001725P0003253
1.,1.,27.28814626,47.4,83.53829887,26.441620688,47.4,            0001725P0003254
85.092647965,25.524140662,47.4,86.561247201,0.8125,0.84375,0.,   0001725P0003255
-1.,0.;                                                          0001725P0003256
126,2,2,1,0,1,0,0.84375,0.84375,0.84375,0.875,0.875,0.875,1.,1., 0001727P0003257
1.,25.524140662,47.4,86.561247201,24.580492472,47.4,88.07173362, 0001727P0003258
23.569273313,47.4,89.479562106,0.84375,0.875,0.,-1.,0.;          0001727P0003259
126,2,2,1,0,1,0,0.875,0.875,0.875,0.90625,0.90625,0.90625,1.,1., 0001729P0003260
1.,23.569273313,47.4,89.479562106,22.535321313,47.4,             0001729P0003261
90.919039474,21.43967212,47.4,92.238765778,0.875,0.90625,0.,-1., 0001729P0003262
0.;                                                              0001729P0003263
126,2,2,1,0,1,0,0.90625,0.90625,0.90625,0.9375,0.9375,0.9375,1., 0001731P0003264
1.,1.,21.43967212,47.4,92.238765778,20.308762583,47.4,           0001731P0003265
93.600963667,19.122356531,47.4,94.823236558,0.90625,0.9375,0.,   0001731P0003266
-1.,0.;                                                          0001731P0003267
126,2,2,1,0,1,0,0.9375,0.9375,0.9375,0.96875,0.96875,0.96875,1., 0001733P0003268
1.,1.,19.122356531,47.4,94.823236558,17.884182039,47.4,          0001733P0003269
96.098842843,16.595143177,47.4,97.212325329,0.9375,0.96875,0.,   0001733P0003270
-1.,0.;                                                          0001733P0003271
126,2,2,1,0,1,0,0.96875,0.96875,0.96875,1.,1.,1.,1.,1.,1.,       0001735P0003272
16.595143177,47.4,97.212325329,15.231836339,47.4,98.389961146,   0001735P0003273
13.824694624,47.4,99.375,0.96875,1.,0.,-1.,0.;                   0001735P0003274
110,13.824694625,47.4,99.375,-13.824694751,47.4,99.375;          0001737P0003275
126,2,2,1,0,1,0,0.,0.,0.,3.125E-02,3.125E-02,3.125E-02,1.,1.,1., 0001739P0003276
-13.824694733,47.4,99.375,-15.231549059,47.4,98.390162201,       0001739P0003277
-16.594588229,47.4,97.212804365,0.,3.125E-02,0.,-1.,0.;          0001739P0003278
126,2,2,1,0,1,0,3.125E-02,3.125E-02,3.125E-02,6.25E-02,6.25E-02, 0001741P0003279
6.25E-02,1.,1.,1.,-16.594588229,47.4,97.212804365,-17.891028361, 0001741P0003280
47.4,96.092973143,-19.135989182,47.4,94.809184729,3.125E-02,     0001741P0003281
6.25E-02,0.,-1.,0.;                                              0001741P0003282
126,2,2,1,0,1,0,6.25E-02,6.25E-02,6.25E-02,9.375E-02,9.375E-02,  0001743P0003283
9.375E-02,1.,1.,1.,-19.135989182,47.4,94.809184729,              0001743P0003284
-20.334877135,47.4,93.572905928,-21.476961548,47.4,92.193793349, 0001743P0003285
6.25E-02,9.375E-02,0.,-1.,0.;                                    0001743P0003286
126,2,2,1,0,1,0,9.375E-02,9.375E-02,9.375E-02,0.125,0.125,0.125, 0001745P0003287
1.,1.,1.,-21.476961548,47.4,92.193793349,-22.579600794,47.4,     0001745P0003288
90.86231224,-23.619445709,47.4,89.409590424,9.375E-02,0.125,0.,  0001745P0003289
-1.,0.;                                                          0001745P0003290
126,2,2,1,0,1,0,0.125,0.125,0.125,0.15625,0.15625,0.15625,1.,1., 0001747P0003291
1.,-23.619445709,47.4,89.409590424,-24.62273,47.4,88.007945662,  0001747P0003292
-25.559117859,47.4,86.505188209,0.125,0.15625,0.,-1.,0.;         0001747P0003293
126,2,2,1,0,1,0,0.15625,0.15625,0.15625,0.1875,0.1875,0.1875,1., 0001749P0003294
1.,1.,-25.559117859,47.4,86.505188209,-26.471626368,47.4,        0001749P0003295
85.040753358,-27.31363804,47.4,83.491445056,0.15625,0.1875,0.,   0001749P0003296
-1.,0.;                                                          0001749P0003297
126,2,2,1,0,1,0,0.1875,0.1875,0.1875,0.25,0.25,0.25,1.,1.,1.,    0001751P0003298
-27.31363804,47.4,83.491445056,-28.962099731,47.4,80.458262274,  0001751P0003299
-30.30873651,47.4,77.161682828,0.1875,0.25,0.,-1.,0.;            0001751P0003300
126,2,2,1,0,1,0,0.25,0.25,0.25,0.3125,0.3125,0.3125,1.,1.,1.,    0001753P0003301
-30.30873651,47.4,77.161682828,-31.617003726,47.4,73.959032505,  0001753P0003302
-32.611546445,47.4,70.577262421,0.25,0.3125,0.,-1.,0.;           0001753P0003303
126,2,2,1,0,1,0,0.3125,0.3125,0.3125,0.375,0.375,0.375,1.,1.,1., 0001755P0003304
-32.611546445,47.4,70.577262421,-33.585219346,47.4,67.266456753, 0001755P0003305
-34.241015189,47.4,63.841523142,0.3125,0.375,0.,-1.,0.;          0001755P0003306
126,2,2,1,0,1,0,0.375,0.375,0.375,0.4375,0.4375,0.4375,1.,1.,1., 0001757P0003307
-34.241015189,47.4,63.841523142,-34.893693982,47.4,60.432868173, 0001757P0003308
-35.221975536,47.4,56.960045553,0.375,0.4375,0.,-1.,0.;          0001757P0003309
126,2,2,1,0,1,0,0.4375,0.4375,0.4375,0.5,0.5,0.5,1.,1.,1.,       0001759P0003310
-35.221975536,47.4,56.960045553,-35.551701862,47.4,53.471938309, 0001759P0003311
-35.549948385,47.4,49.962987606,0.4375,0.5,0.,-1.,0.;            0001759P0003312
126,2,2,1,0,1,0,0.5,0.5,0.5,0.5625,0.5625,0.5625,1.,1.,1.,       0001761P0003313
-35.549948385,47.4,49.962987606,-35.548205349,47.4,46.47474142,  0001761P0003314
-35.218892126,47.4,43.007412658,0.5,0.5625,0.,-1.,0.;            0001761P0003315
126,2,2,1,0,1,0,0.5625,0.5625,0.5625,0.625,0.625,0.625,1.,1.,1., 0001763P0003316
-35.218892126,47.4,43.007412658,-34.888537663,47.4,39.529120768, 0001763P0003317
-34.232764585,47.4,36.115457989,0.5625,0.625,0.,-1.,0.;          0001763P0003318
126,2,2,1,0,1,0,0.625,0.625,0.625,0.6875,0.6875,0.6875,1.,1.,1., 0001765P0003319
-34.232764585,47.4,36.115457989,-33.567592798,47.4,32.652869523, 0001765P0003320
-32.577583917,47.4,29.307616794,0.625,0.6875,0.,-1.,0.;          0001765P0003321
126,2,2,1,0,1,0,0.6875,0.6875,0.6875,0.75,0.75,0.75,1.,1.,1.,    0001767P0003322
-32.577583917,47.4,29.307616794,-31.579376196,47.4,25.934659949, 0001767P0003323
-30.268968139,47.4,22.741182909,0.6875,0.75,0.,-1.,0.;           0001767P0003324
126,2,2,1,0,1,0,0.75,0.75,0.75,0.8125,0.8125,0.8125,1.,1.,1.,    0001769P0003325
-30.268968139,47.4,22.741182909,-28.927147076,47.4,19.471152104, 0001769P0003326
-27.288147239,47.4,16.461700823,0.75,0.8125,0.,-1.,0.;           0001769P0003327
126,2,2,1,0,1,0,0.8125,0.8125,0.8125,0.84375,0.84375,0.84375,1., 0001771P0003328
1.,1.,-27.288147239,47.4,16.461700823,-26.441621595,47.4,        0001771P0003329
14.907351926,-25.524141351,47.4,13.438752689,0.8125,0.84375,0.,  0001771P0003330
-1.,0.;                                                          0001771P0003331
126,2,2,1,0,1,0,0.84375,0.84375,0.84375,0.875,0.875,0.875,1.,1., 0001773P0003332
1.,-25.524141351,47.4,13.438752689,-24.580493016,47.4,           0001773P0003333
11.928266567,-23.569273567,47.4,10.52043808,0.84375,0.875,0.,    0001773P0003334
-1.,0.;                                                          0001773P0003335
126,2,2,1,0,1,0,0.875,0.875,0.875,0.90625,0.90625,0.90625,1.,1., 0001775P0003336
1.,-23.569273567,47.4,10.52043808,-22.535321494,47.4,9.08096091, 0001775P0003337
-21.439672084,47.4,7.761234606,0.875,0.90625,0.,-1.,0.;          0001775P0003338
126,2,2,1,0,1,0,0.90625,0.90625,0.90625,0.9375,0.9375,0.9375,1., 0001777P0003339
1.,1.,-21.439672084,47.4,7.761234606,-20.308762475,47.4,         0001777P0003340
6.399036816,-19.12235635,47.4,5.176763826,0.90625,0.9375,0.,-1., 0001777P0003341
0.;                                                              0001777P0003342
126,2,2,1,0,1,0,0.9375,0.9375,0.9375,0.96875,0.96875,0.96875,1., 0001779P0003343
1.,1.,-19.12235635,47.4,5.176763826,-17.884181712,47.4,          0001779P0003344
3.901157343,-16.595143141,47.4,2.787674858,0.9375,0.96875,0.,    0001779P0003345
-1.,0.;                                                          0001779P0003346
126,2,2,1,0,1,0,0.96875,0.96875,0.96875,1.,1.,1.,1.,1.,1.,       0001781P0003347
-16.595143141,47.4,2.787674858,-15.231836231,47.4,1.610038843,   0001781P0003348
-13.824694733,47.4,0.624999989,0.96875,1.,-2.261504881E-14,-1.,  0001781P0003349
0.;                                                              0001781P0003350
S      1G      4D   1782P   3350                                        T0000001
