                                                                        S0000001
,,31HOpen CASCADE IGES processor 7.7,13HFilename.iges,                  G0000001
16HOpen CASCADE 7.7,31HOpen CASCADE IGES processor 7.7,32,308,15,308,15,G0000002
,1.,2,2HMM,1,0.01,15H20240822.152929,1.62052E-05,99.75,5Hnick2,,11,0,   G0000003
15H20240822.152929,;                                                    G0000004
     402       1       0       0       0       0       0       000000000D0000001
     402       0       0       1       1                               0D0000002
     144       2       0       0       0       0       0       000020000D0000003
     144       0       0       1       0                               0D0000004
     128       3       0       0       0       0       0       000010000D0000005
     128       0       0      32       0                               0D0000006
     142      35       0       0       0       0       0       000010500D0000007
     142       0       0       1       0                               0D0000008
     102      36       0       0       0       0       0       000010000D0000009
     102       0       0       2       0                               0D0000010
     126      38       0       0       0       0       0       000010000D0000011
     126       0       0       3       0                               0D0000012
     126      41       0       0       0       0       0       000010000D0000013
     126       0       0       4       0                               0D0000014
     126      45       0       0       0       0       0       000010000D0000015
     126       0       0       3       0                               0D0000016
     126      48       0       0       0       0       0       000010000D0000017
     126       0       0       3       0                               0D0000018
     126      51       0       0       0       0       0       000010000D0000019
     126       0       0       3       0                               0D0000020
     126      54       0       0       0       0       0       000010000D0000021
     126       0       0       3       0                               0D0000022
     126      57       0       0       0       0       0       000010000D0000023
     126       0       0       3       0                               0D0000024
     126      60       0       0       0       0       0       000010000D0000025
     126       0       0       3       0                               0D0000026
     126      63       0       0       0       0       0       000010000D0000027
     126       0       0       3       0                               0D0000028
     126      66       0       0       0       0       0       000010000D0000029
     126       0       0       3       0                               0D0000030
     126      69       0       0       0       0       0       000010000D0000031
     126       0       0       3       0                               0D0000032
     126      72       0       0       0       0       0       000010000D0000033
     126       0       0       3       0                               0D0000034
     126      75       0       0       0       0       0       000010000D0000035
     126       0       0       3       0                               0D0000036
     126      78       0       0       0       0       0       000010000D0000037
     126       0       0       3       0                               0D0000038
     126      81       0       0       0       0       0       000010000D0000039
     126       0       0       3       0                               0D0000040
     126      84       0       0       0       0       0       000010000D0000041
     126       0       0       3       0                               0D0000042
     126      87       0       0       0       0       0       000010000D0000043
     126       0       0       3       0                               0D0000044
     126      90       0       0       0       0       0       000010000D0000045
     126       0       0       3       0                               0D0000046
     126      93       0       0       0       0       0       000010000D0000047
     126       0       0       3       0                               0D0000048
     126      96       0       0       0       0       0       000010000D0000049
     126       0       0       3       0                               0D0000050
     126      99       0       0       0       0       0       000010000D0000051
     126       0       0       4       0                               0D0000052
     126     103       0       0       0       0       0       000010000D0000053
     126       0       0       3       0                               0D0000054
     126     106       0       0       0       0       0       000010000D0000055
     126       0       0       3       0                               0D0000056
     126     109       0       0       0       0       0       000010000D0000057
     126       0       0       3       0                               0D0000058
     126     112       0       0       0       0       0       000010000D0000059
     126       0       0       3       0                               0D0000060
     126     115       0       0       0       0       0       000010000D0000061
     126       0       0       3       0                               0D0000062
     126     118       0       0       0       0       0       000010000D0000063
     126       0       0       3       0                               0D0000064
     126     121       0       0       0       0       0       000010000D0000065
     126       0       0       3       0                               0D0000066
     126     124       0       0       0       0       0       000010000D0000067
     126       0       0       3       0                               0D0000068
     126     127       0       0       0       0       0       000010000D0000069
     126       0       0       3       0                               0D0000070
     126     130       0       0       0       0       0       000010000D0000071
     126       0       0       3       0                               0D0000072
     126     133       0       0       0       0       0       000010000D0000073
     126       0       0       3       0                               0D0000074
     126     136       0       0       0       0       0       000010000D0000075
     126       0       0       3       0                               0D0000076
     126     139       0       0       0       0       0       000010000D0000077
     126       0       0       3       0                               0D0000078
     126     142       0       0       0       0       0       000010000D0000079
     126       0       0       3       0                               0D0000080
     126     145       0       0       0       0       0       000010000D0000081
     126       0       0       3       0                               0D0000082
     126     148       0       0       0       0       0       000010000D0000083
     126       0       0       3       0                               0D0000084
     126     151       0       0       0       0       0       000010000D0000085
     126       0       0       3       0                               0D0000086
     102     154       0       0       0       0       0       000010000D0000087
     102       0       0       3       0                               0D0000088
     126     157       0       0       0       0       0       000010000D0000089
     126       0       0       6       0                               0D0000090
     126     163       0       0       0       0       0       000010000D0000091
     126       0       0       7       0                               0D0000092
     126     170       0       0       0       0       0       000010000D0000093
     126       0       0       6       0                               0D0000094
     126     176       0       0       0       0       0       000010000D0000095
     126       0       0       6       0                               0D0000096
     126     182       0       0       0       0       0       000010000D0000097
     126       0       0       7       0                               0D0000098
     126     189       0       0       0       0       0       000010000D0000099
     126       0       0       6       0                               0D0000100
     126     195       0       0       0       0       0       000010000D0000101
     126       0       0       6       0                               0D0000102
     126     201       0       0       0       0       0       000010000D0000103
     126       0       0       6       0                               0D0000104
     126     207       0       0       0       0       0       000010000D0000105
     126       0       0       6       0                               0D0000106
     126     213       0       0       0       0       0       000010000D0000107
     126       0       0       6       0                               0D0000108
     126     219       0       0       0       0       0       000010000D0000109
     126       0       0       7       0                               0D0000110
     126     226       0       0       0       0       0       000010000D0000111
     126       0       0       6       0                               0D0000112
     126     232       0       0       0       0       0       000010000D0000113
     126       0       0       6       0                               0D0000114
     126     238       0       0       0       0       0       000010000D0000115
     126       0       0       7       0                               0D0000116
     126     245       0       0       0       0       0       000010000D0000117
     126       0       0       7       0                               0D0000118
     126     252       0       0       0       0       0       000010000D0000119
     126       0       0       7       0                               0D0000120
     126     259       0       0       0       0       0       000010000D0000121
     126       0       0       7       0                               0D0000122
     126     266       0       0       0       0       0       000010000D0000123
     126       0       0       6       0                               0D0000124
     100     272       0       0       0       0     127       000010000D0000125
     100       0       0       1       0                               0D0000126
     124     273       0       0       0       0       0       000000000D0000127
     124       0       0       3       0                               0D0000128
     126     276       0       0       0       0       0       000010000D0000129
     126       0       0       6       0                               0D0000130
     126     282       0       0       0       0       0       000010000D0000131
     126       0       0       7       0                               0D0000132
     126     289       0       0       0       0       0       000010000D0000133
     126       0       0       7       0                               0D0000134
     126     296       0       0       0       0       0       000010000D0000135
     126       0       0       6       0                               0D0000136
     126     302       0       0       0       0       0       000010000D0000137
     126       0       0       7       0                               0D0000138
     126     309       0       0       0       0       0       000010000D0000139
     126       0       0       6       0                               0D0000140
     126     315       0       0       0       0       0       000010000D0000141
     126       0       0       6       0                               0D0000142
     126     321       0       0       0       0       0       000010000D0000143
     126       0       0       6       0                               0D0000144
     126     327       0       0       0       0       0       000010000D0000145
     126       0       0       6       0                               0D0000146
     126     333       0       0       0       0       0       000010000D0000147
     126       0       0       6       0                               0D0000148
     126     339       0       0       0       0       0       000010000D0000149
     126       0       0       6       0                               0D0000150
     126     345       0       0       0       0       0       000010000D0000151
     126       0       0       6       0                               0D0000152
     126     351       0       0       0       0       0       000010000D0000153
     126       0       0       7       0                               0D0000154
     126     358       0       0       0       0       0       000010000D0000155
     126       0       0       6       0                               0D0000156
     126     364       0       0       0       0       0       000010000D0000157
     126       0       0       6       0                               0D0000158
     126     370       0       0       0       0       0       000010000D0000159
     126       0       0       6       0                               0D0000160
     126     376       0       0       0       0       0       000010000D0000161
     126       0       0       6       0                               0D0000162
     126     382       0       0       0       0       0       000010000D0000163
     126       0       0       6       0                               0D0000164
     100     388       0       0       0       0     167       000010000D0000165
     100       0       0       2       0                               0D0000166
     124     390       0       0       0       0       0       000000000D0000167
     124       0       0       1       0                               0D0000168
     144     391       0       0       0       0       0       000020000D0000169
     144       0       0       1       0                               0D0000170
     128     392       0       0       0       0       0       000010000D0000171
     128       0       0      33       0                               0D0000172
     142     425       0       0       0       0       0       000010500D0000173
     142       0       0       1       0                               0D0000174
     102     426       0       0       0       0       0       000010000D0000175
     102       0       0       3       0                               0D0000176
     126     429       0       0       0       0       0       000010000D0000177
     126       0       0       3       0                               0D0000178
     126     432       0       0       0       0       0       000010000D0000179
     126       0       0       4       0                               0D0000180
     126     436       0       0       0       0       0       000010000D0000181
     126       0       0       3       0                               0D0000182
     126     439       0       0       0       0       0       000010000D0000183
     126       0       0       3       0                               0D0000184
     126     442       0       0       0       0       0       000010000D0000185
     126       0       0       3       0                               0D0000186
     126     445       0       0       0       0       0       000010000D0000187
     126       0       0       3       0                               0D0000188
     126     448       0       0       0       0       0       000010000D0000189
     126       0       0       3       0                               0D0000190
     126     451       0       0       0       0       0       000010000D0000191
     126       0       0       3       0                               0D0000192
     126     454       0       0       0       0       0       000010000D0000193
     126       0       0       3       0                               0D0000194
     126     457       0       0       0       0       0       000010000D0000195
     126       0       0       3       0                               0D0000196
     126     460       0       0       0       0       0       000010000D0000197
     126       0       0       3       0                               0D0000198
     126     463       0       0       0       0       0       000010000D0000199
     126       0       0       3       0                               0D0000200
     126     466       0       0       0       0       0       000010000D0000201
     126       0       0       3       0                               0D0000202
     126     469       0       0       0       0       0       000010000D0000203
     126       0       0       3       0                               0D0000204
     126     472       0       0       0       0       0       000010000D0000205
     126       0       0       3       0                               0D0000206
     126     475       0       0       0       0       0       000010000D0000207
     126       0       0       3       0                               0D0000208
     126     478       0       0       0       0       0       000010000D0000209
     126       0       0       3       0                               0D0000210
     126     481       0       0       0       0       0       000010000D0000211
     126       0       0       3       0                               0D0000212
     126     484       0       0       0       0       0       000010000D0000213
     126       0       0       2       0                               0D0000214
     126     486       0       0       0       0       0       000010000D0000215
     126       0       0       3       0                               0D0000216
     126     489       0       0       0       0       0       000010000D0000217
     126       0       0       4       0                               0D0000218
     126     493       0       0       0       0       0       000010000D0000219
     126       0       0       3       0                               0D0000220
     126     496       0       0       0       0       0       000010000D0000221
     126       0       0       3       0                               0D0000222
     126     499       0       0       0       0       0       000010000D0000223
     126       0       0       3       0                               0D0000224
     126     502       0       0       0       0       0       000010000D0000225
     126       0       0       3       0                               0D0000226
     126     505       0       0       0       0       0       000010000D0000227
     126       0       0       3       0                               0D0000228
     126     508       0       0       0       0       0       000010000D0000229
     126       0       0       3       0                               0D0000230
     126     511       0       0       0       0       0       000010000D0000231
     126       0       0       3       0                               0D0000232
     126     514       0       0       0       0       0       000010000D0000233
     126       0       0       3       0                               0D0000234
     126     517       0       0       0       0       0       000010000D0000235
     126       0       0       3       0                               0D0000236
     126     520       0       0       0       0       0       000010000D0000237
     126       0       0       3       0                               0D0000238
     126     523       0       0       0       0       0       000010000D0000239
     126       0       0       3       0                               0D0000240
     126     526       0       0       0       0       0       000010000D0000241
     126       0       0       3       0                               0D0000242
     126     529       0       0       0       0       0       000010000D0000243
     126       0       0       3       0                               0D0000244
     126     532       0       0       0       0       0       000010000D0000245
     126       0       0       3       0                               0D0000246
     126     535       0       0       0       0       0       000010000D0000247
     126       0       0       3       0                               0D0000248
     126     538       0       0       0       0       0       000010000D0000249
     126       0       0       3       0                               0D0000250
     126     541       0       0       0       0       0       000010000D0000251
     126       0       0       3       0                               0D0000252
     102     544       0       0       0       0       0       000010000D0000253
     102       0       0       3       0                               0D0000254
     126     547       0       0       0       0       0       000010000D0000255
     126       0       0       6       0                               0D0000256
     126     553       0       0       0       0       0       000010000D0000257
     126       0       0       7       0                               0D0000258
     126     560       0       0       0       0       0       000010000D0000259
     126       0       0       7       0                               0D0000260
     126     567       0       0       0       0       0       000010000D0000261
     126       0       0       7       0                               0D0000262
     126     574       0       0       0       0       0       000010000D0000263
     126       0       0       7       0                               0D0000264
     126     581       0       0       0       0       0       000010000D0000265
     126       0       0       7       0                               0D0000266
     126     588       0       0       0       0       0       000010000D0000267
     126       0       0       7       0                               0D0000268
     126     595       0       0       0       0       0       000010000D0000269
     126       0       0       7       0                               0D0000270
     126     602       0       0       0       0       0       000010000D0000271
     126       0       0       6       0                               0D0000272
     126     608       0       0       0       0       0       000010000D0000273
     126       0       0       6       0                               0D0000274
     126     614       0       0       0       0       0       000010000D0000275
     126       0       0       7       0                               0D0000276
     126     621       0       0       0       0       0       000010000D0000277
     126       0       0       7       0                               0D0000278
     126     628       0       0       0       0       0       000010000D0000279
     126       0       0       7       0                               0D0000280
     126     635       0       0       0       0       0       000010000D0000281
     126       0       0       7       0                               0D0000282
     126     642       0       0       0       0       0       000010000D0000283
     126       0       0       7       0                               0D0000284
     126     649       0       0       0       0       0       000010000D0000285
     126       0       0       7       0                               0D0000286
     126     656       0       0       0       0       0       000010000D0000287
     126       0       0       7       0                               0D0000288
     126     663       0       0       0       0       0       000010000D0000289
     126       0       0       6       0                               0D0000290
     100     669       0       0       0       0     293       000010000D0000291
     100       0       0       1       0                               0D0000292
     124     670       0       0       0       0       0       000000000D0000293
     124       0       0       3       0                               0D0000294
     126     673       0       0       0       0       0       000010000D0000295
     126       0       0       6       0                               0D0000296
     126     679       0       0       0       0       0       000010000D0000297
     126       0       0       7       0                               0D0000298
     126     686       0       0       0       0       0       000010000D0000299
     126       0       0       7       0                               0D0000300
     126     693       0       0       0       0       0       000010000D0000301
     126       0       0       7       0                               0D0000302
     126     700       0       0       0       0       0       000010000D0000303
     126       0       0       7       0                               0D0000304
     126     707       0       0       0       0       0       000010000D0000305
     126       0       0       7       0                               0D0000306
     126     714       0       0       0       0       0       000010000D0000307
     126       0       0       7       0                               0D0000308
     126     721       0       0       0       0       0       000010000D0000309
     126       0       0       6       0                               0D0000310
     126     727       0       0       0       0       0       000010000D0000311
     126       0       0       6       0                               0D0000312
     126     733       0       0       0       0       0       000010000D0000313
     126       0       0       6       0                               0D0000314
     126     739       0       0       0       0       0       000010000D0000315
     126       0       0       7       0                               0D0000316
     126     746       0       0       0       0       0       000010000D0000317
     126       0       0       7       0                               0D0000318
     126     753       0       0       0       0       0       000010000D0000319
     126       0       0       7       0                               0D0000320
     126     760       0       0       0       0       0       000010000D0000321
     126       0       0       7       0                               0D0000322
     126     767       0       0       0       0       0       000010000D0000323
     126       0       0       7       0                               0D0000324
     126     774       0       0       0       0       0       000010000D0000325
     126       0       0       7       0                               0D0000326
     126     781       0       0       0       0       0       000010000D0000327
     126       0       0       7       0                               0D0000328
     126     788       0       0       0       0       0       000010000D0000329
     126       0       0       6       0                               0D0000330
     100     794       0       0       0       0     333       000010000D0000331
     100       0       0       2       0                               0D0000332
     124     796       0       0       0       0       0       000000000D0000333
     124       0       0       1       0                               0D0000334
     144     797       0       0       0       0       0       000020000D0000335
     144       0       0       1       0                               0D0000336
     128     798       0       0       0       0       0       000010000D0000337
     128       0       0      34       0                               0D0000338
     142     832       0       0       0       0       0       000010500D0000339
     142       0       0       1       0                               0D0000340
     102     833       0       0       0       0       0       000010000D0000341
     102       0       0       3       0                               0D0000342
     126     836       0       0       0       0       0       000010000D0000343
     126       0       0       3       0                               0D0000344
     126     839       0       0       0       0       0       000010000D0000345
     126       0       0       4       0                               0D0000346
     126     843       0       0       0       0       0       000010000D0000347
     126       0       0       3       0                               0D0000348
     126     846       0       0       0       0       0       000010000D0000349
     126       0       0       3       0                               0D0000350
     126     849       0       0       0       0       0       000010000D0000351
     126       0       0       3       0                               0D0000352
     126     852       0       0       0       0       0       000010000D0000353
     126       0       0       3       0                               0D0000354
     126     855       0       0       0       0       0       000010000D0000355
     126       0       0       3       0                               0D0000356
     126     858       0       0       0       0       0       000010000D0000357
     126       0       0       3       0                               0D0000358
     126     861       0       0       0       0       0       000010000D0000359
     126       0       0       3       0                               0D0000360
     126     864       0       0       0       0       0       000010000D0000361
     126       0       0       3       0                               0D0000362
     126     867       0       0       0       0       0       000010000D0000363
     126       0       0       3       0                               0D0000364
     126     870       0       0       0       0       0       000010000D0000365
     126       0       0       3       0                               0D0000366
     126     873       0       0       0       0       0       000010000D0000367
     126       0       0       3       0                               0D0000368
     126     876       0       0       0       0       0       000010000D0000369
     126       0       0       3       0                               0D0000370
     126     879       0       0       0       0       0       000010000D0000371
     126       0       0       3       0                               0D0000372
     126     882       0       0       0       0       0       000010000D0000373
     126       0       0       3       0                               0D0000374
     126     885       0       0       0       0       0       000010000D0000375
     126       0       0       3       0                               0D0000376
     126     888       0       0       0       0       0       000010000D0000377
     126       0       0       3       0                               0D0000378
     126     891       0       0       0       0       0       000010000D0000379
     126       0       0       2       0                               0D0000380
     126     893       0       0       0       0       0       000010000D0000381
     126       0       0       3       0                               0D0000382
     126     896       0       0       0       0       0       000010000D0000383
     126       0       0       4       0                               0D0000384
     126     900       0       0       0       0       0       000010000D0000385
     126       0       0       3       0                               0D0000386
     126     903       0       0       0       0       0       000010000D0000387
     126       0       0       3       0                               0D0000388
     126     906       0       0       0       0       0       000010000D0000389
     126       0       0       3       0                               0D0000390
     126     909       0       0       0       0       0       000010000D0000391
     126       0       0       3       0                               0D0000392
     126     912       0       0       0       0       0       000010000D0000393
     126       0       0       3       0                               0D0000394
     126     915       0       0       0       0       0       000010000D0000395
     126       0       0       3       0                               0D0000396
     126     918       0       0       0       0       0       000010000D0000397
     126       0       0       3       0                               0D0000398
     126     921       0       0       0       0       0       000010000D0000399
     126       0       0       3       0                               0D0000400
     126     924       0       0       0       0       0       000010000D0000401
     126       0       0       3       0                               0D0000402
     126     927       0       0       0       0       0       000010000D0000403
     126       0       0       3       0                               0D0000404
     126     930       0       0       0       0       0       000010000D0000405
     126       0       0       3       0                               0D0000406
     126     933       0       0       0       0       0       000010000D0000407
     126       0       0       3       0                               0D0000408
     126     936       0       0       0       0       0       000010000D0000409
     126       0       0       3       0                               0D0000410
     126     939       0       0       0       0       0       000010000D0000411
     126       0       0       3       0                               0D0000412
     126     942       0       0       0       0       0       000010000D0000413
     126       0       0       3       0                               0D0000414
     126     945       0       0       0       0       0       000010000D0000415
     126       0       0       3       0                               0D0000416
     126     948       0       0       0       0       0       000010000D0000417
     126       0       0       3       0                               0D0000418
     102     951       0       0       0       0       0       000010000D0000419
     102       0       0       3       0                               0D0000420
     126     954       0       0       0       0       0       000010000D0000421
     126       0       0       6       0                               0D0000422
     126     960       0       0       0       0       0       000010000D0000423
     126       0       0       7       0                               0D0000424
     126     967       0       0       0       0       0       000010000D0000425
     126       0       0       7       0                               0D0000426
     126     974       0       0       0       0       0       000010000D0000427
     126       0       0       7       0                               0D0000428
     126     981       0       0       0       0       0       000010000D0000429
     126       0       0       7       0                               0D0000430
     126     988       0       0       0       0       0       000010000D0000431
     126       0       0       7       0                               0D0000432
     126     995       0       0       0       0       0       000010000D0000433
     126       0       0       7       0                               0D0000434
     126    1002       0       0       0       0       0       000010000D0000435
     126       0       0       7       0                               0D0000436
     126    1009       0       0       0       0       0       000010000D0000437
     126       0       0       6       0                               0D0000438
     126    1015       0       0       0       0       0       000010000D0000439
     126       0       0       6       0                               0D0000440
     126    1021       0       0       0       0       0       000010000D0000441
     126       0       0       7       0                               0D0000442
     126    1028       0       0       0       0       0       000010000D0000443
     126       0       0       7       0                               0D0000444
     126    1035       0       0       0       0       0       000010000D0000445
     126       0       0       7       0                               0D0000446
     126    1042       0       0       0       0       0       000010000D0000447
     126       0       0       7       0                               0D0000448
     126    1049       0       0       0       0       0       000010000D0000449
     126       0       0       7       0                               0D0000450
     126    1056       0       0       0       0       0       000010000D0000451
     126       0       0       7       0                               0D0000452
     126    1063       0       0       0       0       0       000010000D0000453
     126       0       0       7       0                               0D0000454
     126    1070       0       0       0       0       0       000010000D0000455
     126       0       0       6       0                               0D0000456
     100    1076       0       0       0       0     459       000010000D0000457
     100       0       0       1       0                               0D0000458
     124    1077       0       0       0       0       0       000000000D0000459
     124       0       0       3       0                               0D0000460
     126    1080       0       0       0       0       0       000010000D0000461
     126       0       0       6       0                               0D0000462
     126    1086       0       0       0       0       0       000010000D0000463
     126       0       0       7       0                               0D0000464
     126    1093       0       0       0       0       0       000010000D0000465
     126       0       0       7       0                               0D0000466
     126    1100       0       0       0       0       0       000010000D0000467
     126       0       0       7       0                               0D0000468
     126    1107       0       0       0       0       0       000010000D0000469
     126       0       0       7       0                               0D0000470
     126    1114       0       0       0       0       0       000010000D0000471
     126       0       0       7       0                               0D0000472
     126    1121       0       0       0       0       0       000010000D0000473
     126       0       0       7       0                               0D0000474
     126    1128       0       0       0       0       0       000010000D0000475
     126       0       0       7       0                               0D0000476
     126    1135       0       0       0       0       0       000010000D0000477
     126       0       0       6       0                               0D0000478
     126    1141       0       0       0       0       0       000010000D0000479
     126       0       0       6       0                               0D0000480
     126    1147       0       0       0       0       0       000010000D0000481
     126       0       0       7       0                               0D0000482
     126    1154       0       0       0       0       0       000010000D0000483
     126       0       0       7       0                               0D0000484
     126    1161       0       0       0       0       0       000010000D0000485
     126       0       0       7       0                               0D0000486
     126    1168       0       0       0       0       0       000010000D0000487
     126       0       0       7       0                               0D0000488
     126    1175       0       0       0       0       0       000010000D0000489
     126       0       0       7       0                               0D0000490
     126    1182       0       0       0       0       0       000010000D0000491
     126       0       0       7       0                               0D0000492
     126    1189       0       0       0       0       0       000010000D0000493
     126       0       0       7       0                               0D0000494
     126    1196       0       0       0       0       0       000010000D0000495
     126       0       0       6       0                               0D0000496
     100    1202       0       0       0       0     499       000010000D0000497
     100       0       0       2       0                               0D0000498
     124    1204       0       0       0       0       0       000000000D0000499
     124       0       0       1       0                               0D0000500
     144    1205       0       0       0       0       0       000020000D0000501
     144       0       0       1       0                               0D0000502
     128    1206       0       0       0       0       0       000010000D0000503
     128       0       0       4       0                               0D0000504
     142    1210       0       0       0       0       0       000010500D0000505
     142       0       0       1       0                               0D0000506
     102    1211       0       0       0       0       0       000010000D0000507
     102       0       0       3       0                               0D0000508
     126    1214       0       0       0       0       0       000010000D0000509
     126       0       0       4       0                               0D0000510
     126    1218       0       0       0       0       0       000010000D0000511
     126       0       0       3       0                               0D0000512
     126    1221       0       0       0       0       0       000010000D0000513
     126       0       0       3       0                               0D0000514
     126    1224       0       0       0       0       0       000010000D0000515
     126       0       0       3       0                               0D0000516
     126    1227       0       0       0       0       0       000010000D0000517
     126       0       0       3       0                               0D0000518
     126    1230       0       0       0       0       0       000010000D0000519
     126       0       0       3       0                               0D0000520
     126    1233       0       0       0       0       0       000010000D0000521
     126       0       0       3       0                               0D0000522
     126    1236       0       0       0       0       0       000010000D0000523
     126       0       0       4       0                               0D0000524
     126    1240       0       0       0       0       0       000010000D0000525
     126       0       0       3       0                               0D0000526
     126    1243       0       0       0       0       0       000010000D0000527
     126       0       0       4       0                               0D0000528
     126    1247       0       0       0       0       0       000010000D0000529
     126       0       0       3       0                               0D0000530
     126    1250       0       0       0       0       0       000010000D0000531
     126       0       0       3       0                               0D0000532
     126    1253       0       0       0       0       0       000010000D0000533
     126       0       0       3       0                               0D0000534
     126    1256       0       0       0       0       0       000010000D0000535
     126       0       0       3       0                               0D0000536
     126    1259       0       0       0       0       0       000010000D0000537
     126       0       0       3       0                               0D0000538
     126    1262       0       0       0       0       0       000010000D0000539
     126       0       0       3       0                               0D0000540
     126    1265       0       0       0       0       0       000010000D0000541
     126       0       0       4       0                               0D0000542
     126    1269       0       0       0       0       0       000010000D0000543
     126       0       0       3       0                               0D0000544
     126    1272       0       0       0       0       0       000010000D0000545
     126       0       0       4       0                               0D0000546
     126    1276       0       0       0       0       0       000010000D0000547
     126       0       0       3       0                               0D0000548
     126    1279       0       0       0       0       0       000010000D0000549
     126       0       0       3       0                               0D0000550
     126    1282       0       0       0       0       0       000010000D0000551
     126       0       0       3       0                               0D0000552
     126    1285       0       0       0       0       0       000010000D0000553
     126       0       0       3       0                               0D0000554
     126    1288       0       0       0       0       0       000010000D0000555
     126       0       0       3       0                               0D0000556
     126    1291       0       0       0       0       0       000010000D0000557
     126       0       0       3       0                               0D0000558
     126    1294       0       0       0       0       0       000010000D0000559
     126       0       0       3       0                               0D0000560
     126    1297       0       0       0       0       0       000010000D0000561
     126       0       0       3       0                               0D0000562
     126    1300       0       0       0       0       0       000010000D0000563
     126       0       0       4       0                               0D0000564
     126    1304       0       0       0       0       0       000010000D0000565
     126       0       0       3       0                               0D0000566
     126    1307       0       0       0       0       0       000010000D0000567
     126       0       0       3       0                               0D0000568
     126    1310       0       0       0       0       0       000010000D0000569
     126       0       0       3       0                               0D0000570
     126    1313       0       0       0       0       0       000010000D0000571
     126       0       0       3       0                               0D0000572
     126    1316       0       0       0       0       0       000010000D0000573
     126       0       0       3       0                               0D0000574
     126    1319       0       0       0       0       0       000010000D0000575
     126       0       0       3       0                               0D0000576
     126    1322       0       0       0       0       0       000010000D0000577
     126       0       0       4       0                               0D0000578
     126    1326       0       0       0       0       0       000010000D0000579
     126       0       0       3       0                               0D0000580
     102    1329       0       0       0       0       0       000010000D0000581
     102       0       0       3       0                               0D0000582
     126    1332       0       0       0       0       0       000010000D0000583
     126       0       0       4       0                               0D0000584
     126    1336       0       0       0       0       0       000010000D0000585
     126       0       0       3       0                               0D0000586
     126    1339       0       0       0       0       0       000010000D0000587
     126       0       0       3       0                               0D0000588
     126    1342       0       0       0       0       0       000010000D0000589
     126       0       0       3       0                               0D0000590
     126    1345       0       0       0       0       0       000010000D0000591
     126       0       0       3       0                               0D0000592
     126    1348       0       0       0       0       0       000010000D0000593
     126       0       0       3       0                               0D0000594
     126    1351       0       0       0       0       0       000010000D0000595
     126       0       0       3       0                               0D0000596
     126    1354       0       0       0       0       0       000010000D0000597
     126       0       0       4       0                               0D0000598
     110    1358       0       0       0       0       0       000010000D0000599
     110       0       0       1       0                               0D0000600
     126    1359       0       0       0       0       0       000010000D0000601
     126       0       0       4       0                               0D0000602
     126    1363       0       0       0       0       0       000010000D0000603
     126       0       0       3       0                               0D0000604
     126    1366       0       0       0       0       0       000010000D0000605
     126       0       0       3       0                               0D0000606
     126    1369       0       0       0       0       0       000010000D0000607
     126       0       0       3       0                               0D0000608
     126    1372       0       0       0       0       0       000010000D0000609
     126       0       0       3       0                               0D0000610
     126    1375       0       0       0       0       0       000010000D0000611
     126       0       0       3       0                               0D0000612
     126    1378       0       0       0       0       0       000010000D0000613
     126       0       0       3       0                               0D0000614
     126    1381       0       0       0       0       0       000010000D0000615
     126       0       0       4       0                               0D0000616
     110    1385       0       0       0       0       0       000010000D0000617
     110       0       0       1       0                               0D0000618
     126    1386       0       0       0       0       0       000010000D0000619
     126       0       0       4       0                               0D0000620
     126    1390       0       0       0       0       0       000010000D0000621
     126       0       0       3       0                               0D0000622
     126    1393       0       0       0       0       0       000010000D0000623
     126       0       0       3       0                               0D0000624
     126    1396       0       0       0       0       0       000010000D0000625
     126       0       0       3       0                               0D0000626
     126    1399       0       0       0       0       0       000010000D0000627
     126       0       0       3       0                               0D0000628
     126    1402       0       0       0       0       0       000010000D0000629
     126       0       0       3       0                               0D0000630
     126    1405       0       0       0       0       0       000010000D0000631
     126       0       0       3       0                               0D0000632
     126    1408       0       0       0       0       0       000010000D0000633
     126       0       0       3       0                               0D0000634
     110    1411       0       0       0       0       0       000010000D0000635
     110       0       0       1       0                               0D0000636
     126    1412       0       0       0       0       0       000010000D0000637
     126       0       0       4       0                               0D0000638
     126    1416       0       0       0       0       0       000010000D0000639
     126       0       0       3       0                               0D0000640
     126    1419       0       0       0       0       0       000010000D0000641
     126       0       0       3       0                               0D0000642
     126    1422       0       0       0       0       0       000010000D0000643
     126       0       0       3       0                               0D0000644
     126    1425       0       0       0       0       0       000010000D0000645
     126       0       0       3       0                               0D0000646
     126    1428       0       0       0       0       0       000010000D0000647
     126       0       0       3       0                               0D0000648
     126    1431       0       0       0       0       0       000010000D0000649
     126       0       0       3       0                               0D0000650
     126    1434       0       0       0       0       0       000010000D0000651
     126       0       0       4       0                               0D0000652
     110    1438       0       0       0       0       0       000010000D0000653
     110       0       0       1       0                               0D0000654
     144    1439       0       0       0       0       0       000020000D0000655
     144       0       0       1       0                               0D0000656
     128    1440       0       0       0       0       0       000010000D0000657
     128       0       0       4       0                               0D0000658
     142    1444       0       0       0       0       0       000010500D0000659
     142       0       0       1       0                               0D0000660
     102    1445       0       0       0       0       0       000010000D0000661
     102       0       0       3       0                               0D0000662
     110    1448       0       0       0       0       0       000010000D0000663
     110       0       0       1       0                               0D0000664
     126    1449       0       0       0       0       0       000010000D0000665
     126       0       0       3       0                               0D0000666
     110    1452       0       0       0       0       0       000010000D0000667
     110       0       0       1       0                               0D0000668
     126    1453       0       0       0       0       0       000010000D0000669
     126       0       0       3       0                               0D0000670
     126    1456       0       0       0       0       0       000010000D0000671
     126       0       0       3       0                               0D0000672
     126    1459       0       0       0       0       0       000010000D0000673
     126       0       0       3       0                               0D0000674
     126    1462       0       0       0       0       0       000010000D0000675
     126       0       0       3       0                               0D0000676
     126    1465       0       0       0       0       0       000010000D0000677
     126       0       0       3       0                               0D0000678
     126    1468       0       0       0       0       0       000010000D0000679
     126       0       0       3       0                               0D0000680
     126    1471       0       0       0       0       0       000010000D0000681
     126       0       0       3       0                               0D0000682
     126    1474       0       0       0       0       0       000010000D0000683
     126       0       0       3       0                               0D0000684
     110    1477       0       0       0       0       0       000010000D0000685
     110       0       0       1       0                               0D0000686
     126    1478       0       0       0       0       0       000010000D0000687
     126       0       0       3       0                               0D0000688
     110    1481       0       0       0       0       0       000010000D0000689
     110       0       0       1       0                               0D0000690
     126    1482       0       0       0       0       0       000010000D0000691
     126       0       0       3       0                               0D0000692
     126    1485       0       0       0       0       0       000010000D0000693
     126       0       0       3       0                               0D0000694
     126    1488       0       0       0       0       0       000010000D0000695
     126       0       0       3       0                               0D0000696
     126    1491       0       0       0       0       0       000010000D0000697
     126       0       0       3       0                               0D0000698
     126    1494       0       0       0       0       0       000010000D0000699
     126       0       0       3       0                               0D0000700
     126    1497       0       0       0       0       0       000010000D0000701
     126       0       0       3       0                               0D0000702
     126    1500       0       0       0       0       0       000010000D0000703
     126       0       0       3       0                               0D0000704
     126    1503       0       0       0       0       0       000010000D0000705
     126       0       0       3       0                               0D0000706
     110    1506       0       0       0       0       0       000010000D0000707
     110       0       0       1       0                               0D0000708
     126    1507       0       0       0       0       0       000010000D0000709
     126       0       0       3       0                               0D0000710
     110    1510       0       0       0       0       0       000010000D0000711
     110       0       0       1       0                               0D0000712
     126    1511       0       0       0       0       0       000010000D0000713
     126       0       0       3       0                               0D0000714
     126    1514       0       0       0       0       0       000010000D0000715
     126       0       0       3       0                               0D0000716
     126    1517       0       0       0       0       0       000010000D0000717
     126       0       0       3       0                               0D0000718
     126    1520       0       0       0       0       0       000010000D0000719
     126       0       0       3       0                               0D0000720
     126    1523       0       0       0       0       0       000010000D0000721
     126       0       0       3       0                               0D0000722
     126    1526       0       0       0       0       0       000010000D0000723
     126       0       0       3       0                               0D0000724
     126    1529       0       0       0       0       0       000010000D0000725
     126       0       0       3       0                               0D0000726
     126    1532       0       0       0       0       0       000010000D0000727
     126       0       0       3       0                               0D0000728
     110    1535       0       0       0       0       0       000010000D0000729
     110       0       0       1       0                               0D0000730
     126    1536       0       0       0       0       0       000010000D0000731
     126       0       0       3       0                               0D0000732
     110    1539       0       0       0       0       0       000010000D0000733
     110       0       0       1       0                               0D0000734
     126    1540       0       0       0       0       0       000010000D0000735
     126       0       0       3       0                               0D0000736
     126    1543       0       0       0       0       0       000010000D0000737
     126       0       0       3       0                               0D0000738
     126    1546       0       0       0       0       0       000010000D0000739
     126       0       0       3       0                               0D0000740
     126    1549       0       0       0       0       0       000010000D0000741
     126       0       0       3       0                               0D0000742
     126    1552       0       0       0       0       0       000010000D0000743
     126       0       0       3       0                               0D0000744
     126    1555       0       0       0       0       0       000010000D0000745
     126       0       0       3       0                               0D0000746
     126    1558       0       0       0       0       0       000010000D0000747
     126       0       0       3       0                               0D0000748
     126    1561       0       0       0       0       0       000010000D0000749
     126       0       0       3       0                               0D0000750
     102    1564       0       0       0       0       0       000010000D0000751
     102       0       0       3       0                               0D0000752
     126    1567       0       0       0       0       0       000010000D0000753
     126       0       0       3       0                               0D0000754
     110    1570       0       0       0       0       0       000010000D0000755
     110       0       0       1       0                               0D0000756
     126    1571       0       0       0       0       0       000010000D0000757
     126       0       0       3       0                               0D0000758
     126    1574       0       0       0       0       0       000010000D0000759
     126       0       0       3       0                               0D0000760
     126    1577       0       0       0       0       0       000010000D0000761
     126       0       0       3       0                               0D0000762
     126    1580       0       0       0       0       0       000010000D0000763
     126       0       0       3       0                               0D0000764
     126    1583       0       0       0       0       0       000010000D0000765
     126       0       0       3       0                               0D0000766
     126    1586       0       0       0       0       0       000010000D0000767
     126       0       0       3       0                               0D0000768
     126    1589       0       0       0       0       0       000010000D0000769
     126       0       0       3       0                               0D0000770
     126    1592       0       0       0       0       0       000010000D0000771
     126       0       0       3       0                               0D0000772
     126    1595       0       0       0       0       0       000010000D0000773
     126       0       0       3       0                               0D0000774
     126    1598       0       0       0       0       0       000010000D0000775
     126       0       0       3       0                               0D0000776
     110    1601       0       0       0       0       0       000010000D0000777
     110       0       0       1       0                               0D0000778
     126    1602       0       0       0       0       0       000010000D0000779
     126       0       0       3       0                               0D0000780
     126    1605       0       0       0       0       0       000010000D0000781
     126       0       0       3       0                               0D0000782
     126    1608       0       0       0       0       0       000010000D0000783
     126       0       0       3       0                               0D0000784
     126    1611       0       0       0       0       0       000010000D0000785
     126       0       0       3       0                               0D0000786
     126    1614       0       0       0       0       0       000010000D0000787
     126       0       0       3       0                               0D0000788
     126    1617       0       0       0       0       0       000010000D0000789
     126       0       0       3       0                               0D0000790
     126    1620       0       0       0       0       0       000010000D0000791
     126       0       0       3       0                               0D0000792
     126    1623       0       0       0       0       0       000010000D0000793
     126       0       0       3       0                               0D0000794
     126    1626       0       0       0       0       0       000010000D0000795
     126       0       0       3       0                               0D0000796
     126    1629       0       0       0       0       0       000010000D0000797
     126       0       0       3       0                               0D0000798
     110    1632       0       0       0       0       0       000010000D0000799
     110       0       0       1       0                               0D0000800
     126    1633       0       0       0       0       0       000010000D0000801
     126       0       0       3       0                               0D0000802
     126    1636       0       0       0       0       0       000010000D0000803
     126       0       0       3       0                               0D0000804
     126    1639       0       0       0       0       0       000010000D0000805
     126       0       0       3       0                               0D0000806
     126    1642       0       0       0       0       0       000010000D0000807
     126       0       0       3       0                               0D0000808
     126    1645       0       0       0       0       0       000010000D0000809
     126       0       0       3       0                               0D0000810
     126    1648       0       0       0       0       0       000010000D0000811
     126       0       0       3       0                               0D0000812
     126    1651       0       0       0       0       0       000010000D0000813
     126       0       0       3       0                               0D0000814
     126    1654       0       0       0       0       0       000010000D0000815
     126       0       0       3       0                               0D0000816
     126    1657       0       0       0       0       0       000010000D0000817
     126       0       0       3       0                               0D0000818
     126    1660       0       0       0       0       0       000010000D0000819
     126       0       0       3       0                               0D0000820
     110    1663       0       0       0       0       0       000010000D0000821
     110       0       0       1       0                               0D0000822
     126    1664       0       0       0       0       0       000010000D0000823
     126       0       0       3       0                               0D0000824
     126    1667       0       0       0       0       0       000010000D0000825
     126       0       0       3       0                               0D0000826
     126    1670       0       0       0       0       0       000010000D0000827
     126       0       0       3       0                               0D0000828
     126    1673       0       0       0       0       0       000010000D0000829
     126       0       0       3       0                               0D0000830
     126    1676       0       0       0       0       0       000010000D0000831
     126       0       0       3       0                               0D0000832
     126    1679       0       0       0       0       0       000010000D0000833
     126       0       0       3       0                               0D0000834
     126    1682       0       0       0       0       0       000010000D0000835
     126       0       0       3       0                               0D0000836
     126    1685       0       0       0       0       0       000010000D0000837
     126       0       0       3       0                               0D0000838
     126    1688       0       0       0       0       0       000010000D0000839
     126       0       0       3       0                               0D0000840
     144    1691       0       0       0       0       0       000020000D0000841
     144       0       0       1       0                               0D0000842
     128    1692       0       0       0       0       0       000010000D0000843
     128       0       0      34       0                               0D0000844
     142    1726       0       0       0       0       0       000010500D0000845
     142       0       0       1       0                               0D0000846
     102    1727       0       0       0       0       0       000010000D0000847
     102       0       0       3       0                               0D0000848
     126    1730       0       0       0       0       0       000010000D0000849
     126       0       0       3       0                               0D0000850
     126    1733       0       0       0       0       0       000010000D0000851
     126       0       0       4       0                               0D0000852
     126    1737       0       0       0       0       0       000010000D0000853
     126       0       0       3       0                               0D0000854
     126    1740       0       0       0       0       0       000010000D0000855
     126       0       0       3       0                               0D0000856
     126    1743       0       0       0       0       0       000010000D0000857
     126       0       0       3       0                               0D0000858
     126    1746       0       0       0       0       0       000010000D0000859
     126       0       0       3       0                               0D0000860
     126    1749       0       0       0       0       0       000010000D0000861
     126       0       0       3       0                               0D0000862
     126    1752       0       0       0       0       0       000010000D0000863
     126       0       0       3       0                               0D0000864
     126    1755       0       0       0       0       0       000010000D0000865
     126       0       0       3       0                               0D0000866
     126    1758       0       0       0       0       0       000010000D0000867
     126       0       0       3       0                               0D0000868
     126    1761       0       0       0       0       0       000010000D0000869
     126       0       0       3       0                               0D0000870
     126    1764       0       0       0       0       0       000010000D0000871
     126       0       0       3       0                               0D0000872
     126    1767       0       0       0       0       0       000010000D0000873
     126       0       0       3       0                               0D0000874
     126    1770       0       0       0       0       0       000010000D0000875
     126       0       0       3       0                               0D0000876
     126    1773       0       0       0       0       0       000010000D0000877
     126       0       0       3       0                               0D0000878
     126    1776       0       0       0       0       0       000010000D0000879
     126       0       0       3       0                               0D0000880
     126    1779       0       0       0       0       0       000010000D0000881
     126       0       0       3       0                               0D0000882
     126    1782       0       0       0       0       0       000010000D0000883
     126       0       0       3       0                               0D0000884
     126    1785       0       0       0       0       0       000010000D0000885
     126       0       0       2       0                               0D0000886
     126    1787       0       0       0       0       0       000010000D0000887
     126       0       0       3       0                               0D0000888
     126    1790       0       0       0       0       0       000010000D0000889
     126       0       0       4       0                               0D0000890
     126    1794       0       0       0       0       0       000010000D0000891
     126       0       0       3       0                               0D0000892
     126    1797       0       0       0       0       0       000010000D0000893
     126       0       0       3       0                               0D0000894
     126    1800       0       0       0       0       0       000010000D0000895
     126       0       0       3       0                               0D0000896
     126    1803       0       0       0       0       0       000010000D0000897
     126       0       0       3       0                               0D0000898
     126    1806       0       0       0       0       0       000010000D0000899
     126       0       0       3       0                               0D0000900
     126    1809       0       0       0       0       0       000010000D0000901
     126       0       0       3       0                               0D0000902
     126    1812       0       0       0       0       0       000010000D0000903
     126       0       0       3       0                               0D0000904
     126    1815       0       0       0       0       0       000010000D0000905
     126       0       0       3       0                               0D0000906
     126    1818       0       0       0       0       0       000010000D0000907
     126       0       0       3       0                               0D0000908
     126    1821       0       0       0       0       0       000010000D0000909
     126       0       0       3       0                               0D0000910
     126    1824       0       0       0       0       0       000010000D0000911
     126       0       0       3       0                               0D0000912
     126    1827       0       0       0       0       0       000010000D0000913
     126       0       0       3       0                               0D0000914
     126    1830       0       0       0       0       0       000010000D0000915
     126       0       0       3       0                               0D0000916
     126    1833       0       0       0       0       0       000010000D0000917
     126       0       0       3       0                               0D0000918
     126    1836       0       0       0       0       0       000010000D0000919
     126       0       0       3       0                               0D0000920
     126    1839       0       0       0       0       0       000010000D0000921
     126       0       0       3       0                               0D0000922
     126    1842       0       0       0       0       0       000010000D0000923
     126       0       0       3       0                               0D0000924
     102    1845       0       0       0       0       0       000010000D0000925
     102       0       0       3       0                               0D0000926
     126    1848       0       0       0       0       0       000010000D0000927
     126       0       0       6       0                               0D0000928
     126    1854       0       0       0       0       0       000010000D0000929
     126       0       0       7       0                               0D0000930
     126    1861       0       0       0       0       0       000010000D0000931
     126       0       0       7       0                               0D0000932
     126    1868       0       0       0       0       0       000010000D0000933
     126       0       0       6       0                               0D0000934
     126    1874       0       0       0       0       0       000010000D0000935
     126       0       0       7       0                               0D0000936
     126    1881       0       0       0       0       0       000010000D0000937
     126       0       0       7       0                               0D0000938
     126    1888       0       0       0       0       0       000010000D0000939
     126       0       0       6       0                               0D0000940
     126    1894       0       0       0       0       0       000010000D0000941
     126       0       0       7       0                               0D0000942
     126    1901       0       0       0       0       0       000010000D0000943
     126       0       0       6       0                               0D0000944
     126    1907       0       0       0       0       0       000010000D0000945
     126       0       0       6       0                               0D0000946
     126    1913       0       0       0       0       0       000010000D0000947
     126       0       0       7       0                               0D0000948
     126    1920       0       0       0       0       0       000010000D0000949
     126       0       0       7       0                               0D0000950
     126    1927       0       0       0       0       0       000010000D0000951
     126       0       0       7       0                               0D0000952
     126    1934       0       0       0       0       0       000010000D0000953
     126       0       0       7       0                               0D0000954
     126    1941       0       0       0       0       0       000010000D0000955
     126       0       0       7       0                               0D0000956
     126    1948       0       0       0       0       0       000010000D0000957
     126       0       0       7       0                               0D0000958
     126    1955       0       0       0       0       0       000010000D0000959
     126       0       0       7       0                               0D0000960
     126    1962       0       0       0       0       0       000010000D0000961
     126       0       0       6       0                               0D0000962
     100    1968       0       0       0       0     965       000010000D0000963
     100       0       0       1       0                               0D0000964
     124    1969       0       0       0       0       0       000000000D0000965
     124       0       0       3       0                               0D0000966
     126    1972       0       0       0       0       0       000010000D0000967
     126       0       0       6       0                               0D0000968
     126    1978       0       0       0       0       0       000010000D0000969
     126       0       0       7       0                               0D0000970
     126    1985       0       0       0       0       0       000010000D0000971
     126       0       0       7       0                               0D0000972
     126    1992       0       0       0       0       0       000010000D0000973
     126       0       0       7       0                               0D0000974
     126    1999       0       0       0       0       0       000010000D0000975
     126       0       0       7       0                               0D0000976
     126    2006       0       0       0       0       0       000010000D0000977
     126       0       0       7       0                               0D0000978
     126    2013       0       0       0       0       0       000010000D0000979
     126       0       0       7       0                               0D0000980
     126    2020       0       0       0       0       0       000010000D0000981
     126       0       0       7       0                               0D0000982
     126    2027       0       0       0       0       0       000010000D0000983
     126       0       0       6       0                               0D0000984
     126    2033       0       0       0       0       0       000010000D0000985
     126       0       0       6       0                               0D0000986
     126    2039       0       0       0       0       0       000010000D0000987
     126       0       0       7       0                               0D0000988
     126    2046       0       0       0       0       0       000010000D0000989
     126       0       0       7       0                               0D0000990
     126    2053       0       0       0       0       0       000010000D0000991
     126       0       0       7       0                               0D0000992
     126    2060       0       0       0       0       0       000010000D0000993
     126       0       0       7       0                               0D0000994
     126    2067       0       0       0       0       0       000010000D0000995
     126       0       0       7       0                               0D0000996
     126    2074       0       0       0       0       0       000010000D0000997
     126       0       0       6       0                               0D0000998
     126    2080       0       0       0       0       0       000010000D0000999
     126       0       0       6       0                               0D0001000
     126    2086       0       0       0       0       0       000010000D0001001
     126       0       0       6       0                               0D0001002
     100    2092       0       0       0       0    1005       000010000D0001003
     100       0       0       2       0                               0D0001004
     124    2094       0       0       0       0       0       000000000D0001005
     124       0       0       1       0                               0D0001006
     144    2095       0       0       0       0       0       000020000D0001007
     144       0       0       1       0                               0D0001008
     128    2096       0       0       0       0       0       000010000D0001009
     128       0       0       4       0                               0D0001010
     142    2100       0       0       0       0       0       000010500D0001011
     142       0       0       1       0                               0D0001012
     102    2101       0       0       0       0       0       000010000D0001013
     102       0       0       4       0                               0D0001014
     126    2105       0       0       0       0       0       000010000D0001015
     126       0       0       3       0                               0D0001016
     126    2108       0       0       0       0       0       000010000D0001017
     126       0       0       3       0                               0D0001018
     126    2111       0       0       0       0       0       000010000D0001019
     126       0       0       4       0                               0D0001020
     126    2115       0       0       0       0       0       000010000D0001021
     126       0       0       4       0                               0D0001022
     126    2119       0       0       0       0       0       000010000D0001023
     126       0       0       3       0                               0D0001024
     126    2122       0       0       0       0       0       000010000D0001025
     126       0       0       3       0                               0D0001026
     126    2125       0       0       0       0       0       000010000D0001027
     126       0       0       3       0                               0D0001028
     126    2128       0       0       0       0       0       000010000D0001029
     126       0       0       3       0                               0D0001030
     126    2131       0       0       0       0       0       000010000D0001031
     126       0       0       3       0                               0D0001032
     126    2134       0       0       0       0       0       000010000D0001033
     126       0       0       3       0                               0D0001034
     126    2137       0       0       0       0       0       000010000D0001035
     126       0       0       3       0                               0D0001036
     126    2140       0       0       0       0       0       000010000D0001037
     126       0       0       3       0                               0D0001038
     126    2143       0       0       0       0       0       000010000D0001039
     126       0       0       3       0                               0D0001040
     126    2146       0       0       0       0       0       000010000D0001041
     126       0       0       3       0                               0D0001042
     126    2149       0       0       0       0       0       000010000D0001043
     126       0       0       3       0                               0D0001044
     126    2152       0       0       0       0       0       000010000D0001045
     126       0       0       3       0                               0D0001046
     126    2155       0       0       0       0       0       000010000D0001047
     126       0       0       3       0                               0D0001048
     126    2158       0       0       0       0       0       000010000D0001049
     126       0       0       3       0                               0D0001050
     126    2161       0       0       0       0       0       000010000D0001051
     126       0       0       3       0                               0D0001052
     126    2164       0       0       0       0       0       000010000D0001053
     126       0       0       3       0                               0D0001054
     126    2167       0       0       0       0       0       000010000D0001055
     126       0       0       3       0                               0D0001056
     126    2170       0       0       0       0       0       000010000D0001057
     126       0       0       3       0                               0D0001058
     126    2173       0       0       0       0       0       000010000D0001059
     126       0       0       3       0                               0D0001060
     126    2176       0       0       0       0       0       000010000D0001061
     126       0       0       3       0                               0D0001062
     126    2179       0       0       0       0       0       000010000D0001063
     126       0       0       3       0                               0D0001064
     126    2182       0       0       0       0       0       000010000D0001065
     126       0       0       4       0                               0D0001066
     126    2186       0       0       0       0       0       000010000D0001067
     126       0       0       4       0                               0D0001068
     126    2190       0       0       0       0       0       000010000D0001069
     126       0       0       3       0                               0D0001070
     126    2193       0       0       0       0       0       000010000D0001071
     126       0       0       3       0                               0D0001072
     126    2196       0       0       0       0       0       000010000D0001073
     126       0       0       3       0                               0D0001074
     126    2199       0       0       0       0       0       000010000D0001075
     126       0       0       3       0                               0D0001076
     126    2202       0       0       0       0       0       000010000D0001077
     126       0       0       3       0                               0D0001078
     126    2205       0       0       0       0       0       000010000D0001079
     126       0       0       3       0                               0D0001080
     126    2208       0       0       0       0       0       000010000D0001081
     126       0       0       3       0                               0D0001082
     126    2211       0       0       0       0       0       000010000D0001083
     126       0       0       3       0                               0D0001084
     126    2214       0       0       0       0       0       000010000D0001085
     126       0       0       3       0                               0D0001086
     126    2217       0       0       0       0       0       000010000D0001087
     126       0       0       3       0                               0D0001088
     126    2220       0       0       0       0       0       000010000D0001089
     126       0       0       3       0                               0D0001090
     126    2223       0       0       0       0       0       000010000D0001091
     126       0       0       3       0                               0D0001092
     126    2226       0       0       0       0       0       000010000D0001093
     126       0       0       3       0                               0D0001094
     126    2229       0       0       0       0       0       000010000D0001095
     126       0       0       3       0                               0D0001096
     126    2232       0       0       0       0       0       000010000D0001097
     126       0       0       3       0                               0D0001098
     126    2235       0       0       0       0       0       000010000D0001099
     126       0       0       3       0                               0D0001100
     126    2238       0       0       0       0       0       000010000D0001101
     126       0       0       3       0                               0D0001102
     126    2241       0       0       0       0       0       000010000D0001103
     126       0       0       3       0                               0D0001104
     126    2244       0       0       0       0       0       000010000D0001105
     126       0       0       3       0                               0D0001106
     102    2247       0       0       0       0       0       000010000D0001107
     102       0       0       4       0                               0D0001108
     110    2251       0       0       0       0       0       000010000D0001109
     110       0       0       1       0                               0D0001110
     126    2252       0       0       0       0       0       000010000D0001111
     126       0       0       4       0                               0D0001112
     126    2256       0       0       0       0       0       000010000D0001113
     126       0       0       4       0                               0D0001114
     126    2260       0       0       0       0       0       000010000D0001115
     126       0       0       4       0                               0D0001116
     126    2264       0       0       0       0       0       000010000D0001117
     126       0       0       4       0                               0D0001118
     126    2268       0       0       0       0       0       000010000D0001119
     126       0       0       4       0                               0D0001120
     126    2272       0       0       0       0       0       000010000D0001121
     126       0       0       4       0                               0D0001122
     126    2276       0       0       0       0       0       000010000D0001123
     126       0       0       4       0                               0D0001124
     126    2280       0       0       0       0       0       000010000D0001125
     126       0       0       4       0                               0D0001126
     126    2284       0       0       0       0       0       000010000D0001127
     126       0       0       3       0                               0D0001128
     126    2287       0       0       0       0       0       000010000D0001129
     126       0       0       4       0                               0D0001130
     126    2291       0       0       0       0       0       000010000D0001131
     126       0       0       4       0                               0D0001132
     126    2295       0       0       0       0       0       000010000D0001133
     126       0       0       4       0                               0D0001134
     126    2299       0       0       0       0       0       000010000D0001135
     126       0       0       4       0                               0D0001136
     126    2303       0       0       0       0       0       000010000D0001137
     126       0       0       3       0                               0D0001138
     126    2306       0       0       0       0       0       000010000D0001139
     126       0       0       4       0                               0D0001140
     126    2310       0       0       0       0       0       000010000D0001141
     126       0       0       4       0                               0D0001142
     126    2314       0       0       0       0       0       000010000D0001143
     126       0       0       4       0                               0D0001144
     126    2318       0       0       0       0       0       000010000D0001145
     126       0       0       4       0                               0D0001146
     126    2322       0       0       0       0       0       000010000D0001147
     126       0       0       4       0                               0D0001148
     126    2326       0       0       0       0       0       000010000D0001149
     126       0       0       4       0                               0D0001150
     126    2330       0       0       0       0       0       000010000D0001151
     126       0       0       4       0                               0D0001152
     126    2334       0       0       0       0       0       000010000D0001153
     126       0       0       3       0                               0D0001154
     110    2337       0       0       0       0       0       000010000D0001155
     110       0       0       1       0                               0D0001156
     126    2338       0       0       0       0       0       000010000D0001157
     126       0       0       3       0                               0D0001158
     126    2341       0       0       0       0       0       000010000D0001159
     126       0       0       4       0                               0D0001160
     126    2345       0       0       0       0       0       000010000D0001161
     126       0       0       4       0                               0D0001162
     126    2349       0       0       0       0       0       000010000D0001163
     126       0       0       4       0                               0D0001164
     126    2353       0       0       0       0       0       000010000D0001165
     126       0       0       4       0                               0D0001166
     126    2357       0       0       0       0       0       000010000D0001167
     126       0       0       4       0                               0D0001168
     126    2361       0       0       0       0       0       000010000D0001169
     126       0       0       4       0                               0D0001170
     126    2365       0       0       0       0       0       000010000D0001171
     126       0       0       4       0                               0D0001172
     126    2369       0       0       0       0       0       000010000D0001173
     126       0       0       4       0                               0D0001174
     126    2373       0       0       0       0       0       000010000D0001175
     126       0       0       4       0                               0D0001176
     126    2377       0       0       0       0       0       000010000D0001177
     126       0       0       4       0                               0D0001178
     126    2381       0       0       0       0       0       000010000D0001179
     126       0       0       4       0                               0D0001180
     126    2385       0       0       0       0       0       000010000D0001181
     126       0       0       4       0                               0D0001182
     126    2389       0       0       0       0       0       000010000D0001183
     126       0       0       4       0                               0D0001184
     126    2393       0       0       0       0       0       000010000D0001185
     126       0       0       4       0                               0D0001186
     126    2397       0       0       0       0       0       000010000D0001187
     126       0       0       4       0                               0D0001188
     126    2401       0       0       0       0       0       000010000D0001189
     126       0       0       4       0                               0D0001190
     126    2405       0       0       0       0       0       000010000D0001191
     126       0       0       4       0                               0D0001192
     126    2409       0       0       0       0       0       000010000D0001193
     126       0       0       4       0                               0D0001194
     126    2413       0       0       0       0       0       000010000D0001195
     126       0       0       4       0                               0D0001196
     126    2417       0       0       0       0       0       000010000D0001197
     126       0       0       4       0                               0D0001198
     126    2421       0       0       0       0       0       000010000D0001199
     126       0       0       4       0                               0D0001200
     144    2425       0       0       0       0       0       000020000D0001201
     144       0       0       1       0                               0D0001202
     128    2426       0       0       0       0       0       000010000D0001203
     128       0       0       4       0                               0D0001204
     142    2430       0       0       0       0       0       000010500D0001205
     142       0       0       1       0                               0D0001206
     102    2431       0       0       0       0       0       000010000D0001207
     102       0       0       4       0                               0D0001208
     126    2435       0       0       0       0       0       000010000D0001209
     126       0       0       3       0                               0D0001210
     126    2438       0       0       0       0       0       000010000D0001211
     126       0       0       3       0                               0D0001212
     126    2441       0       0       0       0       0       000010000D0001213
     126       0       0       4       0                               0D0001214
     126    2445       0       0       0       0       0       000010000D0001215
     126       0       0       4       0                               0D0001216
     126    2449       0       0       0       0       0       000010000D0001217
     126       0       0       3       0                               0D0001218
     126    2452       0       0       0       0       0       000010000D0001219
     126       0       0       3       0                               0D0001220
     126    2455       0       0       0       0       0       000010000D0001221
     126       0       0       3       0                               0D0001222
     126    2458       0       0       0       0       0       000010000D0001223
     126       0       0       3       0                               0D0001224
     126    2461       0       0       0       0       0       000010000D0001225
     126       0       0       3       0                               0D0001226
     126    2464       0       0       0       0       0       000010000D0001227
     126       0       0       3       0                               0D0001228
     126    2467       0       0       0       0       0       000010000D0001229
     126       0       0       3       0                               0D0001230
     126    2470       0       0       0       0       0       000010000D0001231
     126       0       0       3       0                               0D0001232
     126    2473       0       0       0       0       0       000010000D0001233
     126       0       0       3       0                               0D0001234
     126    2476       0       0       0       0       0       000010000D0001235
     126       0       0       3       0                               0D0001236
     126    2479       0       0       0       0       0       000010000D0001237
     126       0       0       3       0                               0D0001238
     126    2482       0       0       0       0       0       000010000D0001239
     126       0       0       3       0                               0D0001240
     126    2485       0       0       0       0       0       000010000D0001241
     126       0       0       3       0                               0D0001242
     126    2488       0       0       0       0       0       000010000D0001243
     126       0       0       3       0                               0D0001244
     126    2491       0       0       0       0       0       000010000D0001245
     126       0       0       3       0                               0D0001246
     126    2494       0       0       0       0       0       000010000D0001247
     126       0       0       3       0                               0D0001248
     126    2497       0       0       0       0       0       000010000D0001249
     126       0       0       3       0                               0D0001250
     126    2500       0       0       0       0       0       000010000D0001251
     126       0       0       3       0                               0D0001252
     126    2503       0       0       0       0       0       000010000D0001253
     126       0       0       3       0                               0D0001254
     126    2506       0       0       0       0       0       000010000D0001255
     126       0       0       3       0                               0D0001256
     126    2509       0       0       0       0       0       000010000D0001257
     126       0       0       3       0                               0D0001258
     126    2512       0       0       0       0       0       000010000D0001259
     126       0       0       4       0                               0D0001260
     126    2516       0       0       0       0       0       000010000D0001261
     126       0       0       4       0                               0D0001262
     126    2520       0       0       0       0       0       000010000D0001263
     126       0       0       3       0                               0D0001264
     126    2523       0       0       0       0       0       000010000D0001265
     126       0       0       3       0                               0D0001266
     126    2526       0       0       0       0       0       000010000D0001267
     126       0       0       3       0                               0D0001268
     126    2529       0       0       0       0       0       000010000D0001269
     126       0       0       3       0                               0D0001270
     126    2532       0       0       0       0       0       000010000D0001271
     126       0       0       3       0                               0D0001272
     126    2535       0       0       0       0       0       000010000D0001273
     126       0       0       3       0                               0D0001274
     126    2538       0       0       0       0       0       000010000D0001275
     126       0       0       3       0                               0D0001276
     126    2541       0       0       0       0       0       000010000D0001277
     126       0       0       3       0                               0D0001278
     126    2544       0       0       0       0       0       000010000D0001279
     126       0       0       3       0                               0D0001280
     126    2547       0       0       0       0       0       000010000D0001281
     126       0       0       3       0                               0D0001282
     126    2550       0       0       0       0       0       000010000D0001283
     126       0       0       3       0                               0D0001284
     126    2553       0       0       0       0       0       000010000D0001285
     126       0       0       3       0                               0D0001286
     126    2556       0       0       0       0       0       000010000D0001287
     126       0       0       3       0                               0D0001288
     126    2559       0       0       0       0       0       000010000D0001289
     126       0       0       3       0                               0D0001290
     126    2562       0       0       0       0       0       000010000D0001291
     126       0       0       3       0                               0D0001292
     126    2565       0       0       0       0       0       000010000D0001293
     126       0       0       3       0                               0D0001294
     126    2568       0       0       0       0       0       000010000D0001295
     126       0       0       3       0                               0D0001296
     126    2571       0       0       0       0       0       000010000D0001297
     126       0       0       3       0                               0D0001298
     126    2574       0       0       0       0       0       000010000D0001299
     126       0       0       3       0                               0D0001300
     102    2577       0       0       0       0       0       000010000D0001301
     102       0       0       4       0                               0D0001302
     110    2581       0       0       0       0       0       000010000D0001303
     110       0       0       1       0                               0D0001304
     126    2582       0       0       0       0       0       000010000D0001305
     126       0       0       4       0                               0D0001306
     126    2586       0       0       0       0       0       000010000D0001307
     126       0       0       4       0                               0D0001308
     126    2590       0       0       0       0       0       000010000D0001309
     126       0       0       4       0                               0D0001310
     126    2594       0       0       0       0       0       000010000D0001311
     126       0       0       4       0                               0D0001312
     126    2598       0       0       0       0       0       000010000D0001313
     126       0       0       4       0                               0D0001314
     126    2602       0       0       0       0       0       000010000D0001315
     126       0       0       4       0                               0D0001316
     126    2606       0       0       0       0       0       000010000D0001317
     126       0       0       4       0                               0D0001318
     126    2610       0       0       0       0       0       000010000D0001319
     126       0       0       4       0                               0D0001320
     126    2614       0       0       0       0       0       000010000D0001321
     126       0       0       4       0                               0D0001322
     126    2618       0       0       0       0       0       000010000D0001323
     126       0       0       4       0                               0D0001324
     126    2622       0       0       0       0       0       000010000D0001325
     126       0       0       4       0                               0D0001326
     126    2626       0       0       0       0       0       000010000D0001327
     126       0       0       4       0                               0D0001328
     126    2630       0       0       0       0       0       000010000D0001329
     126       0       0       4       0                               0D0001330
     126    2634       0       0       0       0       0       000010000D0001331
     126       0       0       4       0                               0D0001332
     126    2638       0       0       0       0       0       000010000D0001333
     126       0       0       4       0                               0D0001334
     126    2642       0       0       0       0       0       000010000D0001335
     126       0       0       4       0                               0D0001336
     126    2646       0       0       0       0       0       000010000D0001337
     126       0       0       4       0                               0D0001338
     126    2650       0       0       0       0       0       000010000D0001339
     126       0       0       4       0                               0D0001340
     126    2654       0       0       0       0       0       000010000D0001341
     126       0       0       4       0                               0D0001342
     126    2658       0       0       0       0       0       000010000D0001343
     126       0       0       4       0                               0D0001344
     126    2662       0       0       0       0       0       000010000D0001345
     126       0       0       4       0                               0D0001346
     126    2666       0       0       0       0       0       000010000D0001347
     126       0       0       3       0                               0D0001348
     110    2669       0       0       0       0       0       000010000D0001349
     110       0       0       1       0                               0D0001350
     126    2670       0       0       0       0       0       000010000D0001351
     126       0       0       3       0                               0D0001352
     126    2673       0       0       0       0       0       000010000D0001353
     126       0       0       4       0                               0D0001354
     126    2677       0       0       0       0       0       000010000D0001355
     126       0       0       4       0                               0D0001356
     126    2681       0       0       0       0       0       000010000D0001357
     126       0       0       4       0                               0D0001358
     126    2685       0       0       0       0       0       000010000D0001359
     126       0       0       4       0                               0D0001360
     126    2689       0       0       0       0       0       000010000D0001361
     126       0       0       4       0                               0D0001362
     126    2693       0       0       0       0       0       000010000D0001363
     126       0       0       4       0                               0D0001364
     126    2697       0       0       0       0       0       000010000D0001365
     126       0       0       4       0                               0D0001366
     126    2701       0       0       0       0       0       000010000D0001367
     126       0       0       4       0                               0D0001368
     126    2705       0       0       0       0       0       000010000D0001369
     126       0       0       4       0                               0D0001370
     126    2709       0       0       0       0       0       000010000D0001371
     126       0       0       3       0                               0D0001372
     126    2712       0       0       0       0       0       000010000D0001373
     126       0       0       3       0                               0D0001374
     126    2715       0       0       0       0       0       000010000D0001375
     126       0       0       4       0                               0D0001376
     126    2719       0       0       0       0       0       000010000D0001377
     126       0       0       4       0                               0D0001378
     126    2723       0       0       0       0       0       000010000D0001379
     126       0       0       4       0                               0D0001380
     126    2727       0       0       0       0       0       000010000D0001381
     126       0       0       4       0                               0D0001382
     126    2731       0       0       0       0       0       000010000D0001383
     126       0       0       4       0                               0D0001384
     126    2735       0       0       0       0       0       000010000D0001385
     126       0       0       4       0                               0D0001386
     126    2739       0       0       0       0       0       000010000D0001387
     126       0       0       3       0                               0D0001388
     126    2742       0       0       0       0       0       000010000D0001389
     126       0       0       4       0                               0D0001390
     126    2746       0       0       0       0       0       000010000D0001391
     126       0       0       4       0                               0D0001392
     126    2750       0       0       0       0       0       000010000D0001393
     126       0       0       3       0                               0D0001394
     144    2753       0       0       0       0       0       000020000D0001395
     144       0       0       1       0                               0D0001396
     128    2754       0       0       0       0       0       000010000D0001397
     128       0       0       4       0                               0D0001398
     142    2758       0       0       0       0       0       000010500D0001399
     142       0       0       1       0                               0D0001400
     102    2759       0       0       0       0       0       000010000D0001401
     102       0       0       4       0                               0D0001402
     126    2763       0       0       0       0       0       000010000D0001403
     126       0       0       3       0                               0D0001404
     126    2766       0       0       0       0       0       000010000D0001405
     126       0       0       3       0                               0D0001406
     126    2769       0       0       0       0       0       000010000D0001407
     126       0       0       4       0                               0D0001408
     126    2773       0       0       0       0       0       000010000D0001409
     126       0       0       4       0                               0D0001410
     126    2777       0       0       0       0       0       000010000D0001411
     126       0       0       3       0                               0D0001412
     126    2780       0       0       0       0       0       000010000D0001413
     126       0       0       3       0                               0D0001414
     126    2783       0       0       0       0       0       000010000D0001415
     126       0       0       3       0                               0D0001416
     126    2786       0       0       0       0       0       000010000D0001417
     126       0       0       3       0                               0D0001418
     126    2789       0       0       0       0       0       000010000D0001419
     126       0       0       3       0                               0D0001420
     126    2792       0       0       0       0       0       000010000D0001421
     126       0       0       3       0                               0D0001422
     126    2795       0       0       0       0       0       000010000D0001423
     126       0       0       3       0                               0D0001424
     126    2798       0       0       0       0       0       000010000D0001425
     126       0       0       3       0                               0D0001426
     126    2801       0       0       0       0       0       000010000D0001427
     126       0       0       3       0                               0D0001428
     126    2804       0       0       0       0       0       000010000D0001429
     126       0       0       3       0                               0D0001430
     126    2807       0       0       0       0       0       000010000D0001431
     126       0       0       3       0                               0D0001432
     126    2810       0       0       0       0       0       000010000D0001433
     126       0       0       3       0                               0D0001434
     126    2813       0       0       0       0       0       000010000D0001435
     126       0       0       3       0                               0D0001436
     126    2816       0       0       0       0       0       000010000D0001437
     126       0       0       3       0                               0D0001438
     126    2819       0       0       0       0       0       000010000D0001439
     126       0       0       3       0                               0D0001440
     126    2822       0       0       0       0       0       000010000D0001441
     126       0       0       3       0                               0D0001442
     126    2825       0       0       0       0       0       000010000D0001443
     126       0       0       3       0                               0D0001444
     126    2828       0       0       0       0       0       000010000D0001445
     126       0       0       3       0                               0D0001446
     126    2831       0       0       0       0       0       000010000D0001447
     126       0       0       3       0                               0D0001448
     126    2834       0       0       0       0       0       000010000D0001449
     126       0       0       3       0                               0D0001450
     126    2837       0       0       0       0       0       000010000D0001451
     126       0       0       3       0                               0D0001452
     126    2840       0       0       0       0       0       000010000D0001453
     126       0       0       4       0                               0D0001454
     126    2844       0       0       0       0       0       000010000D0001455
     126       0       0       4       0                               0D0001456
     126    2848       0       0       0       0       0       000010000D0001457
     126       0       0       3       0                               0D0001458
     126    2851       0       0       0       0       0       000010000D0001459
     126       0       0       3       0                               0D0001460
     126    2854       0       0       0       0       0       000010000D0001461
     126       0       0       3       0                               0D0001462
     126    2857       0       0       0       0       0       000010000D0001463
     126       0       0       3       0                               0D0001464
     126    2860       0       0       0       0       0       000010000D0001465
     126       0       0       3       0                               0D0001466
     126    2863       0       0       0       0       0       000010000D0001467
     126       0       0       3       0                               0D0001468
     126    2866       0       0       0       0       0       000010000D0001469
     126       0       0       3       0                               0D0001470
     126    2869       0       0       0       0       0       000010000D0001471
     126       0       0       3       0                               0D0001472
     126    2872       0       0       0       0       0       000010000D0001473
     126       0       0       3       0                               0D0001474
     126    2875       0       0       0       0       0       000010000D0001475
     126       0       0       3       0                               0D0001476
     126    2878       0       0       0       0       0       000010000D0001477
     126       0       0       3       0                               0D0001478
     126    2881       0       0       0       0       0       000010000D0001479
     126       0       0       3       0                               0D0001480
     126    2884       0       0       0       0       0       000010000D0001481
     126       0       0       3       0                               0D0001482
     126    2887       0       0       0       0       0       000010000D0001483
     126       0       0       3       0                               0D0001484
     126    2890       0       0       0       0       0       000010000D0001485
     126       0       0       3       0                               0D0001486
     126    2893       0       0       0       0       0       000010000D0001487
     126       0       0       3       0                               0D0001488
     126    2896       0       0       0       0       0       000010000D0001489
     126       0       0       3       0                               0D0001490
     126    2899       0       0       0       0       0       000010000D0001491
     126       0       0       3       0                               0D0001492
     126    2902       0       0       0       0       0       000010000D0001493
     126       0       0       3       0                               0D0001494
     102    2905       0       0       0       0       0       000010000D0001495
     102       0       0       4       0                               0D0001496
     110    2909       0       0       0       0       0       000010000D0001497
     110       0       0       1       0                               0D0001498
     126    2910       0       0       0       0       0       000010000D0001499
     126       0       0       3       0                               0D0001500
     126    2913       0       0       0       0       0       000010000D0001501
     126       0       0       4       0                               0D0001502
     126    2917       0       0       0       0       0       000010000D0001503
     126       0       0       4       0                               0D0001504
     126    2921       0       0       0       0       0       000010000D0001505
     126       0       0       4       0                               0D0001506
     126    2925       0       0       0       0       0       000010000D0001507
     126       0       0       4       0                               0D0001508
     126    2929       0       0       0       0       0       000010000D0001509
     126       0       0       4       0                               0D0001510
     126    2933       0       0       0       0       0       000010000D0001511
     126       0       0       4       0                               0D0001512
     126    2937       0       0       0       0       0       000010000D0001513
     126       0       0       4       0                               0D0001514
     126    2941       0       0       0       0       0       000010000D0001515
     126       0       0       4       0                               0D0001516
     126    2945       0       0       0       0       0       000010000D0001517
     126       0       0       4       0                               0D0001518
     126    2949       0       0       0       0       0       000010000D0001519
     126       0       0       3       0                               0D0001520
     126    2952       0       0       0       0       0       000010000D0001521
     126       0       0       3       0                               0D0001522
     126    2955       0       0       0       0       0       000010000D0001523
     126       0       0       4       0                               0D0001524
     126    2959       0       0       0       0       0       000010000D0001525
     126       0       0       4       0                               0D0001526
     126    2963       0       0       0       0       0       000010000D0001527
     126       0       0       4       0                               0D0001528
     126    2967       0       0       0       0       0       000010000D0001529
     126       0       0       4       0                               0D0001530
     126    2971       0       0       0       0       0       000010000D0001531
     126       0       0       4       0                               0D0001532
     126    2975       0       0       0       0       0       000010000D0001533
     126       0       0       4       0                               0D0001534
     126    2979       0       0       0       0       0       000010000D0001535
     126       0       0       4       0                               0D0001536
     126    2983       0       0       0       0       0       000010000D0001537
     126       0       0       4       0                               0D0001538
     126    2987       0       0       0       0       0       000010000D0001539
     126       0       0       4       0                               0D0001540
     126    2991       0       0       0       0       0       000010000D0001541
     126       0       0       3       0                               0D0001542
     110    2994       0       0       0       0       0       000010000D0001543
     110       0       0       1       0                               0D0001544
     126    2995       0       0       0       0       0       000010000D0001545
     126       0       0       3       0                               0D0001546
     126    2998       0       0       0       0       0       000010000D0001547
     126       0       0       4       0                               0D0001548
     126    3002       0       0       0       0       0       000010000D0001549
     126       0       0       4       0                               0D0001550
     126    3006       0       0       0       0       0       000010000D0001551
     126       0       0       4       0                               0D0001552
     126    3010       0       0       0       0       0       000010000D0001553
     126       0       0       4       0                               0D0001554
     126    3014       0       0       0       0       0       000010000D0001555
     126       0       0       4       0                               0D0001556
     126    3018       0       0       0       0       0       000010000D0001557
     126       0       0       3       0                               0D0001558
     126    3021       0       0       0       0       0       000010000D0001559
     126       0       0       3       0                               0D0001560
     126    3024       0       0       0       0       0       000010000D0001561
     126       0       0       3       0                               0D0001562
     126    3027       0       0       0       0       0       000010000D0001563
     126       0       0       3       0                               0D0001564
     126    3030       0       0       0       0       0       000010000D0001565
     126       0       0       3       0                               0D0001566
     126    3033       0       0       0       0       0       000010000D0001567
     126       0       0       3       0                               0D0001568
     126    3036       0       0       0       0       0       000010000D0001569
     126       0       0       3       0                               0D0001570
     126    3039       0       0       0       0       0       000010000D0001571
     126       0       0       3       0                               0D0001572
     126    3042       0       0       0       0       0       000010000D0001573
     126       0       0       3       0                               0D0001574
     126    3045       0       0       0       0       0       000010000D0001575
     126       0       0       3       0                               0D0001576
     126    3048       0       0       0       0       0       000010000D0001577
     126       0       0       4       0                               0D0001578
     126    3052       0       0       0       0       0       000010000D0001579
     126       0       0       4       0                               0D0001580
     126    3056       0       0       0       0       0       000010000D0001581
     126       0       0       4       0                               0D0001582
     126    3060       0       0       0       0       0       000010000D0001583
     126       0       0       4       0                               0D0001584
     126    3064       0       0       0       0       0       000010000D0001585
     126       0       0       4       0                               0D0001586
     126    3068       0       0       0       0       0       000010000D0001587
     126       0       0       3       0                               0D0001588
     144    3071       0       0       0       0       0       000020000D0001589
     144       0       0       1       0                               0D0001590
     128    3072       0       0       0       0       0       000010000D0001591
     128       0       0       4       0                               0D0001592
     142    3076       0       0       0       0       0       000010500D0001593
     142       0       0       1       0                               0D0001594
     102    3077       0       0       0       0       0       000010000D0001595
     102       0       0       4       0                               0D0001596
     126    3081       0       0       0       0       0       000010000D0001597
     126       0       0       3       0                               0D0001598
     126    3084       0       0       0       0       0       000010000D0001599
     126       0       0       3       0                               0D0001600
     126    3087       0       0       0       0       0       000010000D0001601
     126       0       0       4       0                               0D0001602
     126    3091       0       0       0       0       0       000010000D0001603
     126       0       0       4       0                               0D0001604
     126    3095       0       0       0       0       0       000010000D0001605
     126       0       0       3       0                               0D0001606
     126    3098       0       0       0       0       0       000010000D0001607
     126       0       0       3       0                               0D0001608
     126    3101       0       0       0       0       0       000010000D0001609
     126       0       0       3       0                               0D0001610
     126    3104       0       0       0       0       0       000010000D0001611
     126       0       0       3       0                               0D0001612
     126    3107       0       0       0       0       0       000010000D0001613
     126       0       0       3       0                               0D0001614
     126    3110       0       0       0       0       0       000010000D0001615
     126       0       0       3       0                               0D0001616
     126    3113       0       0       0       0       0       000010000D0001617
     126       0       0       3       0                               0D0001618
     126    3116       0       0       0       0       0       000010000D0001619
     126       0       0       3       0                               0D0001620
     126    3119       0       0       0       0       0       000010000D0001621
     126       0       0       3       0                               0D0001622
     126    3122       0       0       0       0       0       000010000D0001623
     126       0       0       3       0                               0D0001624
     126    3125       0       0       0       0       0       000010000D0001625
     126       0       0       3       0                               0D0001626
     126    3128       0       0       0       0       0       000010000D0001627
     126       0       0       3       0                               0D0001628
     126    3131       0       0       0       0       0       000010000D0001629
     126       0       0       3       0                               0D0001630
     126    3134       0       0       0       0       0       000010000D0001631
     126       0       0       3       0                               0D0001632
     126    3137       0       0       0       0       0       000010000D0001633
     126       0       0       3       0                               0D0001634
     126    3140       0       0       0       0       0       000010000D0001635
     126       0       0       3       0                               0D0001636
     126    3143       0       0       0       0       0       000010000D0001637
     126       0       0       3       0                               0D0001638
     126    3146       0       0       0       0       0       000010000D0001639
     126       0       0       3       0                               0D0001640
     126    3149       0       0       0       0       0       000010000D0001641
     126       0       0       3       0                               0D0001642
     126    3152       0       0       0       0       0       000010000D0001643
     126       0       0       3       0                               0D0001644
     126    3155       0       0       0       0       0       000010000D0001645
     126       0       0       3       0                               0D0001646
     126    3158       0       0       0       0       0       000010000D0001647
     126       0       0       4       0                               0D0001648
     126    3162       0       0       0       0       0       000010000D0001649
     126       0       0       4       0                               0D0001650
     126    3166       0       0       0       0       0       000010000D0001651
     126       0       0       3       0                               0D0001652
     126    3169       0       0       0       0       0       000010000D0001653
     126       0       0       3       0                               0D0001654
     126    3172       0       0       0       0       0       000010000D0001655
     126       0       0       3       0                               0D0001656
     126    3175       0       0       0       0       0       000010000D0001657
     126       0       0       3       0                               0D0001658
     126    3178       0       0       0       0       0       000010000D0001659
     126       0       0       3       0                               0D0001660
     126    3181       0       0       0       0       0       000010000D0001661
     126       0       0       3       0                               0D0001662
     126    3184       0       0       0       0       0       000010000D0001663
     126       0       0       3       0                               0D0001664
     126    3187       0       0       0       0       0       000010000D0001665
     126       0       0       3       0                               0D0001666
     126    3190       0       0       0       0       0       000010000D0001667
     126       0       0       3       0                               0D0001668
     126    3193       0       0       0       0       0       000010000D0001669
     126       0       0       3       0                               0D0001670
     126    3196       0       0       0       0       0       000010000D0001671
     126       0       0       3       0                               0D0001672
     126    3199       0       0       0       0       0       000010000D0001673
     126       0       0       3       0                               0D0001674
     126    3202       0       0       0       0       0       000010000D0001675
     126       0       0       3       0                               0D0001676
     126    3205       0       0       0       0       0       000010000D0001677
     126       0       0       3       0                               0D0001678
     126    3208       0       0       0       0       0       000010000D0001679
     126       0       0       3       0                               0D0001680
     126    3211       0       0       0       0       0       000010000D0001681
     126       0       0       3       0                               0D0001682
     126    3214       0       0       0       0       0       000010000D0001683
     126       0       0       3       0                               0D0001684
     126    3217       0       0       0       0       0       000010000D0001685
     126       0       0       3       0                               0D0001686
     126    3220       0       0       0       0       0       000010000D0001687
     126       0       0       3       0                               0D0001688
     102    3223       0       0       0       0       0       000010000D0001689
     102       0       0       4       0                               0D0001690
     110    3227       0       0       0       0       0       000010000D0001691
     110       0       0       1       0                               0D0001692
     126    3228       0       0       0       0       0       000010000D0001693
     126       0       0       4       0                               0D0001694
     126    3232       0       0       0       0       0       000010000D0001695
     126       0       0       4       0                               0D0001696
     126    3236       0       0       0       0       0       000010000D0001697
     126       0       0       4       0                               0D0001698
     126    3240       0       0       0       0       0       000010000D0001699
     126       0       0       4       0                               0D0001700
     126    3244       0       0       0       0       0       000010000D0001701
     126       0       0       4       0                               0D0001702
     126    3248       0       0       0       0       0       000010000D0001703
     126       0       0       4       0                               0D0001704
     126    3252       0       0       0       0       0       000010000D0001705
     126       0       0       3       0                               0D0001706
     126    3255       0       0       0       0       0       000010000D0001707
     126       0       0       3       0                               0D0001708
     126    3258       0       0       0       0       0       000010000D0001709
     126       0       0       3       0                               0D0001710
     126    3261       0       0       0       0       0       000010000D0001711
     126       0       0       3       0                               0D0001712
     126    3264       0       0       0       0       0       000010000D0001713
     126       0       0       3       0                               0D0001714
     126    3267       0       0       0       0       0       000010000D0001715
     126       0       0       3       0                               0D0001716
     126    3270       0       0       0       0       0       000010000D0001717
     126       0       0       3       0                               0D0001718
     126    3273       0       0       0       0       0       000010000D0001719
     126       0       0       3       0                               0D0001720
     126    3276       0       0       0       0       0       000010000D0001721
     126       0       0       3       0                               0D0001722
     126    3279       0       0       0       0       0       000010000D0001723
     126       0       0       3       0                               0D0001724
     126    3282       0       0       0       0       0       000010000D0001725
     126       0       0       4       0                               0D0001726
     126    3286       0       0       0       0       0       000010000D0001727
     126       0       0       4       0                               0D0001728
     126    3290       0       0       0       0       0       000010000D0001729
     126       0       0       4       0                               0D0001730
     126    3294       0       0       0       0       0       000010000D0001731
     126       0       0       4       0                               0D0001732
     126    3298       0       0       0       0       0       000010000D0001733
     126       0       0       4       0                               0D0001734
     126    3302       0       0       0       0       0       000010000D0001735
     126       0       0       3       0                               0D0001736
     110    3305       0       0       0       0       0       000010000D0001737
     110       0       0       1       0                               0D0001738
     126    3306       0       0       0       0       0       000010000D0001739
     126       0       0       3       0                               0D0001740
     126    3309       0       0       0       0       0       000010000D0001741
     126       0       0       4       0                               0D0001742
     126    3313       0       0       0       0       0       000010000D0001743
     126       0       0       4       0                               0D0001744
     126    3317       0       0       0       0       0       000010000D0001745
     126       0       0       4       0                               0D0001746
     126    3321       0       0       0       0       0       000010000D0001747
     126       0       0       4       0                               0D0001748
     126    3325       0       0       0       0       0       000010000D0001749
     126       0       0       4       0                               0D0001750
     126    3329       0       0       0       0       0       000010000D0001751
     126       0       0       4       0                               0D0001752
     126    3333       0       0       0       0       0       000010000D0001753
     126       0       0       3       0                               0D0001754
     126    3336       0       0       0       0       0       000010000D0001755
     126       0       0       4       0                               0D0001756
     126    3340       0       0       0       0       0       000010000D0001757
     126       0       0       4       0                               0D0001758
     126    3344       0       0       0       0       0       000010000D0001759
     126       0       0       4       0                               0D0001760
     126    3348       0       0       0       0       0       000010000D0001761
     126       0       0       4       0                               0D0001762
     126    3352       0       0       0       0       0       000010000D0001763
     126       0       0       4       0                               0D0001764
     126    3356       0       0       0       0       0       000010000D0001765
     126       0       0       4       0                               0D0001766
     126    3360       0       0       0       0       0       000010000D0001767
     126       0       0       4       0                               0D0001768
     126    3364       0       0       0       0       0       000010000D0001769
     126       0       0       4       0                               0D0001770
     126    3368       0       0       0       0       0       000010000D0001771
     126       0       0       4       0                               0D0001772
     126    3372       0       0       0       0       0       000010000D0001773
     126       0       0       4       0                               0D0001774
     126    3376       0       0       0       0       0       000010000D0001775
     126       0       0       4       0                               0D0001776
     126    3380       0       0       0       0       0       000010000D0001777
     126       0       0       4       0                               0D0001778
     126    3384       0       0       0       0       0       000010000D0001779
     126       0       0       4       0                               0D0001780
     126    3388       0       0       0       0       0       000010000D0001781
     126       0       0       4       0                               0D0001782
402,10,3,169,335,501,655,841,1007,1201,1395,1589;                0000001P0000001
144,5,1,0,7;                                                     0000003P0000002
128,8,4,3,3,0,0,1,0,0,0.294208297,0.294208297,0.294208297,       0000005P0000003
0.294208297,0.3125,0.34375,0.375,0.40625,0.4375,0.455791736,     0000005P0000004
0.455791736,0.455791736,0.455791736,0.,0.,0.,0.,0.5,1.,1.,1.,1., 0000005P0000005
1.,1.,1.,1.,1.,1.,1.,1.,1.,1.,1.,1.,1.,1.,1.,1.,1.,1.,1.,1.,1.,  0000005P0000006
1.,1.,1.,1.,1.,1.,1.,1.,1.,1.,1.,1.,1.,1.,1.,1.,1.,1.,1.,1.,1.,  0000005P0000007
1.,1.,1.,13.641958847,47.842988384,99.75,15.4748241,47.32031258, 0000005P0000008
99.75,20.357795138,45.61983217,99.75,27.817845199,41.632350676,  0000005P0000009
99.75,35.405399384,35.405410351,99.75,41.632340347,27.817855224, 0000005P0000010
99.75,45.61983075,20.357823472,99.75,47.320311931,15.474836073,  0000005P0000011
99.75,47.84298833,13.641962485,99.75,15.460889458,54.222052653,  0000005P0000012
83.166666666,17.538136997,53.629686459,83.166666666,             0000005P0000013
23.072171566,51.702474447,83.166666666,31.526898263,             0000005P0000014
47.183327911,83.166666666,40.126122458,40.126124604,             0000005P0000015
83.166666666,47.183331388,31.526896234,83.166666666,51.70246657, 0000005P0000016
23.07218189,83.166666666,53.62968917,17.538141344,83.166666666,  0000005P0000017
54.222058673,15.460888597,83.166666666,17.279820069,60.60111692, 0000005P0000018
50.,19.601449896,59.939060339,50.,25.786547995,57.785116724,50., 0000005P0000019
35.235951326,52.734305145,50.,44.846845531,44.846838856,50.,     0000005P0000020
52.73432243,35.235937243,50.,57.78510239,25.786540308,50.,       0000005P0000021
59.939066408,19.601446617,50.,60.601129015,17.279814709,50.,     0000005P0000022
15.460889458,54.222052653,16.833333334,17.538136997,             0000005P0000023
53.629686459,16.833333334,23.072171566,51.702474447,             0000005P0000024
16.833333334,31.526898263,47.183327911,16.833333334,             0000005P0000025
40.126122458,40.126124604,16.833333334,47.183331388,             0000005P0000026
31.526896234,16.833333334,51.70246657,23.07218189,16.833333334,  0000005P0000027
53.62968917,17.538141344,16.833333334,54.222058673,15.460888597, 0000005P0000028
16.833333334,13.641958847,47.842988384,0.25,15.4748241,          0000005P0000029
47.32031258,0.25,20.357795138,45.61983217,0.25,27.817845199,     0000005P0000030
41.632350676,0.25,35.405399384,35.405410351,0.25,41.632340347,   0000005P0000031
27.817855224,0.25,45.61983075,20.357823472,0.25,47.320311931,    0000005P0000032
15.474836073,0.25,47.84298833,13.641962485,0.25,0.295166302,     0000005P0000033
0.454833731,0.,1.;                                               0000005P0000034
142,0,5,9,87,3;                                                  0000007P0000035
102,38,11,13,15,17,19,21,23,25,27,29,31,33,35,37,39,41,43,45,47, 0000009P0000036
49,51,53,55,57,59,61,63,65,67,69,71,73,75,77,79,81,83,85;        0000009P0000037
126,2,2,1,0,1,0,0.,0.,0.,3.125E-02,3.125E-02,3.125E-02,1.,1.,1., 0000011P0000038
0.295166302,1.,0.,0.299521817,0.990022189,0.,0.303597148,        0000011P0000039
0.978104351,0.,0.,3.125E-02,-0.,-0.,1.;                          0000011P0000040
126,2,2,1,0,1,0,3.125E-02,3.125E-02,3.125E-02,6.25E-02,6.25E-02, 0000013P0000041
6.25E-02,1.,1.,1.,0.303597148,0.978104351,0.,0.307469186,        0000013P0000042
0.966781017,0.,0.311068216,0.953763899,0.,3.125E-02,6.25E-02,    0000013P0000043
-0.,-0.,1.;                                                      0000013P0000044
126,2,2,1,0,1,0,6.25E-02,6.25E-02,6.25E-02,0.125,0.125,0.125,1., 0000015P0000045
1.,1.,0.311068216,0.953763899,0.,0.317827065,0.929318222,0.,     0000015P0000046
0.323575302,0.89908446,0.,6.25E-02,0.125,-0.,-0.,1.;             0000015P0000047
126,2,2,1,0,1,0,0.125,0.125,0.125,0.1875,0.1875,0.1875,1.,1.,1., 0000017P0000048
0.323575302,0.89908446,0.,0.328836113,0.871414395,0.,0.33320035, 0000017P0000049
0.839153871,0.,0.125,0.1875,-0.,-0.,1.;                          0000017P0000050
126,2,2,1,0,1,0,0.1875,0.1875,0.1875,0.25,0.25,0.25,1.,1.,1.,    0000019P0000051
0.33320035,0.839153871,0.,0.33728298,0.808974987,0.,0.34054401,  0000019P0000052
0.77505501,0.,0.1875,0.25,-0.,-0.,1.;                            0000019P0000053
126,2,2,1,0,1,0,0.25,0.25,0.25,0.3125,0.3125,0.3125,1.,1.,1.,    0000021P0000054
0.34054401,0.77505501,0.,0.34360843,0.743180087,0.,0.345911822,  0000021P0000055
0.708377339,0.,0.25,0.3125,-0.,-0.,1.;                           0000021P0000056
126,2,2,1,0,1,0,0.3125,0.3125,0.3125,0.375,0.375,0.375,1.,1.,1., 0000023P0000057
0.345911822,0.708377339,0.,0.348099142,0.675328362,0.,           0000023P0000058
0.349566005,0.640167322,0.,0.3125,0.375,-0.,-0.,1.;              0000023P0000059
126,2,2,1,0,1,0,0.375,0.375,0.375,0.4375,0.4375,0.4375,1.,1.,1., 0000025P0000060
0.349566005,0.640167322,0.,0.350992412,0.605976037,0.,           0000025P0000061
0.351709158,0.570481471,0.,0.375,0.4375,-0.,-0.,1.;              0000025P0000062
126,2,2,1,0,1,0,0.4375,0.4375,0.4375,0.5,0.5,0.5,1.,1.,1.,       0000027P0000063
0.351709158,0.570481471,0.,0.352420073,0.535275743,0.,           0000027P0000064
0.352416292,0.499625189,0.,0.4375,0.5,-0.,-0.,1.;                0000027P0000065
126,2,2,1,0,1,0,0.5,0.5,0.5,0.5625,0.5625,0.5625,1.,1.,1.,       0000029P0000066
0.352416292,0.499625189,0.,0.352412534,0.464183923,0.,           0000029P0000067
0.351702488,0.429188989,0.,0.5,0.5625,-0.,-0.,1.;                0000029P0000068
126,2,2,1,0,1,0,0.5625,0.5625,0.5625,0.625,0.625,0.625,1.,1.,1., 0000031P0000069
0.351702488,0.429188989,0.,0.350981139,0.39363696,0.,0.3495478,  0000031P0000070
0.359397044,0.,0.5625,0.625,-0.,-0.,1.;                          0000031P0000071
126,2,2,1,0,1,0,0.625,0.625,0.625,0.6875,0.6875,0.6875,1.,1.,1., 0000033P0000072
0.3495478,0.359397044,0.,0.34805944,0.323842752,0.,0.345834397,  0000033P0000073
0.290456882,0.,0.625,0.6875,-0.,-0.,1.;                          0000033P0000074
126,2,2,1,0,1,0,0.6875,0.6875,0.6875,0.75,0.75,0.75,1.,1.,1.,    0000035P0000075
0.345834397,0.290456882,0.,0.343521005,0.255745368,0.,           0000035P0000076
0.340449194,0.22396135,0.,0.6875,0.75,-0.,-0.,1.;                0000035P0000077
126,2,2,1,0,1,0,0.75,0.75,0.75,0.8125,0.8125,0.8125,1.,1.,1.,    0000037P0000078
0.340449194,0.22396135,0.,0.337197772,0.190318901,0.,0.33313608, 0000037P0000079
0.160371657,0.,0.75,0.8125,-0.,-0.,1.;                           0000037P0000080
126,2,2,1,0,1,0,0.8125,0.8125,0.8125,0.875,0.875,0.875,1.,1.,1., 0000039P0000081
0.33313608,0.160371657,0.,0.328741171,0.12796757,0.,0.323440293, 0000039P0000082
0.100206966,0.,0.8125,0.875,-0.,-0.,1.;                          0000039P0000083
126,2,2,1,0,1,0,0.875,0.875,0.875,0.9375,0.9375,0.9375,1.,1.,1., 0000041P0000084
0.323440293,0.100206966,0.,0.317730746,7.0306171E-02,0.,         0000041P0000085
0.311028852,4.6093807E-02,0.,0.875,0.9375,-0.,-0.,1.;            0000041P0000086
126,2,2,1,0,1,0,0.9375,0.9375,0.9375,0.96875,0.96875,0.96875,1., 0000043P0000087
1.,1.,0.311028852,4.6093807E-02,0.,0.307448766,3.31598E-02,0.,   0000043P0000088
0.303598808,2.1900503E-02,0.,0.9375,0.96875,-0.,-0.,1.;          0000043P0000089
126,2,2,1,0,1,0,0.96875,0.96875,0.96875,1.,1.,1.,1.,1.,1.,       0000045P0000090
0.303598808,2.1900503E-02,0.,0.299522706,9.979846E-03,0.,        0000045P0000091
0.295166302,0.,0.,0.96875,1.,-0.,-0.,1.;                         0000045P0000092
126,1,1,1,0,1,0,8.13139209E-31,8.13139209E-31,1.003213638,       0000047P0000093
1.003213638,1.,1.,0.295166825,0.,0.,0.454833258,0.,0.,           0000047P0000094
8.13139209E-31,1.003213638,0.,0.,1.;                             0000047P0000095
126,2,2,1,0,1,0,0.,0.,0.,3.125E-02,3.125E-02,3.125E-02,1.,1.,1., 0000049P0000096
0.454833731,0.,0.,0.450478218,9.97779E-03,0.,0.446402892,        0000049P0000097
2.1895612E-02,0.,0.,3.125E-02,-0.,-0.,1.;                        0000049P0000098
126,2,2,1,0,1,0,3.125E-02,3.125E-02,3.125E-02,6.25E-02,6.25E-02, 0000051P0000099
6.25E-02,1.,1.,1.,0.446402892,2.1895612E-02,0.,0.442530858,      0000051P0000100
3.3218929E-02,0.,0.438931827,4.6236053E-02,0.,3.125E-02,         0000051P0000101
6.25E-02,-0.,-0.,1.;                                             0000051P0000102
126,2,2,1,0,1,0,6.25E-02,6.25E-02,6.25E-02,0.125,0.125,0.125,1., 0000053P0000103
1.,1.,0.438931827,4.6236053E-02,0.,0.432172983,7.0681722E-02,0., 0000053P0000104
0.426424735,0.100915515,0.,6.25E-02,0.125,-0.,-0.,1.;            0000053P0000105
126,2,2,1,0,1,0,0.125,0.125,0.125,0.1875,0.1875,0.1875,1.,1.,1., 0000055P0000106
0.426424735,0.100915515,0.,0.421163915,0.128585608,0.,           0000055P0000107
0.41679967,0.160846126,0.,0.125,0.1875,-0.,-0.,1.;               0000055P0000108
126,2,2,1,0,1,0,0.1875,0.1875,0.1875,0.25,0.25,0.25,1.,1.,1.,    0000057P0000109
0.41679967,0.160846126,0.,0.412717029,0.191025031,0.,            0000057P0000110
0.409455992,0.224944991,0.,0.1875,0.25,-0.,-0.,1.;               0000057P0000111
126,2,2,1,0,1,0,0.25,0.25,0.25,0.3125,0.3125,0.3125,1.,1.,1.,    0000059P0000112
0.409455992,0.224944991,0.,0.406391562,0.256819918,0.,           0000059P0000113
0.404088165,0.291622662,0.,0.25,0.3125,-0.,-0.,1.;               0000059P0000114
126,2,2,1,0,1,0,0.3125,0.3125,0.3125,0.375,0.375,0.375,1.,1.,1., 0000061P0000115
0.404088165,0.291622662,0.,0.40190084,0.324671635,0.,            0000061P0000116
0.400433974,0.359832679,0.,0.3125,0.375,-0.,-0.,1.;              0000061P0000117
126,2,2,1,0,1,0,0.375,0.375,0.375,0.4375,0.4375,0.4375,1.,1.,1., 0000063P0000118
0.400433974,0.359832679,0.,0.399007565,0.394023961,0.,           0000063P0000119
0.398290816,0.429518531,0.,0.375,0.4375,-0.,-0.,1.;              0000063P0000120
126,2,2,1,0,1,0,0.4375,0.4375,0.4375,0.5,0.5,0.5,1.,1.,1.,       0000065P0000121
0.398290816,0.429518531,0.,0.397579901,0.464724258,0.,           0000065P0000122
0.397583681,0.500374814,0.,0.4375,0.5,-0.,-0.,1.;                0000065P0000123
126,2,2,1,0,1,0,0.5,0.5,0.5,0.5625,0.5625,0.5625,1.,1.,1.,       0000067P0000124
0.397583681,0.500374814,0.,0.397587439,0.53581608,0.,            0000067P0000125
0.398297487,0.570811013,0.,0.5,0.5625,-0.,-0.,1.;                0000067P0000126
126,2,2,1,0,1,0,0.5625,0.5625,0.5625,0.625,0.625,0.625,1.,1.,1., 0000069P0000127
0.398297487,0.570811013,0.,0.399018838,0.606363043,0.,           0000069P0000128
0.400452179,0.640602956,0.,0.5625,0.625,-0.,-0.,1.;              0000069P0000129
126,2,2,1,0,1,0,0.625,0.625,0.625,0.6875,0.6875,0.6875,1.,1.,1., 0000071P0000130
0.400452179,0.640602956,0.,0.401940543,0.676157251,0.,           0000071P0000131
0.404165591,0.709543117,0.,0.625,0.6875,-0.,-0.,1.;              0000071P0000132
126,2,2,1,0,1,0,0.6875,0.6875,0.6875,0.75,0.75,0.75,1.,1.,1.,    0000073P0000133
0.404165591,0.709543117,0.,0.406478988,0.744254626,0.,           0000073P0000134
0.409550807,0.776038649,0.,0.6875,0.75,-0.,-0.,1.;               0000073P0000135
126,2,2,1,0,1,0,0.75,0.75,0.75,0.8125,0.8125,0.8125,1.,1.,1.,    0000075P0000136
0.409550807,0.776038649,0.,0.412802236,0.809681079,0.,           0000075P0000137
0.416863939,0.839628342,0.,0.75,0.8125,-0.,-0.,1.;               0000075P0000138
126,2,2,1,0,1,0,0.8125,0.8125,0.8125,0.875,0.875,0.875,1.,1.,1., 0000077P0000139
0.416863939,0.839628342,0.,0.421258857,0.872032419,0.,           0000077P0000140
0.426559743,0.899793047,0.,0.8125,0.875,-0.,-0.,1.;              0000077P0000141
126,2,2,1,0,1,0,0.875,0.875,0.875,0.9375,0.9375,0.9375,1.,1.,1., 0000079P0000142
0.426559743,0.899793047,0.,0.4322693,0.929693876,0.,0.43897119,  0000079P0000143
0.953906233,0.,0.875,0.9375,-0.,-0.,1.;                          0000079P0000144
126,2,2,1,0,1,0,0.9375,0.9375,0.9375,0.96875,0.96875,0.96875,1., 0000081P0000145
1.,1.,0.43897119,0.953906233,0.,0.442551276,0.966840249,0.,      0000081P0000146
0.446401231,0.978099531,0.,0.9375,0.96875,-0.,-0.,1.;            0000081P0000147
126,2,2,1,0,1,0,0.96875,0.96875,0.96875,1.,1.,1.,1.,1.,1.,       0000083P0000148
0.446401231,0.978099531,0.,0.450477329,0.990020173,0.,           0000083P0000149
0.454833731,1.,0.,0.96875,1.,-0.,-0.,1.;                         0000083P0000150
126,1,1,1,0,1,0,0.283789885,0.283789885,1.287003611,1.287003611, 0000085P0000151
1.,1.,0.454833213,1.,0.,0.295166784,1.,0.,0.283789885,           0000085P0000152
1.287003611,0.,0.,1.;                                            0000085P0000153
102,38,89,91,93,95,97,99,101,103,105,107,109,111,113,115,117,    0000087P0000154
119,121,123,125,129,131,133,135,137,139,141,143,145,147,149,151, 0000087P0000155
153,155,157,159,161,163,165;                                     0000087P0000156
126,4,4,0,0,1,0,0.,0.,0.,0.,0.,3.125E-02,3.125E-02,3.125E-02,    0000089P0000157
3.125E-02,3.125E-02,1.,1.,1.,1.,1.,13.929692355,47.759999996,    0000089P0000158
0.25,14.638800996,47.760000021,0.746396097,15.340243513,         0000089P0000159
47.759973171,1.274964309,16.034202168,47.76000001,1.835704635,   0000089P0000160
16.720623203,47.759999969,2.428617076,0.,3.125E-02,              0000089P0000161
-1.096936178E-04,-0.999999984,1.405055173E-04;                   0000089P0000162
126,4,4,0,0,1,0,3.125E-02,3.125E-02,3.125E-02,3.125E-02,         0000091P0000163
3.125E-02,6.25E-02,6.25E-02,6.25E-02,6.25E-02,6.25E-02,1.,1.,1., 0000091P0000164
1.,1.,16.720623203,47.759999969,2.428617076,17.372802966,        0000091P0000165
47.759999984,2.991952942,18.017053299,47.759984154,3.583377393,  0000091P0000166
18.65331075,47.760000021,4.202890429,19.281325893,47.76000004,   0000091P0000167
4.85049205,3.125E-02,6.25E-02,-8.396947311E-05,-0.999999993,     0000091P0000168
8.882362906E-05;                                                 0000091P0000169
126,4,4,0,0,1,0,6.25E-02,6.25E-02,6.25E-02,6.25E-02,6.25E-02,    0000093P0000170
0.125,0.125,0.125,0.125,0.125,1.,1.,1.,1.,1.,19.281325893,       0000093P0000171
47.76000004,4.85049205,20.460715743,47.760000028,6.06666448,     0000093P0000172
21.608219382,47.759851323,7.378822654,22.722191775,47.76000004,  0000093P0000173
8.786966571,23.798833535,47.760000069,10.29109623,6.25E-02,      0000093P0000174
0.125,-2.611916715E-04,-0.999999942,2.171420972E-04;             0000093P0000175
126,4,4,0,0,1,0,0.125,0.125,0.125,0.125,0.125,0.1875,0.1875,     0000095P0000176
0.1875,0.1875,0.1875,1.,1.,1.,1.,1.,23.798833535,47.760000069,   0000095P0000177
10.29109623,24.784180642,47.760000055,11.667681964,25.735150321, 0000095P0000178
47.759902791,13.120392809,26.648824984,47.759999986,             0000095P0000179
14.649228767,27.521082513,47.759999923,16.254189836,0.125,       0000095P0000180
0.1875,-2.28060201E-04,-0.999999964,1.426038661E-04;             0000095P0000181
126,4,4,0,0,1,0,0.1875,0.1875,0.1875,0.1875,0.1875,0.25,0.25,    0000097P0000182
0.25,0.25,0.25,1.,1.,1.,1.,1.,27.521082513,47.759999923,         0000097P0000183
16.254189836,28.337056733,47.759999916,17.755589315,             0000097P0000184
29.114321144,47.759900439,19.319028586,29.849585017,             0000097P0000185
47.759999912,20.944507649,30.538928313,47.759999914,             0000097P0000186
22.632026505,0.1875,0.25,-2.780082916E-04,-0.999999953,          0000097P0000187
1.31860051E-04;                                                  0000097P0000188
126,4,4,0,0,1,0,0.25,0.25,0.25,0.25,0.25,0.3125,0.3125,0.3125,   0000099P0000189
0.3125,0.3125,1.,1.,1.,1.,1.,30.538928313,47.759999914,          0000099P0000190
22.632026505,31.186710617,47.759999984,24.217803924,             0000099P0000191
31.791432501,47.759886267,25.852134442,32.350030592,             0000099P0000192
47.760000055,27.535018057,32.859227947,47.760000048,29.26645477, 0000099P0000193
0.25,0.3125,-3.59666804E-04,-0.999999927,1.261531299E-04;        0000099P0000194
126,4,4,0,0,1,0,0.3125,0.3125,0.3125,0.3125,0.3125,0.375,0.375,  0000101P0000195
0.375,0.375,0.375,1.,1.,1.,1.,1.,32.859227947,47.760000048,      0000101P0000196
29.26645477,33.342765951,47.760000049,30.910641375,33.779221183, 0000101P0000197
47.75986354,32.589853026,34.166129493,47.760000049,34.304089721, 0000101P0000198
34.501072926,47.760000049,36.053351461,0.3125,0.375,             0000101P0000199
-4.705870061E-04,-0.999999883,1.141802076E-04;                   0000101P0000200
126,4,4,0,0,1,0,0.375,0.375,0.375,0.375,0.375,0.4375,0.4375,     0000103P0000201
0.4375,0.4375,0.4375,1.,1.,1.,1.,1.,34.501072926,47.760000049,   0000103P0000202
36.053351461,34.826778588,47.75999998,37.75436789,35.101172602,  0000103P0000203
47.759845636,39.476997062,35.322560057,47.760000007,             0000103P0000204
41.221238977,35.489483997,47.760000109,42.987093636,0.375,       0000103P0000205
0.4375,-5.519936171E-04,-0.999999845,7.894605973E-05;            0000103P0000206
126,4,4,0,0,1,0,0.4375,0.4375,0.4375,0.4375,0.4375,0.5,0.5,0.5,  0000105P0000207
0.5,0.5,1.,1.,1.,1.,1.,35.489483997,47.760000109,42.987093636,   0000105P0000208
35.65504982,47.760000038,44.738578604,35.765741929,47.759831403, 0000105P0000209
46.497440269,35.820834374,47.760000025,48.263678633,             0000105P0000210
35.819947997,47.760000088,50.037293694,0.4375,0.5,               0000105P0000211
-6.046672461E-04,-0.999999817,2.843408544E-05;                   0000105P0000212
126,4,4,0,0,1,0,0.5,0.5,0.5,0.5,0.5,0.5625,0.5625,0.5625,0.5625, 0000107P0000213
0.5625,1.,1.,1.,1.,1.,35.819947997,47.760000088,50.037293694,    0000107P0000214
35.819066944,47.760000059,51.800496678,35.762867105,             0000107P0000215
47.759835417,53.556297989,35.651730454,47.760000024,             0000107P0000216
55.304697628,35.486377258,47.760000019,57.045695594,0.5,0.5625,  0000107P0000217
5.967244041E-04,0.999999822,2.850538252E-05;                     0000107P0000218
126,4,4,0,0,1,0,0.5625,0.5625,0.5625,0.5625,0.5625,0.625,0.625,  0000109P0000219
0.625,0.625,0.625,1.,1.,1.,1.,1.,35.486377258,47.760000019,      0000109P0000220
57.045695594,35.318391821,47.759999966,58.814409037,             0000109P0000221
35.095774277,47.759844702,60.561363273,34.819994174,             0000109P0000222
47.759999966,62.286558301,34.492759732,47.760000017,             0000109P0000223
63.989994122,0.5625,0.625,5.530139962E-04,0.999999844,           0000109P0000224
7.938045131E-05;                                                 0000109P0000225
126,4,4,0,0,1,0,0.625,0.625,0.625,0.625,0.625,0.6875,0.6875,     0000111P0000226
0.6875,0.6875,0.6875,1.,1.,1.,1.,1.,34.492759732,47.760000017,   0000111P0000227
63.989994122,34.152963802,47.759999969,65.758820149,             0000111P0000228
33.760059376,47.759857554,67.491686511,33.31655575,47.759999957, 0000111P0000229
69.188593208,32.825007576,47.759999988,70.849540241,0.625,       0000111P0000230
0.6875,4.803821455E-04,0.999999878,1.171530782E-04;              0000111P0000231
126,4,4,0,0,1,0,0.6875,0.6875,0.6875,0.6875,0.6875,0.75,0.75,    0000113P0000232
0.75,0.75,0.75,1.,1.,1.,1.,1.,32.825007576,47.759999988,         0000113P0000233
70.849540241,32.313941658,47.759999999,72.576438062,31.75375287, 0000113P0000234
47.759887601,74.254788242,31.147708166,47.760000011,             0000113P0000235
75.884590779,30.498857664,47.760000012,77.465845675,0.6875,0.75, 0000113P0000236
3.567486114E-04,0.999999928,1.257621368E-04;                     0000113P0000237
126,4,4,0,0,1,0,0.75,0.75,0.75,0.75,0.75,0.8125,0.8125,0.8125,   0000115P0000238
0.8125,0.8125,1.,1.,1.,1.,1.,30.498857664,47.760000012,          0000115P0000239
77.465845675,29.812068427,47.760000046,79.139557513,             0000115P0000240
29.080106928,47.759903641,80.751990534,28.306809911,             0000115P0000241
47.760000051,82.303144739,27.495397921,47.760000029,             0000115P0000242
83.793020128,0.75,0.8125,2.727350692E-04,0.999999954,            0000115P0000243
1.297672292E-04;                                                 0000115P0000244
126,4,4,0,0,1,0,0.8125,0.8125,0.8125,0.8125,0.8125,0.875,0.875,  0000117P0000245
0.875,0.875,0.875,1.,1.,1.,1.,1.,27.495397921,47.760000029,      0000117P0000246
83.793020128,26.617418518,47.759999981,85.405123457,             0000117P0000247
25.697656123,47.759900676,86.940222358,24.740293972,             0000117P0000248
47.759999929,88.398316834,23.748280593,47.759999921,             0000117P0000249
89.779406883,0.8125,0.875,2.304538727E-04,0.999999963,           0000117P0000250
1.445424251E-04;                                                 0000117P0000251
126,4,4,0,0,1,0,0.875,0.875,0.875,0.875,0.875,0.9375,0.9375,     0000119P0000252
0.9375,0.9375,0.9375,1.,1.,1.,1.,1.,23.748280593,47.759999921,   0000119P0000253
89.779406883,22.679788362,47.759999932,91.266971434,             0000119P0000254
21.574738903,47.759856768,92.660202838,20.436807593,             0000119P0000255
47.759999977,93.959101094,19.267589557,47.760000009,             0000119P0000256
95.163666203,0.875,0.9375,2.556561684E-04,0.999999945,           0000119P0000257
2.129864477E-04;                                                 0000119P0000258
126,4,4,0,0,1,0,0.9375,0.9375,0.9375,0.9375,0.9375,0.96875,      0000121P0000259
0.96875,0.96875,0.96875,0.96875,1.,1.,1.,1.,1.,19.267589557,     0000121P0000260
47.760000009,95.163666203,18.643004758,47.760000029,             0000121P0000261
95.807133052,18.010276145,47.759984519,96.422827626,             0000121P0000262
17.369647899,47.759999993,97.010749926,16.721182396,             0000121P0000263
47.759999947,97.570899951,0.9375,0.96875,8.243653862E-05,        0000121P0000264
0.999999993,8.724042807E-05;                                     0000121P0000265
126,4,4,0,0,1,0,0.96875,0.96875,0.96875,0.96875,0.96875,1.,1.,   0000123P0000266
1.,1.,1.,1.,1.,1.,1.,1.,16.721182396,47.759999947,97.570899951,  0000123P0000267
16.034626479,47.759999965,98.163952637,15.34052964,47.759973104, 0000123P0000268
98.724820207,14.638945722,47.759999991,99.253502661,             0000123P0000269
13.929692355,47.759999996,99.75,0.96875,1.,1.101108645E-04,      0000123P0000270
0.999999984,1.410255109E-04;                                     0000123P0000271
100,0.,0.,0.,49.75,-1.110716155E-27,26.745368038,41.949347892;   0000125P0000272
124,0.279997454,0.960000742,1.955210257E-15,0.,0.960000742,      0000127P0000273
-0.279997454,-6.703649798E-15,0.,-5.888054888E-15,               0000127P0000274
3.754008177E-15,-1.,99.75;                                       0000127P0000275
126,4,4,0,0,1,0,0.,0.,0.,0.,0.,3.125E-02,3.125E-02,3.125E-02,    0000129P0000276
3.125E-02,3.125E-02,1.,1.,1.,1.,1.,47.760000011,13.929696734,    0000129P0000277
99.75,47.760000013,14.638806599,99.253604947,47.759973167,       0000129P0000278
15.340250003,98.725037698,47.760000012,16.034209113,98.16429825, 0000129P0000279
47.760000012,16.720630137,97.571386606,0.,3.125E-02,0.999999984, 0000129P0000280
1.100788852E-04,1.410111373E-04;                                 0000129P0000281
126,4,4,0,0,1,0,3.125E-02,3.125E-02,3.125E-02,3.125E-02,         0000131P0000282
3.125E-02,6.25E-02,6.25E-02,6.25E-02,6.25E-02,6.25E-02,1.,1.,1., 0000131P0000283
1.,1.,47.760000012,16.720630137,97.571386606,47.759999994,       0000131P0000284
17.372809992,97.008051585,47.759984135,18.017060419,             0000131P0000285
96.416627598,47.759999962,18.653317949,95.797114645,             0000131P0000286
47.759999947,19.281333173,95.149512726,3.125E-02,6.25E-02,       0000131P0000287
0.999999993,8.397932321E-05,8.877729241E-05;                     0000131P0000288
126,4,4,0,0,1,0,6.25E-02,6.25E-02,6.25E-02,6.25E-02,6.25E-02,    0000133P0000289
0.125,0.125,0.125,0.125,0.125,1.,1.,1.,1.,1.,47.759999947,       0000133P0000290
19.281333173,95.149512726,47.759999967,20.460722014,             0000133P0000291
93.933340694,47.759851221,21.608224398,92.621182271,             0000133P0000292
47.759999978,22.722195903,91.213037459,47.759999964,             0000133P0000293
23.798837487,89.708906257,6.25E-02,0.125,0.999999942,            0000133P0000294
2.610692049E-04,2.170386507E-04;                                 0000133P0000295
126,4,4,0,0,1,0,0.125,0.125,0.125,0.125,0.125,0.1875,0.1875,     0000135P0000296
0.1875,0.1875,0.1875,1.,1.,1.,1.,1.,47.759999964,23.798837487,   0000135P0000297
89.708906257,47.759999986,24.78418427,88.332319131,47.759902745, 0000135P0000298
25.735153343,86.879607456,47.759999997,26.648827344,             0000135P0000299
85.350771233,47.759999983,27.52108423,83.745810463,0.125,0.1875, 0000135P0000300
0.999999964,2.28120983E-04,1.426690386E-04;                      0000135P0000301
126,4,4,0,0,1,0,0.1875,0.1875,0.1875,0.1875,0.1875,0.25,0.25,    0000137P0000302
0.25,0.25,0.25,1.,1.,1.,1.,1.,47.759999983,27.52108423,          0000137P0000303
83.745810463,47.760000028,28.337058556,82.244409939,             0000137P0000304
47.759900587,29.114322912,80.680970253,47.760000075,             0000137P0000305
29.849586628,79.055491405,47.760000075,30.538929677,             0000137P0000306
77.367973395,0.1875,0.25,0.999999953,2.777365949E-04,            0000137P0000307
1.317472779E-04;                                                 0000137P0000308
126,4,4,0,0,1,0,0.25,0.25,0.25,0.25,0.25,0.3125,0.3125,0.3125,   0000139P0000309
0.3125,0.3125,1.,1.,1.,1.,1.,47.760000075,30.538929677,          0000139P0000310
77.367973395,47.759999999,31.18671238,75.782195777,47.759886196, 0000139P0000311
31.791434552,74.147865194,47.759999934,32.350032818,             0000139P0000312
72.464981645,47.759999952,32.859230204,70.733545131,0.25,0.3125, 0000139P0000313
0.999999927,3.60566737E-04,1.26428608E-04;                       0000139P0000314
126,4,4,0,0,1,0,0.3125,0.3125,0.3125,0.3125,0.3125,0.375,0.375,  0000141P0000315
0.375,0.375,0.375,1.,1.,1.,1.,1.,47.759999952,32.859230204,      0000141P0000316
70.733545131,47.759999949,33.342768275,69.089358724,             0000141P0000317
47.759863448,33.779223599,67.41014714,47.759999975,34.166131999, 0000141P0000318
65.695910378,47.760000004,34.501075504,63.946648439,0.3125,      0000141P0000319
0.375,0.999999883,4.707686311E-04,1.14231741E-04;                0000141P0000320
126,4,4,0,0,1,0,0.375,0.375,0.375,0.375,0.375,0.4375,0.4375,     0000143P0000321
0.4375,0.4375,0.4375,1.,1.,1.,1.,1.,47.760000004,34.501075504,   0000143P0000322
63.946648439,47.760000031,34.826781075,62.24563216,47.759845699, 0000143P0000323
35.101175134,60.523003021,47.759999992,35.322562754,             0000143P0000324
58.778761023,47.75999992,35.48948697,57.012906165,0.375,0.4375,  0000143P0000325
0.999999845,5.504003268E-04,7.869863003E-05;                     0000143P0000326
126,4,4,0,0,1,0,0.4375,0.4375,0.4375,0.4375,0.4375,0.5,0.5,0.5,  0000145P0000327
0.5,0.5,1.,1.,1.,1.,1.,47.75999992,35.48948697,57.012906165,     0000145P0000328
47.759999999,35.655052612,55.261421247,47.759831427,             0000145P0000329
35.765744656,53.502559581,47.760000024,35.820837142,             0000145P0000330
51.736321168,47.759999969,35.819950914,49.962706007,0.4375,0.5,  0000145P0000331
0.999999818,6.030806723E-04,2.836980115E-05;                     0000145P0000332
126,4,4,0,0,1,0,0.5,0.5,0.5,0.5,0.5,0.5625,0.5625,0.5625,0.5625, 0000147P0000333
0.5625,1.,1.,1.,1.,1.,47.759999969,35.819950914,49.962706007,    0000147P0000334
47.759999937,35.819069859,48.199503024,47.759835315,             0000147P0000335
35.762869977,46.443701729,47.759999969,35.65173324,44.695302123, 0000147P0000336
47.760000033,35.486379921,42.954304207,0.5,0.5625,-0.999999821,  0000147P0000337
-5.971699407E-04,2.850755836E-05;                                0000147P0000338
126,4,4,0,0,1,0,0.5625,0.5625,0.5625,0.5625,0.5625,0.625,0.625,  0000149P0000339
0.625,0.625,0.625,1.,1.,1.,1.,1.,47.760000033,35.486379921,      0000149P0000340
42.954304207,47.760000041,35.31839436,41.185590714,47.759844785, 0000149P0000341
35.095776756,39.438636495,47.760000003,34.819996662,37.71344155, 0000149P0000342
47.759999954,34.492762312,36.010005878,0.5625,0.625,             0000149P0000343
-0.999999844,-5.520588827E-04,7.925469551E-05;                   0000149P0000344
126,4,4,0,0,1,0,0.625,0.625,0.625,0.625,0.625,0.6875,0.6875,     0000151P0000345
0.6875,0.6875,0.6875,1.,1.,1.,1.,1.,47.759999954,34.492762312,   0000151P0000346
36.010005878,47.759999984,34.152966169,34.241179702,             0000151P0000347
47.759857617,33.760061564,32.508313307,47.760000038,             0000151P0000348
33.316557807,30.811406692,47.76000006,32.82500958,29.150459859,  0000151P0000349
0.625,0.6875,-0.999999878,-4.799038671E-04,1.170172175E-04;      0000151P0000350
126,4,4,0,0,1,0,0.6875,0.6875,0.6875,0.6875,0.6875,0.75,0.75,    0000153P0000351
0.75,0.75,0.75,1.,1.,1.,1.,1.,47.76000006,32.82500958,           0000153P0000352
29.150459859,47.760000047,32.313943641,27.423562286,             0000153P0000353
47.759887627,31.753754786,25.745212189,47.759999984,             0000153P0000354
31.147709999,24.115409569,47.759999934,30.498859398,             0000153P0000355
22.534154425,0.6875,0.75,-0.999999929,-3.565521008E-04,          0000153P0000356
1.257156389E-04;                                                 0000153P0000357
126,4,4,0,0,1,0,0.75,0.75,0.75,0.75,0.75,0.8125,0.8125,0.8125,   0000155P0000358
0.8125,0.8125,1.,1.,1.,1.,1.,47.759999934,30.498859398,          0000155P0000359
22.534154425,47.759999996,29.812070419,20.860443532,47.75990361, 0000155P0000360
29.080109089,19.248010826,47.76000002,28.306812135,17.696856305, 0000155P0000361
47.759999986,27.495400045,16.206979971,0.75,0.8125,-0.999999954, 0000155P0000362
-2.725388814E-04,1.296683268E-04;                                0000155P0000363
126,4,4,0,0,1,0,0.8125,0.8125,0.8125,0.8125,0.8125,0.875,0.875,  0000157P0000364
0.875,0.875,0.875,1.,1.,1.,1.,1.,47.759999986,27.495400045,      0000157P0000365
16.206979971,47.760000031,26.617421176,14.59487714,47.759900756, 0000157P0000366
25.697659437,13.059778172,47.760000028,24.740297984,             0000157P0000367
11.601683067,47.759999993,23.748285112,10.220591824,0.8125,      0000157P0000368
0.875,-0.999999963,-2.300383336E-04,1.442639441E-04;             0000157P0000369
126,4,4,0,0,1,0,0.875,0.875,0.875,0.875,0.875,0.9375,0.9375,     0000159P0000370
0.9375,0.9375,0.9375,1.,1.,1.,1.,1.,47.759999993,23.748285112,   0000159P0000371
10.220591824,47.759999962,22.679793161,8.733025581,47.759856734, 0000159P0000372
21.574744593,7.339793165,47.760000005,20.436814445,6.040894577,  0000159P0000373
47.760000064,19.267597248,4.836329817,0.875,0.9375,-0.999999945, 0000159P0000374
-2.559541006E-04,2.132364222E-04;                                0000159P0000375
126,4,4,0,0,1,0,0.9375,0.9375,0.9375,0.9375,0.9375,0.96875,      0000161P0000376
0.96875,0.96875,0.96875,0.96875,1.,1.,1.,1.,1.,47.760000064,     0000161P0000377
19.267597248,4.836329817,47.760000016,18.643012491,4.192862521,  0000161P0000378
47.759984492,18.010283827,3.577167897,47.759999983,17.369655422, 0000161P0000379
2.989245945,47.759999993,16.721189668,2.429096666,0.9375,        0000161P0000380
0.96875,-0.999999993,-8.352247122E-05,8.839042458E-05;           0000161P0000381
126,4,4,0,0,1,0,0.96875,0.96875,0.96875,0.96875,0.96875,1.,1.,   0000163P0000382
1.,1.,1.,1.,1.,1.,1.,1.,47.759999993,16.721189668,2.429096666,   0000163P0000383
47.76000001,16.034633604,1.836044726,47.759973153,15.340536203,  0000163P0000384
1.275177969,47.760000021,14.638951338,0.746496393,47.760000011,  0000163P0000385
13.929696734,0.25,0.96875,1.,-0.999999984,-1.099543025E-04,      0000163P0000386
1.408397072E-04;                                                 0000163P0000387
100,0.,0.,0.,47.760058839,13.929798264,13.929933447,             0000165P0000388
47.760019411;                                                    0000165P0000389
124,1.,0.,0.,0.,0.,1.,0.,0.,0.,0.,1.,0.25;                       0000167P0000390
144,171,1,0,173;                                                 0000169P0000391
128,8,4,3,3,0,0,1,0,0,0.544208264,0.544208264,0.544208264,       0000171P0000392
0.544208264,0.5625,0.59375,0.625,0.65625,0.6875,0.705791703,     0000171P0000393
0.705791703,0.705791703,0.705791703,0.,0.,0.,0.,0.5,1.,1.,1.,1., 0000171P0000394
1.,1.,1.,1.,1.,1.,1.,1.,1.,1.,1.,1.,1.,1.,1.,1.,1.,1.,1.,1.,1.,  0000171P0000395
1.,1.,1.,1.,1.,1.,1.,1.,1.,1.,1.,1.,1.,1.,1.,1.,1.,1.,1.,1.,1.,  0000171P0000396
1.,1.,1.,47.84298833,-13.641962485,99.75,47.320311931,           0000171P0000397
-15.474836073,99.75,45.61983075,-20.357823472,99.75,             0000171P0000398
41.632340347,-27.817855224,99.75,35.405399384,-35.405410351,     0000171P0000399
99.75,27.817845199,-41.632350676,99.75,20.357795138,             0000171P0000400
-45.61983217,99.75,15.4748241,-47.32031258,99.75,13.641958847,   0000171P0000401
-47.842988384,99.75,54.222058673,-15.460888597,83.166666666,     0000171P0000402
53.62968917,-17.538141344,83.166666666,51.70246657,-23.07218189, 0000171P0000403
83.166666666,47.183331388,-31.526896234,83.166666666,            0000171P0000404
40.126122458,-40.126124604,83.166666666,31.526898263,            0000171P0000405
-47.183327911,83.166666666,23.072171566,-51.702474447,           0000171P0000406
83.166666666,17.538136997,-53.629686459,83.166666666,            0000171P0000407
15.460889458,-54.222052653,83.166666666,60.601129015,            0000171P0000408
-17.279814709,50.,59.939066408,-19.601446617,50.,57.78510239,    0000171P0000409
-25.786540308,50.,52.73432243,-35.235937243,50.,44.846845531,    0000171P0000410
-44.846838856,50.,35.235951326,-52.734305145,50.,25.786547995,   0000171P0000411
-57.785116724,50.,19.601449896,-59.939060339,50.,17.279820069,   0000171P0000412
-60.60111692,50.,54.222058673,-15.460888597,16.833333334,        0000171P0000413
53.62968917,-17.538141344,16.833333334,51.70246657,-23.07218189, 0000171P0000414
16.833333334,47.183331388,-31.526896234,16.833333334,            0000171P0000415
40.126122458,-40.126124604,16.833333334,31.526898263,            0000171P0000416
-47.183327911,16.833333334,23.072171566,-51.702474447,           0000171P0000417
16.833333334,17.538136997,-53.629686459,16.833333334,            0000171P0000418
15.460889458,-54.222052653,16.833333334,47.84298833,             0000171P0000419
-13.641962485,0.25,47.320311931,-15.474836073,0.25,45.61983075,  0000171P0000420
-20.357823472,0.25,41.632340347,-27.817855224,0.25,35.405399384, 0000171P0000421
-35.405410351,0.25,27.817845199,-41.632350676,0.25,20.357795138, 0000171P0000422
-45.61983217,0.25,15.4748241,-47.32031258,0.25,13.641958847,     0000171P0000423
-47.842988384,0.25,0.545166269,0.704833698,0.,1.;                0000171P0000424
142,0,171,175,253,3;                                             0000173P0000425
102,38,177,179,181,183,185,187,189,191,193,195,197,199,201,203,  0000175P0000426
205,207,209,211,213,215,217,219,221,223,225,227,229,231,233,235, 0000175P0000427
237,239,241,243,245,247,249,251;                                 0000175P0000428
126,2,2,1,0,1,0,0.,0.,0.,3.125E-02,3.125E-02,3.125E-02,1.,1.,1., 0000177P0000429
0.545166269,1.,0.,0.549521782,0.99002221,0.,0.553597108,         0000177P0000430
0.978104388,0.,0.,3.125E-02,-0.,-0.,1.;                          0000177P0000431
126,2,2,1,0,1,0,3.125E-02,3.125E-02,3.125E-02,6.25E-02,6.25E-02, 0000179P0000432
6.25E-02,1.,1.,1.,0.553597108,0.978104388,0.,0.557469142,        0000179P0000433
0.966781071,0.,0.561068172,0.953763947,0.,3.125E-02,6.25E-02,    0000179P0000434
-0.,-0.,1.;                                                      0000179P0000435
126,2,2,1,0,1,0,6.25E-02,6.25E-02,6.25E-02,0.125,0.125,0.125,1., 0000181P0000436
1.,1.,0.561068172,0.953763947,0.,0.567827017,0.929318278,0.,     0000181P0000437
0.573575265,0.899084485,0.,6.25E-02,0.125,-0.,-0.,1.;            0000181P0000438
126,2,2,1,0,1,0,0.125,0.125,0.125,0.1875,0.1875,0.1875,1.,1.,1., 0000183P0000439
0.573575265,0.899084485,0.,0.578836085,0.871414392,0.,           0000183P0000440
0.58320033,0.839153874,0.,0.125,0.1875,-0.,-0.,1.;               0000183P0000441
126,2,2,1,0,1,0,0.1875,0.1875,0.1875,0.25,0.25,0.25,1.,1.,1.,    0000185P0000442
0.58320033,0.839153874,0.,0.587282971,0.808974969,0.,            0000185P0000443
0.590544008,0.775055009,0.,0.1875,0.25,-0.,-0.,1.;               0000185P0000444
126,2,2,1,0,1,0,0.25,0.25,0.25,0.3125,0.3125,0.3125,1.,1.,1.,    0000187P0000445
0.590544008,0.775055009,0.,0.593608438,0.743180082,0.,           0000187P0000446
0.595911835,0.708377338,0.,0.25,0.3125,-0.,-0.,1.;               0000187P0000447
126,2,2,1,0,1,0,0.3125,0.3125,0.3125,0.375,0.375,0.375,1.,1.,1., 0000189P0000448
0.595911835,0.708377338,0.,0.59809916,0.675328365,0.,            0000189P0000449
0.599566026,0.640167321,0.,0.3125,0.375,-0.,-0.,1.;              0000189P0000450
126,2,2,1,0,1,0,0.375,0.375,0.375,0.4375,0.4375,0.4375,1.,1.,1., 0000191P0000451
0.599566026,0.640167321,0.,0.600992435,0.605976039,0.,           0000191P0000452
0.601709184,0.570481469,0.,0.375,0.4375,-0.,-0.,1.;              0000191P0000453
126,2,2,1,0,1,0,0.4375,0.4375,0.4375,0.5,0.5,0.5,1.,1.,1.,       0000193P0000454
0.601709184,0.570481469,0.,0.602420099,0.535275742,0.,           0000193P0000455
0.602416319,0.499625186,0.,0.4375,0.5,-0.,-0.,1.;                0000193P0000456
126,2,2,1,0,1,0,0.5,0.5,0.5,0.5625,0.5625,0.5625,1.,1.,1.,       0000195P0000457
0.602416319,0.499625186,0.,0.602412561,0.464183921,0.,           0000195P0000458
0.601702513,0.429188987,0.,0.5,0.5625,-0.,-0.,1.;                0000195P0000459
126,2,2,1,0,1,0,0.5625,0.5625,0.5625,0.625,0.625,0.625,1.,1.,1., 0000197P0000460
0.601702513,0.429188987,0.,0.600981162,0.393636957,0.,           0000197P0000461
0.599547821,0.359397044,0.,0.5625,0.625,-0.,-0.,1.;              0000197P0000462
126,2,2,1,0,1,0,0.625,0.625,0.625,0.6875,0.6875,0.6875,1.,1.,1., 0000199P0000463
0.599547821,0.359397044,0.,0.598059457,0.323842749,0.,           0000199P0000464
0.595834409,0.290456883,0.,0.625,0.6875,-0.,-0.,1.;              0000199P0000465
126,2,2,1,0,1,0,0.6875,0.6875,0.6875,0.75,0.75,0.75,1.,1.,1.,    0000201P0000466
0.595834409,0.290456883,0.,0.593521012,0.255745374,0.,           0000201P0000467
0.590449193,0.223961352,0.,0.6875,0.75,-0.,-0.,1.;               0000201P0000468
126,2,2,1,0,1,0,0.75,0.75,0.75,0.8125,0.8125,0.8125,1.,1.,1.,    0000203P0000469
0.590449193,0.223961352,0.,0.587197764,0.190318921,0.,           0000203P0000470
0.583136061,0.160371658,0.,0.75,0.8125,-0.,-0.,1.;               0000203P0000471
126,2,2,1,0,1,0,0.8125,0.8125,0.8125,0.875,0.875,0.875,1.,1.,1., 0000205P0000472
0.583136061,0.160371658,0.,0.578741143,0.127967581,0.,           0000205P0000473
0.573440257,0.100206953,0.,0.8125,0.875,-0.,-0.,1.;              0000205P0000474
126,2,2,1,0,1,0,0.875,0.875,0.875,0.9375,0.9375,0.9375,1.,1.,1., 0000207P0000475
0.573440257,0.100206953,0.,0.5677307,7.0306124E-02,0.,           0000207P0000476
0.56102881,4.6093767E-02,0.,0.875,0.9375,-0.,-0.,1.;             0000207P0000477
126,2,2,1,0,1,0,0.9375,0.9375,0.9375,0.96875,0.96875,0.96875,1., 0000209P0000478
1.,1.,0.56102881,4.6093767E-02,0.,0.557448724,3.3159751E-02,0.,  0000209P0000479
0.553598769,2.1900469E-02,0.,0.9375,0.96875,-0.,-0.,1.;          0000209P0000480
126,2,2,1,0,1,0,0.96875,0.96875,0.96875,1.,1.,1.,1.,1.,1.,       0000211P0000481
0.553598769,2.1900469E-02,0.,0.549522671,9.979827E-03,0.,        0000211P0000482
0.545166269,0.,0.,0.96875,1.,-0.,-0.,1.;                         0000211P0000483
126,1,1,1,0,1,0,0.,0.,1.003213625,1.003213625,1.,1.,0.545166785, 0000213P0000484
0.,0.,0.704833216,0.,0.,0.,1.003213625,0.,0.,1.;                 0000213P0000485
126,2,2,1,0,1,0,0.,0.,0.,3.125E-02,3.125E-02,3.125E-02,1.,1.,1., 0000215P0000486
0.704833698,0.,0.,0.700478183,9.977811E-03,0.,0.696402852,       0000215P0000487
2.189565E-02,0.,0.,3.125E-02,-0.,-0.,1.;                         0000215P0000488
126,2,2,1,0,1,0,3.125E-02,3.125E-02,3.125E-02,6.25E-02,6.25E-02, 0000217P0000489
6.25E-02,1.,1.,1.,0.696402852,2.189565E-02,0.,0.692530814,       0000217P0000490
3.3218984E-02,0.,0.688931784,4.6236101E-02,0.,3.125E-02,         0000217P0000491
6.25E-02,-0.,-0.,1.;                                             0000217P0000492
126,2,2,1,0,1,0,6.25E-02,6.25E-02,6.25E-02,0.125,0.125,0.125,1., 0000219P0000493
1.,1.,0.688931784,4.6236101E-02,0.,0.682172935,7.0681778E-02,0., 0000219P0000494
0.676424698,0.10091554,0.,6.25E-02,0.125,-0.,-0.,1.;             0000219P0000495
126,2,2,1,0,1,0,0.125,0.125,0.125,0.1875,0.1875,0.1875,1.,1.,1., 0000221P0000496
0.676424698,0.10091554,0.,0.671163887,0.128585605,0.,0.66679965, 0000221P0000497
0.160846129,0.,0.125,0.1875,-0.,-0.,1.;                          0000221P0000498
126,2,2,1,0,1,0,0.1875,0.1875,0.1875,0.25,0.25,0.25,1.,1.,1.,    0000223P0000499
0.66679965,0.160846129,0.,0.66271702,0.191025013,0.,0.65945599,  0000223P0000500
0.22494499,0.,0.1875,0.25,-0.,-0.,1.;                            0000223P0000501
126,2,2,1,0,1,0,0.25,0.25,0.25,0.3125,0.3125,0.3125,1.,1.,1.,    0000225P0000502
0.65945599,0.22494499,0.,0.65639157,0.256819913,0.,0.654088178,  0000225P0000503
0.291622661,0.,0.25,0.3125,-0.,-0.,1.;                           0000225P0000504
126,2,2,1,0,1,0,0.3125,0.3125,0.3125,0.375,0.375,0.375,1.,1.,1., 0000227P0000505
0.654088178,0.291622661,0.,0.651900858,0.324671638,0.,           0000227P0000506
0.650433995,0.359832678,0.,0.3125,0.375,-0.,-0.,1.;              0000227P0000507
126,2,2,1,0,1,0,0.375,0.375,0.375,0.4375,0.4375,0.4375,1.,1.,1., 0000229P0000508
0.650433995,0.359832678,0.,0.649007588,0.394023963,0.,           0000229P0000509
0.648290842,0.429518529,0.,0.375,0.4375,-0.,-0.,1.;              0000229P0000510
126,2,2,1,0,1,0,0.4375,0.4375,0.4375,0.5,0.5,0.5,1.,1.,1.,       0000231P0000511
0.648290842,0.429518529,0.,0.647579927,0.464724257,0.,           0000231P0000512
0.647583708,0.500374811,0.,0.4375,0.5,-0.,-0.,1.;                0000231P0000513
126,2,2,1,0,1,0,0.5,0.5,0.5,0.5625,0.5625,0.5625,1.,1.,1.,       0000233P0000514
0.647583708,0.500374811,0.,0.647587466,0.535816077,0.,           0000233P0000515
0.648297512,0.570811011,0.,0.5,0.5625,-0.,-0.,1.;                0000233P0000516
126,2,2,1,0,1,0,0.5625,0.5625,0.5625,0.625,0.625,0.625,1.,1.,1., 0000235P0000517
0.648297512,0.570811011,0.,0.649018861,0.60636304,0.,0.6504522,  0000235P0000518
0.640602956,0.,0.5625,0.625,-0.,-0.,1.;                          0000235P0000519
126,2,2,1,0,1,0,0.625,0.625,0.625,0.6875,0.6875,0.6875,1.,1.,1., 0000237P0000520
0.6504522,0.640602956,0.,0.65194056,0.676157248,0.,0.654165603,  0000237P0000521
0.709543118,0.,0.625,0.6875,-0.,-0.,1.;                          0000237P0000522
126,2,2,1,0,1,0,0.6875,0.6875,0.6875,0.75,0.75,0.75,1.,1.,1.,    0000239P0000523
0.654165603,0.709543118,0.,0.656478995,0.744254632,0.,           0000239P0000524
0.659550806,0.77603865,0.,0.6875,0.75,-0.,-0.,1.;                0000239P0000525
126,2,2,1,0,1,0,0.75,0.75,0.75,0.8125,0.8125,0.8125,1.,1.,1.,    0000241P0000526
0.659550806,0.77603865,0.,0.662802228,0.809681099,0.,0.66686392, 0000241P0000527
0.839628343,0.,0.75,0.8125,-0.,-0.,1.;                           0000241P0000528
126,2,2,1,0,1,0,0.8125,0.8125,0.8125,0.875,0.875,0.875,1.,1.,1., 0000243P0000529
0.66686392,0.839628343,0.,0.671258829,0.87203243,0.,0.676559707, 0000243P0000530
0.899793034,0.,0.8125,0.875,-0.,-0.,1.;                          0000243P0000531
126,2,2,1,0,1,0,0.875,0.875,0.875,0.9375,0.9375,0.9375,1.,1.,1., 0000245P0000532
0.676559707,0.899793034,0.,0.682269254,0.929693829,0.,           0000245P0000533
0.688971148,0.953906193,0.,0.875,0.9375,-0.,-0.,1.;              0000245P0000534
126,2,2,1,0,1,0,0.9375,0.9375,0.9375,0.96875,0.96875,0.96875,1., 0000247P0000535
1.,1.,0.688971148,0.953906193,0.,0.692551234,0.9668402,0.,       0000247P0000536
0.696401192,0.978099497,0.,0.9375,0.96875,-0.,-0.,1.;            0000247P0000537
126,2,2,1,0,1,0,0.96875,0.96875,0.96875,1.,1.,1.,1.,1.,1.,       0000249P0000538
0.696401192,0.978099497,0.,0.700477294,0.990020154,0.,           0000249P0000539
0.704833698,1.,0.,0.96875,1.,-0.,-0.,1.;                         0000249P0000540
126,1,1,1,0,1,0,4.996178795,4.996178795,5.99939257,5.99939257,   0000251P0000541
1.,1.,0.704833175,1.,0.,0.545166744,1.,0.,4.996178795,           0000251P0000542
5.99939257,0.,0.,1.;                                             0000251P0000543
102,38,255,257,259,261,263,265,267,269,271,273,275,277,279,281,  0000253P0000544
283,285,287,289,291,295,297,299,301,303,305,307,309,311,313,315, 0000253P0000545
317,319,321,323,325,327,329,331;                                 0000253P0000546
126,4,4,0,0,1,0,0.,0.,0.,0.,0.,3.125E-02,3.125E-02,3.125E-02,    0000255P0000547
3.125E-02,3.125E-02,1.,1.,1.,1.,1.,47.760000011,-13.929696734,   0000255P0000548
0.25,47.760000013,-14.638806599,0.746395053,47.759973167,        0000255P0000549
-15.340250003,1.274962302,47.760000012,-16.034209113,1.83570175, 0000255P0000550
47.760000012,-16.720630137,2.428613394,0.,3.125E-02,             0000255P0000551
-0.999999984,1.100788875E-04,1.41011136E-04;                     0000255P0000552
126,4,4,0,0,1,0,3.125E-02,3.125E-02,3.125E-02,3.125E-02,         0000257P0000553
3.125E-02,6.25E-02,6.25E-02,6.25E-02,6.25E-02,6.25E-02,1.,1.,1., 0000257P0000554
1.,1.,47.760000012,-16.720630137,2.428613394,47.759999994,       0000257P0000555
-17.372809992,2.991948415,47.759984152,-18.017060369,            0000257P0000556
3.583372402,47.760000018,-18.653317799,4.202885355,47.760000068, 0000257P0000557
-19.281332873,4.850487274,3.125E-02,6.25E-02,-0.999999992,       0000257P0000558
8.451297708E-05,8.939027008E-05;                                 0000257P0000559
126,4,4,0,0,1,0,6.25E-02,6.25E-02,6.25E-02,6.25E-02,6.25E-02,    0000259P0000560
0.125,0.125,0.125,0.125,0.125,1.,1.,1.,1.,1.,47.760000068,       0000259P0000561
-19.281332873,4.850487274,47.760000035,-20.460721864,            0000259P0000562
6.066659306,47.759851246,-21.608224348,7.378817729,47.759999978, 0000259P0000563
-22.722195903,8.786962541,47.759999964,-23.798837487,            0000259P0000564
10.291093743,6.25E-02,0.125,-0.999999942,2.612446292E-04,        0000259P0000565
2.171610393E-04;                                                 0000259P0000566
126,4,4,0,0,1,0,0.125,0.125,0.125,0.125,0.125,0.1875,0.1875,     0000261P0000567
0.1875,0.1875,0.1875,1.,1.,1.,1.,1.,47.759999964,-23.798837487,  0000261P0000568
10.291093743,47.759999986,-24.78418427,11.667680869,             0000261P0000569
47.759902745,-25.735153343,13.120392544,47.759999997,            0000261P0000570
-26.648827344,14.649228767,47.759999983,-27.52108423,            0000261P0000571
16.254189537,0.125,0.1875,-0.999999964,2.281209832E-04,          0000261P0000572
1.426690382E-04;                                                 0000261P0000573
126,4,4,0,0,1,0,0.1875,0.1875,0.1875,0.1875,0.1875,0.25,0.25,    0000263P0000574
0.25,0.25,0.25,1.,1.,1.,1.,1.,47.759999983,-27.52108423,         0000263P0000575
16.254189537,47.760000028,-28.337058556,17.755590061,            0000263P0000576
47.759900587,-29.114322912,19.319029747,47.760000075,            0000263P0000577
-29.849586628,20.944508595,47.760000075,-30.538929677,           0000263P0000578
22.632026605,0.1875,0.25,-0.999999953,2.777365952E-04,           0000263P0000579
1.317472785E-04;                                                 0000263P0000580
126,4,4,0,0,1,0,0.25,0.25,0.25,0.25,0.25,0.3125,0.3125,0.3125,   0000265P0000581
0.3125,0.3125,1.,1.,1.,1.,1.,47.760000075,-30.538929677,         0000265P0000582
22.632026605,47.759999999,-31.18671238,24.217804223,             0000265P0000583
47.759886196,-31.791434552,25.852134806,47.759999934,            0000265P0000584
-32.350032818,27.535018355,47.759999952,-32.859230204,           0000265P0000585
29.266454869,0.25,0.3125,-0.999999927,3.60566737E-04,            0000265P0000586
1.26428608E-04;                                                  0000265P0000587
126,4,4,0,0,1,0,0.3125,0.3125,0.3125,0.3125,0.3125,0.375,0.375,  0000267P0000588
0.375,0.375,0.375,1.,1.,1.,1.,1.,47.759999952,-32.859230204,     0000267P0000589
29.266454869,47.759999949,-33.342768275,30.910641276,            0000267P0000590
47.759863448,-33.779223599,32.58985286,47.759999975,             0000267P0000591
-34.166131999,34.304089622,47.760000004,-34.501075504,           0000267P0000592
36.053351561,0.3125,0.375,-0.999999883,4.707686309E-04,          0000267P0000593
1.142317414E-04;                                                 0000267P0000594
126,4,4,0,0,1,0,0.375,0.375,0.375,0.375,0.375,0.4375,0.4375,     0000269P0000595
0.4375,0.4375,0.4375,1.,1.,1.,1.,1.,47.760000004,-34.501075504,  0000269P0000596
36.053351561,47.760000031,-34.826781075,37.75436784,             0000269P0000597
47.759845699,-35.101175134,39.476996979,47.759999992,            0000269P0000598
-35.322562754,41.221238977,47.75999992,-35.48948697,             0000269P0000599
42.987093835,0.375,0.4375,-0.999999845,5.504003266E-04,          0000269P0000600
7.869863026E-05;                                                 0000269P0000601
126,4,4,0,0,1,0,0.4375,0.4375,0.4375,0.4375,0.4375,0.5,0.5,0.5,  0000271P0000602
0.5,0.5,1.,1.,1.,1.,1.,47.75999992,-35.48948697,42.987093835,    0000271P0000603
47.759999999,-35.655052612,44.738578753,47.759831427,            0000271P0000604
-35.765744656,46.497440419,47.760000024,-35.820837142,           0000271P0000605
48.263678832,47.759999969,-35.819950914,50.037293993,0.4375,0.5, 0000271P0000606
-0.999999818,6.030806727E-04,2.836980069E-05;                    0000271P0000607
126,4,4,0,0,1,0,0.5,0.5,0.5,0.5,0.5,0.5625,0.5625,0.5625,0.5625, 0000273P0000608
0.5625,1.,1.,1.,1.,1.,47.759999969,-35.819950914,50.037293993,   0000273P0000609
47.759999937,-35.819069859,51.800496927,47.759835316,            0000273P0000610
-35.762869978,53.556298205,47.759999971,-35.651733241,           0000273P0000611
55.304697827,47.760000033,-35.486379921,57.045695793,0.5,0.5625, 0000273P0000612
0.999999821,-5.971562437E-04,2.850664911E-05;                    0000273P0000613
126,4,4,0,0,1,0,0.5625,0.5625,0.5625,0.5625,0.5625,0.625,0.625,  0000275P0000614
0.625,0.625,0.625,1.,1.,1.,1.,1.,47.760000033,-35.486379921,     0000275P0000615
57.045695793,47.760000041,-35.31839436,58.814409286,             0000275P0000616
47.759844785,-35.095776756,60.561363505,47.760000003,            0000275P0000617
-34.819996662,62.28655845,47.759999954,-34.492762312,            0000275P0000618
63.989994122,0.5625,0.625,0.999999844,-5.52058882E-04,           0000275P0000619
7.925469598E-05;                                                 0000275P0000620
126,4,4,0,0,1,0,0.625,0.625,0.625,0.625,0.625,0.6875,0.6875,     0000277P0000621
0.6875,0.6875,0.6875,1.,1.,1.,1.,1.,47.759999954,-34.492762312,  0000277P0000622
63.989994122,47.759999984,-34.152966169,65.758820298,            0000277P0000623
47.759857617,-33.760061564,67.491686693,47.760000038,            0000277P0000624
-33.316557807,69.188593308,47.76000006,-32.82500958,             0000277P0000625
70.849540141,0.625,0.6875,0.999999878,-4.799038678E-04,          0000277P0000626
1.170172175E-04;                                                 0000277P0000627
126,4,4,0,0,1,0,0.6875,0.6875,0.6875,0.6875,0.6875,0.75,0.75,    0000279P0000628
0.75,0.75,0.75,1.,1.,1.,1.,1.,47.76000006,-32.82500958,          0000279P0000629
70.849540141,47.760000047,-32.313943641,72.576437714,            0000279P0000630
47.759887629,-31.753754788,74.254787794,47.759999992,            0000279P0000631
-31.147710004,75.884590381,47.759999952,-30.49885941,            0000279P0000632
77.465845476,0.6875,0.75,0.999999929,-3.566093821E-04,           0000279P0000633
1.257331445E-04;                                                 0000279P0000634
126,4,4,0,0,1,0,0.75,0.75,0.75,0.75,0.75,0.8125,0.8125,0.8125,   0000281P0000635
0.8125,0.8125,1.,1.,1.,1.,1.,47.759999952,-30.49885941,          0000281P0000636
77.465845476,47.760000007,-29.812070426,79.139556418,            0000281P0000637
47.759903614,-29.080109091,80.751989158,47.76000002,             0000281P0000638
-28.306812135,82.303143695,47.759999986,-27.495400045,           0000281P0000639
83.793020029,0.75,0.8125,0.999999954,-2.725740236E-04,           0000281P0000640
1.296881073E-04;                                                 0000281P0000641
126,4,4,0,0,1,0,0.8125,0.8125,0.8125,0.8125,0.8125,0.875,0.875,  0000283P0000642
0.875,0.875,0.875,1.,1.,1.,1.,1.,47.759999986,-27.495400045,     0000283P0000643
83.793020029,47.760000031,-26.617421176,85.40512286,             0000283P0000644
47.759900756,-25.697659437,86.940221828,47.760000028,            0000283P0000645
-24.740297984,88.398316933,47.759999993,-23.748285112,           0000283P0000646
89.779408176,0.8125,0.875,0.999999963,-2.300383342E-04,          0000283P0000647
1.442639439E-04;                                                 0000283P0000648
126,4,4,0,0,1,0,0.875,0.875,0.875,0.875,0.875,0.9375,0.9375,     0000285P0000649
0.9375,0.9375,0.9375,1.,1.,1.,1.,1.,47.759999993,-23.748285112,  0000285P0000650
89.779408176,47.759999962,-22.679793161,91.266974419,            0000285P0000651
47.759856734,-21.574744593,92.660206835,47.760000005,            0000285P0000652
-20.436814445,93.959105423,47.760000064,-19.267597248,           0000285P0000653
95.163670183,0.875,0.9375,0.999999945,-2.559541011E-04,          0000285P0000654
2.132364219E-04;                                                 0000285P0000655
126,4,4,0,0,1,0,0.9375,0.9375,0.9375,0.9375,0.9375,0.96875,      0000287P0000656
0.96875,0.96875,0.96875,0.96875,1.,1.,1.,1.,1.,47.760000064,     0000287P0000657
-19.267597248,95.163670183,47.760000016,-18.643012491,           0000287P0000658
95.807137479,47.759984492,-18.010283827,96.422832103,            0000287P0000659
47.759999983,-17.369655422,97.010754055,47.759999993,            0000287P0000660
-16.721189668,97.570903334,0.9375,0.96875,0.999999993,           0000287P0000661
-8.35224709E-05,8.839042458E-05;                                 0000287P0000662
126,4,4,0,0,1,0,0.96875,0.96875,0.96875,0.96875,0.96875,1.,1.,   0000289P0000663
1.,1.,1.,1.,1.,1.,1.,1.,47.759999993,-16.721189668,97.570903334, 0000289P0000664
47.76000001,-16.034633604,98.163955274,47.759973153,             0000289P0000665
-15.340536203,98.724822031,47.760000021,-14.638951338,           0000289P0000666
99.253503607,47.760000011,-13.929696734,99.75,0.96875,1.,        0000289P0000667
0.999999984,-1.099543046E-04,1.408397059E-04;                    0000289P0000668
100,0.,0.,0.,49.75,-1.060229057E-27,26.745368575,41.949347549;   0000291P0000669
124,0.96000073,-0.279997495,-6.703649856E-15,1.004693249E-28,    0000293P0000670
-0.279997495,-0.96000073,-1.955210056E-15,0.,-5.88805484E-15,    0000293P0000671
3.754008252E-15,-1.,99.75;                                       0000293P0000672
126,4,4,0,0,1,0,0.,0.,0.,0.,0.,3.125E-02,3.125E-02,3.125E-02,    0000295P0000673
3.125E-02,3.125E-02,1.,1.,1.,1.,1.,13.929692355,-47.759999996,   0000295P0000674
99.75,14.638800996,-47.760000021,99.253603903,15.340243515,      0000295P0000675
-47.759973177,98.725035674,16.034202174,-47.760000028,           0000295P0000676
98.164295315,16.720623215,-47.760000004,97.571382825,0.,         0000295P0000677
3.125E-02,1.098012507E-04,-0.999999984,1.406600996E-04;          0000295P0000678
126,4,4,0,0,1,0,3.125E-02,3.125E-02,3.125E-02,3.125E-02,         0000297P0000679
3.125E-02,6.25E-02,6.25E-02,6.25E-02,6.25E-02,6.25E-02,1.,1.,1., 0000297P0000680
1.,1.,16.720623215,-47.760000004,97.571382825,17.372802979,      0000297P0000681
-47.76000002,97.008046958,18.01705331,-47.759984183,             0000297P0000682
96.416622524,18.653310757,-47.760000038,95.797109521,            0000297P0000683
19.281325893,-47.76000004,95.14950795,3.125E-02,6.25E-02,        0000297P0000684
8.383783189E-05,-0.999999993,8.866940037E-05;                    0000297P0000685
126,4,4,0,0,1,0,6.25E-02,6.25E-02,6.25E-02,6.25E-02,6.25E-02,    0000299P0000686
0.125,0.125,0.125,0.125,0.125,1.,1.,1.,1.,1.,19.281325893,       0000299P0000687
-47.76000004,95.14950795,20.460715743,-47.760000028,93.93333552, 0000299P0000688
21.608219382,-47.759851323,92.621177346,22.722191775,            0000299P0000689
-47.76000004,91.213033429,23.798833535,-47.760000069,            0000299P0000690
89.70890377,6.25E-02,0.125,2.611916718E-04,-0.999999942,         0000299P0000691
2.17142097E-04;                                                  0000299P0000692
126,4,4,0,0,1,0,0.125,0.125,0.125,0.125,0.125,0.1875,0.1875,     0000301P0000693
0.1875,0.1875,0.1875,1.,1.,1.,1.,1.,23.798833535,-47.760000069,  0000301P0000694
89.70890377,24.784180642,-47.760000055,88.332318036,             0000301P0000695
25.735150321,-47.759902791,86.879607191,26.648824984,            0000301P0000696
-47.759999986,85.350771233,27.521082513,-47.759999923,           0000301P0000697
83.745810164,0.125,0.1875,2.280602011E-04,-0.999999964,          0000301P0000698
1.42603866E-04;                                                  0000301P0000699
126,4,4,0,0,1,0,0.1875,0.1875,0.1875,0.1875,0.1875,0.25,0.25,    0000303P0000700
0.25,0.25,0.25,1.,1.,1.,1.,1.,27.521082513,-47.759999923,        0000303P0000701
83.745810164,28.337056733,-47.759999916,82.244410685,            0000303P0000702
29.114321144,-47.759900439,80.680971414,29.849585017,            0000303P0000703
-47.759999912,79.055492351,30.538928313,-47.759999914,           0000303P0000704
77.367973495,0.1875,0.25,2.780082917E-04,-0.999999953,           0000303P0000705
1.318600512E-04;                                                 0000303P0000706
126,4,4,0,0,1,0,0.25,0.25,0.25,0.25,0.25,0.3125,0.3125,0.3125,   0000305P0000707
0.3125,0.3125,1.,1.,1.,1.,1.,30.538928313,-47.759999914,         0000305P0000708
77.367973495,31.186710617,-47.759999984,75.782196076,            0000305P0000709
31.791432501,-47.759886267,74.147865558,32.350030592,            0000305P0000710
-47.760000055,72.464981943,32.859227947,-47.760000048,           0000305P0000711
70.73354523,0.25,0.3125,3.59666804E-04,-0.999999927,             0000305P0000712
1.261531299E-04;                                                 0000305P0000713
126,4,4,0,0,1,0,0.3125,0.3125,0.3125,0.3125,0.3125,0.375,0.375,  0000307P0000714
0.375,0.375,0.375,1.,1.,1.,1.,1.,32.859227947,-47.760000048,     0000307P0000715
70.73354523,33.342765951,-47.760000049,69.089358625,             0000307P0000716
33.779221183,-47.75986354,67.410146974,34.166129493,             0000307P0000717
-47.760000049,65.695910279,34.501072926,-47.760000049,           0000307P0000718
63.946648539,0.3125,0.375,4.705870068E-04,-0.999999883,          0000307P0000719
1.141802081E-04;                                                 0000307P0000720
126,4,4,0,0,1,0,0.375,0.375,0.375,0.375,0.375,0.4375,0.4375,     0000309P0000721
0.4375,0.4375,0.4375,1.,1.,1.,1.,1.,34.501072926,-47.760000049,  0000309P0000722
63.946648539,34.826778588,-47.75999998,62.24563211,35.101172602, 0000309P0000723
-47.759845636,60.523002938,35.322560057,-47.760000007,           0000309P0000724
58.778761023,35.489483997,-47.760000109,57.012906364,0.375,      0000309P0000725
0.4375,5.519936183E-04,-0.999999845,7.89460595E-05;              0000309P0000726
126,4,4,0,0,1,0,0.4375,0.4375,0.4375,0.4375,0.4375,0.5,0.5,0.5,  0000311P0000727
0.5,0.5,1.,1.,1.,1.,1.,35.489483997,-47.760000109,57.012906364,  0000311P0000728
35.65504982,-47.760000038,55.261421396,35.765741929,             0000311P0000729
-47.759831403,53.502559731,35.820834374,-47.760000025,           0000311P0000730
51.736321367,35.819947997,-47.760000088,49.962706306,0.4375,0.5, 0000311P0000731
6.046672456E-04,-0.999999817,2.843408544E-05;                    0000311P0000732
126,4,4,0,0,1,0,0.5,0.5,0.5,0.5,0.5,0.5625,0.5625,0.5625,0.5625, 0000313P0000733
0.5625,1.,1.,1.,1.,1.,35.819947997,-47.760000088,49.962706306,   0000313P0000734
35.819066944,-47.760000059,48.199503322,35.762867105,            0000313P0000735
-47.759835417,46.443702011,35.651730454,-47.760000024,           0000313P0000736
44.695302372,35.486377258,-47.760000019,42.954304406,0.5,0.5625, 0000313P0000737
-5.967244037E-04,0.999999822,2.850538252E-05;                    0000313P0000738
126,4,4,0,0,1,0,0.5625,0.5625,0.5625,0.5625,0.5625,0.625,0.625,  0000315P0000739
0.625,0.625,0.625,1.,1.,1.,1.,1.,35.486377258,-47.760000019,     0000315P0000740
42.954304406,35.318391821,-47.759999966,41.185590963,            0000315P0000741
35.095774277,-47.759844702,39.438636727,34.819994174,            0000315P0000742
-47.759999966,37.713441699,34.492759732,-47.760000017,           0000315P0000743
36.010005878,0.5625,0.625,-5.530139964E-04,0.999999844,          0000315P0000744
7.938045108E-05;                                                 0000315P0000745
126,4,4,0,0,1,0,0.625,0.625,0.625,0.625,0.625,0.6875,0.6875,     0000317P0000746
0.6875,0.6875,0.6875,1.,1.,1.,1.,1.,34.492759732,-47.760000017,  0000317P0000747
36.010005878,34.152963802,-47.759999969,34.241179851,            0000317P0000748
33.760059376,-47.759857554,32.508313489,33.31655575,             0000317P0000749
-47.759999957,30.811406792,32.825007576,-47.759999988,           0000317P0000750
29.150459759,0.625,0.6875,-4.803821449E-04,0.999999878,          0000317P0000751
1.171530784E-04;                                                 0000317P0000752
126,4,4,0,0,1,0,0.6875,0.6875,0.6875,0.6875,0.6875,0.75,0.75,    0000319P0000753
0.75,0.75,0.75,1.,1.,1.,1.,1.,32.825007576,-47.759999988,        0000319P0000754
29.150459759,32.313941658,-47.759999999,27.423561938,            0000319P0000755
31.75375287,-47.759887601,25.745211758,31.147708166,             0000319P0000756
-47.760000011,24.115409221,30.498857664,-47.760000012,           0000319P0000757
22.534154325,0.6875,0.75,-3.567486118E-04,0.999999928,           0000319P0000758
1.257621365E-04;                                                 0000319P0000759
126,4,4,0,0,1,0,0.75,0.75,0.75,0.75,0.75,0.8125,0.8125,0.8125,   0000321P0000760
0.8125,0.8125,1.,1.,1.,1.,1.,30.498857664,-47.760000012,         0000321P0000761
22.534154325,29.812068427,-47.760000046,20.860442487,            0000321P0000762
29.080106928,-47.759903641,19.248009466,28.306809911,            0000321P0000763
-47.760000051,17.696855261,27.495397921,-47.760000029,           0000321P0000764
16.206979872,0.75,0.8125,-2.727350694E-04,0.999999954,           0000321P0000765
1.297672294E-04;                                                 0000321P0000766
126,4,4,0,0,1,0,0.8125,0.8125,0.8125,0.8125,0.8125,0.875,0.875,  0000323P0000767
0.875,0.875,0.875,1.,1.,1.,1.,1.,27.495397921,-47.760000029,     0000323P0000768
16.206979872,26.617418518,-47.759999981,14.594876543,            0000323P0000769
25.697656123,-47.759900676,13.059777642,24.740293972,            0000323P0000770
-47.759999929,11.601683166,23.748280593,-47.759999921,           0000323P0000771
10.220593117,0.8125,0.875,-2.304538729E-04,0.999999963,          0000323P0000772
1.445424248E-04;                                                 0000323P0000773
126,4,4,0,0,1,0,0.875,0.875,0.875,0.875,0.875,0.9375,0.9375,     0000325P0000774
0.9375,0.9375,0.9375,1.,1.,1.,1.,1.,23.748280593,-47.759999921,  0000325P0000775
10.220593117,22.679788362,-47.759999932,8.733028566,             0000325P0000776
21.574738903,-47.759856768,7.339797162,20.436807593,             0000325P0000777
-47.759999977,6.040898906,19.267589557,-47.760000009,            0000325P0000778
4.836333797,0.875,0.9375,-2.556561691E-04,0.999999945,           0000325P0000779
2.129864477E-04;                                                 0000325P0000780
126,4,4,0,0,1,0,0.9375,0.9375,0.9375,0.9375,0.9375,0.96875,      0000327P0000781
0.96875,0.96875,0.96875,0.96875,1.,1.,1.,1.,1.,19.267589557,     0000327P0000782
-47.760000009,4.836333797,18.643004758,-47.760000029,            0000327P0000783
4.192866948,18.010276145,-47.759984519,3.577172374,17.369647899, 0000327P0000784
-47.759999993,2.989250074,16.721182396,-47.759999947,            0000327P0000785
2.429100049,0.9375,0.96875,-8.243653318E-05,0.999999993,         0000327P0000786
8.724042756E-05;                                                 0000327P0000787
126,4,4,0,0,1,0,0.96875,0.96875,0.96875,0.96875,0.96875,1.,1.,   0000329P0000788
1.,1.,1.,1.,1.,1.,1.,1.,16.721182396,-47.759999947,2.429100049,  0000329P0000789
16.034626479,-47.759999965,1.836047363,15.34052964,              0000329P0000790
-47.759973104,1.275179793,14.638945722,-47.759999991,            0000329P0000791
0.746497339,13.929692355,-47.759999996,0.25,0.96875,1.,          0000329P0000792
-1.101108637E-04,0.999999984,1.410255122E-04;                    0000329P0000793
100,0.,0.,0.,13.929794897,-47.760059821,47.760019114,            0000331P0000794
-13.929934467;                                                   0000331P0000795
124,1.,0.,0.,0.,0.,1.,0.,0.,0.,0.,1.,0.25;                       0000333P0000796
144,337,1,0,339;                                                 0000335P0000797
128,8,4,3,3,0,0,1,0,0,0.7942083,0.7942083,0.7942083,0.7942083,   0000337P0000798
0.8125,0.84375,0.875,0.90625,0.9375,0.955791496,0.955791496,     0000337P0000799
0.955791496,0.955791496,0.,0.,0.,0.,0.5,1.,1.,1.,1.,1.,1.,1.,1., 0000337P0000800
1.,1.,1.,1.,1.,1.,1.,1.,1.,1.,1.,1.,1.,1.,1.,1.,1.,1.,1.,1.,1.,  0000337P0000801
1.,1.,1.,1.,1.,1.,1.,1.,1.,1.,1.,1.,1.,1.,1.,1.,1.,1.,1.,1.,     0000337P0000802
-13.641959439,-47.84298825,99.75,-15.474823895,-47.320312583,    0000337P0000803
99.75,-20.357793357,-45.619832397,99.75,-27.817850893,           0000337P0000804
-41.632349469,99.75,-35.4053892,-35.405412582,99.75,             0000337P0000805
-41.632358846,-27.817851139,99.75,-45.619790966,-20.357851726,   0000337P0000806
99.75,-47.320310669,-15.474880106,99.75,-47.842989769,           0000337P0000807
-13.642029744,99.75,-15.460890132,-54.222052469,83.166666666,    0000337P0000808
-17.538136772,-53.629686404,83.166666666,-23.072169565,          0000337P0000809
-51.702474596,83.166666666,-31.526904663,-47.183326893,          0000337P0000810
83.166666666,-40.126111019,-40.126126491,83.166666666,           0000337P0000811
-47.183352073,-31.526892752,83.166666666,-51.702422498,          0000337P0000812
-23.072212237,83.166666666,-53.629685699,-17.538192019,          0000337P0000813
83.166666666,-54.222057749,-15.460966176,83.166666666,           0000337P0000814
-17.279820825,-60.601116685,50.,-19.60144965,-59.939060224,50.,  0000337P0000815
-25.786545774,-57.785116794,50.,-35.235958434,-52.734304331,50., 0000337P0000816
-44.846832839,-44.846840348,50.,-52.734345301,-35.235934558,50., 0000337P0000817
-57.785054029,-25.786572156,50.,-59.939060728,-19.601504663,50., 0000337P0000818
-60.601125729,-17.279903394,50.,-15.460890132,-54.222052469,     0000337P0000819
16.833333334,-17.538136772,-53.629686404,16.833333334,           0000337P0000820
-23.072169565,-51.702474596,16.833333334,-31.526904663,          0000337P0000821
-47.183326893,16.833333334,-40.126111019,-40.126126491,          0000337P0000822
16.833333334,-47.183352073,-31.526892752,16.833333334,           0000337P0000823
-51.702422498,-23.072212237,16.833333334,-53.629685699,          0000337P0000824
-17.538192019,16.833333334,-54.222057749,-15.460966176,          0000337P0000825
16.833333334,-13.641959439,-47.84298825,0.25,-15.474823895,      0000337P0000826
-47.320312583,0.25,-20.357793357,-45.619832397,0.25,             0000337P0000827
-27.817850893,-41.632349469,0.25,-35.4053892,-35.405412582,0.25, 0000337P0000828
-41.632358846,-27.817851139,0.25,-45.619790966,-20.357851726,    0000337P0000829
0.25,-47.320310669,-15.474880106,0.25,-47.842989769,             0000337P0000830
-13.642029744,0.25,0.795166303,0.954833493,0.,1.;                0000337P0000831
142,0,337,341,419,3;                                             0000339P0000832
102,38,343,345,347,349,351,353,355,357,359,361,363,365,367,369,  0000341P0000833
371,373,375,377,379,381,383,385,387,389,391,393,395,397,399,401, 0000341P0000834
403,405,407,409,411,413,415,417;                                 0000341P0000835
126,2,2,1,0,1,0,0.,0.,0.,3.125E-02,3.125E-02,3.125E-02,1.,1.,1., 0000343P0000836
0.795166303,1.,0.,0.79952182,0.990022188,0.,0.803597151,         0000343P0000837
0.978104348,0.,0.,3.125E-02,-0.,-0.,1.;                          0000343P0000838
126,2,2,1,0,1,0,3.125E-02,3.125E-02,3.125E-02,6.25E-02,6.25E-02, 0000345P0000839
6.25E-02,1.,1.,1.,0.803597151,0.978104348,0.,0.807469189,        0000345P0000840
0.966781014,0.,0.811068219,0.953763896,0.,3.125E-02,6.25E-02,    0000345P0000841
-0.,-0.,1.;                                                      0000345P0000842
126,2,2,1,0,1,0,6.25E-02,6.25E-02,6.25E-02,0.125,0.125,0.125,1., 0000347P0000843
1.,1.,0.811068219,0.953763896,0.,0.817827065,0.929318224,0.,     0000347P0000844
0.823575302,0.89908446,0.,6.25E-02,0.125,-0.,-0.,1.;             0000347P0000845
126,2,2,1,0,1,0,0.125,0.125,0.125,0.1875,0.1875,0.1875,1.,1.,1., 0000349P0000846
0.823575302,0.89908446,0.,0.828836111,0.871414396,0.,            0000349P0000847
0.833200347,0.839153874,0.,0.125,0.1875,-0.,-0.,1.;              0000349P0000848
126,2,2,1,0,1,0,0.1875,0.1875,0.1875,0.25,0.25,0.25,1.,1.,1.,    0000351P0000849
0.833200347,0.839153874,0.,0.837282977,0.80897499,0.,            0000351P0000850
0.840544007,0.775055016,0.,0.1875,0.25,-0.,-0.,1.;               0000351P0000851
126,2,2,1,0,1,0,0.25,0.25,0.25,0.3125,0.3125,0.3125,1.,1.,1.,    0000353P0000852
0.840544007,0.775055016,0.,0.843608429,0.74318009,0.,            0000353P0000853
0.845911821,0.708377342,0.,0.25,0.3125,-0.,-0.,1.;               0000353P0000854
126,2,2,1,0,1,0,0.3125,0.3125,0.3125,0.375,0.375,0.375,1.,1.,1., 0000355P0000855
0.845911821,0.708377342,0.,0.848099142,0.675328363,0.,           0000355P0000856
0.849566005,0.640167323,0.,0.3125,0.375,-0.,-0.,1.;              0000355P0000857
126,2,2,1,0,1,0,0.375,0.375,0.375,0.4375,0.4375,0.4375,1.,1.,1., 0000357P0000858
0.849566005,0.640167323,0.,0.850992411,0.605976039,0.,           0000357P0000859
0.851709158,0.570481474,0.,0.375,0.4375,-0.,-0.,1.;              0000357P0000860
126,2,2,1,0,1,0,0.4375,0.4375,0.4375,0.5,0.5,0.5,1.,1.,1.,       0000359P0000861
0.851709158,0.570481474,0.,0.852420073,0.535275746,0.,           0000359P0000862
0.852416293,0.499625191,0.,0.4375,0.5,-0.,-0.,1.;                0000359P0000863
126,2,2,1,0,1,0,0.5,0.5,0.5,0.5625,0.5625,0.5625,1.,1.,1.,       0000361P0000864
0.852416293,0.499625191,0.,0.852412534,0.464183925,0.,           0000361P0000865
0.851702488,0.429188989,0.,0.5,0.5625,-0.,-0.,1.;                0000361P0000866
126,2,2,1,0,1,0,0.5625,0.5625,0.5625,0.625,0.625,0.625,1.,1.,1., 0000363P0000867
0.851702488,0.429188989,0.,0.850981138,0.393636959,0.,0.8495478, 0000363P0000868
0.359397043,0.,0.5625,0.625,-0.,-0.,1.;                          0000363P0000869
126,2,2,1,0,1,0,0.625,0.625,0.625,0.6875,0.6875,0.6875,1.,1.,1., 0000365P0000870
0.8495478,0.359397043,0.,0.848059439,0.32384275,0.,0.845834396,  0000365P0000871
0.290456879,0.,0.625,0.6875,-0.,-0.,1.;                          0000365P0000872
126,2,2,1,0,1,0,0.6875,0.6875,0.6875,0.75,0.75,0.75,1.,1.,1.,    0000367P0000873
0.845834396,0.290456879,0.,0.843521003,0.255745366,0.,           0000367P0000874
0.840449192,0.223961346,0.,0.6875,0.75,-0.,-0.,1.;               0000367P0000875
126,2,2,1,0,1,0,0.75,0.75,0.75,0.8125,0.8125,0.8125,1.,1.,1.,    0000369P0000876
0.840449192,0.223961346,0.,0.83719777,0.190318899,0.,            0000369P0000877
0.833136078,0.160371654,0.,0.75,0.8125,-0.,-0.,1.;               0000369P0000878
126,2,2,1,0,1,0,0.8125,0.8125,0.8125,0.875,0.875,0.875,1.,1.,1., 0000371P0000879
0.833136078,0.160371654,0.,0.828741169,0.12796757,0.,            0000371P0000880
0.823440292,0.100206968,0.,0.8125,0.875,-0.,-0.,1.;              0000371P0000881
126,2,2,1,0,1,0,0.875,0.875,0.875,0.9375,0.9375,0.9375,1.,1.,1., 0000373P0000882
0.823440292,0.100206968,0.,0.817730746,7.030617E-02,0.,          0000373P0000883
0.811028855,4.6093811E-02,0.,0.875,0.9375,-0.,-0.,1.;            0000373P0000884
126,2,2,1,0,1,0,0.9375,0.9375,0.9375,0.96875,0.96875,0.96875,1., 0000375P0000885
1.,1.,0.811028855,4.6093811E-02,0.,0.807448769,3.3159803E-02,0., 0000375P0000886
0.80359881,2.1900505E-02,0.,0.9375,0.96875,-0.,-0.,1.;           0000375P0000887
126,2,2,1,0,1,0,0.96875,0.96875,0.96875,1.,1.,1.,1.,1.,1.,       0000377P0000888
0.80359881,2.1900505E-02,0.,0.799522708,9.979847E-03,0.,         0000377P0000889
0.795166303,0.,0.,0.96875,1.,-0.,-0.,1.;                         0000377P0000890
126,1,1,1,0,1,0,0.,0.,1.003212991,1.003212991,1.,1.,0.795166826, 0000379P0000891
0.,0.,0.954833123,0.,0.,0.,1.003212991,0.,0.,1.;                 0000379P0000892
126,2,2,1,0,1,0,0.,0.,0.,3.125E-02,3.125E-02,3.125E-02,1.,1.,1., 0000381P0000893
0.954833493,0.,0.,0.950478066,9.977793E-03,0.,0.946402745,       0000381P0000894
2.1895853E-02,0.,0.,3.125E-02,-0.,-0.,1.;                        0000381P0000895
126,2,2,1,0,1,0,3.125E-02,3.125E-02,3.125E-02,6.25E-02,6.25E-02, 0000383P0000896
6.25E-02,1.,1.,1.,0.946402745,2.1895853E-02,0.,0.942530776,      0000383P0000897
3.3219222E-02,0.,0.938931754,4.6236486E-02,0.,3.125E-02,         0000383P0000898
6.25E-02,-0.,-0.,1.;                                             0000383P0000899
126,2,2,1,0,1,0,6.25E-02,6.25E-02,6.25E-02,0.125,0.125,0.125,1., 0000385P0000900
1.,1.,0.938931754,4.6236486E-02,0.,0.932172913,7.0682463E-02,0., 0000385P0000901
0.926424709,0.100915994,0.,6.25E-02,0.125,-0.,-0.,1.;            0000385P0000902
126,2,2,1,0,1,0,0.125,0.125,0.125,0.1875,0.1875,0.1875,1.,1.,1., 0000387P0000903
0.926424709,0.100915994,0.,0.921163874,0.128586141,0.,           0000387P0000904
0.916799636,0.160846493,0.,0.125,0.1875,-0.,-0.,1.;              0000387P0000905
126,2,2,1,0,1,0,0.1875,0.1875,0.1875,0.25,0.25,0.25,1.,1.,1.,    0000389P0000906
0.916799636,0.160846493,0.,0.912716982,0.191025386,0.,           0000389P0000907
0.909455944,0.224945294,0.,0.1875,0.25,-0.,-0.,1.;               0000389P0000908
126,2,2,1,0,1,0,0.25,0.25,0.25,0.3125,0.3125,0.3125,1.,1.,1.,    0000391P0000909
0.909455944,0.224945294,0.,0.906391516,0.256820146,0.,           0000391P0000910
0.904088121,0.291622862,0.,0.25,0.3125,-0.,-0.,1.;               0000391P0000911
126,2,2,1,0,1,0,0.3125,0.3125,0.3125,0.375,0.375,0.375,1.,1.,1., 0000393P0000912
0.904088121,0.291622862,0.,0.901900801,0.324671776,0.,           0000393P0000913
0.900433937,0.359832805,0.,0.3125,0.375,-0.,-0.,1.;              0000393P0000914
126,2,2,1,0,1,0,0.375,0.375,0.375,0.4375,0.4375,0.4375,1.,1.,1., 0000395P0000915
0.900433937,0.359832805,0.,0.899007532,0.394024053,0.,           0000395P0000916
0.898290785,0.429518608,0.,0.375,0.4375,-0.,-0.,1.;              0000395P0000917
126,2,2,1,0,1,0,0.4375,0.4375,0.4375,0.5,0.5,0.5,1.,1.,1.,       0000397P0000918
0.898290785,0.429518608,0.,0.897579872,0.464724298,0.,           0000397P0000919
0.897583652,0.500374821,0.,0.4375,0.5,-0.,-0.,1.;                0000397P0000920
126,2,2,1,0,1,0,0.5,0.5,0.5,0.5625,0.5625,0.5625,1.,1.,1.,       0000399P0000921
0.897583652,0.500374821,0.,0.897587411,0.535816049,0.,           0000399P0000922
0.898297456,0.57081094,0.,0.5,0.5625,-0.,-0.,1.;                 0000399P0000923
126,2,2,1,0,1,0,0.5625,0.5625,0.5625,0.625,0.625,0.625,1.,1.,1., 0000401P0000924
0.898297456,0.57081094,0.,0.899018805,0.606362953,0.,            0000401P0000925
0.900452143,0.640602829,0.,0.5625,0.625,-0.,-0.,1.;              0000401P0000926
126,2,2,1,0,1,0,0.625,0.625,0.625,0.6875,0.6875,0.6875,1.,1.,1., 0000403P0000927
0.900452143,0.640602829,0.,0.901940504,0.676157117,0.,           0000403P0000928
0.904165548,0.709542928,0.,0.625,0.6875,-0.,-0.,1.;              0000403P0000929
126,2,2,1,0,1,0,0.6875,0.6875,0.6875,0.75,0.75,0.75,1.,1.,1.,    0000405P0000930
0.904165548,0.709542928,0.,0.906478943,0.744254416,0.,           0000405P0000931
0.909550762,0.776038371,0.,0.6875,0.75,-0.,-0.,1.;               0000405P0000932
126,2,2,1,0,1,0,0.75,0.75,0.75,0.8125,0.8125,0.8125,1.,1.,1.,    0000407P0000933
0.909550762,0.776038371,0.,0.912802191,0.809680743,0.,           0000407P0000934
0.916863907,0.839627988,0.,0.75,0.8125,-0.,-0.,1.;               0000407P0000935
126,2,2,1,0,1,0,0.8125,0.8125,0.8125,0.875,0.875,0.875,1.,1.,1., 0000409P0000936
0.916863907,0.839627988,0.,0.921258819,0.872031913,0.,           0000409P0000937
0.926559725,0.899792609,0.,0.8125,0.875,-0.,-0.,1.;              0000409P0000938
126,2,2,1,0,1,0,0.875,0.875,0.875,0.9375,0.9375,0.9375,1.,1.,1., 0000411P0000939
0.926559725,0.899792609,0.,0.932269239,0.929693175,0.,           0000411P0000940
0.938971124,0.953905831,0.,0.875,0.9375,-0.,-0.,1.;              0000411P0000941
126,2,2,1,0,1,0,0.9375,0.9375,0.9375,0.96875,0.96875,0.96875,1., 0000413P0000942
1.,1.,0.938971124,0.953905831,0.,0.9425512,0.966839974,0.,       0000413P0000943
0.946401087,0.978099298,0.,0.9375,0.96875,-0.,-0.,1.;            0000413P0000944
126,2,2,1,0,1,0,0.96875,0.96875,0.96875,1.,1.,1.,1.,1.,1.,       0000415P0000945
0.946401087,0.978099298,0.,0.950477178,0.990020174,0.,           0000415P0000946
0.954833493,1.,0.,0.96875,1.,-0.,-0.,1.;                         0000415P0000947
126,1,1,1,0,1,0,3.425383508,3.425383508,4.428596264,4.428596264, 0000417P0000948
1.,1.,0.954833078,1.,0.,0.795166785,1.,0.,3.425383508,           0000417P0000949
4.428596264,0.,0.,1.;                                            0000417P0000950
102,38,421,423,425,427,429,431,433,435,437,439,441,443,445,447,  0000419P0000951
449,451,453,455,457,461,463,465,467,469,471,473,475,477,479,481, 0000419P0000952
483,485,487,489,491,493,495,497;                                 0000419P0000953
126,4,4,0,0,1,0,0.,0.,0.,0.,0.,3.125E-02,3.125E-02,3.125E-02,    0000421P0000954
3.125E-02,3.125E-02,1.,1.,1.,1.,1.,-13.929692311,-47.760000033,  0000421P0000955
0.25,-14.638801079,-47.760000014,0.746396147,-15.340243636,      0000421P0000956
-47.75997314,1.274964425,-16.034202264,-47.759999977,            0000421P0000957
1.835704834,-16.720623219,-47.759999965,2.428617374,0.,          0000421P0000958
3.125E-02,1.101986672E-04,0.999999984,1.411321832E-04;           0000421P0000959
126,4,4,0,0,1,0,3.125E-02,3.125E-02,3.125E-02,3.125E-02,         0000423P0000960
3.125E-02,6.25E-02,6.25E-02,6.25E-02,6.25E-02,6.25E-02,1.,1.,1., 0000423P0000961
1.,1.,-16.720623219,-47.759999965,2.428617374,-17.372802895,     0000423P0000962
-47.759999975,2.991953241,-18.017053181,-47.75998413,            0000423P0000963
3.583377692,-18.653310638,-47.759999972,4.202890728,             0000423P0000964
-19.281325846,-47.759999957,4.850492348,3.125E-02,6.25E-02,      0000423P0000965
8.374703049E-05,0.999999993,8.855560206E-05;                     0000423P0000966
126,4,4,0,0,1,0,6.25E-02,6.25E-02,6.25E-02,6.25E-02,6.25E-02,    0000425P0000967
0.125,0.125,0.125,0.125,0.125,1.,1.,1.,1.,1.,-19.281325846,      0000425P0000968
-47.759999957,4.850492348,-20.460715334,-47.759999978,           0000425P0000969
6.06666453,-21.608219012,-47.759851284,7.378822571,              0000425P0000970
-22.722191704,-47.759999988,8.786966471,-23.798833916,           0000425P0000971
-47.759999968,10.29109623,6.25E-02,0.125,2.609573985E-04,        0000425P0000972
0.999999942,2.169452693E-04;                                     0000425P0000973
126,4,4,0,0,1,0,0.125,0.125,0.125,0.125,0.125,0.1875,0.1875,     0000427P0000974
0.1875,0.1875,0.1875,1.,1.,1.,1.,1.,-23.798833916,-47.759999968, 0000427P0000975
10.29109623,-24.784181116,-47.760000019,11.667681914,            0000427P0000976
-25.735150926,-47.759902816,13.120392693,-26.648825692,          0000427P0000977
-47.760000071,14.649228568,-27.521083279,-47.760000065,          0000427P0000978
16.254189537,0.125,0.1875,2.279917429E-04,0.999999964,           0000427P0000979
1.426017435E-04;                                                 0000427P0000980
126,4,4,0,0,1,0,0.1875,0.1875,0.1875,0.1875,0.1875,0.25,0.25,    0000429P0000981
0.25,0.25,0.25,1.,1.,1.,1.,1.,-27.521083279,-47.760000065,       0000429P0000982
16.254189537,-28.337057706,-47.76000005,17.755589016,            0000429P0000983
-29.114322235,-47.759900569,19.319028238,-29.849586126,          0000429P0000984
-47.760000046,20.944507202,-30.538929356,-47.760000057,          0000429P0000985
22.632025908,0.1875,0.25,2.780873009E-04,0.999999953,            0000429P0000986
1.318976127E-04;                                                 0000429P0000987
126,4,4,0,0,1,0,0.25,0.25,0.25,0.25,0.25,0.3125,0.3125,0.3125,   0000431P0000988
0.3125,0.3125,1.,1.,1.,1.,1.,-30.538929356,-47.760000057,        0000431P0000989
22.632025908,-31.186711931,-47.759999999,24.217803477,           0000431P0000990
-31.791433908,-47.759886201,25.852134093,-32.35003192,           0000431P0000991
-47.759999968,27.535017758,-32.859229071,-47.760000003,          0000431P0000992
29.266454471,0.25,0.3125,3.60595669E-04,0.999999927,             0000431P0000993
1.264491354E-04;                                                 0000431P0000994
126,4,4,0,0,1,0,0.3125,0.3125,0.3125,0.3125,0.3125,0.375,0.375,  0000433P0000995
0.375,0.375,0.375,1.,1.,1.,1.,1.,-32.859229071,-47.760000003,    0000433P0000996
29.266454471,-33.342767041,-47.759999954,30.910641176,           0000433P0000997
-33.779222167,-47.75986342,32.589852893,-34.166130324,           0000433P0000998
-47.759999929,34.304089622,-34.501073571,-47.759999959,          0000433P0000999
36.053351362,0.3125,0.375,4.710441691E-04,0.999999883,           0000433P0001000
1.142837524E-04;                                                 0000433P0001001
126,4,4,0,0,1,0,0.375,0.375,0.375,0.375,0.375,0.4375,0.4375,     0000435P0001002
0.4375,0.4375,0.4375,1.,1.,1.,1.,1.,-34.501073571,-47.759999959, 0000435P0001003
36.053351362,-34.826778899,-47.760000022,37.754367741,           0000435P0001004
-35.101172699,-47.759845738,39.476996863,-35.322560071,          0000435P0001005
-47.760000092,41.221238728,-35.48948406,-47.760000098,           0000435P0001006
42.987093337,0.375,0.4375,5.506283183E-04,0.999999845,           0000435P0001007
7.876315314E-05;                                                 0000435P0001008
126,4,4,0,0,1,0,0.4375,0.4375,0.4375,0.4375,0.4375,0.5,0.5,0.5,  0000437P0001009
0.5,0.5,1.,1.,1.,1.,1.,-35.48948406,-47.760000098,42.987093337,  0000437P0001010
-35.655049784,-47.760000045,44.738578305,-35.765741877,          0000437P0001011
-47.759831387,46.497439987,-35.82083439,-47.759999942,           0000437P0001012
48.263678384,-35.819948166,-47.759999894,50.037293495,0.4375,    0000437P0001013
0.5,6.039057067E-04,0.999999817,2.837252927E-05;                 0000437P0001014
126,4,4,0,0,1,0,0.5,0.5,0.5,0.5,0.5,0.5625,0.5625,0.5625,0.5625, 0000439P0001015
0.5625,1.,1.,1.,1.,1.,-35.819948166,-47.759999894,50.037293495,  0000439P0001016
-35.819066965,-47.759999981,51.800496479,-35.762867063,          0000439P0001017
-47.759835411,53.556297823,-35.651730431,-47.760000045,          0000439P0001018
55.304697528,-35.486377333,-47.760000022,57.045695594,0.5,       0000439P0001019
0.5625,-5.959210672E-04,-0.999999822,2.843885489E-05;            0000439P0001020
126,4,4,0,0,1,0,0.5625,0.5625,0.5625,0.5625,0.5625,0.625,0.625,  0000441P0001021
0.625,0.625,0.625,1.,1.,1.,1.,1.,-35.486377333,-47.760000022,    0000441P0001022
57.045695594,-35.318391846,-47.760000063,58.814409087,           0000441P0001023
-35.095774384,-47.759844813,60.561363356,-34.819994492,          0000441P0001024
-47.760000012,62.2865584,-34.492760382,-47.759999925,            0000441P0001025
63.989994221,0.5625,0.625,-5.516321054E-04,-0.999999845,         0000441P0001026
7.91965658E-05;                                                  0000441P0001027
126,4,4,0,0,1,0,0.625,0.625,0.625,0.625,0.625,0.6875,0.6875,     0000443P0001028
0.6875,0.6875,0.6875,1.,1.,1.,1.,1.,-34.492760382,-47.759999925, 0000443P0001029
63.989994221,-34.152964487,-47.759999951,65.758820298,           0000443P0001030
-33.760060163,-47.759857566,67.49168671,-33.316556698,           0000443P0001031
-47.759999956,69.188593457,-32.825008714,-47.75999994,           0000443P0001032
70.849540539,0.625,0.6875,-4.797020185E-04,-0.999999878,         0000443P0001033
1.169816066E-04;                                                 0000443P0001034
126,4,4,0,0,1,0,0.6875,0.6875,0.6875,0.6875,0.6875,0.75,0.75,    0000445P0001035
0.75,0.75,0.75,1.,1.,1.,1.,1.,-32.825008714,-47.75999994,        0000445P0001036
70.849540539,-32.313942853,-47.76000002,72.576438311,            0000445P0001037
-31.753754147,-47.759887647,74.254788491,-31.147709503,          0000445P0001038
-47.760000044,75.884591078,-30.498859033,-47.759999999,          0000445P0001039
77.465846073,0.6875,0.75,-3.561469115E-04,-0.999999929,          0000445P0001040
1.255456879E-04;                                                 0000445P0001041
126,4,4,0,0,1,0,0.75,0.75,0.75,0.75,0.75,0.8125,0.8125,0.8125,   0000447P0001042
0.8125,0.8125,1.,1.,1.,1.,1.,-30.498859033,-47.759999999,        0000447P0001043
77.465846073,-29.812069854,-47.760000021,79.139557811,           0000447P0001044
-29.080108329,-47.75990361,80.751990783,-28.306811185,           0000447P0001045
-47.760000019,82.303144988,-27.49539898,-47.759999998,           0000447P0001046
83.793020427,0.75,0.8125,-2.727907172E-04,-0.999999954,          0000447P0001047
1.297962993E-04;                                                 0000447P0001048
126,4,4,0,0,1,0,0.8125,0.8125,0.8125,0.8125,0.8125,0.875,0.875,  0000449P0001049
0.875,0.875,0.875,1.,1.,1.,1.,1.,-27.49539898,-47.759999998,     0000449P0001050
83.793020427,-26.617419372,-47.759999998,85.405123606,           0000449P0001051
-25.697656728,-47.759900732,86.940222375,-24.740294299,          0000449P0001052
-47.760000017,88.398316734,-23.748280682,-47.76000003,           0000449P0001053
89.779406684,0.8125,0.875,-2.303733767E-04,-0.999999963,         0000449P0001054
1.444685136E-04;                                                 0000449P0001055
126,4,4,0,0,1,0,0.875,0.875,0.875,0.875,0.875,0.9375,0.9375,     0000451P0001056
0.9375,0.9375,0.9375,1.,1.,1.,1.,1.,-23.748280682,-47.76000003,  0000451P0001057
89.779406684,-22.679788146,-47.759999996,91.266971384,           0000451P0001058
-21.574738488,-47.759856788,92.660202805,-20.436807194,          0000451P0001059
-47.759999962,93.959100945,-19.267589522,-47.75999996,           0000451P0001060
95.163665805,0.875,0.9375,-2.55670374E-04,-0.999999945,          0000451P0001061
2.130278739E-04;                                                 0000451P0001062
126,4,4,0,0,1,0,0.9375,0.9375,0.9375,0.9375,0.9375,0.96875,      0000453P0001063
0.96875,0.96875,0.96875,0.96875,1.,1.,1.,1.,1.,-19.267589522,    0000453P0001064
-47.75999996,95.163665805,-18.643004652,-47.759999998,           0000453P0001065
95.807132703,-18.010275977,-47.759984516,96.422827327,           0000453P0001066
-17.369647672,-47.760000023,97.010749677,-16.721182099,          0000453P0001067
-47.760000013,97.570899752,0.9375,0.96875,-8.263737494E-05,      0000453P0001068
-0.999999993,8.740404901E-05;                                    0000453P0001069
126,4,4,0,0,1,0,0.96875,0.96875,0.96875,0.96875,0.96875,1.,1.,   0000455P0001070
1.,1.,1.,1.,1.,1.,1.,1.,-16.721182099,-47.760000013,             0000455P0001071
97.570899752,-16.034626268,-47.760000015,98.163952488,           0000455P0001072
-15.340529511,-47.759973145,98.724820108,-14.638945656,          0000455P0001073
-47.760000028,99.253502612,-13.929692311,-47.760000033,99.75,    0000455P0001074
0.96875,1.,-1.102055314E-04,-0.999999984,1.41159593E-04;         0000455P0001075
100,0.,0.,0.,49.75,-2.069971015E-27,26.745395162,41.949330598;   0000457P0001076
124,-0.279997455,-0.960000742,-1.955214586E-15,-9.795759177E-28, 0000459P0001077
-0.960000742,0.279997455,6.703648535E-15,0.,-5.888052461E-15,    0000459P0001078
3.754011984E-15,-1.,99.75;                                       0000459P0001079
126,4,4,0,0,1,0,0.,0.,0.,0.,0.,3.125E-02,3.125E-02,3.125E-02,    0000461P0001080
3.125E-02,3.125E-02,1.,1.,1.,1.,1.,-47.759999998,-13.929763717,  0000461P0001081
99.75,-47.760000023,-14.638861334,99.253604798,-47.759973158,    0000461P0001082
-15.340297146,98.725033502,-47.760000027,-16.034253289,          0000461P0001083
98.164286111,-47.759999998,-16.720675934,97.571362626,0.,        0000461P0001084
3.125E-02,-0.999999984,-1.098457329E-04,1.407113818E-04;         0000461P0001085
126,4,4,0,0,1,0,3.125E-02,3.125E-02,3.125E-02,3.125E-02,         0000463P0001086
3.125E-02,6.25E-02,6.25E-02,6.25E-02,6.25E-02,6.25E-02,1.,1.,1., 0000463P0001087
1.,1.,-47.759999998,-16.720675934,97.571362626,-47.759999991,    0000463P0001088
-17.372847194,97.008025019,-47.759984123,-18.017091981,          0000463P0001089
96.416596986,-47.759999986,-18.653346775,95.797078527,           0000463P0001090
-47.759999995,-19.281362129,95.149469643,3.125E-02,6.25E-02,     0000463P0001091
-0.999999992,-8.419182125E-05,8.90248173E-05;                    0000463P0001092
126,4,4,0,0,1,0,6.25E-02,6.25E-02,6.25E-02,6.25E-02,6.25E-02,    0000465P0001093
0.125,0.125,0.125,0.125,0.125,1.,1.,1.,1.,1.,-47.759999995,      0000465P0001094
-19.281362129,95.149469643,-47.759999972,-20.460753604,          0000465P0001095
93.933282287,-47.759851204,-21.608254762,92.621117994,           0000465P0001096
-47.759999938,-22.72222112,91.212976764,-47.759999926,           0000465P0001097
-23.798853961,89.708858597,6.25E-02,0.125,-0.999999942,          0000465P0001098
-2.612081556E-04,2.171372677E-04;                                0000465P0001099
126,4,4,0,0,1,0,0.125,0.125,0.125,0.125,0.125,0.1875,0.1875,     0000467P0001100
0.1875,0.1875,0.1875,1.,1.,1.,1.,1.,-47.759999926,-23.798853961, 0000467P0001101
89.708858597,-47.759999993,-24.784203116,88.332268784,           0000467P0001102
-47.75990284,-25.735172758,86.879558071,-47.760000042,           0000467P0001103
-26.64884564,85.350726458,-47.760000007,-27.52109988,            0000467P0001104
83.745773946,0.125,0.1875,-0.999999964,-2.277188966E-04,         0000467P0001105
1.424294155E-04;                                                 0000467P0001106
126,4,4,0,0,1,0,0.1875,0.1875,0.1875,0.1875,0.1875,0.25,0.25,    0000469P0001107
0.25,0.25,0.25,1.,1.,1.,1.,1.,-47.760000007,-27.52109988,        0000469P0001108
83.745773946,-47.760000019,-28.337075629,82.24437402,            0000469P0001109
-47.759900583,-29.114340722,80.680935594,-47.760000031,          0000469P0001110
-29.849604539,79.05545867,-47.760000031,-30.538947084,           0000469P0001111
77.367943247,0.1875,0.25,-0.999999953,-2.778230325E-04,          0000469P0001112
1.317775661E-04;                                                 0000469P0001113
126,4,4,0,0,1,0,0.25,0.25,0.25,0.25,0.25,0.3125,0.3125,0.3125,   0000471P0001114
0.3125,0.3125,1.,1.,1.,1.,1.,-47.760000031,-30.538947084,        0000471P0001115
77.367943247,-47.759999997,-31.186728718,75.78216936,            0000471P0001116
-47.759886242,-31.791449997,74.147841728,-47.759999937,          0000471P0001117
-32.35004754,72.464960352,-47.759999909,-32.859244319,           0000471P0001118
70.733525231,0.25,0.3125,-0.999999927,-3.600052246E-04,          0000471P0001119
1.262326489E-04;                                                 0000471P0001120
126,4,4,0,0,1,0,0.3125,0.3125,0.3125,0.3125,0.3125,0.375,0.375,  0000473P0001121
0.375,0.375,0.375,1.,1.,1.,1.,1.,-47.759999909,-32.859244319,    0000473P0001122
70.733525231,-47.75999996,-33.342781195,69.089341759,            0000473P0001123
-47.759863466,-33.779235614,67.410132381,-47.759999968,          0000473P0001124
-34.16614336,65.695897095,-47.75999992,-34.501086427,            0000473P0001125
63.946635902,0.3125,0.375,-0.999999883,-4.700342444E-04,         0000473P0001126
1.140479876E-04;                                                 0000473P0001127
126,4,4,0,0,1,0,0.375,0.375,0.375,0.375,0.375,0.4375,0.4375,     0000475P0001128
0.4375,0.4375,0.4375,1.,1.,1.,1.,1.,-47.75999992,-34.501086427,  0000475P0001129
63.946635902,-47.760000006,-34.826791201,62.245621314,           0000475P0001130
-47.759845717,-35.101184619,60.522993552,-47.760000046,          0000475P0001131
-35.322571739,58.778752615,-47.759999992,-35.489495578,          0000475P0001132
57.012898504,0.375,0.4375,-0.999999846,-5.501544846E-04,         0000475P0001133
7.868608951E-05;                                                 0000475P0001134
126,4,4,0,0,1,0,0.4375,0.4375,0.4375,0.4375,0.4375,0.5,0.5,0.5,  0000477P0001135
0.5,0.5,1.,1.,1.,1.,1.,-47.759999992,-35.489495578,57.012898504, 0000477P0001136
-47.76000004,-35.655060806,55.261415426,-47.759831442,           0000477P0001137
-35.765752576,53.502555535,-47.760000026,-35.820844923,          0000477P0001138
51.73631883,-47.759999964,-35.819958689,49.962705311,0.4375,0.5, 0000477P0001139
-0.999999818,-6.03229773E-04,2.836571648E-05;                    0000477P0001140
126,4,4,0,0,1,0,0.5,0.5,0.5,0.5,0.5,0.5625,0.5625,0.5625,0.5625, 0000479P0001141
0.5625,1.,1.,1.,1.,1.,-47.759999964,-35.819958689,49.962705311,  0000479P0001142
-47.760000037,-35.819077479,48.199504218,-47.75983546,           0000479P0001143
-35.762877679,46.44370488,-47.760000101,-35.651741266,           0000479P0001144
44.695307297,-47.76000009,-35.486388516,42.95431147,0.5,0.5625,  0000479P0001145
0.999999822,5.960891831E-04,2.844714845E-05;                     0000479P0001146
126,4,4,0,0,1,0,0.5625,0.5625,0.5625,0.5625,0.5625,0.625,0.625,  0000481P0001147
0.625,0.625,0.625,1.,1.,1.,1.,1.,-47.76000009,-35.486388516,     0000481P0001148
42.95431147,-47.760000081,-35.318403333,41.185598823,            0000481P0001149
-47.759844831,-35.095786182,39.438645782,-47.760000088,          0000481P0001150
-34.820006636,37.713452346,-47.760000101,-34.492772945,          0000481P0001151
36.010018515,0.5625,0.625,0.999999844,5.525440281E-04,           0000481P0001152
7.93111387E-05;                                                  0000481P0001153
126,4,4,0,0,1,0,0.625,0.625,0.625,0.625,0.625,0.6875,0.6875,     0000483P0001154
0.6875,0.6875,0.6875,1.,1.,1.,1.,1.,-47.760000101,-34.492772945, 0000483P0001155
36.010018515,-47.760000065,-34.152977365,34.241192687,           0000483P0001156
-47.759857647,-33.760073434,32.508327436,-47.760000053,          0000483P0001157
-33.316570507,30.811422761,-47.760000075,-32.825023303,          0000483P0001158
29.150478664,0.625,0.6875,0.999999878,4.802879693E-04,           0000483P0001159
1.171297737E-04;                                                 0000483P0001160
126,4,4,0,0,1,0,0.6875,0.6875,0.6875,0.6875,0.6875,0.75,0.75,    0000485P0001161
0.75,0.75,0.75,1.,1.,1.,1.,1.,-47.760000075,-32.825023303,       0000485P0001162
29.150478664,-47.760000037,-32.313957931,27.423582136,           0000485P0001163
-47.759887642,-31.753769656,25.745233864,-47.759999983,          0000485P0001164
-31.147725513,24.115433847,-47.759999968,-30.498875629,          0000485P0001165
22.534182086,0.6875,0.75,0.999999928,3.567774721E-04,            0000485P0001166
1.257920728E-04;                                                 0000485P0001167
126,4,4,0,0,1,0,0.75,0.75,0.75,0.75,0.75,0.8125,0.8125,0.8125,   0000487P0001168
0.8125,0.8125,1.,1.,1.,1.,1.,-47.759999968,-30.498875629,        0000487P0001169
22.534182086,-47.759999939,-29.812087327,20.860474079,           0000487P0001170
-47.75990355,-29.080126023,19.248043594,-47.759999964,           0000487P0001171
-28.306828412,17.696890633,-47.760000013,-27.495414933,          0000487P0001172
16.207015194,0.75,0.8125,0.999999954,2.732889502E-04,            0000487P0001173
1.300254695E-04;                                                 0000487P0001174
126,4,4,0,0,1,0,0.8125,0.8125,0.8125,0.8125,0.8125,0.875,0.875,  0000489P0001175
0.875,0.875,0.875,1.,1.,1.,1.,1.,-47.760000013,-27.495414933,    0000489P0001176
16.207015194,-47.759999967,-26.617438465,14.594919925,           0000489P0001177
-47.759900717,-25.697677393,13.059824871,-47.759999944,          0000489P0001178
-24.740314717,11.601730031,-47.759999961,-23.748298617,          0000489P0001179
10.220635405,0.8125,0.875,0.999999963,2.30444186E-04,            0000489P0001180
1.445269327E-04;                                                 0000489P0001181
126,4,4,0,0,1,0,0.875,0.875,0.875,0.875,0.875,0.9375,0.9375,     0000491P0001182
0.9375,0.9375,0.9375,1.,1.,1.,1.,1.,-47.759999961,-23.748298617, 0000491P0001183
10.220635405,-47.75999996,-22.679815256,8.733082246,             0000491P0001184
-47.759856726,-21.574771854,7.339853595,-47.759999968,           0000491P0001185
-20.436843128,6.040949452,-47.759999984,-19.267623672,           0000491P0001186
4.836369816,0.875,0.9375,0.999999945,2.55735225E-04,             0000491P0001187
2.130640231E-04;                                                 0000491P0001188
126,4,4,0,0,1,0,0.9375,0.9375,0.9375,0.9375,0.9375,0.96875,      0000493P0001189
0.96875,0.96875,0.96875,0.96875,1.,1.,1.,1.,1.,-47.759999984,    0000493P0001190
-19.267623672,4.836369816,-47.760000016,-18.643039029,           0000493P0001191
4.192896201,-47.759984511,-18.010313439,3.577196669,             0000493P0001192
-47.760000024,-17.369691104,2.989271218,-47.760000004,           0000493P0001193
-16.721234465,2.429119849,0.9375,0.96875,0.999999993,            0000493P0001194
8.266888734E-05,8.745000652E-05;                                 0000493P0001195
126,4,4,0,0,1,0,0.96875,0.96875,0.96875,0.96875,0.96875,1.,1.,   0000495P0001196
1.,1.,1.,1.,1.,1.,1.,1.,-47.760000004,-16.721234465,2.429119849, 0000495P0001197
-47.76,-16.034677108,1.836056268,-47.759973101,-15.340582949,    0000495P0001198
1.275181766,-47.759999998,-14.6390059,0.746496344,-47.759999998, 0000495P0001199
-13.929763717,0.25,0.96875,1.,0.999999984,1.102860211E-04,       0000495P0001200
1.412728907E-04;                                                 0000495P0001201
100,0.,0.,0.,-47.760045341,-13.929844542,-13.929933465,          0000497P0001202
-47.760019405;                                                   0000497P0001203
124,1.,0.,0.,0.,0.,1.,0.,0.,0.,0.,1.,0.25;                       0000499P0001204
144,503,1,0,505;                                                 0000501P0001205
128,1,1,1,1,0,0,1,0,0,0.,0.,1.,1.,0.,0.,1.,1.,1.,1.,1.,1.,       0000503P0001206
-48.333156841,-48.333166313,0.25,48.333165838,-48.333166313,     0000503P0001207
0.25,-48.333156841,48.333166302,0.25,48.333165838,48.333166302,  0000503P0001208
0.25,5.929062E-03,0.994070677,5.929327E-03,0.994070673;          0000503P0001209
142,0,503,507,581,3;                                             0000505P0001210
102,36,509,511,513,515,517,519,521,523,525,527,529,531,533,535,  0000507P0001211
537,539,541,543,545,547,549,551,553,555,557,559,561,563,565,567, 0000507P0001212
569,571,573,575,577,579;                                         0000507P0001213
126,2,2,1,0,1,0,3.266958765E-06,3.266958765E-06,3.266958765E-06, 0000509P0001214
0.125,0.125,0.125,1.,1.,1.,0.644104253,5.929327E-03,0.,          0000509P0001215
0.675125909,1.497807602E-02,0.,0.704772155,2.783456E-02,0.,      0000509P0001216
3.266958765E-06,0.125,0.,0.,1.;                                  0000509P0001217
126,2,2,1,0,1,0,0.125,0.125,0.125,0.25,0.25,0.25,1.,1.,1.,       0000511P0001218
0.704772155,2.783456E-02,0.,0.734409993,4.0687397E-02,0.,        0000511P0001219
0.762217604,5.7152332E-02,0.,0.125,0.25,0.,0.,1.;                0000511P0001220
126,2,2,1,0,1,0,0.25,0.25,0.25,0.375,0.375,0.375,1.,1.,1.,       0000513P0001221
0.762217604,5.7152332E-02,0.,0.790019899,7.361412E-02,0.,        0000513P0001222
0.815542199,9.3422599E-02,0.,0.25,0.375,0.,0.,1.;                0000513P0001223
126,2,2,1,0,1,0,0.375,0.375,0.375,0.5,0.5,0.5,1.,1.,1.,          0000515P0001224
0.815542199,9.3422599E-02,0.,0.841072454,0.113237253,0.,         0000515P0001225
0.863916741,0.13608191,0.,0.375,0.5,0.,0.,1.;                    0000515P0001226
126,2,2,1,0,1,0,0.5,0.5,0.5,0.625,0.625,0.625,1.,1.,1.,          0000517P0001227
0.863916741,0.13608191,0.,0.886764869,0.158930409,0.,            0000517P0001228
0.906578695,0.184459609,0.,0.5,0.625,0.,0.,1.;                   0000517P0001229
126,2,2,1,0,1,0,0.625,0.625,0.625,0.75,0.75,0.75,1.,1.,1.,       0000519P0001230
0.906578695,0.184459609,0.,0.926385872,0.209980241,0.,           0000519P0001231
0.94284932,0.237785115,0.,0.625,0.75,0.,0.,1.;                   0000519P0001232
126,2,2,1,0,1,0,0.75,0.75,0.75,0.875,0.875,0.875,1.,1.,1.,       0000521P0001233
0.94284932,0.237785115,0.,0.959313223,0.265590758,0.,            0000521P0001234
0.972165921,0.295228686,0.,0.75,0.875,0.,0.,1.;                  0000521P0001235
126,2,2,1,0,1,0,0.875,0.875,0.875,0.99999703,0.99999703,         0000523P0001236
0.99999703,1.,1.,1.,0.972165921,0.295228686,0.,0.985022754,      0000523P0001237
0.324876151,0.,0.994070677,0.35589599,0.,0.875,0.99999703,0.,0., 0000523P0001238
1.;                                                              0000523P0001239
126,1,1,1,0,1,0,7.565300645E-08,7.565300645E-08,27.860040313,    0000525P0001240
27.860040313,1.,1.,0.994070677,0.35589599,0.,0.994070677,        0000525P0001241
0.644104299,0.,7.565300645E-08,27.860040313,0.,0.,1.;            0000525P0001242
126,2,2,1,0,1,0,3.239314891E-06,3.239314891E-06,3.239314891E-06, 0000527P0001243
0.125,0.125,0.125,1.,1.,1.,0.994070677,0.644104299,0.,           0000527P0001244
0.985021881,0.675126059,0.,0.972165405,0.704772256,0.,           0000527P0001245
3.239314891E-06,0.125,0.,0.,1.;                                  0000527P0001246
126,2,2,1,0,1,0,0.125,0.125,0.125,0.25,0.25,0.25,1.,1.,1.,       0000529P0001247
0.972165405,0.704772256,0.,0.959312555,0.73441009,0.,0.94284756, 0000529P0001248
0.7622178,0.,0.125,0.25,0.,0.,1.;                                0000529P0001249
126,2,2,1,0,1,0,0.25,0.25,0.25,0.375,0.375,0.375,1.,1.,1.,       0000531P0001250
0.94284756,0.7622178,0.,0.926385848,0.790019967,0.,0.906577295,  0000531P0001251
0.81554235,0.,0.25,0.375,0.,0.,1.;                               0000531P0001252
126,2,2,1,0,1,0,0.375,0.375,0.375,0.5,0.5,0.5,1.,1.,1.,          0000533P0001253
0.906577295,0.81554235,0.,0.886762592,0.841072657,0.,            0000533P0001254
0.863918098,0.863916732,0.,0.375,0.5,0.,0.,1.;                   0000533P0001255
126,2,2,1,0,1,0,0.5,0.5,0.5,0.625,0.625,0.625,1.,1.,1.,          0000535P0001256
0.863918098,0.863916732,0.,0.841069379,0.886765033,0.,           0000535P0001257
0.815540222,0.906578815,0.,0.5,0.625,0.,0.,1.;                   0000535P0001258
126,2,2,1,0,1,0,0.625,0.625,0.625,0.75,0.75,0.75,1.,1.,1.,       0000537P0001259
0.815540222,0.906578815,0.,0.790019718,0.926385881,0.,           0000537P0001260
0.762214755,0.94284938,0.,0.625,0.75,0.,0.,1.;                   0000537P0001261
126,2,2,1,0,1,0,0.75,0.75,0.75,0.875,0.875,0.875,1.,1.,1.,       0000539P0001262
0.762214755,0.94284938,0.,0.734409186,0.959313237,0.,            0000539P0001263
0.704771279,0.972165923,0.,0.75,0.875,0.,0.,1.;                  0000539P0001264
126,2,2,1,0,1,0,0.875,0.875,0.875,0.999996988,0.999996988,       0000541P0001265
0.999996988,1.,1.,1.,0.704771279,0.972165923,0.,0.675123815,     0000541P0001266
0.985022752,0.,0.644103978,0.994070673,0.,0.875,0.999996988,0.,  0000541P0001267
0.,1.;                                                           0000541P0001268
126,1,1,1,0,1,0,1.171428206E-07,1.171428206E-07,27.860039055,    0000543P0001269
27.860039055,1.,1.,0.644103978,0.994070673,0.,0.355895653,       0000543P0001270
0.994070673,0.,1.171428206E-07,27.860039055,0.,0.,1.;            0000543P0001271
126,2,2,1,0,1,0,3.266963458E-06,3.266963458E-06,3.266963458E-06, 0000545P0001272
0.125,0.125,0.125,1.,1.,1.,0.355895653,0.994070673,0.,           0000545P0001273
0.324874042,0.985021937,0.,0.295227733,0.972165434,0.,           0000545P0001274
3.266963458E-06,0.125,0.,0.,1.;                                  0000545P0001275
126,2,2,1,0,1,0,0.125,0.125,0.125,0.25,0.25,0.25,1.,1.,1.,       0000547P0001276
0.295227733,0.972165434,0.,0.265590026,0.959312661,0.,           0000547P0001277
0.237782176,0.942847591,0.,0.125,0.25,0.,0.,1.;                  0000547P0001278
126,2,2,1,0,1,0,0.25,0.25,0.25,0.375,0.375,0.375,1.,1.,1.,       0000549P0001279
0.237782176,0.942847591,0.,0.209980033,0.9263859,0.,0.184457668, 0000549P0001280
0.906577375,0.,0.25,0.375,0.,0.,1.;                              0000549P0001281
126,2,2,1,0,1,0,0.375,0.375,0.375,0.5,0.5,0.5,1.,1.,1.,          0000551P0001282
0.184457668,0.906577375,0.,0.158927379,0.8867627,0.,0.136083317, 0000551P0001283
0.863918241,0.,0.375,0.5,0.,0.,1.;                               0000551P0001284
126,2,2,1,0,1,0,0.5,0.5,0.5,0.625,0.625,0.625,1.,1.,1.,          0000553P0001285
0.136083317,0.863918241,0.,0.113235028,0.841069555,0.,           0000553P0001286
9.3421252E-02,0.815540435,0.,0.5,0.625,0.,0.,1.;                 0000553P0001287
126,2,2,1,0,1,0,0.625,0.625,0.625,0.75,0.75,0.75,1.,1.,1.,       0000555P0001288
9.3421252E-02,0.815540435,0.,7.3614148E-02,0.790019914,0.,       0000555P0001289
5.7150619E-02,0.762214942,0.,0.625,0.75,0.,0.,1.;                0000555P0001290
126,2,2,1,0,1,0,0.75,0.75,0.75,0.875,0.875,0.875,1.,1.,1.,       0000557P0001291
5.7150619E-02,0.762214942,0.,4.0686769E-02,0.734409427,0.,       0000557P0001292
2.7834073E-02,0.704771525,0.,0.75,0.875,0.,0.,1.;                0000557P0001293
126,2,2,1,0,1,0,0.875,0.875,0.875,1.,1.,1.,1.,1.,1.,             0000559P0001294
2.7834073E-02,0.704771525,0.,1.4976913E-02,0.67512333,0.,        0000559P0001295
5.929062E-03,0.644103422,0.,0.875,1.,0.,0.,1.;                   0000559P0001296
126,1,1,1,0,1,0,0.,0.,27.860039001,27.860039001,1.,1.,           0000561P0001297
5.929062E-03,0.644103422,0.,5.92923E-03,0.355895701,0.,0.,       0000561P0001298
27.860039001,0.,0.,1.;                                           0000561P0001299
126,2,2,1,0,1,0,2.596976186E-06,2.596976186E-06,2.596976186E-06, 0000563P0001300
0.125,0.125,0.125,1.,1.,1.,5.92923E-03,0.355895701,0.,           0000563P0001301
1.497806711E-02,0.3248738,0.,2.7834618E-02,0.295227477,0.,       0000563P0001302
2.596976186E-06,0.125,0.,0.,1.;                                  0000563P0001303
126,2,2,1,0,1,0,0.125,0.125,0.125,0.25,0.25,0.25,1.,1.,1.,       0000565P0001304
2.7834618E-02,0.295227477,0.,4.0687476E-02,0.265589669,0.,       0000565P0001305
5.7152473E-02,0.237781986,0.,0.125,0.25,0.,0.,1.;                0000565P0001306
126,2,2,1,0,1,0,0.25,0.25,0.25,0.375,0.375,0.375,1.,1.,1.,       0000567P0001307
5.7152473E-02,0.237781986,0.,7.3614189E-02,0.209979845,0.,       0000567P0001308
9.3422739E-02,0.184457486,0.,0.25,0.375,0.,0.,1.;                0000567P0001309
126,2,2,1,0,1,0,0.375,0.375,0.375,0.5,0.5,0.5,1.,1.,1.,          0000569P0001310
9.3422739E-02,0.184457486,0.,0.11323744,0.158927203,0.,          0000569P0001311
0.136081926,0.13608315,0.,0.375,0.5,0.,0.,1.;                    0000569P0001312
126,2,2,1,0,1,0,0.5,0.5,0.5,0.625,0.625,0.625,1.,1.,1.,          0000571P0001313
0.136081926,0.13608315,0.,0.158930627,0.113234883,0.,            0000571P0001314
0.184459618,9.3421232E-02,0.,0.5,0.625,0.,0.,1.;                 0000571P0001315
126,2,2,1,0,1,0,0.625,0.625,0.625,0.75,0.75,0.75,1.,1.,1.,       0000573P0001316
0.184459618,9.3421232E-02,0.,0.209980245,7.3614072E-02,0.,       0000573P0001317
0.237785111,5.7150638E-02,0.,0.625,0.75,0.,0.,1.;                0000573P0001318
126,2,2,1,0,1,0,0.75,0.75,0.75,0.875,0.875,0.875,1.,1.,1.,       0000575P0001319
0.237785111,5.7150638E-02,0.,0.265590747,4.0686748E-02,0.,       0000575P0001320
0.295228666,2.7834061E-02,0.,0.75,0.875,0.,0.,1.;                0000575P0001321
126,2,2,1,0,1,0,0.875,0.875,0.875,0.999996988,0.999996988,       0000577P0001322
0.999996988,1.,1.,1.,0.295228666,2.7834061E-02,0.,0.324876111,   0000577P0001323
1.497724177E-02,0.,0.355895929,5.929327E-03,0.,0.875,            0000577P0001324
0.999996988,0.,0.,1.;                                            0000577P0001325
126,1,1,1,0,1,0,1.171355105E-07,1.171355105E-07,27.860038958,    0000579P0001326
27.860038958,1.,1.,0.355895929,5.929327E-03,0.,0.644104253,      0000579P0001327
5.929327E-03,0.,1.171355105E-07,27.860038958,0.,0.,1.;           0000579P0001328
102,36,583,585,587,589,591,593,595,597,599,601,603,605,607,609,  0000581P0001329
611,613,615,617,619,621,623,625,627,629,631,633,635,637,639,641, 0000581P0001330
643,645,647,649,651,653;                                         0000581P0001331
126,2,2,1,0,1,0,3.266958765E-06,3.266958765E-06,3.266958765E-06, 0000583P0001332
0.125,0.125,0.125,1.,1.,1.,13.930032678,-47.760000017,0.25,      0000583P0001333
16.928782112,-46.885290635,0.25,19.794575709,-45.642501478,0.25, 0000583P0001334
3.266958765E-06,0.125,0.,0.,1.;                                  0000583P0001335
126,2,2,1,0,1,0,0.125,0.125,0.125,0.25,0.25,0.25,1.,1.,1.,       0000585P0001336
19.794575709,-45.642501478,0.25,22.659556521,-44.400064862,0.25, 0000585P0001337
25.347616019,-42.808459978,0.25,0.125,0.25,0.,0.,1.;             0000585P0001338
126,2,2,1,0,1,0,0.25,0.25,0.25,0.375,0.375,0.375,1.,1.,1.,       0000587P0001339
25.347616019,-42.808459978,0.25,28.035161638,-41.217159304,0.25, 0000587P0001340
30.502308526,-39.302346285,0.25,0.25,0.375,0.,0.,1.;             0000587P0001341
126,2,2,1,0,1,0,0.375,0.375,0.375,0.5,0.5,0.5,1.,1.,1.,          0000589P0001342
30.502308526,-39.302346285,0.25,32.970224394,-37.38693635,0.25,  0000589P0001343
35.178497612,-35.178627138,0.25,0.375,0.5,0.,0.,1.;              0000589P0001344
126,2,2,1,0,1,0,0.5,0.5,0.5,0.625,0.625,0.625,1.,1.,1.,          0000591P0001345
35.178497612,-35.178627138,0.25,37.387142126,-32.969946534,0.25, 0000591P0001346
39.302471823,-30.502132396,0.25,0.5,0.625,0.,0.,1.;              0000591P0001347
126,2,2,1,0,1,0,0.625,0.625,0.625,0.75,0.75,0.75,1.,1.,1.,       0000593P0001348
39.302471823,-30.502132396,0.25,41.217158787,-28.035146494,0.25, 0000593P0001349
42.808619763,-25.347351296,0.25,0.625,0.75,0.,0.,1.;             0000593P0001350
126,2,2,1,0,1,0,0.75,0.75,0.75,0.875,0.875,0.875,1.,1.,1.,       0000595P0001351
42.808619763,-25.347351296,0.25,44.400124723,-22.659481761,0.25, 0000595P0001352
45.642547776,-19.794491955,0.25,0.75,0.875,0.,0.,1.;             0000595P0001353
126,2,2,1,0,1,0,0.875,0.875,0.875,0.99999703,0.99999703,         0000597P0001354
0.99999703,1.,1.,1.,45.642547776,-19.794491955,0.25,46.88537059, 0000597P0001355
-16.92858029,0.25,47.759999987,-13.930006188,0.25,0.875,         0000597P0001356
0.99999703,0.,0.,1.;                                             0000597P0001357
110,47.76,-13.930006191,0.25,47.76,13.930034046,0.25;            0000599P0001358
126,2,2,1,0,1,0,3.239314891E-06,3.239314891E-06,3.239314891E-06, 0000601P0001359
0.125,0.125,0.125,1.,1.,1.,47.759999987,13.93003408,0.25,        0000601P0001360
46.885286136,16.928793891,0.25,45.642497896,19.794583003,0.25,   0000601P0001361
3.239314891E-06,0.125,0.,0.,1.;                                  0000601P0001362
126,2,2,1,0,1,0,0.125,0.125,0.125,0.25,0.25,0.25,1.,1.,1.,       0000603P0001363
45.642497896,19.794583003,0.25,44.40006015,22.659563723,0.25,    0000603P0001364
42.808449631,25.347633067,0.25,0.125,0.25,0.,0.,1.;              0000603P0001365
126,2,2,1,0,1,0,0.25,0.25,0.25,0.375,0.375,0.375,1.,1.,1.,       0000605P0001366
42.808449631,25.347633067,0.25,41.217156467,28.03516659,0.25,    0000605P0001367
39.302336491,30.502321754,0.25,0.25,0.375,0.,0.,1.;              0000605P0001368
126,2,2,1,0,1,0,0.375,0.375,0.375,0.5,0.5,0.5,1.,1.,1.,          0000607P0001369
39.302336491,30.502321754,0.25,37.386922017,32.970242902,0.25,   0000607P0001370
35.178628788,35.178495854,0.25,0.375,0.5,0.,0.,1.;               0000607P0001371
126,2,2,1,0,1,0,0.5,0.5,0.5,0.625,0.625,0.625,1.,1.,1.,          0000609P0001372
35.178628788,35.178495854,0.25,32.969927145,37.387157319,0.25,   0000609P0001373
30.502117416,39.30248296,0.25,0.5,0.625,0.,0.,1.;                0000609P0001374
126,2,2,1,0,1,0,0.625,0.625,0.625,0.75,0.75,0.75,1.,1.,1.,       0000611P0001375
30.502117416,39.30248296,0.25,28.035144142,41.21715939,0.25,     0000611P0001376
25.347340616,42.80862546,0.25,0.625,0.75,0.,0.,1.;               0000611P0001377
126,2,2,1,0,1,0,0.75,0.75,0.75,0.875,0.875,0.875,1.,1.,1.,       0000613P0001378
25.347340616,42.80862546,0.25,22.659478511,44.400126137,0.25,    0000613P0001379
19.79449103,45.642548157,0.25,0.75,0.875,0.,0.,1.;               0000613P0001380
126,2,2,1,0,1,0,0.875,0.875,0.875,0.999996988,0.999996988,       0000615P0001381
0.999996988,1.,1.,1.,19.79449103,45.642548157,0.25,16.92857974,  0000615P0001382
46.885370687,0.25,13.930006115,47.760000006,0.25,0.875,          0000615P0001383
0.999996988,0.,0.,1.;                                            0000615P0001384
110,13.930006149,47.76,0.25,-13.930032788,47.76,0.25;            0000617P0001385
126,2,2,1,0,1,0,3.266963458E-06,3.266963458E-06,3.266963458E-06, 0000619P0001386
0.125,0.125,0.125,1.,1.,1.,-13.930032768,47.760000006,0.25,      0000619P0001387
-16.928777852,46.88529188,0.25,-19.794577539,45.642500887,0.25,  0000619P0001388
3.266963458E-06,0.125,0.,0.,1.;                                  0000619P0001389
126,2,2,1,0,1,0,0.125,0.125,0.125,0.25,0.25,0.25,1.,1.,1.,       0000621P0001390
-19.794577539,45.642500887,0.25,-22.659545687,44.400070457,0.25, 0000621P0001391
-25.347628288,42.808452524,0.25,0.125,0.25,0.,0.,1.;             0000621P0001392
126,2,2,1,0,1,0,0.25,0.25,0.25,0.375,0.375,0.375,1.,1.,1.,       0000623P0001393
-25.347628288,42.808452524,0.25,-28.035159215,41.217161227,0.25, 0000623P0001394
-30.502312385,39.30234376,0.25,0.25,0.375,0.,0.,1.;              0000623P0001395
126,2,2,1,0,1,0,0.375,0.375,0.375,0.5,0.5,0.5,1.,1.,1.,          0000625P0001396
-30.502312385,39.30234376,0.25,-32.97023154,37.386931796,0.25,   0000625P0001397
-35.178483009,35.178641724,0.25,0.375,0.5,0.,0.,1.;              0000625P0001398
126,2,2,1,0,1,0,0.5,0.5,0.5,0.625,0.625,0.625,1.,1.,1.,          0000627P0001399
-35.178483009,35.178641724,0.25,-37.387143086,32.969943043,0.25, 0000627P0001400
-39.30246795,30.502136638,0.25,0.5,0.625,0.,0.,1.;               0000627P0001401
126,2,2,1,0,1,0,0.625,0.625,0.625,0.75,0.75,0.75,1.,1.,1.,       0000629P0001402
-39.30246795,30.502136638,0.25,-41.217147857,28.035161466,0.25,  0000629P0001403
-42.808616663,25.347356795,0.25,0.625,0.75,0.,0.,1.;             0000629P0001404
126,2,2,1,0,1,0,0.75,0.75,0.75,0.875,0.875,0.875,1.,1.,1.,       0000631P0001405
-42.808616663,25.347356795,0.25,-44.4001165,22.659499633,0.25,   0000631P0001406
-45.642539359,19.79451234,0.25,0.75,0.875,0.,0.,1.;              0000631P0001407
126,2,2,1,0,1,0,0.875,0.875,0.875,1.,1.,1.,1.,1.,1.,             0000633P0001408
-45.642539359,19.79451234,0.25,-46.885393736,16.928530061,0.25,  0000633P0001409
-47.76003246,13.929893733,0.25,0.875,1.,0.,0.,1.;                0000633P0001410
110,-47.76,13.930004938,0.25,-47.76,-13.930034062,0.25;          0000635P0001411
126,2,2,1,0,1,0,2.596976186E-06,2.596976186E-06,2.596976186E-06, 0000637P0001412
0.125,0.125,0.125,1.,1.,1.,-47.75999998,-13.930034108,0.25,      0000637P0001413
-46.885282172,-16.928807498,0.25,-45.642486676,-19.794608824,    0000637P0001414
0.25,2.596976186E-06,0.125,0.,0.,1.;                             0000637P0001415
126,2,2,1,0,1,0,0.125,0.125,0.125,0.25,0.25,0.25,1.,1.,1.,       0000639P0001416
-45.642486676,-19.794608824,0.25,-44.400048157,-22.65958703,     0000639P0001417
0.25,-42.808437444,-25.347653765,0.25,0.125,0.25,0.,0.,1.;       0000639P0001418
126,2,2,1,0,1,0,0.25,0.25,0.25,0.375,0.375,0.375,1.,1.,1.,       0000641P0001419
-42.808437444,-25.347653765,0.25,-41.217143893,-28.035184774,    0000641P0001420
0.25,-39.302324207,-30.502337618,0.25,0.25,0.375,0.,0.,1.;       0000641P0001421
126,2,2,1,0,1,0,0.375,0.375,0.375,0.5,0.5,0.5,1.,1.,1.,          0000643P0001422
-39.302324207,-30.502337618,0.25,-37.386909927,-32.970256446,    0000643P0001423
0.25,-35.178617471,-35.178507272,0.25,0.375,0.5,0.,0.,1.;        0000643P0001424
126,2,2,1,0,1,0,0.5,0.5,0.5,0.625,0.625,0.625,1.,1.,1.,          0000645P0001425
-35.178617471,-35.178507272,0.25,-32.969917568,-37.38716545,     0000645P0001426
0.25,-30.502123886,-39.302478427,0.25,0.5,0.625,0.,0.,1.;        0000645P0001427
126,2,2,1,0,1,0,0.625,0.625,0.625,0.75,0.75,0.75,1.,1.,1.,       0000647P0001428
-30.502123886,-39.302478427,0.25,-28.035138722,-41.217163944,    0000647P0001429
0.25,-25.347344573,-42.808623731,0.25,0.625,0.75,0.,0.,1.;       0000647P0001430
126,2,2,1,0,1,0,0.75,0.75,0.75,0.875,0.875,0.875,1.,1.,1.,       0000649P0001431
-25.347344573,-42.808623731,0.25,-22.659475991,-44.400127598,    0000649P0001432
0.25,-19.794487349,-45.642549715,0.25,0.75,0.875,0.,0.,1.;       0000649P0001433
126,2,2,1,0,1,0,0.875,0.875,0.875,0.999996988,0.999996988,       0000651P0001434
0.999996988,1.,1.,1.,-19.794487349,-45.642549715,0.25,           0000651P0001435
-16.928577896,-46.885371278,0.25,-13.930006108,-47.760000017,    0000651P0001436
0.25,0.875,0.999996988,0.,0.,1.;                                 0000651P0001437
110,-13.930006149,-47.76,0.25,13.930032691,-47.76,0.25;          0000653P0001438
144,657,1,0,659;                                                 0000655P0001439
128,1,1,1,1,0,0,1,0,0,0.,0.,1.,1.,0.,0.,1.,1.,1.,1.,1.,1.,       0000657P0001440
-48.33315684,-48.333166302,99.75,48.333165659,-48.333166302,     0000657P0001441
99.75,-48.33315684,48.333166313,99.75,48.333165659,48.333166313, 0000657P0001442
99.75,5.928854E-03,0.994071146,5.928854E-03,0.994071146;         0000657P0001443
142,0,657,661,751,3;                                             0000659P0001444
102,44,663,665,667,669,671,673,675,677,679,681,683,685,687,689,  0000661P0001445
691,693,695,697,699,701,703,705,707,709,711,713,715,717,719,721, 0000661P0001446
723,725,727,729,731,733,735,737,739,741,743,745,747,749;         0000661P0001447
110,0.644102632,0.994071146,0.,0.644102494,0.994070673,0.;       0000663P0001448
126,1,1,1,0,1,0,0.,0.,27.859711931,27.859711931,1.,1.,           0000665P0001449
0.644102494,0.994070673,0.,0.355897552,0.994070673,0.,0.,        0000665P0001450
27.859711931,0.,0.,1.;                                           0000665P0001451
110,0.355897552,0.994070673,0.,0.355897424,0.994071109,0.;       0000667P0001452
126,2,2,1,0,1,0,0.,0.,0.,0.125,0.125,0.125,1.,1.,1.,0.355897424, 0000669P0001453
0.994071109,0.,0.324876807,0.985023062,0.,0.295228733,           0000669P0001454
0.972165967,0.,0.,0.125,0.,0.,1.;                                0000669P0001455
126,2,2,1,0,1,0,0.125,0.125,0.125,0.25,0.25,0.25,1.,1.,1.,       0000671P0001456
0.295228733,0.972165967,0.,0.265590708,0.959313229,0.,           0000671P0001457
0.23778533,0.942849493,0.,0.125,0.25,0.,0.,1.;                   0000671P0001458
126,2,2,1,0,1,0,0.25,0.25,0.25,0.375,0.375,0.375,1.,1.,1.,       0000673P0001459
0.23778533,0.942849493,0.,0.209980332,0.926385981,0.,            0000673P0001460
0.184459784,0.906578891,0.,0.25,0.375,0.,0.,1.;                  0000673P0001461
126,2,2,1,0,1,0,0.375,0.375,0.375,0.5,0.5,0.5,1.,1.,1.,          0000675P0001462
0.184459784,0.906578891,0.,0.158930638,0.886765128,0.,           0000675P0001463
0.136081926,0.86391685,0.,0.375,0.5,0.,0.,1.;                    0000675P0001464
126,2,2,1,0,1,0,0.5,0.5,0.5,0.625,0.625,0.625,1.,1.,1.,          0000677P0001465
0.136081926,0.86391685,0.,0.11323744,0.841072797,0.,             0000677P0001466
9.3422739E-02,0.815542514,0.,0.5,0.625,0.,0.,1.;                 0000677P0001467
126,2,2,1,0,1,0,0.625,0.625,0.625,0.75,0.75,0.75,1.,1.,1.,       0000679P0001468
9.3422739E-02,0.815542514,0.,7.3614189E-02,0.790020155,0.,       0000679P0001469
5.7152474E-02,0.762218014,0.,0.625,0.75,0.,0.,1.;                0000679P0001470
126,2,2,1,0,1,0,0.75,0.75,0.75,0.875,0.875,0.875,1.,1.,1.,       0000681P0001471
5.7152474E-02,0.762218014,0.,4.0687477E-02,0.734410331,0.,       0000681P0001472
2.7834618E-02,0.704772523,0.,0.75,0.875,0.,0.,1.;                0000681P0001473
126,2,2,1,0,1,0,0.875,0.875,0.875,1.,1.,1.,1.,1.,1.,             0000683P0001474
2.7834618E-02,0.704772523,0.,1.49778E-02,0.675125584,0.,         0000683P0001475
5.928854E-03,0.64410301,0.,0.875,1.,0.,0.,1.;                    0000683P0001476
110,5.928854E-03,0.64410301,0.,5.92923E-03,0.644102901,0.;       0000685P0001477
126,1,1,1,0,1,0,0.,0.,27.859783255,27.859783255,1.,1.,           0000687P0001478
5.92923E-03,0.644102901,0.,5.92923E-03,0.35589725,0.,0.,         0000687P0001479
27.859783255,0.,0.,1.;                                           0000687P0001480
110,5.92923E-03,0.35589725,0.,5.928894E-03,0.355897153,0.;       0000689P0001481
126,2,2,1,0,1,0,0.,0.,0.,0.125,0.125,0.125,1.,1.,1.,             0000691P0001482
5.928894E-03,0.355897153,0.,1.4976913E-02,0.32487667,0.,         0000691P0001483
2.7834073E-02,0.295228475,0.,0.,0.125,0.,0.,1.;                  0000691P0001484
126,2,2,1,0,1,0,0.125,0.125,0.125,0.25,0.25,0.25,1.,1.,1.,       0000693P0001485
2.7834073E-02,0.295228475,0.,4.0686769E-02,0.265590573,0.,       0000693P0001486
5.7150619E-02,0.237785058,0.,0.125,0.25,0.,0.,1.;                0000693P0001487
126,2,2,1,0,1,0,0.25,0.25,0.25,0.375,0.375,0.375,1.,1.,1.,       0000695P0001488
5.7150619E-02,0.237785058,0.,7.3614148E-02,0.209980086,0.,       0000695P0001489
9.3421252E-02,0.184459565,0.,0.25,0.375,0.,0.,1.;                0000695P0001490
126,2,2,1,0,1,0,0.375,0.375,0.375,0.5,0.5,0.5,1.,1.,1.,          0000697P0001491
9.3421252E-02,0.184459565,0.,0.113235028,0.158930445,0.,         0000697P0001492
0.136083317,0.136081759,0.,0.375,0.5,0.,0.,1.;                   0000697P0001493
126,2,2,1,0,1,0,0.5,0.5,0.5,0.625,0.625,0.625,1.,1.,1.,          0000699P0001494
0.136083317,0.136081759,0.,0.15892739,0.113237289,0.,            0000699P0001495
0.184457834,9.3422502E-02,0.,0.5,0.625,0.,0.,1.;                 0000699P0001496
126,2,2,1,0,1,0,0.625,0.625,0.625,0.75,0.75,0.75,1.,1.,1.,       0000701P0001497
0.184457834,9.3422502E-02,0.,0.209980119,7.3614047E-02,0.,       0000701P0001498
0.237782395,5.7152278E-02,0.,0.625,0.75,0.,0.,1.;                0000701P0001499
126,2,2,1,0,1,0,0.75,0.75,0.75,0.875,0.875,0.875,1.,1.,1.,       0000703P0001500
0.237782395,5.7152278E-02,0.,0.265589986,4.0687362E-02,0.,       0000703P0001501
0.295227801,2.7834539E-02,0.,0.75,0.875,0.,0.,1.;                0000703P0001502
126,2,2,1,0,1,0,0.875,0.875,0.875,1.,1.,1.,1.,1.,1.,0.295227801, 0000705P0001503
2.7834539E-02,0.,0.324874799,1.4977732E-02,0.,0.355897276,       0000705P0001504
5.928854E-03,0.,0.875,1.,0.,0.,1.;                               0000705P0001505
110,0.355897276,5.928854E-03,0.,0.355897414,5.929327E-03,0.;     0000707P0001506
126,1,1,1,0,1,0,0.,0.,27.859711931,27.859711931,1.,1.,           0000709P0001507
0.355897414,5.929327E-03,0.,0.644102357,5.929327E-03,0.,0.,      0000709P0001508
27.859711931,0.,0.,1.;                                           0000709P0001509
110,0.644102357,5.929327E-03,0.,0.644102484,5.928891E-03,0.;     0000711P0001510
126,2,2,1,0,1,0,0.,0.,0.,0.125,0.125,0.125,1.,1.,1.,0.644102484, 0000713P0001511
5.928891E-03,0.,0.675123097,1.4976936E-02,0.,0.704771269,        0000713P0001512
2.7834072E-02,0.,0.,0.125,0.,0.,1.;                              0000713P0001513
126,2,2,1,0,1,0,0.125,0.125,0.125,0.25,0.25,0.25,1.,1.,1.,       0000715P0001514
0.704771269,2.7834072E-02,0.,0.734409201,4.0686768E-02,0.,       0000715P0001515
0.762214848,5.7150668E-02,0.,0.125,0.25,0.,0.,1.;                0000715P0001516
126,2,2,1,0,1,0,0.25,0.25,0.25,0.375,0.375,0.375,1.,1.,1.,       0000717P0001517
0.762214848,5.7150668E-02,0.,0.790019725,7.3614113E-02,0.,       0000717P0001518
0.815540361,9.3421286E-02,0.,0.25,0.375,0.,0.,1.;                0000717P0001519
126,2,2,1,0,1,0,0.375,0.375,0.375,0.5,0.5,0.5,1.,1.,1.,          0000719P0001520
0.815540361,9.3421286E-02,0.,0.841069564,0.113235109,0.,         0000719P0001521
0.863918067,0.136083234,0.,0.375,0.5,0.,0.,1.;                   0000719P0001522
126,2,2,1,0,1,0,0.5,0.5,0.5,0.625,0.625,0.625,1.,1.,1.,          0000721P0001523
0.863918067,0.136083234,0.,0.886762728,0.158927518,0.,           0000721P0001524
0.906577384,0.18445777,0.,0.5,0.625,0.,0.,1.;                    0000721P0001525
126,2,2,1,0,1,0,0.625,0.625,0.625,0.75,0.75,0.75,1.,1.,1.,       0000723P0001526
0.906577384,0.18445777,0.,0.926385866,0.209980066,0.,            0000723P0001527
0.942847657,0.237782358,0.,0.625,0.75,0.,0.,1.;                  0000723P0001528
126,2,2,1,0,1,0,0.75,0.75,0.75,0.875,0.875,0.875,1.,1.,1.,       0000725P0001529
0.942847657,0.237782358,0.,0.959312596,0.265589965,0.,           0000725P0001530
0.972165435,0.295227799,0.,0.75,0.875,0.,0.,1.;                  0000725P0001531
126,2,2,1,0,1,0,0.875,0.875,0.875,1.,1.,1.,1.,1.,1.,0.972165435, 0000727P0001532
0.295227799,0.,0.985022258,0.324874816,0.,0.994071146,           0000727P0001533
0.355897316,0.,0.875,1.,0.,0.,1.;                                0000727P0001534
110,0.994071146,0.355897316,0.,0.994070679,0.355897452,0.;       0000729P0001535
126,1,1,1,0,1,0,0.,0.,27.859715654,27.859715654,1.,1.,           0000731P0001536
0.994070679,0.355897452,0.,0.994070679,0.644102403,0.,0.,        0000731P0001537
27.859715654,0.,0.,1.;                                           0000731P0001538
110,0.994070679,0.644102403,0.,0.994071107,0.644102528,0.;       0000733P0001539
126,2,2,1,0,1,0,0.,0.,0.,0.125,0.125,0.125,1.,1.,1.,0.994071107, 0000735P0001540
0.644102528,0.,0.985023103,0.675123037,0.,0.972165952,           0000735P0001541
0.704771258,0.,0.,0.125,0.,0.,1.;                                0000735P0001542
126,2,2,1,0,1,0,0.125,0.125,0.125,0.25,0.25,0.25,1.,1.,1.,       0000737P0001543
0.972165952,0.704771258,0.,0.959313264,0.734409186,0.,           0000737P0001544
0.942849416,0.762214727,0.,0.125,0.25,0.,0.,1.;                  0000737P0001545
126,2,2,1,0,1,0,0.25,0.25,0.25,0.375,0.375,0.375,1.,1.,1.,       0000739P0001546
0.942849416,0.762214727,0.,0.92638589,0.790019726,0.,            0000739P0001547
0.906578784,0.815540271,0.,0.25,0.375,0.,0.,1.;                  0000739P0001548
126,2,2,1,0,1,0,0.375,0.375,0.375,0.5,0.5,0.5,1.,1.,1.,          0000741P0001549
0.906578784,0.815540271,0.,0.886765005,0.841069415,0.,           0000741P0001550
0.863916709,0.863918123,0.,0.375,0.5,0.,0.,1.;                   0000741P0001551
126,2,2,1,0,1,0,0.5,0.5,0.5,0.625,0.625,0.625,1.,1.,1.,          0000743P0001552
0.863916709,0.863918123,0.,0.841072639,0.886762605,0.,           0000743P0001553
0.815542339,0.906577299,0.,0.5,0.625,0.,0.,1.;                   0000743P0001554
126,2,2,1,0,1,0,0.625,0.625,0.625,0.75,0.75,0.75,1.,1.,1.,       0000745P0001555
0.815542339,0.906577299,0.,0.790019906,0.926385886,0.,           0000745P0001556
0.762217697,0.94284762,0.,0.625,0.75,0.,0.,1.;                   0000745P0001557
126,2,2,1,0,1,0,0.75,0.75,0.75,0.875,0.875,0.875,1.,1.,1.,       0000747P0001558
0.762217697,0.94284762,0.,0.734410008,0.959312598,0.,            0000747P0001559
0.704772146,0.972165445,0.,0.75,0.875,0.,0.,1.;                  0000747P0001560
126,2,2,1,0,1,0,0.875,0.875,0.875,1.,1.,1.,1.,1.,1.,0.704772146, 0000749P0001561
0.972165445,0.,0.67512513,0.985022262,0.,0.644102632,            0000749P0001562
0.994071146,0.,0.875,1.,0.,0.,1.;                                0000749P0001563
102,44,753,755,757,759,761,763,765,767,769,771,773,775,777,779,  0000751P0001564
781,783,785,787,789,791,793,795,797,799,801,803,805,807,809,811, 0000751P0001565
813,815,817,819,821,823,825,827,829,831,833,835,837,839;         0000751P0001566
126,1,1,1,0,1,0,0.,0.,4.927200017E-07,4.927200017E-07,1.,1.,     0000753P0001567
13.929875907,47.76004574,99.75,13.929862567,47.760000017,99.75,  0000753P0001568
0.,4.927200017E-07,0.,0.,1.;                                     0000753P0001569
110,13.929862586,47.76,99.75,-13.929849345,47.76,99.75;          0000755P0001570
126,1,1,1,0,1,0,0.,0.,4.544007042E-07,4.544007042E-07,1.,1.,     0000757P0001571
-13.929849302,47.760000017,99.75,-13.929861675,47.760042164,     0000757P0001572
99.75,0.,4.544007042E-07,0.,0.,1.;                               0000757P0001573
126,2,2,1,0,1,0,0.,0.,0.,0.125,0.125,0.125,1.,1.,1.,             0000759P0001574
-13.929861675,47.760042164,99.75,-16.928510642,46.885400643,     0000759P0001575
99.75,-19.794480925,45.642552421,99.75,0.,0.125,0.,0.,1.;        0000759P0001576
126,2,2,1,0,1,0,0.125,0.125,0.125,0.25,0.25,0.25,1.,1.,1.,       0000761P0001577
-19.794480925,45.642552421,99.75,-22.659479808,44.400125375,     0000761P0001578
99.75,-25.347323445,42.808636394,99.75,0.125,0.25,0.,0.,1.;      0000761P0001579
126,2,2,1,0,1,0,0.25,0.25,0.25,0.375,0.375,0.375,1.,1.,1.,       0000763P0001580
-25.347323445,42.808636394,99.75,-28.035130348,41.217169067,     0000763P0001581
99.75,-30.502107872,39.302490317,99.75,0.25,0.375,0.,0.,1.;      0000763P0001582
126,2,2,1,0,1,0,0.375,0.375,0.375,0.5,0.5,0.5,1.,1.,1.,          0000765P0001583
-30.502107872,39.302490317,99.75,-32.969916532,37.387166513,     0000765P0001584
99.75,-35.178617495,35.178507272,99.75,0.375,0.5,0.,0.,1.;       0000765P0001585
126,2,2,1,0,1,0,0.5,0.5,0.5,0.625,0.625,0.625,1.,1.,1.,          0000767P0001586
-35.178617495,35.178507272,99.75,-37.386909946,32.970256446,     0000767P0001587
99.75,-39.302324223,30.502337618,99.75,0.5,0.625,0.,0.,1.;       0000767P0001588
126,2,2,1,0,1,0,0.625,0.625,0.625,0.75,0.75,0.75,1.,1.,1.,       0000769P0001589
-39.302324223,30.502337618,99.75,-41.217143906,28.035184774,     0000769P0001590
99.75,-42.808437357,25.347653765,99.75,0.625,0.75,0.,0.,1.;      0000769P0001591
126,2,2,1,0,1,0,0.75,0.75,0.75,0.875,0.875,0.875,1.,1.,1.,       0000771P0001592
-42.808437357,25.347653765,99.75,-44.400048067,22.65958703,      0000771P0001593
99.75,-45.64248668,19.794608824,99.75,0.75,0.875,0.,0.,1.;       0000771P0001594
126,2,2,1,0,1,0,0.875,0.875,0.875,1.,1.,1.,1.,1.,1.,             0000773P0001595
-45.64248668,19.794608824,99.75,-46.885307995,16.928747958,      0000773P0001596
99.75,-47.760036327,13.929909501,99.75,0.875,1.,0.,0.,1.;        0000773P0001597
126,1,1,1,0,1,0,0.,0.,3.914805231E-07,3.914805231E-07,1.,1.,     0000775P0001598
-47.760036327,13.929909501,99.75,-47.759999981,13.929898964,     0000775P0001599
99.75,0.,3.914805231E-07,0.,0.,1.;                               0000775P0001600
110,-47.76,13.929898932,99.75,-47.76,-13.929884323,99.75;        0000777P0001601
126,1,1,1,0,1,0,0.,0.,3.497213176E-07,3.497213176E-07,1.,1.,     0000779P0001602
-47.759999981,-13.929884357,99.75,-47.76003246,-13.929893733,    0000779P0001603
99.75,0.,3.497213176E-07,0.,0.,1.;                               0000779P0001604
126,2,2,1,0,1,0,0.,0.,0.,0.125,0.125,0.125,1.,1.,1.,             0000781P0001605
-47.76003246,-13.929893733,99.75,-46.885393738,-16.928530061,    0000781P0001606
99.75,-45.642539363,-19.79451234,99.75,0.,0.125,0.,0.,1.;        0000781P0001607
126,2,2,1,0,1,0,0.125,0.125,0.125,0.25,0.25,0.25,1.,1.,1.,       0000783P0001608
-45.642539363,-19.79451234,99.75,-44.400116506,-22.659499633,    0000783P0001609
99.75,-42.808616673,-25.347356795,99.75,0.125,0.25,0.,0.,1.;     0000783P0001610
126,2,2,1,0,1,0,0.25,0.25,0.25,0.375,0.375,0.375,1.,1.,1.,       0000785P0001611
-42.808616673,-25.347356795,99.75,-41.217147869,-28.035161466,   0000785P0001612
99.75,-39.302467966,-30.502136638,99.75,0.25,0.375,0.,0.,1.;     0000785P0001613
126,2,2,1,0,1,0,0.375,0.375,0.375,0.5,0.5,0.5,1.,1.,1.,          0000787P0001614
-39.302467966,-30.502136638,99.75,-37.387143105,-32.969943043,   0000787P0001615
99.75,-35.178483032,-35.178641724,99.75,0.375,0.5,0.,0.,1.;      0000787P0001616
126,2,2,1,0,1,0,0.5,0.5,0.5,0.625,0.625,0.625,1.,1.,1.,          0000789P0001617
-35.178483032,-35.178641724,99.75,-32.970230504,-37.386932859,   0000789P0001618
99.75,-30.502296371,-39.30235565,99.75,0.5,0.625,0.,0.,1.;       0000789P0001619
126,2,2,1,0,1,0,0.625,0.625,0.625,0.75,0.75,0.75,1.,1.,1.,       0000791P0001620
-30.502296371,-39.30235565,99.75,-28.035150938,-41.21716635,     0000791P0001621
99.75,-25.34760716,-42.808465187,99.75,0.625,0.75,0.,0.,1.;      0000791P0001622
126,2,2,1,0,1,0,0.75,0.75,0.75,0.875,0.875,0.875,1.,1.,1.,       0000793P0001623
-25.34760716,-42.808465187,99.75,-22.659549601,-44.400068234,    0000793P0001624
99.75,-19.794571018,-45.642503497,99.75,0.75,0.875,0.,0.,1.;     0000793P0001625
126,2,2,1,0,1,0,0.875,0.875,0.875,1.,1.,1.,1.,1.,1.,             0000795P0001626
-19.794571018,-45.642503497,99.75,-16.928704748,-46.885323879,   0000795P0001627
99.75,-13.929875982,-47.76004573,99.75,0.875,1.,0.,0.,1.;        0000795P0001628
126,1,1,1,0,1,0,0.,0.,4.927200016E-07,4.927200016E-07,1.,1.,     0000797P0001629
-13.929875982,-47.76004573,99.75,-13.929862642,-47.760000006,    0000797P0001630
99.75,0.,4.927200016E-07,0.,0.,1.;                               0000797P0001631
110,-13.929862626,-47.76,99.75,13.929849304,-47.76,99.75;        0000799P0001632
126,1,1,1,0,1,0,0.,0.,4.541200282E-07,4.541200282E-07,1.,1.,     0000801P0001633
13.929849324,-47.760000006,99.75,13.929861601,-47.760042153,     0000801P0001634
99.75,0.,4.541200282E-07,0.,0.,1.;                               0000801P0001635
126,2,2,1,0,1,0,0.,0.,0.,0.125,0.125,0.125,1.,1.,1.,             0000803P0001636
13.929861601,-47.760042153,99.75,16.928510181,-46.885400825,     0000803P0001637
99.75,19.794489937,-45.64254864,99.75,0.,0.125,0.,0.,1.;         0000803P0001638
126,2,2,1,0,1,0,0.125,0.125,0.125,0.25,0.25,0.25,1.,1.,1.,       0000805P0001639
19.794489937,-45.64254864,99.75,22.65947983,-44.400125654,99.75, 0000805P0001640
25.34734947,-42.80862082,99.75,0.125,0.25,0.,0.,1.;              0000805P0001641
126,2,2,1,0,1,0,0.25,0.25,0.25,0.375,0.375,0.375,1.,1.,1.,       0000807P0001642
25.34734947,-42.80862082,99.75,28.035144677,-41.21715997,99.75,  0000807P0001643
30.502130707,-39.302473196,99.75,0.25,0.375,0.,0.,1.;            0000807P0001644
126,2,2,1,0,1,0,0.375,0.375,0.375,0.5,0.5,0.5,1.,1.,1.,          0000809P0001645
30.502130707,-39.302473196,99.75,32.969944877,-37.387143592,     0000809P0001646
99.75,35.178625637,-35.178499141,99.75,0.375,0.5,0.,0.,1.;       0000809P0001647
126,2,2,1,0,1,0,0.5,0.5,0.5,0.625,0.625,0.625,1.,1.,1.,          0000811P0001648
35.178625637,-35.178499141,99.75,37.386935005,-32.970225986,     0000811P0001649
99.75,39.302344932,-30.502310154,99.75,0.5,0.625,0.,0.,1.;       0000811P0001650
126,2,2,1,0,1,0,0.625,0.625,0.625,0.75,0.75,0.75,1.,1.,1.,       0000813P0001651
39.302344932,-30.502310154,99.75,41.217158041,-28.0351634,99.75, 0000813P0001652
42.808458839,-25.347617794,99.75,0.625,0.75,0.,0.,1.;            0000813P0001653
126,2,2,1,0,1,0,0.75,0.75,0.75,0.875,0.875,0.875,1.,1.,1.,       0000815P0001654
42.808458839,-25.347617794,99.75,44.400063942,-22.659558406,     0000815P0001655
99.75,45.642500622,-19.794577687,99.75,0.75,0.875,0.,0.,1.;      0000815P0001656
126,2,2,1,0,1,0,0.875,0.875,0.875,1.,1.,1.,1.,1.,1.,             0000817P0001657
45.642500622,-19.794577687,99.75,46.88532242,-16.92870928,99.75, 0000817P0001658
47.760045146,-13.929877977,99.75,0.875,1.,0.,0.,1.;              0000817P0001659
126,1,1,1,0,1,0,0.,0.,4.864000411E-07,4.864000411E-07,1.,1.,     0000819P0001660
47.760045146,-13.929877977,99.75,47.760000003,-13.92986483,      0000819P0001661
99.75,0.,4.864000411E-07,0.,0.,1.;                               0000819P0001662
110,47.76,-13.929864799,99.75,47.76,13.929850854,99.75;          0000821P0001663
126,1,1,1,0,1,0,0.,0.,4.458800287E-07,4.458800287E-07,1.,1.,     0000823P0001664
47.760000003,13.929850825,99.75,47.760041376,13.929862908,99.75, 0000823P0001665
0.,4.458800287E-07,0.,0.,1.;                                     0000823P0001666
126,2,2,1,0,1,0,0.,0.,0.,0.125,0.125,0.125,1.,1.,1.,             0000825P0001667
47.760041376,13.929862908,99.75,46.885404103,16.928501749,99.75, 0000825P0001668
45.642550598,19.794486541,99.75,0.,0.125,0.,0.,1.;               0000825P0001669
126,2,2,1,0,1,0,0.125,0.125,0.125,0.25,0.25,0.25,1.,1.,1.,       0000827P0001670
45.642550598,19.794486541,99.75,44.400128515,22.659476347,99.75, 0000827P0001671
42.808628875,25.347336022,99.75,0.125,0.25,0.,0.,1.;             0000827P0001672
126,2,2,1,0,1,0,0.25,0.25,0.25,0.375,0.375,0.375,1.,1.,1.,       0000829P0001673
42.808628875,25.347336022,99.75,41.217160361,28.035143304,99.75, 0000829P0001674
39.302480265,30.502120796,99.75,0.25,0.375,0.,0.,1.;             0000829P0001675
126,2,2,1,0,1,0,0.375,0.375,0.375,0.5,0.5,0.5,1.,1.,1.,          0000831P0001676
39.302480265,30.502120796,99.75,37.387155114,32.969929521,99.75, 0000831P0001677
35.178494364,35.178630328,99.75,0.375,0.5,0.,0.,1.;              0000831P0001678
126,2,2,1,0,1,0,0.5,0.5,0.5,0.625,0.625,0.625,1.,1.,1.,          0000833P0001679
35.178494364,35.178630328,99.75,32.970242126,37.386922624,99.75, 0000833P0001680
30.502321913,39.302336425,99.75,0.5,0.625,0.,0.,1.;              0000833P0001681
126,2,2,1,0,1,0,0.625,0.625,0.625,0.75,0.75,0.75,1.,1.,1.,       0000835P0001682
30.502321913,39.302336425,99.75,28.035162174,41.217159884,99.75, 0000835P0001683
25.347624872,42.808455338,99.75,0.625,0.75,0.,0.,1.;             0000835P0001684
126,2,2,1,0,1,0,0.75,0.75,0.75,0.875,0.875,0.875,1.,1.,1.,       0000837P0001685
25.347624872,42.808455338,99.75,22.65955784,44.400064378,99.75,  0000837P0001686
19.794574713,45.642501961,99.75,0.75,0.875,0.,0.,1.;             0000837P0001687
126,2,2,1,0,1,0,0.875,0.875,0.875,1.,1.,1.,1.,1.,1.,             0000839P0001688
19.794574713,45.642501961,99.75,16.928706704,46.88532331,99.75,  0000839P0001689
13.929875907,47.76004574,99.75,0.875,1.,0.,0.,1.;                0000839P0001690
144,843,1,0,845;                                                 0000841P0001691
128,8,4,3,3,0,0,1,0,0,4.420850374E-02,4.420850374E-02,           0000843P0001692
4.420850374E-02,4.420850374E-02,6.25E-02,9.375E-02,0.125,        0000843P0001693
0.15625,0.1875,0.2057917,0.2057917,0.2057917,0.2057917,0.,0.,0., 0000843P0001694
0.,0.5,1.,1.,1.,1.,1.,1.,1.,1.,1.,1.,1.,1.,1.,1.,1.,1.,1.,1.,1., 0000843P0001695
1.,1.,1.,1.,1.,1.,1.,1.,1.,1.,1.,1.,1.,1.,1.,1.,1.,1.,1.,1.,1.,  0000843P0001696
1.,1.,1.,1.,1.,1.,1.,1.,1.,-47.842989776,13.642029719,99.75,     0000843P0001697
-47.320310675,15.47488009,99.75,-45.61979097,20.357851719,99.75, 0000843P0001698
-41.632358846,27.817851139,99.75,-35.4053892,35.405412582,99.75, 0000843P0001699
-27.817850893,41.632349469,99.75,-20.357793357,45.619832397,     0000843P0001700
99.75,-15.474823895,47.320312583,99.75,-13.641959439,            0000843P0001701
47.84298825,99.75,-54.222057757,15.460966148,83.166666666,       0000843P0001702
-53.629685705,17.538192001,83.166666666,-51.702422503,           0000843P0001703
23.072212229,83.166666666,-47.183352073,31.526892752,            0000843P0001704
83.166666666,-40.126111019,40.126126491,83.166666666,            0000843P0001705
-31.526904663,47.183326893,83.166666666,-23.072169565,           0000843P0001706
51.702474596,83.166666666,-17.538136772,53.629686404,            0000843P0001707
83.166666666,-15.460890132,54.222052469,83.166666666,            0000843P0001708
-60.601125738,17.279903363,50.,-59.939060735,19.601504643,50.,   0000843P0001709
-57.785054035,25.786572146,50.,-52.734345301,35.235934558,50.,   0000843P0001710
-44.846832839,44.846840348,50.,-35.235958434,52.734304331,50.,   0000843P0001711
-25.786545774,57.785116795,50.,-19.601449649,59.939060224,50.,   0000843P0001712
-17.279820824,60.601116685,50.,-54.222057757,15.460966148,       0000843P0001713
16.833333334,-53.629685705,17.538192001,16.833333334,            0000843P0001714
-51.702422503,23.072212229,16.833333334,-47.183352073,           0000843P0001715
31.526892752,16.833333334,-40.126111019,40.126126491,            0000843P0001716
16.833333334,-31.526904663,47.183326893,16.833333334,            0000843P0001717
-23.072169565,51.702474596,16.833333334,-17.538136772,           0000843P0001718
53.629686404,16.833333334,-15.460890132,54.222052469,            0000843P0001719
16.833333334,-47.842989776,13.642029719,0.25,-47.320310675,      0000843P0001720
15.47488009,0.25,-45.61979097,20.357851719,0.25,-41.632358846,   0000843P0001721
27.817851139,0.25,-35.4053892,35.405412582,0.25,-27.817850893,   0000843P0001722
41.632349469,0.25,-20.357793357,45.619832397,0.25,-15.474823895, 0000843P0001723
47.320312583,0.25,-13.641959439,47.84298825,0.25,4.5166507E-02,  0000843P0001724
0.204833697,0.,1.;                                               0000843P0001725
142,0,843,847,925,3;                                             0000845P0001726
102,38,849,851,853,855,857,859,861,863,865,867,869,871,873,875,  0000847P0001727
877,879,881,883,885,887,889,891,893,895,897,899,901,903,905,907, 0000847P0001728
909,911,913,915,917,919,921,923;                                 0000847P0001729
126,2,2,1,0,1,0,0.,0.,0.,3.125E-02,3.125E-02,3.125E-02,1.,1.,1., 0000849P0001730
4.5166507E-02,1.,0.,4.9521935E-02,0.990022207,0.,5.3597255E-02,  0000849P0001731
0.978104147,0.,0.,3.125E-02,-0.,-0.,1.;                          0000849P0001732
126,2,2,1,0,1,0,3.125E-02,3.125E-02,3.125E-02,6.25E-02,6.25E-02, 0000851P0001733
6.25E-02,1.,1.,1.,5.3597255E-02,0.978104147,0.,5.7469224E-02,    0000851P0001734
0.966780779,0.,6.1068246E-02,0.953763514,0.,3.125E-02,6.25E-02,  0000851P0001735
-0.,-0.,1.;                                                      0000851P0001736
126,2,2,1,0,1,0,6.25E-02,6.25E-02,6.25E-02,0.125,0.125,0.125,1., 0000853P0001737
1.,1.,6.1068246E-02,0.953763514,0.,6.7827087E-02,0.929317537,0., 0000853P0001738
7.357529E-02,0.899084006,0.,6.25E-02,0.125,-0.,-0.,1.;           0000853P0001739
126,2,2,1,0,1,0,0.125,0.125,0.125,0.1875,0.1875,0.1875,1.,1.,1., 0000855P0001740
7.357529E-02,0.899084006,0.,7.8836126E-02,0.871413859,0.,        0000855P0001741
8.3200364E-02,0.839153507,0.,0.125,0.1875,-0.,-0.,1.;            0000855P0001742
126,2,2,1,0,1,0,0.1875,0.1875,0.1875,0.25,0.25,0.25,1.,1.,1.,    0000857P0001743
8.3200364E-02,0.839153507,0.,8.7283018E-02,0.808974614,0.,       0000857P0001744
9.0544056E-02,0.775054707,0.,0.1875,0.25,-0.,-0.,1.;             0000857P0001745
126,2,2,1,0,1,0,0.25,0.25,0.25,0.3125,0.3125,0.3125,1.,1.,1.,    0000859P0001746
9.0544056E-02,0.775054707,0.,9.3608484E-02,0.743179854,0.,       0000859P0001747
9.5911879E-02,0.708377138,0.,0.25,0.3125,-0.,-0.,1.;             0000859P0001748
126,2,2,1,0,1,0,0.3125,0.3125,0.3125,0.375,0.375,0.375,1.,1.,1., 0000861P0001749
9.5911879E-02,0.708377138,0.,9.8099199E-02,0.675328224,0.,       0000861P0001750
9.9566063E-02,0.640167195,0.,0.3125,0.375,-0.,-0.,1.;            0000861P0001751
126,2,2,1,0,1,0,0.375,0.375,0.375,0.4375,0.4375,0.4375,1.,1.,1., 0000863P0001752
9.9566063E-02,0.640167195,0.,0.100992468,0.605975947,0.,         0000863P0001753
0.101709215,0.570481392,0.,0.375,0.4375,-0.,-0.,1.;              0000863P0001754
126,2,2,1,0,1,0,0.4375,0.4375,0.4375,0.5,0.5,0.5,1.,1.,1.,       0000865P0001755
0.101709215,0.570481392,0.,0.102420128,0.535275702,0.,           0000865P0001756
0.102416348,0.499625179,0.,0.4375,0.5,-0.,-0.,1.;                0000865P0001757
126,2,2,1,0,1,0,0.5,0.5,0.5,0.5625,0.5625,0.5625,1.,1.,1.,       0000867P0001758
0.102416348,0.499625179,0.,0.102412589,0.464183951,0.,           0000867P0001759
0.101702544,0.42918906,0.,0.5,0.5625,-0.,-0.,1.;                 0000867P0001760
126,2,2,1,0,1,0,0.5625,0.5625,0.5625,0.625,0.625,0.625,1.,1.,1., 0000869P0001761
0.101702544,0.42918906,0.,0.100981195,0.393637047,0.,            0000869P0001762
9.9547857E-02,0.359397171,0.,0.5625,0.625,-0.,-0.,1.;            0000869P0001763
126,2,2,1,0,1,0,0.625,0.625,0.625,0.6875,0.6875,0.6875,1.,1.,1., 0000871P0001764
9.9547857E-02,0.359397171,0.,9.8059496E-02,0.323842883,0.,       0000871P0001765
9.5834452E-02,0.290457072,0.,0.625,0.6875,-0.,-0.,1.;            0000871P0001766
126,2,2,1,0,1,0,0.6875,0.6875,0.6875,0.75,0.75,0.75,1.,1.,1.,    0000873P0001767
9.5834452E-02,0.290457072,0.,9.3521057E-02,0.255745584,0.,       0000873P0001768
9.0449238E-02,0.223961629,0.,0.6875,0.75,-0.,-0.,1.;             0000873P0001769
126,2,2,1,0,1,0,0.75,0.75,0.75,0.8125,0.8125,0.8125,1.,1.,1.,    0000875P0001770
9.0449238E-02,0.223961629,0.,8.7197809E-02,0.190319257,0.,       0000875P0001771
8.3136093E-02,0.160372012,0.,0.75,0.8125,-0.,-0.,1.;             0000875P0001772
126,2,2,1,0,1,0,0.8125,0.8125,0.8125,0.875,0.875,0.875,1.,1.,1., 0000877P0001773
8.3136093E-02,0.160372012,0.,7.8741181E-02,0.127968087,0.,       0000877P0001774
7.3440275E-02,0.10020739,0.,0.8125,0.875,-0.,-0.,1.;             0000877P0001775
126,2,2,1,0,1,0,0.875,0.875,0.875,0.9375,0.9375,0.9375,1.,1.,1., 0000879P0001776
7.3440275E-02,0.10020739,0.,6.7730761E-02,7.0306825E-02,0.,      0000879P0001777
6.1028876E-02,4.6094169E-02,0.,0.875,0.9375,-0.,-0.,1.;          0000879P0001778
126,2,2,1,0,1,0,0.9375,0.9375,0.9375,0.96875,0.96875,0.96875,1., 0000881P0001779
1.,1.,6.1028876E-02,4.6094169E-02,0.,5.74488E-02,3.3160025E-02,  0000881P0001780
0.,5.3598913E-02,2.1900702E-02,0.,0.9375,0.96875,-0.,-0.,1.;     0000881P0001781
126,2,2,1,0,1,0,0.96875,0.96875,0.96875,1.,1.,1.,1.,1.,1.,       0000883P0001782
5.3598913E-02,2.1900702E-02,0.,4.9522822E-02,9.979827E-03,0.,    0000883P0001783
4.5166507E-02,0.,0.,0.96875,1.,-0.,-0.,1.;                       0000883P0001784
126,1,1,1,0,1,0,0.,0.,1.003212966,1.003212966,1.,1.,             0000885P0001785
4.5166922E-02,0.,0.,0.204833215,0.,0.,0.,1.003212966,0.,0.,1.;   0000885P0001786
126,2,2,1,0,1,0,0.,0.,0.,3.125E-02,3.125E-02,3.125E-02,1.,1.,1., 0000887P0001787
0.204833697,0.,0.,0.20047818,9.977812E-03,0.,0.196402849,        0000887P0001788
2.1895652E-02,0.,0.,3.125E-02,-0.,-0.,1.;                        0000887P0001789
126,2,2,1,0,1,0,3.125E-02,3.125E-02,3.125E-02,6.25E-02,6.25E-02, 0000889P0001790
6.25E-02,1.,1.,1.,0.196402849,2.1895652E-02,0.,0.192530811,      0000889P0001791
3.3218986E-02,0.,0.188931781,4.6236104E-02,0.,3.125E-02,         0000889P0001792
6.25E-02,-0.,-0.,1.;                                             0000889P0001793
126,2,2,1,0,1,0,6.25E-02,6.25E-02,6.25E-02,0.125,0.125,0.125,1., 0000891P0001794
1.,1.,0.188931781,4.6236104E-02,0.,0.182172935,7.0681776E-02,0., 0000891P0001795
0.176424698,0.10091554,0.,6.25E-02,0.125,-0.,-0.,1.;             0000891P0001796
126,2,2,1,0,1,0,0.125,0.125,0.125,0.1875,0.1875,0.1875,1.,1.,1., 0000893P0001797
0.176424698,0.10091554,0.,0.171163889,0.128585604,0.,            0000893P0001798
0.166799653,0.160846126,0.,0.125,0.1875,-0.,-0.,1.;              0000893P0001799
126,2,2,1,0,1,0,0.1875,0.1875,0.1875,0.25,0.25,0.25,1.,1.,1.,    0000895P0001800
0.166799653,0.160846126,0.,0.162717023,0.19102501,0.,            0000895P0001801
0.159455993,0.224944984,0.,0.1875,0.25,-0.,-0.,1.;               0000895P0001802
126,2,2,1,0,1,0,0.25,0.25,0.25,0.3125,0.3125,0.3125,1.,1.,1.,    0000897P0001803
0.159455993,0.224944984,0.,0.156391571,0.25681991,0.,            0000897P0001804
0.154088179,0.291622659,0.,0.25,0.3125,-0.,-0.,1.;               0000897P0001805
126,2,2,1,0,1,0,0.3125,0.3125,0.3125,0.375,0.375,0.375,1.,1.,1., 0000899P0001806
0.154088179,0.291622659,0.,0.151900858,0.324671637,0.,           0000899P0001807
0.150433995,0.359832677,0.,0.3125,0.375,-0.,-0.,1.;              0000899P0001808
126,2,2,1,0,1,0,0.375,0.375,0.375,0.4375,0.4375,0.4375,1.,1.,1., 0000901P0001809
0.150433995,0.359832677,0.,0.149007589,0.394023961,0.,           0000901P0001810
0.148290842,0.429518526,0.,0.375,0.4375,-0.,-0.,1.;              0000901P0001811
126,2,2,1,0,1,0,0.4375,0.4375,0.4375,0.5,0.5,0.5,1.,1.,1.,       0000903P0001812
0.148290842,0.429518526,0.,0.147579927,0.464724254,0.,           0000903P0001813
0.147583707,0.500374809,0.,0.4375,0.5,-0.,-0.,1.;                0000903P0001814
126,2,2,1,0,1,0,0.5,0.5,0.5,0.5625,0.5625,0.5625,1.,1.,1.,       0000905P0001815
0.147583707,0.500374809,0.,0.147587466,0.535816076,0.,           0000905P0001816
0.148297512,0.570811011,0.,0.5,0.5625,-0.,-0.,1.;                0000905P0001817
126,2,2,1,0,1,0,0.5625,0.5625,0.5625,0.625,0.625,0.625,1.,1.,1., 0000907P0001818
0.148297512,0.570811011,0.,0.149018862,0.606363041,0.,0.1504522, 0000907P0001819
0.640602958,0.,0.5625,0.625,-0.,-0.,1.;                          0000907P0001820
126,2,2,1,0,1,0,0.625,0.625,0.625,0.6875,0.6875,0.6875,1.,1.,1., 0000909P0001821
0.1504522,0.640602958,0.,0.151940561,0.67615725,0.,0.154165604,  0000909P0001822
0.709543121,0.,0.625,0.6875,-0.,-0.,1.;                          0000909P0001823
126,2,2,1,0,1,0,0.6875,0.6875,0.6875,0.75,0.75,0.75,1.,1.,1.,    0000911P0001824
0.154165604,0.709543121,0.,0.156478997,0.744254634,0.,           0000911P0001825
0.159550808,0.776038654,0.,0.6875,0.75,-0.,-0.,1.;               0000911P0001826
126,2,2,1,0,1,0,0.75,0.75,0.75,0.8125,0.8125,0.8125,1.,1.,1.,    0000913P0001827
0.159550808,0.776038654,0.,0.16280223,0.809681101,0.,            0000913P0001828
0.166863922,0.839628346,0.,0.75,0.8125,-0.,-0.,1.;               0000913P0001829
126,2,2,1,0,1,0,0.8125,0.8125,0.8125,0.875,0.875,0.875,1.,1.,1., 0000915P0001830
0.166863922,0.839628346,0.,0.171258831,0.87203243,0.,            0000915P0001831
0.176559708,0.899793032,0.,0.8125,0.875,-0.,-0.,1.;              0000915P0001832
126,2,2,1,0,1,0,0.875,0.875,0.875,0.9375,0.9375,0.9375,1.,1.,1., 0000917P0001833
0.176559708,0.899793032,0.,0.182269254,0.92969383,0.,            0000917P0001834
0.188971145,0.953906189,0.,0.875,0.9375,-0.,-0.,1.;              0000917P0001835
126,2,2,1,0,1,0,0.9375,0.9375,0.9375,0.96875,0.96875,0.96875,1., 0000919P0001836
1.,1.,0.188971145,0.953906189,0.,0.192551231,0.966840197,0.,     0000919P0001837
0.19640119,0.978099495,0.,0.9375,0.96875,-0.,-0.,1.;             0000919P0001838
126,2,2,1,0,1,0,0.96875,0.96875,0.96875,1.,1.,1.,1.,1.,1.,       0000921P0001839
0.19640119,0.978099495,0.,0.200477292,0.990020153,0.,            0000921P0001840
0.204833697,1.,0.,0.96875,1.,-0.,-0.,1.;                         0000921P0001841
126,1,1,1,0,1,0,1.854586143,1.854586143,2.857799613,2.857799613, 0000923P0001842
1.,1.,0.204833174,1.,0.,4.5166877E-02,1.,0.,1.854586143,         0000923P0001843
2.857799613,0.,0.,1.;                                            0000923P0001844
102,38,927,929,931,933,935,937,939,941,943,945,947,949,951,953,  0000925P0001845
955,957,959,961,963,967,969,971,973,975,977,979,981,983,985,987, 0000925P0001846
989,991,993,995,997,999,1001,1003;                               0000925P0001847
126,4,4,0,0,1,0,0.,0.,0.,0.,0.,3.125E-02,3.125E-02,3.125E-02,    0000927P0001848
3.125E-02,3.125E-02,1.,1.,1.,1.,1.,-47.759999998,13.929763717,   0000927P0001849
0.25,-47.75999998,14.638861484,0.746395202,-47.759973094,        0000927P0001850
15.340297346,1.274966498,-47.759999975,16.03425344,1.835713889,  0000927P0001851
-47.759999998,16.720675935,2.428637374,0.,3.125E-02,0.999999984, 0000927P0001852
-1.105052112E-04,1.415530226E-04;                                0000927P0001853
126,4,4,0,0,1,0,3.125E-02,3.125E-02,3.125E-02,3.125E-02,         0000929P0001854
3.125E-02,6.25E-02,6.25E-02,6.25E-02,6.25E-02,6.25E-02,1.,1.,1., 0000929P0001855
1.,1.,-47.759999998,16.720675935,2.428637374,-47.759999973,      0000929P0001856
17.372847188,2.991974932,-47.7599841,18.017091973,3.583402948,   0000929P0001857
-47.759999969,18.653346769,4.202921423,-47.759999995,            0000929P0001858
19.281362129,4.850530357,3.125E-02,6.25E-02,0.999999992,         0000929P0001859
-8.449813963E-05,8.934908112E-05;                                0000929P0001860
126,4,4,0,0,1,0,6.25E-02,6.25E-02,6.25E-02,6.25E-02,6.25E-02,    0000931P0001861
0.125,0.125,0.125,0.125,0.125,1.,1.,1.,1.,1.,-47.759999995,      0000931P0001862
19.281362129,4.850530357,-47.759999972,20.460753604,6.066717713, 0000931P0001863
-47.759851224,21.608254712,7.378882006,-47.760000006,            0000931P0001864
22.722220971,8.787023236,-47.760000076,23.798853661,             0000931P0001865
10.291141403,6.25E-02,0.125,0.999999942,-2.614248055E-04,        0000931P0001866
2.173437289E-04;                                                 0000931P0001867
126,4,4,0,0,1,0,0.125,0.125,0.125,0.125,0.125,0.1875,0.1875,     0000933P0001868
0.1875,0.1875,0.1875,1.,1.,1.,1.,1.,-47.760000076,23.798853661,  0000933P0001869
10.291141403,-47.760000074,24.784202967,11.667731216,            0000933P0001870
-47.759902869,25.735172708,13.120441929,-47.760000042,           0000933P0001871
26.64884564,14.649273542,-47.760000008,27.52109988,16.254226054, 0000933P0001872
0.125,0.1875,0.999999964,-2.280106824E-04,1.425857984E-04;       0000933P0001873
126,4,4,0,0,1,0,0.1875,0.1875,0.1875,0.1875,0.1875,0.25,0.25,    0000935P0001874
0.25,0.25,0.25,1.,1.,1.,1.,1.,-47.760000008,27.52109988,         0000935P0001875
16.254226054,-47.760000019,28.337075629,17.75562598,             0000935P0001876
-47.759900579,29.11434072,19.319064389,-47.760000021,            0000935P0001877
29.849604533,20.94454128,-47.760000013,30.538947072,             0000935P0001878
22.632056654,0.1875,0.25,0.999999953,-2.777885347E-04,           0000935P0001879
1.317581751E-04;                                                 0000935P0001880
126,4,4,0,0,1,0,0.25,0.25,0.25,0.25,0.25,0.3125,0.3125,0.3125,   0000937P0001881
0.3125,0.3125,1.,1.,1.,1.,1.,-47.760000013,30.538947072,         0000937P0001882
22.632056654,-47.759999989,31.186728713,24.21783059,             0000937P0001883
-47.759886239,31.791449995,25.852158255,-47.759999937,           0000937P0001884
32.35004754,27.535039648,-47.759999909,32.859244319,             0000937P0001885
29.266474769,0.25,0.3125,0.999999927,-3.599483118E-04,           0000937P0001886
1.262153541E-04;                                                 0000937P0001887
126,4,4,0,0,1,0,0.3125,0.3125,0.3125,0.3125,0.3125,0.375,0.375,  0000939P0001888
0.375,0.375,0.375,1.,1.,1.,1.,1.,-47.759999909,32.859244319,     0000939P0001889
29.266474769,-47.75999996,33.342781195,30.910658241,             0000939P0001890
-47.759863466,33.779235614,32.589867619,-47.759999968,           0000939P0001891
34.16614336,34.304102905,-47.75999992,34.501086427,36.053364098, 0000939P0001892
0.3125,0.375,0.999999883,-4.700342585E-04,1.140479878E-04;       0000939P0001893
126,4,4,0,0,1,0,0.375,0.375,0.375,0.375,0.375,0.4375,0.4375,     0000941P0001894
0.4375,0.4375,0.4375,1.,1.,1.,1.,1.,-47.75999992,34.501086427,   0000941P0001895
36.053364098,-47.760000006,34.826791201,37.754378686,            0000941P0001896
-47.759845717,35.101184619,39.477006448,-47.760000046,           0000941P0001897
35.322571739,41.221247385,-47.759999992,35.489495578,            0000941P0001898
42.987101496,0.375,0.4375,0.999999846,-5.501544963E-04,          0000941P0001899
7.868608974E-05;                                                 0000941P0001900
126,4,4,0,0,1,0,0.4375,0.4375,0.4375,0.4375,0.4375,0.5,0.5,0.5,  0000943P0001901
0.5,0.5,1.,1.,1.,1.,1.,-47.759999992,35.489495578,42.987101496,  0000943P0001902
-47.76000004,35.655060806,44.738584574,-47.759831443,            0000943P0001903
35.765752576,46.497444465,-47.760000026,35.820844923,            0000943P0001904
48.26368117,-47.759999964,35.819958689,50.037294689,0.4375,0.5,  0000943P0001905
0.999999818,-6.032297827E-04,2.836571671E-05;                    0000943P0001906
126,4,4,0,0,1,0,0.5,0.5,0.5,0.5,0.5,0.5625,0.5625,0.5625,0.5625, 0000945P0001907
0.5625,1.,1.,1.,1.,1.,-47.759999964,35.819958689,50.037294689,   0000945P0001908
-47.760000037,35.819077479,51.800495782,-47.75983546,            0000945P0001909
35.762877679,53.55629512,-47.760000101,35.651741266,             0000945P0001910
55.304692703,-47.76000009,35.486388516,57.04568853,0.5,0.5625,   0000945P0001911
-0.999999822,5.960891926E-04,2.844714845E-05;                    0000945P0001912
126,4,4,0,0,1,0,0.5625,0.5625,0.5625,0.5625,0.5625,0.625,0.625,  0000947P0001913
0.625,0.625,0.625,1.,1.,1.,1.,1.,-47.76000009,35.486388516,      0000947P0001914
57.04568853,-47.760000081,35.318403333,58.814401177,             0000947P0001915
-47.759844831,35.095786182,60.561354218,-47.760000088,           0000947P0001916
34.820006636,62.286547654,-47.760000101,34.492772945,            0000947P0001917
63.989981485,0.5625,0.625,-0.999999844,5.5254404E-04,            0000947P0001918
7.931113916E-05;                                                 0000947P0001919
126,4,4,0,0,1,0,0.625,0.625,0.625,0.625,0.625,0.6875,0.6875,     0000949P0001920
0.6875,0.6875,0.6875,1.,1.,1.,1.,1.,-47.760000101,34.492772945,  0000949P0001921
63.989981485,-47.760000065,34.152977365,65.758807313,            0000949P0001922
-47.759857647,33.760073434,67.491672564,-47.760000053,           0000949P0001923
33.316570507,69.188577239,-47.760000075,32.825023303,            0000949P0001924
70.849521336,0.625,0.6875,-0.999999878,4.802879825E-04,          0000949P0001925
1.171297748E-04;                                                 0000949P0001926
126,4,4,0,0,1,0,0.6875,0.6875,0.6875,0.6875,0.6875,0.75,0.75,    0000951P0001927
0.75,0.75,0.75,1.,1.,1.,1.,1.,-47.760000075,32.825023303,        0000951P0001928
70.849521336,-47.760000037,32.313957931,72.576417864,            0000951P0001929
-47.759887642,31.753769656,74.254766136,-47.759999983,           0000951P0001930
31.147725513,75.884566153,-47.759999968,30.498875629,            0000951P0001931
77.465817914,0.6875,0.75,-0.999999928,3.567774813E-04,           0000951P0001932
1.257920719E-04;                                                 0000951P0001933
126,4,4,0,0,1,0,0.75,0.75,0.75,0.75,0.75,0.8125,0.8125,0.8125,   0000953P0001934
0.8125,0.8125,1.,1.,1.,1.,1.,-47.759999968,30.498875629,         0000953P0001935
77.465817914,-47.759999939,29.812087327,79.139525921,            0000953P0001936
-47.759903551,29.080126023,80.751956406,-47.759999964,           0000953P0001937
28.306828413,82.303109367,-47.760000013,27.495414933,            0000953P0001938
83.792984806,0.75,0.8125,-0.999999954,2.732889198E-04,           0000953P0001939
1.300254522E-04;                                                 0000953P0001940
126,4,4,0,0,1,0,0.8125,0.8125,0.8125,0.8125,0.8125,0.875,0.875,  0000955P0001941
0.875,0.875,0.875,1.,1.,1.,1.,1.,-47.760000013,27.495414933,     0000955P0001942
83.792984806,-47.759999967,26.617438465,85.405080075,            0000955P0001943
-47.759900714,25.697677391,86.940175146,-47.759999931,           0000955P0001944
24.74031471,88.398270019,-47.759999933,23.748298604,             0000955P0001945
89.779364695,0.8125,0.875,-0.999999963,2.303801592E-04,          0000955P0001946
1.44491424E-04;                                                  0000955P0001947
126,4,4,0,0,1,0,0.875,0.875,0.875,0.875,0.875,0.9375,0.9375,     0000957P0001948
0.9375,0.9375,0.9375,1.,1.,1.,1.,1.,-47.759999933,23.748298604,  0000957P0001949
89.779364695,-47.759999944,22.679815249,91.266917804,            0000957P0001950
-47.759856721,21.574771852,92.660146421,-47.759999968,           0000957P0001951
20.436843128,93.959050548,-47.759999984,19.267623672,            0000957P0001952
95.163630184,0.875,0.9375,-0.999999945,2.557014213E-04,          0000957P0001953
2.130303974E-04;                                                 0000957P0001954
126,4,4,0,0,1,0,0.9375,0.9375,0.9375,0.9375,0.9375,0.96875,      0000959P0001955
0.96875,0.96875,0.96875,0.96875,1.,1.,1.,1.,1.,-47.759999984,    0000959P0001956
19.267623672,95.163630184,-47.759999999,18.643039023,            0000959P0001957
95.807103848,-47.759984488,18.010313431,96.422803398,            0000959P0001958
-47.760000006,17.369691098,97.010728832,-47.760000004,           0000959P0001959
16.721234466,97.570880151,0.9375,0.96875,-0.999999993,           0000959P0001960
8.297867571E-05,8.77780913E-05;                                  0000959P0001961
126,4,4,0,0,1,0,0.96875,0.96875,0.96875,0.96875,0.96875,1.,1.,   0000961P0001962
1.,1.,1.,1.,1.,1.,1.,1.,-47.760000004,16.721234466,97.570880151, 0000961P0001963
-47.760000018,16.034677115,98.163943682,-47.759973126,           0000961P0001964
15.340582957,98.724818167,-47.760000018,14.639005906,            0000961P0001965
99.253503607,-47.759999998,13.929763717,99.75,0.96875,1.,        0000961P0001966
-0.999999984,1.100320196E-04,1.409471633E-04;                    0000961P0001967
100,0.,0.,0.,49.75,-1.776356839E-15,26.745396237,41.949329913;   0000963P0001968
124,-0.960000546,0.279998128,6.703649855E-15,0.,0.279998128,     0000965P0001969
0.960000546,1.955210062E-15,-2.511733122E-29,-5.888052365E-15,   0000965P0001970
3.754012135E-15,-1.,99.75;                                       0000965P0001971
126,4,4,0,0,1,0,0.,0.,0.,0.,0.,3.125E-02,3.125E-02,3.125E-02,    0000967P0001972
3.125E-02,3.125E-02,1.,1.,1.,1.,1.,-13.929692311,47.760000033,   0000967P0001973
99.75,-14.638801079,47.760000014,99.253603853,-15.340243636,     0000967P0001974
47.75997314,98.725035575,-16.034202264,47.759999977,             0000967P0001975
98.164295166,-16.720623219,47.759999965,97.571382626,0.,         0000967P0001976
3.125E-02,-1.101986668E-04,0.999999984,1.41132178E-04;           0000967P0001977
126,4,4,0,0,1,0,3.125E-02,3.125E-02,3.125E-02,3.125E-02,         0000969P0001978
3.125E-02,6.25E-02,6.25E-02,6.25E-02,6.25E-02,6.25E-02,1.,1.,1., 0000969P0001979
1.,1.,-16.720623219,47.759999965,97.571382626,-17.372802895,     0000969P0001980
47.759999975,97.008046759,-18.017053181,47.75998413,             0000969P0001981
96.416622308,-18.653310638,47.759999972,95.797109272,            0000969P0001982
-19.281325846,47.759999957,95.149507652,3.125E-02,6.25E-02,      0000969P0001983
-8.374704516E-05,0.999999993,8.855561599E-05;                    0000969P0001984
126,4,4,0,0,1,0,6.25E-02,6.25E-02,6.25E-02,6.25E-02,6.25E-02,    0000971P0001985
0.125,0.125,0.125,0.125,0.125,1.,1.,1.,1.,1.,-19.281325846,      0000971P0001986
47.759999957,95.149507652,-20.460715334,47.759999978,            0000971P0001987
93.93333547,-21.608219012,47.759851284,92.621177429,             0000971P0001988
-22.722191704,47.759999988,91.213033529,-23.798833916,           0000971P0001989
47.759999968,89.70890377,6.25E-02,0.125,-2.609574021E-04,        0000971P0001990
0.999999942,2.169452787E-04;                                     0000971P0001991
126,4,4,0,0,1,0,0.125,0.125,0.125,0.125,0.125,0.1875,0.1875,     0000973P0001992
0.1875,0.1875,0.1875,1.,1.,1.,1.,1.,-23.798833916,47.759999968,  0000973P0001993
89.70890377,-24.784181116,47.760000019,88.332318086,             0000973P0001994
-25.735150926,47.759902816,86.879607307,-26.648825692,           0000973P0001995
47.760000071,85.350771432,-27.521083279,47.760000065,            0000973P0001996
83.745810463,0.125,0.1875,-2.279917234E-04,0.999999964,          0000973P0001997
1.426017361E-04;                                                 0000973P0001998
126,4,4,0,0,1,0,0.1875,0.1875,0.1875,0.1875,0.1875,0.25,0.25,    0000975P0001999
0.25,0.25,0.25,1.,1.,1.,1.,1.,-27.521083279,47.760000065,        0000975P0002000
83.745810463,-28.337057706,47.76000005,82.244410984,             0000975P0002001
-29.114322235,47.759900569,80.680971762,-29.849586126,           0000975P0002002
47.760000046,79.055492798,-30.538929356,47.760000057,            0000975P0002003
77.367974092,0.1875,0.25,-2.780872792E-04,0.999999953,           0000975P0002004
1.318976037E-04;                                                 0000975P0002005
126,4,4,0,0,1,0,0.25,0.25,0.25,0.25,0.25,0.3125,0.3125,0.3125,   0000977P0002006
0.3125,0.3125,1.,1.,1.,1.,1.,-30.538929356,47.760000057,         0000977P0002007
77.367974092,-31.186711931,47.759999999,75.782196523,            0000977P0002008
-31.79143391,47.759886204,74.14786589,-32.350031926,             0000977P0002009
47.759999976,72.464982192,-32.859229081,47.760000017,            0000977P0002010
70.733545429,0.25,0.3125,-3.606236396E-04,0.999999927,           0000977P0002011
1.26461132E-04;                                                  0000977P0002012
126,4,4,0,0,1,0,0.3125,0.3125,0.3125,0.3125,0.3125,0.375,0.375,  0000979P0002013
0.375,0.375,0.375,1.,1.,1.,1.,1.,-32.859229081,47.760000017,     0000979P0002014
70.733545429,-33.342767045,47.75999996,69.089358774,             0000979P0002015
-33.779222168,47.759863422,67.41014709,-34.166130324,            0000979P0002016
47.759999929,65.695910378,-34.501073571,47.759999959,            0000979P0002017
63.946648638,0.3125,0.375,-4.710911517E-04,0.999999883,          0000979P0002018
1.14293254E-04;                                                  0000979P0002019
126,4,4,0,0,1,0,0.375,0.375,0.375,0.375,0.375,0.4375,0.4375,     0000981P0002020
0.4375,0.4375,0.4375,1.,1.,1.,1.,1.,-34.501073571,47.759999959,  0000981P0002021
63.946648638,-34.826778899,47.760000022,62.245632259,            0000981P0002022
-35.101172699,47.759845738,60.523003137,-35.322560071,           0000981P0002023
47.760000092,58.778761272,-35.48948406,47.760000098,             0000981P0002024
57.012906663,0.375,0.4375,-5.506283211E-04,0.999999845,          0000981P0002025
7.87631529E-05;                                                  0000981P0002026
126,4,4,0,0,1,0,0.4375,0.4375,0.4375,0.4375,0.4375,0.5,0.5,0.5,  0000983P0002027
0.5,0.5,1.,1.,1.,1.,1.,-35.48948406,47.760000098,57.012906663,   0000983P0002028
-35.655049784,47.760000045,55.261421695,-35.765741877,           0000983P0002029
47.759831387,53.502560013,-35.82083439,47.759999942,             0000983P0002030
51.736321616,-35.819948166,47.759999894,49.962706505,0.4375,0.5, 0000983P0002031
-6.039057109E-04,0.999999817,2.837252903E-05;                    0000983P0002032
126,4,4,0,0,1,0,0.5,0.5,0.5,0.5,0.5,0.5625,0.5625,0.5625,0.5625, 0000985P0002033
0.5625,1.,1.,1.,1.,1.,-35.819948166,47.759999894,49.962706505,   0000985P0002034
-35.819066965,47.759999981,48.199503471,-35.762867062,           0000985P0002035
47.759835409,46.44370211,-35.651730429,47.760000043,             0000985P0002036
44.695302422,-35.486377333,47.760000022,42.954304406,0.5,0.5625, 0000985P0002037
5.959347685E-04,-0.999999822,2.843976508E-05;                    0000985P0002038
126,4,4,0,0,1,0,0.5625,0.5625,0.5625,0.5625,0.5625,0.625,0.625,  0000987P0002039
0.625,0.625,0.625,1.,1.,1.,1.,1.,-35.486377333,47.760000022,     0000987P0002040
42.954304406,-35.318391846,47.760000063,41.185590913,            0000987P0002041
-35.095774383,47.759844813,39.438636628,-34.81999449,            0000987P0002042
47.760000008,37.71344155,-34.492760375,47.759999916,             0000987P0002043
36.010005679,0.5625,0.625,5.515980317E-04,-0.999999845,          0000987P0002044
7.919285828E-05;                                                 0000987P0002045
126,4,4,0,0,1,0,0.625,0.625,0.625,0.625,0.625,0.6875,0.6875,     0000989P0002046
0.6875,0.6875,0.6875,1.,1.,1.,1.,1.,-34.492760375,47.759999916,  0000989P0002047
36.010005679,-34.152964483,47.759999945,34.241179652,            0000989P0002048
-33.760060162,47.759857564,32.508313273,-33.316556698,           0000989P0002049
47.759999956,30.811406543,-32.825008714,47.75999994,             0000989P0002050
29.150459461,0.625,0.6875,4.796840374E-04,-0.999999878,          0000989P0002051
1.169757698E-04;                                                 0000989P0002052
126,4,4,0,0,1,0,0.6875,0.6875,0.6875,0.6875,0.6875,0.75,0.75,    0000991P0002053
0.75,0.75,0.75,1.,1.,1.,1.,1.,-32.825008714,47.75999994,         0000991P0002054
29.150459461,-32.313942853,47.76000002,27.423561689,             0000991P0002055
-31.753754147,47.759887647,25.745211509,-31.147709503,           0000991P0002056
47.760000044,24.115408922,-30.498859033,47.759999999,            0000991P0002057
22.534153927,0.6875,0.75,3.561469043E-04,-0.999999929,           0000991P0002058
1.255456851E-04;                                                 0000991P0002059
126,4,4,0,0,1,0,0.75,0.75,0.75,0.75,0.75,0.8125,0.8125,0.8125,   0000993P0002060
0.8125,0.8125,1.,1.,1.,1.,1.,-30.498859033,47.759999999,         0000993P0002061
22.534153927,-29.812069854,47.760000021,20.860442189,            0000993P0002062
-29.080108329,47.759903611,19.248009217,-28.306811185,           0000993P0002063
47.760000019,17.696855012,-27.49539898,47.759999998,             0000993P0002064
16.206979573,0.75,0.8125,2.727906957E-04,-0.999999954,           0000993P0002065
1.297962899E-04;                                                 0000993P0002066
126,4,4,0,0,1,0,0.8125,0.8125,0.8125,0.8125,0.8125,0.875,0.875,  0000995P0002067
0.875,0.875,0.875,1.,1.,1.,1.,1.,-27.49539898,47.759999998,      0000995P0002068
16.206979573,-26.617419372,47.759999998,14.594876394,            0000995P0002069
-25.697656728,47.759900732,13.059777625,-24.740294299,           0000995P0002070
47.760000017,11.601683266,-23.748280682,47.76000003,             0000995P0002071
10.220593316,0.8125,0.875,2.303733579E-04,-0.999999963,          0000995P0002072
1.444685062E-04;                                                 0000995P0002073
126,4,4,0,0,1,0,0.875,0.875,0.875,0.875,0.875,0.9375,0.9375,     0000997P0002074
0.9375,0.9375,0.9375,1.,1.,1.,1.,1.,-23.748280682,47.76000003,   0000997P0002075
10.220593316,-22.679788146,47.759999996,8.733028616,             0000997P0002076
-21.574738488,47.759856788,7.339797195,-20.436807194,            0000997P0002077
47.759999961,6.040899055,-19.267589522,47.75999996,4.836334195,  0000997P0002078
0.875,0.9375,2.556703776E-04,-0.999999945,2.130278838E-04;       0000997P0002079
126,4,4,0,0,1,0,0.9375,0.9375,0.9375,0.9375,0.9375,0.96875,      0000999P0002080
0.96875,0.96875,0.96875,0.96875,1.,1.,1.,1.,1.,-19.267589522,    0000999P0002081
47.75999996,4.836334195,-18.643004652,47.759999998,4.192867297,  0000999P0002082
-18.010275977,47.759984516,3.577172673,-17.369647672,            0000999P0002083
47.760000023,2.989250323,-16.721182099,47.760000013,2.429100248, 0000999P0002084
0.9375,0.96875,8.263738247E-05,-0.999999993,8.74040642E-05;      0000999P0002085
126,4,4,0,0,1,0,0.96875,0.96875,0.96875,0.96875,0.96875,1.,1.,   0001001P0002086
1.,1.,1.,1.,1.,1.,1.,1.,-16.721182099,47.760000013,2.429100248,  0001001P0002087
-16.034626269,47.760000014,1.836047512,-15.340529511,            0001001P0002088
47.759973145,1.275179892,-14.638945656,47.760000028,0.746497388, 0001001P0002089
-13.929692311,47.760000033,0.25,0.96875,1.,1.102055288E-04,      0001001P0002090
-0.999999984,1.41159587E-04;                                     0001001P0002091
100,0.,0.,0.,-13.929794953,47.760059804,-47.760014883,           0001003P0002092
13.929948971;                                                    0001003P0002093
124,1.,0.,0.,0.,0.,1.,0.,0.,0.,0.,1.,0.25;                       0001005P0002094
144,1009,1,0,1011;                                               0001007P0002095
128,1,1,1,1,0,0,1,0,0,0.,0.,1.,1.,0.,0.,1.,1.,1.,1.,1.,1.,       0001009P0002096
-47.76,-36.525158882,0.249999989,-47.76,36.525158879,            0001009P0002097
0.249999989,-47.76,-36.525158882,99.75,-47.76,36.525158879,      0001009P0002098
99.75,9.629437E-03,0.990370563,0.,1.;                            0001009P0002099
142,0,1009,1013,1107,3;                                          0001011P0002100
102,46,1015,1017,1019,1021,1023,1025,1027,1029,1031,1033,1035,   0001013P0002101
1037,1039,1041,1043,1045,1047,1049,1051,1053,1055,1057,1059,     0001013P0002102
1061,1063,1065,1067,1069,1071,1073,1075,1077,1079,1081,1083,     0001013P0002103
1085,1087,1089,1091,1093,1095,1097,1099,1101,1103,1105;          0001013P0002104
126,1,1,1,0,1,0,2.704322769E-04,2.704322769E-04,27.859797881,    0001015P0002105
27.859797881,1.,1.,0.309312757,0.,0.,0.690687243,0.,0.,          0001015P0002106
2.704322769E-04,27.859797881,0.,0.,1.;                           0001015P0002107
126,2,2,1,0,1,0,0.,0.,0.,3.125E-02,3.125E-02,3.125E-02,1.,1.,1., 0001017P0002108
0.690687243,0.,0.,0.71009193,9.973031E-03,0.,0.728892584,        0001017P0002109
2.1895853E-02,0.,0.,3.125E-02,0.,0.,1.;                          0001017P0002110
126,2,2,1,0,1,0,3.125E-02,3.125E-02,3.125E-02,6.25E-02,6.25E-02, 0001019P0002111
6.25E-02,1.,1.,1.,0.728892584,2.1895853E-02,0.,0.74677437,       0001019P0002112
3.3235957E-02,0.,0.763946314,4.6236486E-02,0.,3.125E-02,         0001019P0002113
6.25E-02,0.,0.,1.;                                               0001019P0002114
126,2,2,1,0,1,0,6.25E-02,6.25E-02,6.25E-02,9.375E-02,9.375E-02,  0001021P0002115
9.375E-02,1.,1.,1.,0.763946314,4.6236486E-02,0.,0.780482732,     0001021P0002116
5.8755871E-02,0.,0.796235606,7.2721559E-02,0.,6.25E-02,          0001021P0002117
9.375E-02,0.,0.,1.;                                              0001021P0002118
126,2,2,1,0,1,0,9.375E-02,9.375E-02,9.375E-02,0.125,0.125,0.125, 0001023P0002119
1.,1.,1.,0.796235606,7.2721559E-02,0.,0.811444458,8.6204946E-02, 0001023P0002120
0.,0.825787136,0.100915994,0.,9.375E-02,0.125,0.,0.,1.;          0001023P0002121
126,2,2,1,0,1,0,0.125,0.125,0.125,0.15625,0.15625,0.15625,1.,1., 0001025P0002122
1.,0.825787136,0.100915994,0.,0.839625593,0.115109871,0.,        0001025P0002123
0.852541309,0.130327617,0.,0.125,0.15625,0.,0.,1.;               0001025P0002124
126,2,2,1,0,1,0,0.15625,0.15625,0.15625,0.1875,0.1875,0.1875,1., 0001027P0002125
1.,1.,0.852541309,0.130327617,0.,0.865127694,0.145157333,0.,     0001027P0002126
0.876741686,0.160846493,0.,0.15625,0.1875,0.,0.,1.;              0001027P0002127
126,2,2,1,0,1,0,0.1875,0.1875,0.1875,0.25,0.25,0.25,1.,1.,1.,    0001029P0002128
0.876741686,0.160846493,0.,0.899479216,0.191562265,0.,           0001029P0002129
0.918053583,0.224945293,0.,0.1875,0.25,0.,0.,1.;                 0001029P0002130
126,2,2,1,0,1,0,0.25,0.25,0.25,0.3125,0.3125,0.3125,1.,1.,1.,    0001031P0002131
0.918053583,0.224945293,0.,0.936098708,0.257377133,0.,           0001031P0002132
0.949816581,0.291622862,0.,0.25,0.3125,0.,0.,1.;                 0001031P0002133
126,2,2,1,0,1,0,0.3125,0.3125,0.3125,0.375,0.375,0.375,1.,1.,1., 0001033P0002134
0.949816581,0.291622862,0.,0.96324659,0.325149958,0.,            0001033P0002135
0.972292077,0.359832805,0.,0.3125,0.375,0.,0.,1.;                0001033P0002136
126,2,2,1,0,1,0,0.375,0.375,0.375,0.4375,0.4375,0.4375,1.,1.,1., 0001035P0002137
0.972292077,0.359832805,0.,0.98129457,0.394350801,0.,            0001035P0002138
0.985822604,0.429518608,0.,0.375,0.4375,0.,0.,1.;                0001035P0002139
126,2,2,1,0,1,0,0.4375,0.4375,0.4375,0.5,0.5,0.5,1.,1.,1.,       0001037P0002140
0.985822604,0.429518608,0.,0.990370563,0.464841176,0.,           0001037P0002141
0.990346377,0.500374821,0.,0.4375,0.5,0.,0.,1.;                  0001037P0002142
126,2,2,1,0,1,0,0.5,0.5,0.5,0.5625,0.5625,0.5625,1.,1.,1.,       0001039P0002143
0.990346377,0.500374821,0.,0.990322333,0.535698793,0.,           0001039P0002144
0.985780072,0.57081094,0.,0.5,0.5625,0.,0.,1.;                   0001039P0002145
126,2,2,1,0,1,0,0.5625,0.5625,0.5625,0.625,0.625,0.625,1.,1.,1., 0001041P0002146
0.985780072,0.57081094,0.,0.981223447,0.606034125,0.,            0001041P0002147
0.972178276,0.640602829,0.,0.5625,0.625,0.,0.,1.;                0001041P0002148
126,2,2,1,0,1,0,0.625,0.625,0.625,0.6875,0.6875,0.6875,1.,1.,1., 0001043P0002149
0.972178276,0.640602829,0.,0.963003463,0.675666996,0.,           0001043P0002150
0.949348126,0.709542928,0.,0.625,0.6875,0.,0.,1.;                0001043P0002151
126,2,2,1,0,1,0,0.6875,0.6875,0.6875,0.75,0.75,0.75,1.,1.,1.,    0001045P0002152
0.949348126,0.709542928,0.,0.935579697,0.743699417,0.,           0001045P0002153
0.917505036,0.776038371,0.,0.6875,0.75,0.,0.,1.;                 0001045P0002154
126,2,2,1,0,1,0,0.75,0.75,0.75,0.8125,0.8125,0.8125,1.,1.,1.,    0001047P0002155
0.917505036,0.776038371,0.,0.898997095,0.809152544,0.,           0001047P0002156
0.87639008,0.839627988,0.,0.75,0.8125,0.,0.,1.;                  0001047P0002157
126,2,2,1,0,1,0,0.8125,0.8125,0.8125,0.84375,0.84375,0.84375,1., 0001049P0002158
1.,1.,0.87639008,0.839627988,0.,0.86471382,0.8553682,0.,         0001049P0002159
0.852058852,0.870240094,0.,0.8125,0.84375,0.,0.,1.;              0001049P0002160
126,2,2,1,0,1,0,0.84375,0.84375,0.84375,0.875,0.875,0.875,1.,1., 0001051P0002161
1.,0.852058852,0.870240094,0.,0.839042987,0.885536108,0.,        0001051P0002162
0.825095075,0.89979261,0.,0.84375,0.875,0.,0.,1.;                0001051P0002163
126,2,2,1,0,1,0,0.875,0.875,0.875,0.90625,0.90625,0.90625,1.,1., 0001053P0002164
1.,0.825095075,0.89979261,0.,0.810833664,0.914369546,0.,         0001053P0002165
0.795721209,0.927733907,0.,0.875,0.90625,0.,0.,1.;               0001053P0002166
126,2,2,1,0,1,0,0.90625,0.90625,0.90625,0.9375,0.9375,0.9375,1., 0001055P0002167
1.,1.,0.795721209,0.927733907,0.,0.780122483,0.941528292,0.,     0001055P0002168
0.763758245,0.953905831,0.,0.90625,0.9375,0.,0.,1.;              0001055P0002169
126,2,2,1,0,1,0,0.9375,0.9375,0.9375,0.96875,0.96875,0.96875,1., 0001057P0002170
1.,1.,0.763758245,0.953905831,0.,0.746679914,0.966823494,0.,     0001057P0002171
0.728900229,0.978099298,0.,0.9375,0.96875,0.,0.,1.;              0001057P0002172
126,2,2,1,0,1,0,0.96875,0.96875,0.96875,1.,1.,1.,1.,1.,1.,       0001059P0002173
0.728900229,0.978099298,0.,0.710095887,0.990024935,0.,           0001059P0002174
0.690687243,1.,0.,0.96875,1.,0.,0.,1.;                           0001059P0002175
126,1,1,1,0,1,0,1.352161384E-04,1.352161384E-04,27.859662649,    0001061P0002176
27.859662649,1.,1.,0.690687243,1.,0.,0.309312757,1.,0.,          0001061P0002177
1.352161384E-04,27.859662649,0.,0.,1.;                           0001061P0002178
126,2,2,1,0,1,0,0.,0.,0.,3.125E-02,3.125E-02,3.125E-02,1.,1.,1., 0001063P0002179
0.309312757,1.,0.,0.28990807,0.990026969,0.,0.271107416,         0001063P0002180
0.978104147,0.,0.,3.125E-02,0.,0.,1.;                            0001063P0002181
126,2,2,1,0,1,0,3.125E-02,3.125E-02,3.125E-02,6.25E-02,6.25E-02, 0001065P0002182
6.25E-02,1.,1.,1.,0.271107416,0.978104147,0.,0.25322563,         0001065P0002183
0.966764043,0.,0.236053686,0.953763514,0.,3.125E-02,6.25E-02,0., 0001065P0002184
0.,1.;                                                           0001065P0002185
126,2,2,1,0,1,0,6.25E-02,6.25E-02,6.25E-02,9.375E-02,9.375E-02,  0001067P0002186
9.375E-02,1.,1.,1.,0.236053686,0.953763514,0.,0.219517268,       0001067P0002187
0.941244129,0.,0.203764394,0.927278441,0.,6.25E-02,9.375E-02,0., 0001067P0002188
0.,1.;                                                           0001067P0002189
126,2,2,1,0,1,0,9.375E-02,9.375E-02,9.375E-02,0.125,0.125,0.125, 0001069P0002190
1.,1.,1.,0.203764394,0.927278441,0.,0.188555542,0.913795054,0.,  0001069P0002191
0.174212864,0.899084006,0.,9.375E-02,0.125,0.,0.,1.;             0001069P0002192
126,2,2,1,0,1,0,0.125,0.125,0.125,0.15625,0.15625,0.15625,1.,1., 0001071P0002193
1.,0.174212864,0.899084006,0.,0.160374407,0.884890129,0.,        0001071P0002194
0.14745869,0.869672383,0.,0.125,0.15625,0.,0.,1.;                0001071P0002195
126,2,2,1,0,1,0,0.15625,0.15625,0.15625,0.1875,0.1875,0.1875,1., 0001073P0002196
1.,1.,0.14745869,0.869672383,0.,0.134872306,0.854842667,0.,      0001073P0002197
0.123258314,0.839153507,0.,0.15625,0.1875,0.,0.,1.;              0001073P0002198
126,2,2,1,0,1,0,0.1875,0.1875,0.1875,0.25,0.25,0.25,1.,1.,1.,    0001075P0002199
0.123258314,0.839153507,0.,0.100520784,0.808437735,0.,           0001075P0002200
8.1946417E-02,0.775054707,0.,0.1875,0.25,0.,0.,1.;               0001075P0002201
126,2,2,1,0,1,0,0.25,0.25,0.25,0.3125,0.3125,0.3125,1.,1.,1.,    0001077P0002202
8.1946417E-02,0.775054707,0.,6.3901292E-02,0.742622867,0.,       0001077P0002203
5.0183419E-02,0.708377138,0.,0.25,0.3125,0.,0.,1.;               0001077P0002204
126,2,2,1,0,1,0,0.3125,0.3125,0.3125,0.375,0.375,0.375,1.,1.,1., 0001079P0002205
5.0183419E-02,0.708377138,0.,3.675341E-02,0.674850042,0.,        0001079P0002206
2.7707923E-02,0.640167195,0.,0.3125,0.375,0.,0.,1.;              0001079P0002207
126,2,2,1,0,1,0,0.375,0.375,0.375,0.4375,0.4375,0.4375,1.,1.,1., 0001081P0002208
2.7707923E-02,0.640167195,0.,1.870543E-02,0.605649199,0.,        0001081P0002209
1.4177396E-02,0.570481392,0.,0.375,0.4375,0.,0.,1.;              0001081P0002210
126,2,2,1,0,1,0,0.4375,0.4375,0.4375,0.5,0.5,0.5,1.,1.,1.,       0001083P0002211
1.4177396E-02,0.570481392,0.,9.629437E-03,0.535158824,0.,        0001083P0002212
9.653623E-03,0.499625179,0.,0.4375,0.5,0.,0.,1.;                 0001083P0002213
126,2,2,1,0,1,0,0.5,0.5,0.5,0.5625,0.5625,0.5625,1.,1.,1.,       0001085P0002214
9.653623E-03,0.499625179,0.,9.677667E-03,0.464301207,0.,         0001085P0002215
1.4219928E-02,0.42918906,0.,0.5,0.5625,0.,0.,1.;                 0001085P0002216
126,2,2,1,0,1,0,0.5625,0.5625,0.5625,0.625,0.625,0.625,1.,1.,1., 0001087P0002217
1.4219928E-02,0.42918906,0.,1.8776553E-02,0.393965875,0.,        0001087P0002218
2.7821724E-02,0.359397171,0.,0.5625,0.625,0.,0.,1.;              0001087P0002219
126,2,2,1,0,1,0,0.625,0.625,0.625,0.6875,0.6875,0.6875,1.,1.,1., 0001089P0002220
2.7821724E-02,0.359397171,0.,3.6996537E-02,0.324333004,0.,       0001089P0002221
5.0651874E-02,0.290457072,0.,0.625,0.6875,0.,0.,1.;              0001089P0002222
126,2,2,1,0,1,0,0.6875,0.6875,0.6875,0.75,0.75,0.75,1.,1.,1.,    0001091P0002223
5.0651874E-02,0.290457072,0.,6.4420303E-02,0.256300583,0.,       0001091P0002224
8.2494964E-02,0.223961629,0.,0.6875,0.75,0.,0.,1.;               0001091P0002225
126,2,2,1,0,1,0,0.75,0.75,0.75,0.8125,0.8125,0.8125,1.,1.,1.,    0001093P0002226
8.2494964E-02,0.223961629,0.,0.101002905,0.190847456,0.,         0001093P0002227
0.12360992,0.160372012,0.,0.75,0.8125,0.,0.,1.;                  0001093P0002228
126,2,2,1,0,1,0,0.8125,0.8125,0.8125,0.84375,0.84375,0.84375,1., 0001095P0002229
1.,1.,0.12360992,0.160372012,0.,0.13528618,0.144631801,0.,       0001095P0002230
0.147941148,0.129759906,0.,0.8125,0.84375,0.,0.,1.;              0001095P0002231
126,2,2,1,0,1,0,0.84375,0.84375,0.84375,0.875,0.875,0.875,1.,1., 0001097P0002232
1.,0.147941148,0.129759906,0.,0.160957013,0.114463892,0.,        0001097P0002233
0.174904925,0.100207391,0.,0.84375,0.875,0.,0.,1.;               0001097P0002234
126,2,2,1,0,1,0,0.875,0.875,0.875,0.90625,0.90625,0.90625,1.,1., 0001099P0002235
1.,0.174904925,0.100207391,0.,0.189166336,8.5630455E-02,0.,      0001099P0002236
0.204278791,7.2266093E-02,0.,0.875,0.90625,0.,0.,1.;             0001099P0002237
126,2,2,1,0,1,0,0.90625,0.90625,0.90625,0.9375,0.9375,0.9375,1., 0001101P0002238
1.,1.,0.204278791,7.2266093E-02,0.,0.219877517,5.8471708E-02,0., 0001101P0002239
0.236241755,4.6094169E-02,0.,0.90625,0.9375,0.,0.,1.;            0001101P0002240
126,2,2,1,0,1,0,0.9375,0.9375,0.9375,0.96875,0.96875,0.96875,1., 0001103P0002241
1.,1.,0.236241755,4.6094169E-02,0.,0.253320086,3.3176506E-02,0., 0001103P0002242
0.27109977,2.1900702E-02,0.,0.9375,0.96875,0.,0.,1.;             0001103P0002243
126,2,2,1,0,1,0,0.96875,0.96875,0.96875,1.,1.,1.,1.,1.,1.,       0001105P0002244
0.27109977,2.1900702E-02,0.,0.289904114,9.975064E-03,0.,         0001105P0002245
0.309312757,0.,0.,0.96875,1.,0.,0.,1.;                           0001105P0002246
102,46,1109,1111,1113,1115,1117,1119,1121,1123,1125,1127,1129,   0001107P0002247
1131,1133,1135,1137,1139,1141,1143,1145,1147,1149,1151,1153,     0001107P0002248
1155,1157,1159,1161,1163,1165,1167,1169,1171,1173,1175,1177,     0001107P0002249
1179,1181,1183,1185,1187,1189,1191,1193,1195,1197,1199;          0001107P0002250
110,-47.76,-13.929763723,0.25,-47.76,13.929763726,0.25;          0001109P0002251
126,2,2,1,0,1,0,0.,0.,0.,3.125E-02,3.125E-02,3.125E-02,1.,1.,1., 0001111P0002252
-47.76,13.929763693,0.249999989,-47.76,15.347282244,1.242316574, 0001111P0002253
-47.76,16.720675993,2.428637363,0.,3.125E-02,1.,2.228871655E-14, 0001111P0002254
0.;                                                              0001111P0002255
126,2,2,1,0,1,0,3.125E-02,3.125E-02,3.125E-02,6.25E-02,6.25E-02, 0001113P0002256
6.25E-02,1.,1.,1.,-47.76,16.720675993,2.428637363,-47.76,        0001113P0002257
18.026946142,3.556977711,-47.76,19.281362108,4.850530347,        0001113P0002258
3.125E-02,6.25E-02,1.,0.,0.;                                     0001113P0002259
126,2,2,1,0,1,0,6.25E-02,6.25E-02,6.25E-02,9.375E-02,9.375E-02,  0001115P0002260
9.375E-02,1.,1.,1.,-47.76,19.281362108,4.850530347,-47.76,       0001115P0002261
20.489352698,6.096209154,-47.76,21.640105149,7.48579511,         0001115P0002262
6.25E-02,9.375E-02,1.,0.,0.;                                     0001115P0002263
126,2,2,1,0,1,0,9.375E-02,9.375E-02,9.375E-02,0.125,0.125,0.125, 0001117P0002264
1.,1.,1.,-47.76,21.640105149,7.48579511,-47.76,22.75111662,      0001117P0002265
8.827392117,-47.76,23.798853806,10.291141393,9.375E-02,0.125,1., 0001117P0002266
0.,0.;                                                           0001117P0002267
126,2,2,1,0,1,0,0.125,0.125,0.125,0.15625,0.15625,0.15625,1.,1., 0001119P0002268
1.,-47.76,23.798853806,10.291141393,-47.76,24.809757487,         0001119P0002269
11.703432155,-47.76,25.753254645,13.217597882,0.125,0.15625,1.,  0001119P0002270
0.,0.;                                                           0001119P0002271
126,2,2,1,0,1,0,0.15625,0.15625,0.15625,0.1875,0.1875,0.1875,1., 0001121P0002272
1.,1.,-47.76,25.753254645,13.217597882,-47.76,26.672694069,      0001121P0002273
14.693154624,-47.76,27.521099875,16.254226044,0.15625,0.1875,1., 0001121P0002274
0.,0.;                                                           0001121P0002275
126,2,2,1,0,1,0,0.1875,0.1875,0.1875,0.25,0.25,0.25,1.,1.,1.,    0001123P0002276
-47.76,27.521099875,16.254226044,-47.76,29.182083666,            0001123P0002277
19.310445359,-47.76,30.538947078,22.632056645,0.1875,0.25,1.,0., 0001123P0002278
0.;                                                              0001123P0002279
126,2,2,1,0,1,0,0.25,0.25,0.25,0.3125,0.3125,0.3125,1.,1.,1.,    0001125P0002280
-47.76,30.538947078,22.632056645,-47.76,31.857149193,            0001125P0002281
25.859024725,-47.76,32.859244175,29.266474761,0.25,0.3125,1.,0., 0001125P0002282
0.;                                                              0001125P0002283
126,2,2,1,0,1,0,0.3125,0.3125,0.3125,0.375,0.375,0.375,1.,1.,1., 0001127P0002284
-47.76,32.859244175,29.266474761,-47.76,33.8403106,32.602420814, 0001127P0002285
-47.76,34.501086299,36.05336409,0.3125,0.375,1.,0.,0.;           0001127P0002286
126,2,2,1,0,1,0,0.375,0.375,0.375,0.4375,0.4375,0.4375,1.,1.,1., 0001129P0002287
-47.76,34.501086299,36.05336409,-47.76,35.158721274,             0001129P0002288
39.487904693,-47.76,35.489495596,42.98710149,0.375,0.4375,1.,0., 0001129P0002289
0.;                                                              0001129P0002290
126,2,2,1,0,1,0,0.4375,0.4375,0.4375,0.5,0.5,0.5,1.,1.,1.,       0001131P0002291
-47.76,35.489495596,42.98710149,-47.76,35.821725446,             0001131P0002292
46.501697006,-47.76,35.819958651,50.037294684,0.4375,0.5,1.,0.,  0001131P0002293
0.;                                                              0001131P0002294
126,2,2,1,0,1,0,0.5,0.5,0.5,0.5625,0.5625,0.5625,1.,1.,1.,       0001133P0002295
-47.76,35.819958651,50.037294684,-47.76,35.81820223,             0001133P0002296
53.552029898,-47.76,35.48638862,57.045688525,0.5,0.5625,1.,0.,   0001133P0002297
0.;                                                              0001133P0002298
126,2,2,1,0,1,0,0.5625,0.5625,0.5625,0.625,0.625,0.625,1.,1.,1., 0001135P0002299
-47.76,35.48638862,57.045688525,-47.76,35.153525716,             0001135P0002300
60.550395433,-47.76,34.4927731,63.989981482,0.5625,0.625,1.,0.,  0001135P0002301
0.;                                                              0001135P0002302
126,2,2,1,0,1,0,0.625,0.625,0.625,0.6875,0.6875,0.6875,1.,1.,1., 0001137P0002303
-47.76,34.4927731,63.989981482,-47.76,33.822550095,67.478866098, 0001137P0002304
-47.76,32.825023388,70.849521333,0.625,0.6875,1.,0.,0.;          0001137P0002305
126,2,2,1,0,1,0,0.6875,0.6875,0.6875,0.75,0.75,0.75,1.,1.,1.,    0001139P0002306
-47.76,32.825023388,70.849521333,-47.76,31.819235275,            0001139P0002307
74.248091989,-47.76,30.498875545,77.465817912,0.6875,0.75,1.,0., 0001139P0002308
0.;                                                              0001139P0002309
126,2,2,1,0,1,0,0.75,0.75,0.75,0.8125,0.8125,0.8125,1.,1.,1.,    0001141P0002310
-47.76,30.498875545,77.465817912,-47.76,29.146864574,            0001141P0002311
80.760678126,-47.76,27.495414945,83.792984804,0.75,0.8125,1.,0., 0001141P0002312
0.;                                                              0001141P0002313
126,2,2,1,0,1,0,0.8125,0.8125,0.8125,0.84375,0.84375,0.84375,1., 0001143P0002314
1.,1.,-47.76,27.495414945,83.792984804,-47.76,26.642460441,      0001143P0002315
85.359135898,-47.76,25.718011008,86.838889352,0.8125,0.84375,1., 0001143P0002316
0.,0.;                                                           0001143P0002317
126,2,2,1,0,1,0,0.84375,0.84375,0.84375,0.875,0.875,0.875,1.,1., 0001145P0002318
1.,-47.76,25.718011008,86.838889352,-47.76,24.767197934,         0001145P0002319
88.360842745,-47.76,23.74829853,89.779364694,0.84375,0.875,1.,   0001145P0002320
0.,0.;                                                           0001145P0002321
126,2,2,1,0,1,0,0.875,0.875,0.875,0.90625,0.90625,0.90625,1.,1., 0001147P0002322
1.,-47.76,23.74829853,89.779364694,-47.76,22.706497925,          0001147P0002323
91.229769826,-47.76,21.602528285,92.559523746,0.875,0.90625,1.,  0001147P0002324
0.,0.;                                                           0001147P0002325
126,2,2,1,0,1,0,0.90625,0.90625,0.90625,0.9375,0.9375,0.9375,1., 0001149P0002326
1.,1.,-47.76,21.602528285,92.559523746,-47.76,20.463036394,      0001149P0002327
93.932065053,-47.76,19.267623608,95.163630184,0.90625,0.9375,1., 0001149P0002328
0.,0.;                                                           0001149P0002329
126,2,2,1,0,1,0,0.9375,0.9375,0.9375,0.96875,0.96875,0.96875,1., 0001151P0002330
1.,1.,-47.76,19.267623608,95.163630184,-47.76,18.020046101,      0001151P0002331
96.448937653,-47.76,16.721234463,97.570880151,0.9375,0.96875,1., 0001151P0002332
0.,0.;                                                           0001151P0002333
126,2,2,1,0,1,0,0.96875,0.96875,0.96875,1.,1.,1.,1.,1.,1.,       0001153P0002334
-47.76,16.721234463,97.570880151,-47.76,15.347571304,            0001153P0002335
98.757481032,-47.76,13.929763693,99.75,0.96875,1.,1.,0.,0.;      0001153P0002336
110,-47.76,13.929763716,99.75,-47.76,-13.929763717,99.75;        0001155P0002337
126,2,2,1,0,1,0,0.,0.,0.,3.125E-02,3.125E-02,3.125E-02,1.,1.,1., 0001157P0002338
-47.76,-13.929763696,99.75,-47.76,-15.347282247,98.757683415,    0001157P0002339
-47.76,-16.720675996,97.571362626,0.,3.125E-02,1.,0.,0.;         0001157P0002340
126,2,2,1,0,1,0,3.125E-02,3.125E-02,3.125E-02,6.25E-02,6.25E-02, 0001159P0002341
6.25E-02,1.,1.,1.,-47.76,-16.720675996,97.571362626,-47.76,      0001159P0002342
-18.026946145,96.443022278,-47.76,-19.281362111,95.149469642,    0001159P0002343
3.125E-02,6.25E-02,1.,0.,0.;                                     0001159P0002344
126,2,2,1,0,1,0,6.25E-02,6.25E-02,6.25E-02,9.375E-02,9.375E-02,  0001161P0002345
9.375E-02,1.,1.,1.,-47.76,-19.281362111,95.149469642,-47.76,     0001161P0002346
-20.489352701,93.903790835,-47.76,-21.640105152,92.514204879,    0001161P0002347
6.25E-02,9.375E-02,1.,0.,0.;                                     0001161P0002348
126,2,2,1,0,1,0,9.375E-02,9.375E-02,9.375E-02,0.125,0.125,0.125, 0001163P0002349
1.,1.,1.,-47.76,-21.640105152,92.514204879,-47.76,-22.751116623, 0001163P0002350
91.172607872,-47.76,-23.798853809,89.708858596,9.375E-02,0.125,  0001163P0002351
1.,0.,0.;                                                        0001163P0002352
126,2,2,1,0,1,0,0.125,0.125,0.125,0.15625,0.15625,0.15625,1.,1., 0001165P0002353
1.,-47.76,-23.798853809,89.708858596,-47.76,-24.80975749,        0001165P0002354
88.296567834,-47.76,-25.753254721,86.782402107,0.125,0.15625,1., 0001165P0002355
0.,0.;                                                           0001165P0002356
126,2,2,1,0,1,0,0.15625,0.15625,0.15625,0.1875,0.1875,0.1875,1., 0001167P0002357
1.,1.,-47.76,-25.753254721,86.782402107,-47.76,-26.672694072,    0001167P0002358
85.306845365,-47.76,-27.521099878,83.745773945,0.15625,0.1875,   0001167P0002359
1.,0.,0.;                                                        0001167P0002360
126,2,2,1,0,1,0,0.1875,0.1875,0.1875,0.25,0.25,0.25,1.,1.,1.,    0001169P0002361
-47.76,-27.521099878,83.745773945,-47.76,-29.182083669,          0001169P0002362
80.68955463,-47.76,-30.538947081,77.367943344,0.1875,0.25,1.,0., 0001169P0002363
0.;                                                              0001169P0002364
126,2,2,1,0,1,0,0.25,0.25,0.25,0.3125,0.3125,0.3125,1.,1.,1.,    0001171P0002365
-47.76,-30.538947081,77.367943344,-47.76,-31.857149196,          0001171P0002366
74.140975264,-47.76,-32.859244178,70.733525228,0.25,0.3125,1.,   0001171P0002367
0.,0.;                                                           0001171P0002368
126,2,2,1,0,1,0,0.3125,0.3125,0.3125,0.375,0.375,0.375,1.,1.,1., 0001173P0002369
-47.76,-32.859244178,70.733525228,-47.76,-33.840310603,          0001173P0002370
67.397579175,-47.76,-34.501086302,63.946635899,0.3125,0.375,1.,  0001173P0002371
0.,0.;                                                           0001173P0002372
126,2,2,1,0,1,0,0.375,0.375,0.375,0.4375,0.4375,0.4375,1.,1.,1., 0001175P0002373
-47.76,-34.501086302,63.946635899,-47.76,-35.158721277,          0001175P0002374
60.512095296,-47.76,-35.489495599,57.012898499,0.375,0.4375,1.,  0001175P0002375
0.,0.;                                                           0001175P0002376
126,2,2,1,0,1,0,0.4375,0.4375,0.4375,0.5,0.5,0.5,1.,1.,1.,       0001177P0002377
-47.76,-35.489495599,57.012898499,-47.76,-35.821725449,          0001177P0002378
53.498302983,-47.76,-35.819958654,49.962705305,0.4375,0.5,1.,0., 0001177P0002379
0.;                                                              0001177P0002380
126,2,2,1,0,1,0,0.5,0.5,0.5,0.5625,0.5625,0.5625,1.,1.,1.,       0001179P0002381
-47.76,-35.819958654,49.962705305,-47.76,-35.818202232,          0001179P0002382
46.447970091,-47.76,-35.486388623,42.954311464,0.5,0.5625,1.,0., 0001179P0002383
0.;                                                              0001179P0002384
126,2,2,1,0,1,0,0.5625,0.5625,0.5625,0.625,0.625,0.625,1.,1.,1., 0001181P0002385
-47.76,-35.486388623,42.954311464,-47.76,-35.153525719,          0001181P0002386
39.449604556,-47.76,-34.492773103,36.010018507,0.5625,0.625,1.,  0001181P0002387
0.,0.;                                                           0001181P0002388
126,2,2,1,0,1,0,0.625,0.625,0.625,0.6875,0.6875,0.6875,1.,1.,1., 0001183P0002389
-47.76,-34.492773103,36.010018507,-47.76,-33.822550098,          0001183P0002390
32.521133891,-47.76,-32.825023391,29.150478656,0.625,0.6875,1.,  0001183P0002391
0.,0.;                                                           0001183P0002392
126,2,2,1,0,1,0,0.6875,0.6875,0.6875,0.75,0.75,0.75,1.,1.,1.,    0001185P0002393
-47.76,-32.825023391,29.150478656,-47.76,-31.819235278,          0001185P0002394
25.751908,-47.76,-30.498875548,22.534182077,0.6875,0.75,1.,0.,   0001185P0002395
0.;                                                              0001185P0002396
126,2,2,1,0,1,0,0.75,0.75,0.75,0.8125,0.8125,0.8125,1.,1.,1.,    0001187P0002397
-47.76,-30.498875548,22.534182077,-47.76,-29.146864577,          0001187P0002398
19.239321863,-47.76,-27.495414948,16.207015185,0.75,0.8125,1.,   0001187P0002399
0.,0.;                                                           0001187P0002400
126,2,2,1,0,1,0,0.8125,0.8125,0.8125,0.84375,0.84375,0.84375,1., 0001189P0002401
1.,1.,-47.76,-27.495414948,16.207015185,-47.76,-26.642460444,    0001189P0002402
14.64086419,-47.76,-25.718011011,13.161110637,0.8125,0.84375,1., 0001189P0002403
0.,0.;                                                           0001189P0002404
126,2,2,1,0,1,0,0.84375,0.84375,0.84375,0.875,0.875,0.875,1.,1., 0001191P0002405
1.,-47.76,-25.718011011,13.161110637,-47.76,-24.767197937,       0001191P0002406
11.639157244,-47.76,-23.748298533,10.220635395,0.84375,0.875,1., 0001191P0002407
0.,0.;                                                           0001191P0002408
126,2,2,1,0,1,0,0.875,0.875,0.875,0.90625,0.90625,0.90625,1.,1., 0001193P0002409
1.,-47.76,-23.748298533,10.220635395,-47.76,-22.706497928,       0001193P0002410
8.770230262,-47.76,-21.602528288,7.440476243,0.875,0.90625,1.,   0001193P0002411
0.,0.;                                                           0001193P0002412
126,2,2,1,0,1,0,0.90625,0.90625,0.90625,0.9375,0.9375,0.9375,1., 0001195P0002413
1.,1.,-47.76,-21.602528288,7.440476243,-47.76,-20.463036397,     0001195P0002414
6.067934936,-47.76,-19.267623611,4.836369805,0.90625,0.9375,1.,  0001195P0002415
0.,0.;                                                           0001195P0002416
126,2,2,1,0,1,0,0.9375,0.9375,0.9375,0.96875,0.96875,0.96875,1., 0001197P0002417
1.,1.,-47.76,-19.267623611,4.836369805,-47.76,-18.020046104,     0001197P0002418
3.551062336,-47.76,-16.721234539,2.429119838,0.9375,0.96875,1.,  0001197P0002419
0.,0.;                                                           0001197P0002420
126,2,2,1,0,1,0,0.96875,0.96875,0.96875,1.,1.,1.,1.,1.,1.,       0001199P0002421
-47.76,-16.721234539,2.429119838,-47.76,-15.347571234,           0001199P0002422
1.242518857,-47.76,-13.929763696,0.249999989,0.96875,1.,1.,      0001199P0002423
-2.227510962E-14,0.;                                             0001199P0002424
144,1203,1,0,1205;                                               0001201P0002425
128,1,1,1,1,0,0,1,0,0,0.,0.,1.,1.,0.,0.,1.,1.,1.,1.,1.,1.,       0001203P0002426
36.525135293,-47.76,0.249999989,-36.52513343,-47.76,0.249999989, 0001203P0002427
36.525135293,-47.76,99.75,-36.52513343,-47.76,99.75,             0001203P0002428
9.629265E-03,0.990370759,0.,1.;                                  0001203P0002429
142,0,1203,1207,1301,3;                                          0001205P0002430
102,46,1209,1211,1213,1215,1217,1219,1221,1223,1225,1227,1229,   0001207P0002431
1231,1233,1235,1237,1239,1241,1243,1245,1247,1249,1251,1253,     0001207P0002432
1255,1257,1259,1261,1263,1265,1267,1269,1271,1273,1275,1277,     0001207P0002433
1279,1281,1283,1285,1287,1289,1291,1293,1295,1297,1299;          0001207P0002434
126,1,1,1,0,1,0,3.404873033E-04,3.404873033E-04,27.859725271,    0001209P0002435
27.859725271,1.,1.,0.309313619,0.,0.,0.690686408,0.,0.,          0001209P0002436
3.404873033E-04,27.859725271,0.,0.,1.;                           0001209P0002437
126,2,2,1,0,1,0,0.,0.,0.,3.125E-02,3.125E-02,3.125E-02,1.,1.,1., 0001211P0002438
0.690686408,0.,0.,0.710091392,9.973041E-03,0.,0.728892026,       0001211P0002439
2.1895652E-02,0.,0.,3.125E-02,0.,0.,1.;                          0001211P0002440
126,2,2,1,0,1,0,3.125E-02,3.125E-02,3.125E-02,6.25E-02,6.25E-02, 0001213P0002441
6.25E-02,1.,1.,1.,0.728892026,2.1895652E-02,0.,0.746774048,      0001213P0002442
3.3235715E-02,0.,0.763946006,4.6236104E-02,0.,3.125E-02,         0001213P0002443
6.25E-02,0.,0.,1.;                                               0001213P0002444
126,2,2,1,0,1,0,6.25E-02,6.25E-02,6.25E-02,9.375E-02,9.375E-02,  0001215P0002445
9.375E-02,1.,1.,1.,0.763946006,4.6236104E-02,0.,0.780482475,     0001215P0002446
5.8755383E-02,0.,0.796235442,7.272108E-02,0.,6.25E-02,9.375E-02, 0001215P0002447
0.,0.,1.;                                                        0001215P0002448
126,2,2,1,0,1,0,9.375E-02,9.375E-02,9.375E-02,0.125,0.125,0.125, 0001217P0002449
1.,1.,1.,0.796235442,7.272108E-02,0.,0.811444335,8.6204433E-02,  0001217P0002450
0.,0.825787095,0.10091554,0.,9.375E-02,0.125,0.,0.,1.;           0001217P0002451
126,2,2,1,0,1,0,0.125,0.125,0.125,0.15625,0.15625,0.15625,1.,1., 0001219P0002452
1.,0.825787095,0.10091554,0.,0.839625568,0.115109411,0.,         0001219P0002453
0.852541327,0.130327208,0.,0.125,0.15625,0.,0.,1.;               0001219P0002454
126,2,2,1,0,1,0,0.15625,0.15625,0.15625,0.1875,0.1875,0.1875,1., 0001221P0002455
1.,1.,0.852541327,0.130327208,0.,0.865127714,0.145156928,0.,     0001221P0002456
0.876741726,0.160846126,0.,0.15625,0.1875,0.,0.,1.;              0001221P0002457
126,2,2,1,0,1,0,0.1875,0.1875,0.1875,0.25,0.25,0.25,1.,1.,1.,    0001223P0002458
0.876741726,0.160846126,0.,0.899479242,0.191561901,0.,           0001223P0002459
0.918053635,0.224944984,0.,0.1875,0.25,0.,0.,1.;                 0001223P0002460
126,2,2,1,0,1,0,0.25,0.25,0.25,0.3125,0.3125,0.3125,1.,1.,1.,    0001225P0002461
0.918053635,0.224944984,0.,0.93609879,0.257376886,0.,            0001225P0002462
0.949816689,0.291622659,0.,0.25,0.3125,0.,0.,1.;                 0001225P0002463
126,2,2,1,0,1,0,0.3125,0.3125,0.3125,0.375,0.375,0.375,1.,1.,1., 0001227P0002464
0.949816689,0.291622659,0.,0.963246727,0.325149805,0.,           0001227P0002465
0.972292232,0.359832677,0.,0.3125,0.375,0.,0.,1.;                0001227P0002466
126,2,2,1,0,1,0,0.375,0.375,0.375,0.4375,0.4375,0.4375,1.,1.,1., 0001229P0002467
0.972292232,0.359832677,0.,0.981294743,0.394350702,0.,           0001229P0002468
0.985822787,0.429518526,0.,0.375,0.4375,0.,0.,1.;                0001229P0002469
126,2,2,1,0,1,0,0.4375,0.4375,0.4375,0.5,0.5,0.5,1.,1.,1.,       0001231P0002470
0.985822787,0.429518526,0.,0.990370759,0.464841131,0.,           0001231P0002471
0.990346573,0.500374809,0.,0.4375,0.5,0.,0.,1.;                  0001231P0002472
126,2,2,1,0,1,0,0.5,0.5,0.5,0.5625,0.5625,0.5625,1.,1.,1.,       0001233P0002473
0.990346573,0.500374809,0.,0.990322531,0.535698821,0.,           0001233P0002474
0.985780257,0.570811011,0.,0.5,0.5625,0.,0.,1.;                  0001233P0002475
126,2,2,1,0,1,0,0.5625,0.5625,0.5625,0.625,0.625,0.625,1.,1.,1., 0001235P0002476
0.985780257,0.570811011,0.,0.981223621,0.60603422,0.,0.97217843, 0001235P0002477
0.640602957,0.,0.5625,0.625,0.,0.,1.;                            0001235P0002478
126,2,2,1,0,1,0,0.625,0.625,0.625,0.6875,0.6875,0.6875,1.,1.,1., 0001237P0002479
0.97217843,0.640602957,0.,0.963003601,0.675667144,0.,            0001237P0002480
0.949348238,0.709543121,0.,0.625,0.6875,0.,0.,1.;                0001237P0002481
126,2,2,1,0,1,0,0.6875,0.6875,0.6875,0.75,0.75,0.75,1.,1.,1.,    0001239P0002482
0.949348238,0.709543121,0.,0.935579787,0.743699646,0.,           0001239P0002483
0.917505103,0.776038654,0.,0.6875,0.75,0.,0.,1.;                 0001239P0002484
126,2,2,1,0,1,0,0.75,0.75,0.75,0.8125,0.8125,0.8125,1.,1.,1.,    0001241P0002485
0.917505103,0.776038654,0.,0.898997134,0.80915289,0.,            0001241P0002486
0.876390127,0.839628346,0.,0.75,0.8125,0.,0.,1.;                 0001241P0002487
126,2,2,1,0,1,0,0.8125,0.8125,0.8125,0.84375,0.84375,0.84375,1., 0001243P0002488
1.,1.,0.876390127,0.839628346,0.,0.864713853,0.855368588,0.,     0001243P0002489
0.85205889,0.870240479,0.,0.8125,0.84375,0.,0.,1.;               0001243P0002490
126,2,2,1,0,1,0,0.84375,0.84375,0.84375,0.875,0.875,0.875,1.,1., 0001245P0002491
1.,0.85205889,0.870240479,0.,0.839042986,0.885536541,0.,         0001245P0002492
0.825095062,0.899793032,0.,0.84375,0.875,0.,0.,1.;               0001245P0002493
126,2,2,1,0,1,0,0.875,0.875,0.875,0.90625,0.90625,0.90625,1.,1., 0001247P0002494
1.,0.825095062,0.899793032,0.,0.810833583,0.914370016,0.,        0001247P0002495
0.795721102,0.927734333,0.,0.875,0.90625,0.,0.,1.;               0001247P0002496
126,2,2,1,0,1,0,0.90625,0.90625,0.90625,0.9375,0.9375,0.9375,1., 0001249P0002497
1.,1.,0.795721102,0.927734333,0.,0.780122271,0.941528741,0.,     0001249P0002498
0.763757967,0.953906189,0.,0.90625,0.9375,0.,0.,1.;              0001249P0002499
126,2,2,1,0,1,0,0.9375,0.9375,0.9375,0.96875,0.96875,0.96875,1., 0001251P0002500
1.,1.,0.763757967,0.953906189,0.,0.746679611,0.966823723,0.,     0001251P0002501
0.72889968,0.978099495,0.,0.9375,0.96875,0.,0.,1.;               0001251P0002502
126,2,2,1,0,1,0,0.96875,0.96875,0.96875,1.,1.,1.,1.,1.,1.,       0001253P0002503
0.72889968,0.978099495,0.,0.710095353,0.990024923,0.,            0001253P0002504
0.690686408,1.,0.,0.96875,1.,0.,0.,1.;                           0001253P0002505
126,1,1,1,0,1,0,1.702071262E-04,1.702071262E-04,27.859555019,    0001255P0002506
27.859555019,1.,1.,0.690686408,1.,0.,0.309313618,1.,0.,          0001255P0002507
1.702071262E-04,27.859555019,0.,0.,1.;                           0001255P0002508
126,2,2,1,0,1,0,0.,0.,0.,3.125E-02,3.125E-02,3.125E-02,1.,1.,1., 0001257P0002509
0.309313618,1.,0.,0.289908631,0.990026958,0.,0.271107998,        0001257P0002510
0.97810435,0.,0.,3.125E-02,0.,0.,1.;                             0001257P0002511
126,2,2,1,0,1,0,3.125E-02,3.125E-02,3.125E-02,6.25E-02,6.25E-02, 0001259P0002512
6.25E-02,1.,1.,1.,0.271107998,0.97810435,0.,0.253225972,         0001259P0002513
0.966764286,0.,0.236054016,0.953763899,0.,3.125E-02,6.25E-02,0., 0001259P0002514
0.,1.;                                                           0001259P0002515
126,2,2,1,0,1,0,6.25E-02,6.25E-02,6.25E-02,9.375E-02,9.375E-02,  0001261P0002516
9.375E-02,1.,1.,1.,0.236054016,0.953763899,0.,0.219517548,       0001261P0002517
0.941244621,0.,0.203764582,0.927278922,0.,6.25E-02,9.375E-02,0., 0001261P0002518
0.,1.;                                                           0001261P0002519
126,2,2,1,0,1,0,9.375E-02,9.375E-02,9.375E-02,0.125,0.125,0.125, 0001263P0002520
1.,1.,1.,0.203764582,0.927278922,0.,0.188555692,0.91379557,0.,   0001263P0002521
0.174212934,0.89908446,0.,9.375E-02,0.125,0.,0.,1.;              0001263P0002522
126,2,2,1,0,1,0,0.125,0.125,0.125,0.15625,0.15625,0.15625,1.,1., 0001265P0002523
1.,0.174212934,0.89908446,0.,0.160374465,0.88489059,0.,          0001265P0002524
0.147458707,0.86967279,0.,0.125,0.15625,0.,0.,1.;                0001265P0002525
126,2,2,1,0,1,0,0.15625,0.15625,0.15625,0.1875,0.1875,0.1875,1., 0001267P0002526
1.,1.,0.147458707,0.86967279,0.,0.134872324,0.854843071,0.,      0001267P0002527
0.123258313,0.839153871,0.,0.15625,0.1875,0.,0.,1.;              0001267P0002528
126,2,2,1,0,1,0,0.1875,0.1875,0.1875,0.25,0.25,0.25,1.,1.,1.,    0001269P0002529
0.123258313,0.839153871,0.,0.100520802,0.808438094,0.,           0001269P0002530
8.1946408E-02,0.77505501,0.,0.1875,0.25,0.,0.,1.;                0001269P0002531
126,2,2,1,0,1,0,0.25,0.25,0.25,0.3125,0.3125,0.3125,1.,1.,1.,    0001271P0002532
8.1946408E-02,0.77505501,0.,6.3901252E-02,0.742623106,0.,        0001271P0002533
5.0183351E-02,0.708377339,0.,0.25,0.3125,0.,0.,1.;               0001271P0002534
126,2,2,1,0,1,0,0.3125,0.3125,0.3125,0.375,0.375,0.375,1.,1.,1., 0001273P0002535
5.0183351E-02,0.708377339,0.,3.6753308E-02,0.67485019,0.,        0001273P0002536
2.7707801E-02,0.640167322,0.,0.3125,0.375,0.,0.,1.;              0001273P0002537
126,2,2,1,0,1,0,0.375,0.375,0.375,0.4375,0.4375,0.4375,1.,1.,1., 0001275P0002538
2.7707801E-02,0.640167322,0.,1.8705285E-02,0.605649295,0.,       0001275P0002539
1.4177239E-02,0.570481471,0.,0.375,0.4375,0.,0.,1.;              0001275P0002540
126,2,2,1,0,1,0,0.4375,0.4375,0.4375,0.5,0.5,0.5,1.,1.,1.,       0001277P0002541
1.4177239E-02,0.570481471,0.,9.629265E-03,0.535158867,0.,        0001277P0002542
9.653451E-03,0.499625189,0.,0.4375,0.5,0.,0.,1.;                 0001277P0002543
126,2,2,1,0,1,0,0.5,0.5,0.5,0.5625,0.5625,0.5625,1.,1.,1.,       0001279P0002544
9.653451E-03,0.499625189,0.,9.677494E-03,0.464301178,0.,         0001279P0002545
1.421977E-02,0.429188989,0.,0.5,0.5625,0.,0.,1.;                 0001279P0002546
126,2,2,1,0,1,0,0.5625,0.5625,0.5625,0.625,0.625,0.625,1.,1.,1., 0001281P0002547
1.421977E-02,0.429188989,0.,1.8776408E-02,0.393965782,0.,        0001281P0002548
2.7821603E-02,0.359397044,0.,0.5625,0.625,0.,0.,1.;              0001281P0002549
126,2,2,1,0,1,0,0.625,0.625,0.625,0.6875,0.6875,0.6875,1.,1.,1., 0001283P0002550
2.7821603E-02,0.359397044,0.,3.6996434E-02,0.324332862,0.,       0001283P0002551
5.0651802E-02,0.290456882,0.,0.625,0.6875,0.,0.,1.;              0001283P0002552
126,2,2,1,0,1,0,0.6875,0.6875,0.6875,0.75,0.75,0.75,1.,1.,1.,    0001285P0002553
5.0651802E-02,0.290456882,0.,6.4420255E-02,0.256300362,0.,       0001285P0002554
8.2494941E-02,0.22396135,0.,0.6875,0.75,0.,0.,1.;                0001285P0002555
126,2,2,1,0,1,0,0.75,0.75,0.75,0.8125,0.8125,0.8125,1.,1.,1.,    0001287P0002556
8.2494941E-02,0.22396135,0.,0.10100291,0.190847114,0.,           0001287P0002557
0.123609912,0.160371657,0.,0.75,0.8125,0.,0.,1.;                 0001287P0002558
126,2,2,1,0,1,0,0.8125,0.8125,0.8125,0.84375,0.84375,0.84375,1., 0001289P0002559
1.,1.,0.123609912,0.160371657,0.,0.135286185,0.144631413,0.,     0001289P0002560
0.147941145,0.129759522,0.,0.8125,0.84375,0.,0.,1.;              0001289P0002561
126,2,2,1,0,1,0,0.84375,0.84375,0.84375,0.875,0.875,0.875,1.,1., 0001291P0002562
1.,0.147941145,0.129759522,0.,0.160957047,0.114463457,0.,        0001291P0002563
0.174904967,0.100206966,0.,0.84375,0.875,0.,0.,1.;               0001291P0002564
126,2,2,1,0,1,0,0.875,0.875,0.875,0.90625,0.90625,0.90625,1.,1., 0001293P0002565
1.,0.174904967,0.100206966,0.,0.189166445,8.562998E-02,0.,       0001293P0002566
0.204278923,7.2265663E-02,0.,0.875,0.90625,0.,0.,1.;             0001293P0002567
126,2,2,1,0,1,0,0.90625,0.90625,0.90625,0.9375,0.9375,0.9375,1., 0001295P0002568
1.,1.,0.204278923,7.2265663E-02,0.,0.219877753,5.8471254E-02,0., 0001295P0002569
0.236242056,4.6093807E-02,0.,0.90625,0.9375,0.,0.,1.;            0001295P0002570
126,2,2,1,0,1,0,0.9375,0.9375,0.9375,0.96875,0.96875,0.96875,1., 0001297P0002571
1.,1.,0.236242056,4.6093807E-02,0.,0.25332041,3.3176275E-02,0.,  0001297P0002572
0.271100345,2.1900503E-02,0.,0.9375,0.96875,0.,0.,1.;            0001297P0002573
126,2,2,1,0,1,0,0.96875,0.96875,0.96875,1.,1.,1.,1.,1.,1.,       0001299P0002574
0.271100345,2.1900503E-02,0.,0.289904671,9.975077E-03,0.,        0001299P0002575
0.309313619,0.,0.,0.96875,1.,0.,0.,1.;                           0001299P0002576
102,46,1303,1305,1307,1309,1311,1313,1315,1317,1319,1321,1323,   0001301P0002577
1325,1327,1329,1331,1333,1335,1337,1339,1341,1343,1345,1347,     0001301P0002578
1349,1351,1353,1355,1357,1359,1361,1363,1365,1367,1369,1371,     0001301P0002579
1373,1375,1377,1379,1381,1383,1385,1387,1389,1391,1393;          0001301P0002580
110,13.929692341,-47.76,0.25,-13.929692443,-47.76,0.25;          0001303P0002581
126,2,2,1,0,1,0,0.,0.,0.,3.125E-02,3.125E-02,3.125E-02,1.,1.,1., 0001305P0002582
-13.929692415,-47.76,0.249999989,-15.347231711,-47.76,           0001305P0002583
1.242317569,-16.720623076,-47.76,2.428617363,0.,3.125E-02,0.,1., 0001305P0002584
0.;                                                              0001305P0002585
126,2,2,1,0,1,0,3.125E-02,3.125E-02,3.125E-02,6.25E-02,6.25E-02, 0001307P0002586
6.25E-02,1.,1.,1.,-16.720623076,-47.76,2.428617363,              0001307P0002587
-18.026909589,-47.76,3.556953632,-19.281325735,-47.76,           0001307P0002588
4.850492338,3.125E-02,6.25E-02,0.,1.,0.;                         0001307P0002589
126,2,2,1,0,1,0,6.25E-02,6.25E-02,6.25E-02,9.375E-02,9.375E-02,  0001309P0002590
9.375E-02,1.,1.,1.,-19.281325735,-47.76,4.850492338,             0001309P0002591
-20.489319239,-47.76,6.096160598,-21.640077712,-47.76,           0001309P0002592
7.48574745,6.25E-02,9.375E-02,0.,1.,0.;                          0001309P0002593
126,2,2,1,0,1,0,9.375E-02,9.375E-02,9.375E-02,0.125,0.125,0.125, 0001311P0002594
1.,1.,1.,-21.640077712,-47.76,7.48574745,-22.751091433,-47.76,   0001311P0002595
8.827341073,-23.798833905,-47.76,10.29109622,9.375E-02,0.125,0., 0001311P0002596
1.,0.;                                                           0001311P0002597
126,2,2,1,0,1,0,0.125,0.125,0.125,0.15625,0.15625,0.15625,1.,1., 0001313P0002598
1.,-23.798833905,-47.76,10.29109622,-24.809738076,-47.76,        0001313P0002599
11.703386385,-25.753237742,-47.76,13.217557186,0.125,0.15625,0., 0001313P0002600
1.,0.;                                                           0001313P0002601
126,2,2,1,0,1,0,0.15625,0.15625,0.15625,0.1875,0.1875,0.1875,1., 0001315P0002602
1.,1.,-25.753237742,-47.76,13.217557186,-26.672676694,-47.76,    0001315P0002603
14.693114327,-27.521083392,-47.76,16.254189528,0.15625,0.1875,   0001315P0002604
0.,1.,0.;                                                        0001315P0002605
126,2,2,1,0,1,0,0.1875,0.1875,0.1875,0.25,0.25,0.25,1.,1.,1.,    0001317P0002606
-27.521083392,-47.76,16.254189528,-29.182065046,-47.76,          0001317P0002607
19.310409141,-30.538929446,-47.76,22.6320259,0.1875,0.25,0.,1.,  0001317P0002608
0.;                                                              0001317P0002609
126,2,2,1,0,1,0,0.25,0.25,0.25,0.3125,0.3125,0.3125,1.,1.,1.,    0001319P0002610
-30.538929446,-47.76,22.6320259,-31.857132868,-47.76,            0001319P0002611
25.859000149,-32.859229076,-47.76,29.266454563,0.25,0.3125,0.,   0001319P0002612
1.,0.;                                                           0001319P0002613
126,2,2,1,0,1,0,0.3125,0.3125,0.3125,0.375,0.375,0.375,1.,1.,1., 0001321P0002614
-32.859229076,-47.76,29.266454563,-33.840296961,-47.76,          0001321P0002615
32.60240559,-34.501073532,-47.76,36.053351354,0.3125,0.375,0.,   0001321P0002616
1.,0.;                                                           0001321P0002617
126,2,2,1,0,1,0,0.375,0.375,0.375,0.4375,0.4375,0.4375,1.,1.,1., 0001323P0002618
-34.501073532,-47.76,36.053351354,-35.15870938,-47.76,           0001323P0002619
39.487894842,-35.489484211,-47.76,42.987093331,0.375,0.4375,0.,  0001323P0002620
1.,0.;                                                           0001323P0002621
126,2,2,1,0,1,0,0.4375,0.4375,0.4375,0.5,0.5,0.5,1.,1.,1.,       0001325P0002622
-35.489484211,-47.76,42.987093331,-35.821714787,-47.76,          0001325P0002623
46.501692529,-35.819947993,-47.76,50.03729349,0.4375,0.5,0.,1.,  0001325P0002624
0.;                                                              0001325P0002625
126,2,2,1,0,1,0,0.5,0.5,0.5,0.5625,0.5625,0.5625,1.,1.,1.,       0001327P0002626
-35.819947993,-47.76,50.03729349,-35.818191719,-47.76,           0001327P0002627
53.552032684,-35.486377383,-47.76,57.04569559,0.5,0.5625,0.,1.,  0001327P0002628
0.;                                                              0001327P0002629
126,2,2,1,0,1,0,0.5625,0.5625,0.5625,0.625,0.625,0.625,1.,1.,1., 0001329P0002630
-35.486377383,-47.76,57.04569559,-35.153513898,-47.76,           0001329P0002631
60.550404886,-34.492760265,-47.76,63.989994218,0.5625,0.625,0.,  0001329P0002632
1.,0.;                                                           0001329P0002633
126,2,2,1,0,1,0,0.625,0.625,0.625,0.6875,0.6875,0.6875,1.,1.,1., 0001331P0002634
-34.492760265,-47.76,63.989994218,-33.822536541,-47.76,          0001331P0002635
67.478880824,-32.825008605,-47.76,70.849540536,0.625,0.6875,0.,  0001331P0002636
1.,0.;                                                           0001331P0002637
126,2,2,1,0,1,0,0.6875,0.6875,0.6875,0.75,0.75,0.75,1.,1.,1.,    0001333P0002638
-32.825008605,-47.76,70.849540536,-31.819219559,-47.76,          0001333P0002639
74.248114774,-30.498859036,-47.76,77.465846071,0.6875,0.75,0.,   0001333P0002640
1.,0.;                                                           0001333P0002641
126,2,2,1,0,1,0,0.75,0.75,0.75,0.8125,0.8125,0.8125,1.,1.,1.,    0001335P0002642
-30.498859036,-47.76,77.465846071,-29.146846927,-47.76,          0001335P0002643
80.760712553,-27.495398991,-47.76,83.793020425,0.75,0.8125,0.,   0001335P0002644
1.,0.;                                                           0001335P0002645
126,2,2,1,0,1,0,0.8125,0.8125,0.8125,0.84375,0.84375,0.84375,1., 0001337P0002646
1.,1.,-27.495398991,-47.76,83.793020425,-26.642444037,-47.76,    0001337P0002647
85.359174504,-25.717995589,-47.76,86.838927659,0.8125,0.84375,   0001337P0002648
0.,1.,0.;                                                        0001337P0002649
126,2,2,1,0,1,0,0.84375,0.84375,0.84375,0.875,0.875,0.875,1.,1., 0001339P0002650
1.,-25.717995589,-47.76,86.838927659,-24.767180304,-47.76,       0001339P0002651
88.360885828,-23.748280708,-47.76,89.779406683,0.84375,0.875,0., 0001339P0002652
1.,0.;                                                           0001339P0002653
126,2,2,1,0,1,0,0.875,0.875,0.875,0.90625,0.90625,0.90625,1.,1., 0001341P0002654
1.,-23.748280708,-47.76,89.779406683,-22.706475835,-47.76,       0001341P0002655
91.229816591,-21.602505037,-47.76,92.559566133,0.875,0.90625,0., 0001341P0002656
1.,0.;                                                           0001341P0002657
126,2,2,1,0,1,0,0.90625,0.90625,0.90625,0.9375,0.9375,0.9375,1., 0001343P0002658
1.,1.,-21.602505037,-47.76,92.559566133,-20.46300624,-47.76,     0001343P0002659
93.932109729,-19.267589436,-47.76,95.163665805,0.90625,0.9375,   0001343P0002660
0.,1.,0.;                                                        0001343P0002661
126,2,2,1,0,1,0,0.9375,0.9375,0.9375,0.96875,0.96875,0.96875,1., 0001345P0002662
1.,1.,-19.267589436,-47.76,95.163665805,-18.020010941,-47.76,    0001345P0002663
96.448960438,-16.721182203,-47.76,97.570899752,0.9375,0.96875,   0001345P0002664
0.,1.,0.;                                                        0001345P0002665
126,2,2,1,0,1,0,0.96875,0.96875,0.96875,1.,1.,1.,1.,1.,1.,       0001347P0002666
-16.721182203,-47.76,97.570899752,-15.347521063,-47.76,          0001347P0002667
98.757479838,-13.929692415,-47.76,99.75,0.96875,1.,0.,1.,0.;     0001347P0002668
110,-13.929692419,-47.76,99.75,13.929692392,-47.76,99.75;        0001349P0002669
126,2,2,1,0,1,0,0.,0.,0.,3.125E-02,3.125E-02,3.125E-02,1.,1.,1., 0001351P0002670
13.929692378,-47.76,99.75,15.347231893,-47.76,98.757682321,      0001351P0002671
16.720623186,-47.76,97.571382825,0.,3.125E-02,0.,1.,0.;          0001351P0002672
126,2,2,1,0,1,0,3.125E-02,3.125E-02,3.125E-02,6.25E-02,6.25E-02, 0001353P0002673
6.25E-02,1.,1.,1.,16.720623186,-47.76,97.571382825,18.02690999,  0001353P0002674
-47.76,96.443046457,19.281325991,-47.76,95.14950795,3.125E-02,   0001353P0002675
6.25E-02,0.,1.,0.;                                               0001353P0002676
126,2,2,1,0,1,0,6.25E-02,6.25E-02,6.25E-02,9.375E-02,9.375E-02,  0001355P0002677
9.375E-02,1.,1.,1.,19.281325991,-47.76,95.14950795,20.489319422, 0001355P0002678
-47.76,93.903839789,21.640077821,-47.76,92.514252738,6.25E-02,   0001355P0002679
9.375E-02,0.,1.,0.;                                              0001355P0002680
126,2,2,1,0,1,0,9.375E-02,9.375E-02,9.375E-02,0.125,0.125,0.125, 0001357P0002681
1.,1.,1.,21.640077821,-47.76,92.514252738,22.751091323,-47.76,   0001357P0002682
91.172659214,23.798833649,-47.76,89.708903769,9.375E-02,0.125,   0001357P0002683
0.,1.,0.;                                                        0001357P0002684
126,2,2,1,0,1,0,0.125,0.125,0.125,0.15625,0.15625,0.15625,1.,1., 0001359P0002685
1.,23.798833649,-47.76,89.708903769,24.809737528,-47.76,         0001359P0002686
88.296613704,25.753237121,-47.76,86.782442604,0.125,0.15625,0.,  0001359P0002687
1.,0.;                                                           0001359P0002688
126,2,2,1,0,1,0,0.15625,0.15625,0.15625,0.1875,0.1875,0.1875,1., 0001361P0002689
1.,1.,25.753237121,-47.76,86.782442604,26.672675781,-47.76,      0001361P0002690
85.306885563,27.521082406,-47.76,83.745810163,0.15625,0.1875,0., 0001361P0002691
1.,0.;                                                           0001361P0002692
126,2,2,1,0,1,0,0.1875,0.1875,0.1875,0.25,0.25,0.25,1.,1.,1.,    0001363P0002693
27.521082406,-47.76,83.745810163,29.182063694,-47.76,            0001363P0002694
80.689590351,30.538928167,-47.76,77.367973493,0.1875,0.25,0.,1., 0001363P0002695
0.;                                                              0001363P0002696
126,2,2,1,0,1,0,0.25,0.25,0.25,0.3125,0.3125,0.3125,1.,1.,1.,    0001365P0002697
30.538928167,-47.76,77.367973493,31.857131662,-47.76,            0001365P0002698
74.140999044,32.859228017,-47.76,70.733545227,0.25,0.3125,0.,1., 0001365P0002699
0.;                                                              0001365P0002700
126,2,2,1,0,1,0,0.3125,0.3125,0.3125,0.375,0.375,0.375,1.,1.,1., 0001367P0002701
32.859228017,-47.76,70.733545227,33.840296267,-47.76,            0001367P0002702
67.397593901,34.501072984,-47.76,63.946648535,0.3125,0.375,0.,   0001367P0002703
1.,0.;                                                           0001367P0002704
126,2,2,1,0,1,0,0.375,0.375,0.375,0.4375,0.4375,0.4375,1.,1.,1., 0001369P0002705
34.501072984,-47.76,63.946648535,35.158709197,-47.76,            0001369P0002706
60.512104848,35.489484174,-47.76,57.01290636,0.375,0.4375,0.,1., 0001369P0002707
0.;                                                              0001369P0002708
126,2,2,1,0,1,0,0.4375,0.4375,0.4375,0.5,0.5,0.5,1.,1.,1.,       0001371P0002709
35.489484174,-47.76,57.01290636,35.821714897,-47.76,             0001371P0002710
53.498307261,35.819948103,-47.76,49.9627063,0.4375,0.5,0.,1.,0.; 0001371P0002711
126,2,2,1,0,1,0,0.5,0.5,0.5,0.5625,0.5625,0.5625,1.,1.,1.,       0001373P0002712
35.819948103,-47.76,49.9627063,35.818191755,-47.76,46.447967205, 0001373P0002713
35.486377273,-47.76,42.954304399,0.5,0.5625,0.,1.,0.;            0001373P0002714
126,2,2,1,0,1,0,0.5625,0.5625,0.5625,0.625,0.625,0.625,1.,1.,1., 0001375P0002715
35.486377273,-47.76,42.954304399,35.153513643,-47.76,            0001375P0002716
39.449595302,34.492759717,-47.76,36.010005871,0.5625,0.625,0.,   0001375P0002717
1.,0.;                                                           0001375P0002718
126,2,2,1,0,1,0,0.625,0.625,0.625,0.6875,0.6875,0.6875,1.,1.,1., 0001377P0002719
34.492759717,-47.76,36.010005871,33.822535847,-47.76,            0001377P0002720
32.521119762,32.825007545,-47.76,29.150459751,0.625,0.6875,0.,   0001377P0002721
1.,0.;                                                           0001377P0002722
126,2,2,1,0,1,0,0.6875,0.6875,0.6875,0.75,0.75,0.75,1.,1.,1.,    0001379P0002723
32.825007545,-47.76,29.150459751,31.819218354,-47.76,            0001379P0002724
25.751886011,30.498857684,-47.76,22.534154317,0.6875,0.75,0.,1., 0001379P0002725
0.;                                                              0001379P0002726
126,2,2,1,0,1,0,0.75,0.75,0.75,0.8125,0.8125,0.8125,1.,1.,1.,    0001381P0002727
30.498857684,-47.76,22.534154317,29.146845575,-47.76,            0001381P0002728
19.239287834,27.495398004,-47.76,16.206979862,0.75,0.8125,0.,1., 0001381P0002729
0.;                                                              0001381P0002730
126,2,2,1,0,1,0,0.8125,0.8125,0.8125,0.84375,0.84375,0.84375,1., 0001383P0002731
1.,1.,27.495398004,-47.76,16.206979862,26.642443124,-47.76,      0001383P0002732
14.640825584,25.717994895,-47.76,13.161072429,0.8125,0.84375,0., 0001383P0002733
1.,0.;                                                           0001383P0002734
126,2,2,1,0,1,0,0.84375,0.84375,0.84375,0.875,0.875,0.875,1.,1., 0001385P0002735
1.,25.717994895,-47.76,13.161072429,24.767179756,-47.76,         0001385P0002736
11.639113962,23.748280452,-47.76,10.220593107,0.84375,0.875,0.,  0001385P0002737
1.,0.;                                                           0001385P0002738
126,2,2,1,0,1,0,0.875,0.875,0.875,0.90625,0.90625,0.90625,1.,1., 0001387P0002739
1.,23.748280452,-47.76,10.220593107,22.706475652,-47.76,         0001387P0002740
8.770183,21.602505073,-47.76,7.440433458,0.875,0.90625,0.,1.,0.; 0001387P0002741
126,2,2,1,0,1,0,0.90625,0.90625,0.90625,0.9375,0.9375,0.9375,1., 0001389P0002742
1.,1.,21.602505073,-47.76,7.440433458,20.46300635,-47.76,        0001389P0002743
6.067889763,19.267589618,-47.76,4.836333786,0.90625,0.9375,0.,   0001389P0002744
1.,0.;                                                           0001389P0002745
126,2,2,1,0,1,0,0.9375,0.9375,0.9375,0.96875,0.96875,0.96875,1., 0001391P0002746
1.,1.,19.267589618,-47.76,4.836333786,18.020011269,-47.76,       0001391P0002747
3.551039352,16.72118224,-47.76,2.429100038,0.9375,0.96875,0.,1., 0001391P0002748
0.;                                                              0001391P0002749
126,2,2,1,0,1,0,0.96875,0.96875,0.96875,1.,1.,1.,1.,1.,1.,       0001393P0002750
16.72118224,-47.76,2.429100038,15.347521172,-47.76,1.242520151,  0001393P0002751
13.929692305,-47.76,0.249999989,0.96875,1.,0.,1.,0.;             0001393P0002752
144,1397,1,0,1399;                                               0001395P0002753
128,1,1,1,1,0,0,1,0,0,0.,0.,1.,1.,0.,0.,1.,1.,1.,1.,1.,1.,47.76, 0001397P0002754
-36.525138926,0.249999989,47.76,-36.525138926,99.75,47.76,       0001397P0002755
36.525138926,0.249999989,47.76,36.525138926,99.75,0.,1.,         0001397P0002756
9.629276E-03,0.990370724;                                        0001397P0002757
142,0,1397,1401,1495,3;                                          0001399P0002758
102,46,1403,1405,1407,1409,1411,1413,1415,1417,1419,1421,1423,   0001401P0002759
1425,1427,1429,1431,1433,1435,1437,1439,1441,1443,1445,1447,     0001401P0002760
1449,1451,1453,1455,1457,1459,1461,1463,1465,1467,1469,1471,     0001401P0002761
1473,1475,1477,1479,1481,1483,1485,1487,1489,1491,1493;          0001401P0002762
126,1,1,1,0,1,0,3.374192328E-04,3.374192328E-04,27.859730908,    0001403P0002763
27.859730908,1.,1.,0.,0.690686431,0.,0.,0.309313569,0.,          0001403P0002764
3.374192328E-04,27.859730908,0.,0.,1.;                           0001403P0002765
126,2,2,1,0,1,0,0.,0.,0.,3.125E-02,3.125E-02,3.125E-02,1.,1.,1., 0001405P0002766
0.,0.309313569,0.,9.973026E-03,0.289908543,0.,2.1895612E-02,     0001405P0002767
0.271107918,0.,0.,3.125E-02,0.,0.,1.;                            0001405P0002768
126,2,2,1,0,1,0,3.125E-02,3.125E-02,3.125E-02,6.25E-02,6.25E-02, 0001407P0002769
6.25E-02,1.,1.,1.,2.1895612E-02,0.271107918,0.,3.3235659E-02,    0001407P0002770
0.253225895,0.,4.6236053E-02,0.23605394,0.,3.125E-02,6.25E-02,   0001407P0002771
0.,0.,1.;                                                        0001407P0002772
126,2,2,1,0,1,0,6.25E-02,6.25E-02,6.25E-02,9.375E-02,9.375E-02,  0001409P0002773
9.375E-02,1.,1.,1.,4.6236053E-02,0.23605394,0.,5.8755315E-02,    0001409P0002774
0.219517503,0.,7.2721037E-02,0.203764533,0.,6.25E-02,9.375E-02,  0001409P0002775
0.,0.,1.;                                                        0001409P0002776
126,2,2,1,0,1,0,9.375E-02,9.375E-02,9.375E-02,0.125,0.125,0.125, 0001411P0002777
1.,1.,1.,7.2721037E-02,0.203764533,0.,8.6204387E-02,0.188555666, 0001411P0002778
0.,0.100915515,0.174212911,0.,9.375E-02,0.125,0.,0.,1.;          0001411P0002779
126,2,2,1,0,1,0,0.125,0.125,0.125,0.15625,0.15625,0.15625,1.,1., 0001413P0002780
1.,0.100915515,0.174212911,0.,0.11510939,0.160374456,0.,         0001413P0002781
0.130327198,0.147458704,0.,0.125,0.15625,0.,0.,1.;               0001413P0002782
126,2,2,1,0,1,0,0.15625,0.15625,0.15625,0.1875,0.1875,0.1875,1., 0001415P0002783
1.,1.,0.130327198,0.147458704,0.,0.145156924,0.134872328,0.,     0001415P0002784
0.160846126,0.123258323,0.,0.15625,0.1875,0.,0.,1.;              0001415P0002785
126,2,2,1,0,1,0,0.1875,0.1875,0.1875,0.25,0.25,0.25,1.,1.,1.,    0001417P0002786
0.160846126,0.123258323,0.,0.191561919,0.100520812,0.,           0001417P0002787
0.224944991,8.1946425E-02,0.,0.1875,0.25,0.,0.,1.;               0001417P0002788
126,2,2,1,0,1,0,0.25,0.25,0.25,0.3125,0.3125,0.3125,1.,1.,1.,    0001419P0002789
0.224944991,8.1946425E-02,0.,0.257376902,6.3901266E-02,0.,       0001419P0002790
0.291622662,5.0183366E-02,0.,0.25,0.3125,0.,0.,1.;               0001419P0002791
126,2,2,1,0,1,0,0.3125,0.3125,0.3125,0.375,0.375,0.375,1.,1.,1., 0001421P0002792
0.291622662,5.0183366E-02,0.,0.325149811,3.6753321E-02,0.,       0001421P0002793
0.359832679,2.7707813E-02,0.,0.3125,0.375,0.,0.,1.;              0001421P0002794
126,2,2,1,0,1,0,0.375,0.375,0.375,0.4375,0.4375,0.4375,1.,1.,1., 0001423P0002795
0.359832679,2.7707813E-02,0.,0.394350706,1.8705296E-02,0.,       0001423P0002796
0.429518531,1.417725E-02,0.,0.375,0.4375,0.,0.,1.;               0001423P0002797
126,2,2,1,0,1,0,0.4375,0.4375,0.4375,0.5,0.5,0.5,1.,1.,1.,       0001425P0002798
0.429518531,1.417725E-02,0.,0.464841135,9.629276E-03,0.,         0001425P0002799
0.500374814,9.653462E-03,0.,0.4375,0.5,0.,0.,1.;                 0001425P0002800
126,2,2,1,0,1,0,0.5,0.5,0.5,0.5625,0.5625,0.5625,1.,1.,1.,       0001427P0002801
0.500374814,9.653462E-03,0.,0.535698824,9.677505E-03,0.,         0001427P0002802
0.570811013,1.4219781E-02,0.,0.5,0.5625,0.,0.,1.;                0001427P0002803
126,2,2,1,0,1,0,0.5625,0.5625,0.5625,0.625,0.625,0.625,1.,1.,1., 0001429P0002804
0.570811013,1.4219781E-02,0.,0.606034219,1.8776419E-02,0.,       0001429P0002805
0.640602956,2.7821614E-02,0.,0.5625,0.625,0.,0.,1.;              0001429P0002806
126,2,2,1,0,1,0,0.625,0.625,0.625,0.6875,0.6875,0.6875,1.,1.,1., 0001431P0002807
0.640602956,2.7821614E-02,0.,0.675667137,3.6996447E-02,0.,       0001431P0002808
0.709543117,5.0651816E-02,0.,0.625,0.6875,0.,0.,1.;              0001431P0002809
126,2,2,1,0,1,0,0.6875,0.6875,0.6875,0.75,0.75,0.75,1.,1.,1.,    0001433P0002810
0.709543117,5.0651816E-02,0.,0.74369963,6.4420268E-02,0.,        0001433P0002811
0.776038649,8.2494958E-02,0.,0.6875,0.75,0.,0.,1.;               0001433P0002812
126,2,2,1,0,1,0,0.75,0.75,0.75,0.8125,0.8125,0.8125,1.,1.,1.,    0001435P0002813
0.776038649,8.2494958E-02,0.,0.809152871,0.101002919,0.,         0001435P0002814
0.839628342,0.123609918,0.,0.75,0.8125,0.,0.,1.;                 0001435P0002815
126,2,2,1,0,1,0,0.8125,0.8125,0.8125,0.84375,0.84375,0.84375,1., 0001437P0002816
1.,1.,0.839628342,0.123609918,0.,0.855368585,0.135286183,0.,     0001437P0002817
0.87024048,0.147941132,0.,0.8125,0.84375,0.,0.,1.;               0001437P0002818
126,2,2,1,0,1,0,0.84375,0.84375,0.84375,0.875,0.875,0.875,1.,1., 0001439P0002819
1.,0.87024048,0.147941132,0.,0.885536552,0.160957028,0.,         0001439P0002820
0.899793047,0.174904931,0.,0.84375,0.875,0.,0.,1.;               0001439P0002821
126,2,2,1,0,1,0,0.875,0.875,0.875,0.90625,0.90625,0.90625,1.,1., 0001441P0002822
1.,0.899793047,0.174904931,0.,0.91437005,0.189166406,0.,         0001441P0002823
0.927734366,0.20427886,0.,0.875,0.90625,0.,0.,1.;                0001441P0002824
126,2,2,1,0,1,0,0.90625,0.90625,0.90625,0.9375,0.9375,0.9375,1., 0001443P0002825
1.,1.,0.927734366,0.20427886,0.,0.9415288,0.219877694,0.,        0001443P0002826
0.953906233,0.23624197,0.,0.90625,0.9375,0.,0.,1.;               0001443P0002827
126,2,2,1,0,1,0,0.9375,0.9375,0.9375,0.96875,0.96875,0.96875,1., 0001445P0002828
1.,1.,0.953906233,0.23624197,0.,0.966823774,0.253320325,0.,      0001445P0002829
0.978099531,0.271100259,0.,0.9375,0.96875,0.,0.,1.;              0001445P0002830
126,2,2,1,0,1,0,0.96875,0.96875,0.96875,1.,1.,1.,1.,1.,1.,       0001447P0002831
0.978099531,0.271100259,0.,0.990024937,0.28990458,0.,1.,         0001447P0002832
0.309313569,0.,0.96875,1.,0.,0.,1.;                              0001447P0002833
126,1,1,1,0,1,0,1.680156393E-04,1.680156393E-04,27.859561591,    0001449P0002834
27.859561591,1.,1.,1.,0.309313569,0.,1.,0.690686431,0.,          0001449P0002835
1.680156393E-04,27.859561591,0.,0.,1.;                           0001449P0002836
126,2,2,1,0,1,0,0.,0.,0.,3.125E-02,3.125E-02,3.125E-02,1.,1.,1., 0001451P0002837
1.,0.690686431,0.,0.990026974,0.710091457,0.,0.978104388,        0001451P0002838
0.728892082,0.,0.,3.125E-02,0.,0.,1.;                            0001451P0002839
126,2,2,1,0,1,0,3.125E-02,3.125E-02,3.125E-02,6.25E-02,6.25E-02, 0001453P0002840
6.25E-02,1.,1.,1.,0.978104388,0.728892082,0.,0.966764341,        0001453P0002841
0.746774105,0.,0.953763947,0.76394606,0.,3.125E-02,6.25E-02,0.,  0001453P0002842
0.,1.;                                                           0001453P0002843
126,2,2,1,0,1,0,6.25E-02,6.25E-02,6.25E-02,9.375E-02,9.375E-02,  0001455P0002844
9.375E-02,1.,1.,1.,0.953763947,0.76394606,0.,0.941244685,        0001455P0002845
0.780482498,0.,0.927278963,0.796235467,0.,6.25E-02,9.375E-02,0., 0001455P0002846
0.,1.;                                                           0001455P0002847
126,2,2,1,0,1,0,9.375E-02,9.375E-02,9.375E-02,0.125,0.125,0.125, 0001457P0002848
1.,1.,1.,0.927278963,0.796235467,0.,0.913795613,0.811444334,0.,  0001457P0002849
0.899084485,0.82578709,0.,9.375E-02,0.125,0.,0.,1.;              0001457P0002850
126,2,2,1,0,1,0,0.125,0.125,0.125,0.15625,0.15625,0.15625,1.,1., 0001459P0002851
1.,0.899084485,0.82578709,0.,0.88489061,0.839625544,0.,          0001459P0002852
0.869672802,0.852541296,0.,0.125,0.15625,0.,0.,1.;               0001459P0002853
126,2,2,1,0,1,0,0.15625,0.15625,0.15625,0.1875,0.1875,0.1875,1., 0001461P0002854
1.,1.,0.869672802,0.852541296,0.,0.854843076,0.865127672,0.,     0001461P0002855
0.839153874,0.876741678,0.,0.15625,0.1875,0.,0.,1.;              0001461P0002856
126,2,2,1,0,1,0,0.1875,0.1875,0.1875,0.25,0.25,0.25,1.,1.,1.,    0001463P0002857
0.839153874,0.876741678,0.,0.808438081,0.899479188,0.,           0001463P0002858
0.775055009,0.918053575,0.,0.1875,0.25,0.,0.,1.;                 0001463P0002859
126,2,2,1,0,1,0,0.25,0.25,0.25,0.3125,0.3125,0.3125,1.,1.,1.,    0001465P0002860
0.775055009,0.918053575,0.,0.742623098,0.936098734,0.,           0001465P0002861
0.708377338,0.949816634,0.,0.25,0.3125,0.,0.,1.;                 0001465P0002862
126,2,2,1,0,1,0,0.3125,0.3125,0.3125,0.375,0.375,0.375,1.,1.,1., 0001467P0002863
0.708377338,0.949816634,0.,0.674850189,0.963246679,0.,           0001467P0002864
0.640167321,0.972292187,0.,0.3125,0.375,0.,0.,1.;                0001467P0002865
126,2,2,1,0,1,0,0.375,0.375,0.375,0.4375,0.4375,0.4375,1.,1.,1., 0001469P0002866
0.640167321,0.972292187,0.,0.605649294,0.981294704,0.,           0001469P0002867
0.570481469,0.98582275,0.,0.375,0.4375,0.,0.,1.;                 0001469P0002868
126,2,2,1,0,1,0,0.4375,0.4375,0.4375,0.5,0.5,0.5,1.,1.,1.,       0001471P0002869
0.570481469,0.98582275,0.,0.535158865,0.990370724,0.,            0001471P0002870
0.499625186,0.990346538,0.,0.4375,0.5,0.,0.,1.;                  0001471P0002871
126,2,2,1,0,1,0,0.5,0.5,0.5,0.5625,0.5625,0.5625,1.,1.,1.,       0001473P0002872
0.499625186,0.990346538,0.,0.464301176,0.990322495,0.,           0001473P0002873
0.429188987,0.985780219,0.,0.5,0.5625,0.,0.,1.;                  0001473P0002874
126,2,2,1,0,1,0,0.5625,0.5625,0.5625,0.625,0.625,0.625,1.,1.,1., 0001475P0002875
0.429188987,0.985780219,0.,0.393965781,0.981223581,0.,           0001475P0002876
0.359397044,0.972178386,0.,0.5625,0.625,0.,0.,1.;                0001475P0002877
126,2,2,1,0,1,0,0.625,0.625,0.625,0.6875,0.6875,0.6875,1.,1.,1., 0001477P0002878
0.359397044,0.972178386,0.,0.324332863,0.963003553,0.,           0001477P0002879
0.290456883,0.949348184,0.,0.625,0.6875,0.,0.,1.;                0001477P0002880
126,2,2,1,0,1,0,0.6875,0.6875,0.6875,0.75,0.75,0.75,1.,1.,1.,    0001479P0002881
0.290456883,0.949348184,0.,0.25630037,0.935579732,0.,            0001479P0002882
0.223961352,0.917505042,0.,0.6875,0.75,0.,0.,1.;                 0001479P0002883
126,2,2,1,0,1,0,0.75,0.75,0.75,0.8125,0.8125,0.8125,1.,1.,1.,    0001481P0002884
0.223961352,0.917505042,0.,0.190847129,0.898997081,0.,           0001481P0002885
0.160371658,0.876390082,0.,0.75,0.8125,0.,0.,1.;                 0001481P0002886
126,2,2,1,0,1,0,0.8125,0.8125,0.8125,0.84375,0.84375,0.84375,1., 0001483P0002887
1.,1.,0.160371658,0.876390082,0.,0.144631415,0.864713817,0.,     0001483P0002888
0.129759521,0.852058868,0.,0.8125,0.84375,0.,0.,1.;              0001483P0002889
126,2,2,1,0,1,0,0.84375,0.84375,0.84375,0.875,0.875,0.875,1.,1., 0001485P0002890
1.,0.129759521,0.852058868,0.,0.114463448,0.839042972,0.,        0001485P0002891
0.100206953,0.825095069,0.,0.84375,0.875,0.,0.,1.;               0001485P0002892
126,2,2,1,0,1,0,0.875,0.875,0.875,0.90625,0.90625,0.90625,1.,1., 0001487P0002893
1.,0.100206953,0.825095069,0.,8.562995E-02,0.810833594,0.,       0001487P0002894
7.2265634E-02,0.79572114,0.,0.875,0.90625,0.,0.,1.;              0001487P0002895
126,2,2,1,0,1,0,0.90625,0.90625,0.90625,0.9375,0.9375,0.9375,1., 0001489P0002896
1.,1.,7.2265634E-02,0.79572114,0.,5.84712E-02,0.780122306,0.,    0001489P0002897
4.6093767E-02,0.76375803,0.,0.90625,0.9375,0.,0.,1.;             0001489P0002898
126,2,2,1,0,1,0,0.9375,0.9375,0.9375,0.96875,0.96875,0.96875,1., 0001491P0002899
1.,1.,4.6093767E-02,0.76375803,0.,3.3176226E-02,0.746679675,0.,  0001491P0002900
2.1900469E-02,0.728899741,0.,0.9375,0.96875,0.,0.,1.;            0001491P0002901
126,2,2,1,0,1,0,0.96875,0.96875,0.96875,1.,1.,1.,1.,1.,1.,       0001493P0002902
2.1900469E-02,0.728899741,0.,9.975063E-03,0.71009542,0.,0.,      0001493P0002903
0.690686431,0.,0.96875,1.,0.,0.,1.;                              0001493P0002904
102,46,1497,1499,1501,1503,1505,1507,1509,1511,1513,1515,1517,   0001495P0002905
1519,1521,1523,1525,1527,1529,1531,1533,1535,1537,1539,1541,     0001495P0002906
1543,1545,1547,1549,1551,1553,1555,1557,1559,1561,1563,1565,     0001495P0002907
1567,1569,1571,1573,1575,1577,1579,1581,1583,1585,1587;          0001495P0002908
110,47.76,13.929696736,0.25,47.76,-13.929696752,0.25;            0001497P0002909
126,2,2,1,0,1,0,0.,0.,0.,3.125E-02,3.125E-02,3.125E-02,1.,1.,1., 0001499P0002910
47.76,-13.929696767,0.249999989,47.76,-15.347239308,1.242316076, 0001499P0002911
47.76,-16.720630188,2.428613383,0.,3.125E-02,-1.,0.,0.;          0001499P0002912
126,2,2,1,0,1,0,3.125E-02,3.125E-02,3.125E-02,6.25E-02,6.25E-02, 0001501P0002913
6.25E-02,1.,1.,1.,47.76,-16.720630188,2.428613383,47.76,         0001501P0002914
-18.026916937,3.55694806,47.76,-19.281333021,4.850487263,        0001501P0002915
3.125E-02,6.25E-02,-1.,0.,0.;                                    0001501P0002916
126,2,2,1,0,1,0,6.25E-02,6.25E-02,6.25E-02,9.375E-02,9.375E-02,  0001503P0002917
9.375E-02,1.,1.,1.,47.76,-19.281333021,4.850487263,47.76,        0001503P0002918
-20.489324339,6.096153832,47.76,-21.640083174,7.485743171,       0001503P0002919
6.25E-02,9.375E-02,-1.,0.,0.;                                    0001503P0002920
126,2,2,1,0,1,0,9.375E-02,9.375E-02,9.375E-02,0.125,0.125,0.125, 0001505P0002921
1.,1.,1.,47.76,-21.640083174,7.485743171,47.76,-22.751095134,    0001505P0002922
8.827336496,47.76,-23.798837372,10.291093733,9.375E-02,0.125,    0001505P0002923
-1.,0.,0.;                                                       0001505P0002924
126,2,2,1,0,1,0,0.125,0.125,0.125,0.15625,0.15625,0.15625,1.,1., 0001507P0002925
1.,47.76,-23.798837372,10.291093733,47.76,-24.809740355,         0001507P0002926
11.703384295,47.76,-25.753239627,13.217556191,0.125,0.15625,-1., 0001507P0002927
0.,0.;                                                           0001507P0002928
126,2,2,1,0,1,0,0.15625,0.15625,0.15625,0.1875,0.1875,0.1875,1., 0001509P0002929
1.,1.,47.76,-25.753239627,13.217556191,47.76,-26.672677891,      0001509P0002930
14.693113929,47.76,-27.521084184,16.254189528,0.15625,0.1875,    0001509P0002931
-1.,0.,0.;                                                       0001509P0002932
126,2,2,1,0,1,0,0.1875,0.1875,0.1875,0.25,0.25,0.25,1.,1.,1.,    0001511P0002933
47.76,-27.521084184,16.254189528,47.76,-29.18206568,             0001511P0002934
19.310410932,47.76,-30.538929811,22.632026596,0.1875,0.25,-1.,   0001511P0002935
0.,0.;                                                           0001511P0002936
126,2,2,1,0,1,0,0.25,0.25,0.25,0.3125,0.3125,0.3125,1.,1.,1.,    0001513P0002937
47.76,-30.538929811,22.632026596,47.76,-31.85713369,             0001513P0002938
25.859001741,47.76,-32.859230096,29.266454861,0.25,0.3125,-1.,   0001513P0002939
0.,0.;                                                           0001513P0002940
126,2,2,1,0,1,0,0.3125,0.3125,0.3125,0.375,0.375,0.375,1.,1.,1., 0001515P0002941
47.76,-32.859230096,29.266454861,47.76,-33.840298615,            0001515P0002942
32.602406187,47.76,-34.501075488,36.053351553,0.3125,0.375,-1.,  0001515P0002943
0.,0.;                                                           0001515P0002944
126,2,2,1,0,1,0,0.375,0.375,0.375,0.4375,0.4375,0.4375,1.,1.,1., 0001517P0002945
47.76,-34.501075488,36.053351553,47.76,-35.158711856,            0001517P0002946
39.48789524,47.76,-35.489486875,42.987093828,0.375,0.4375,-1.,   0001517P0002947
0.,0.;                                                           0001517P0002948
126,2,2,1,0,1,0,0.4375,0.4375,0.4375,0.5,0.5,0.5,1.,1.,1.,47.76, 0001519P0002949
-35.489486875,42.987093828,47.76,-35.821717639,46.501692927,     0001519P0002950
47.76,-35.819950845,50.037293988,0.4375,0.5,-1.,0.,0.;           0001519P0002951
126,2,2,1,0,1,0,0.5,0.5,0.5,0.5625,0.5625,0.5625,1.,1.,1.,47.76, 0001521P0002952
-35.819950845,50.037293988,47.76,-35.818194497,53.552032983,     0001521P0002953
47.76,-35.486379973,57.045695789,0.5,0.5625,-1.,0.,0.;           0001521P0002954
126,2,2,1,0,1,0,0.5625,0.5625,0.5625,0.625,0.625,0.625,1.,1.,1., 0001523P0002955
47.76,-35.486379973,57.045695789,47.76,-35.153516301,            0001523P0002956
60.550404786,47.76,-34.492762293,63.989994118,0.5625,0.625,-1.,  0001523P0002957
0.,0.;                                                           0001523P0002958
126,2,2,1,0,1,0,0.625,0.625,0.625,0.6875,0.6875,0.6875,1.,1.,1., 0001525P0002959
47.76,-34.492762293,63.989994118,47.76,-33.822538193,            0001525P0002960
67.478880128,47.76,-32.825009694,70.849540138,0.625,0.6875,-1.,  0001525P0002961
0.,0.;                                                           0001525P0002962
126,2,2,1,0,1,0,0.6875,0.6875,0.6875,0.75,0.75,0.75,1.,1.,1.,    0001527P0002963
47.76,-32.825009694,70.849540138,47.76,-31.81922045,             0001527P0002964
74.248113182,47.76,-30.498859323,77.465845573,0.6875,0.75,-1.,   0001527P0002965
0.,0.;                                                           0001527P0002966
126,2,2,1,0,1,0,0.75,0.75,0.75,0.8125,0.8125,0.8125,1.,1.,1.,    0001529P0002967
47.76,-30.498859323,77.465845573,47.76,-29.146847629,            0001529P0002968
80.760710662,47.76,-27.495400071,83.793020027,0.75,0.8125,-1.,   0001529P0002969
0.,0.;                                                           0001529P0002970
126,2,2,1,0,1,0,0.8125,0.8125,0.8125,0.84375,0.84375,0.84375,1., 0001531P0002971
1.,1.,47.76,-27.495400071,83.793020027,47.76,-26.642445669,      0001531P0002972
85.359174206,47.76,-25.717998128,86.838927759,0.8125,0.84375,    0001531P0002973
-1.,0.,0.;                                                       0001531P0002974
126,2,2,1,0,1,0,0.84375,0.84375,0.84375,0.875,0.875,0.875,1.,1., 0001533P0002975
1.,47.76,-25.717998128,86.838927759,47.76,-24.767183309,         0001533P0002976
88.360886923,47.76,-23.748285119,89.779408175,0.84375,0.875,-1., 0001533P0002977
0.,0.;                                                           0001533P0002978
126,2,2,1,0,1,0,0.875,0.875,0.875,0.90625,0.90625,0.90625,1.,1., 0001535P0002979
1.,47.76,-23.748285119,89.779408175,47.76,-22.706480408,         0001535P0002980
91.229819974,47.76,-21.602511444,92.559569416,0.875,0.90625,-1., 0001535P0002981
0.,0.;                                                           0001535P0002982
126,2,2,1,0,1,0,0.90625,0.90625,0.90625,0.9375,0.9375,0.9375,1., 0001537P0002983
1.,1.,47.76,-21.602511444,92.559569416,47.76,-20.463012286,      0001537P0002984
93.932115599,47.76,-19.267597377,95.163670183,0.90625,0.9375,    0001537P0002985
-1.,0.,0.;                                                       0001537P0002986
126,2,2,1,0,1,0,0.9375,0.9375,0.9375,0.96875,0.96875,0.96875,1., 0001539P0002987
1.,1.,47.76,-19.267597377,95.163670183,47.76,-18.020018799,      0001539P0002988
96.448965513,47.76,-16.72118968,97.570903334,0.9375,0.96875,-1., 0001539P0002989
0.,0.;                                                           0001539P0002990
126,2,2,1,0,1,0,0.96875,0.96875,0.96875,1.,1.,1.,1.,1.,1.,47.76, 0001541P0002991
-16.72118968,97.570903334,47.76,-15.347528807,98.757481231,      0001541P0002992
47.76,-13.929696767,99.75,0.96875,1.,-1.,0.,0.;                  0001541P0002993
110,47.76,-13.929696784,99.75,47.76,13.929696791,99.75;          0001543P0002994
126,2,2,1,0,1,0,0.,0.,0.,3.125E-02,3.125E-02,3.125E-02,1.,1.,1., 0001545P0002995
47.76,13.929696767,99.75,47.76,15.347239308,98.757683913,47.76,  0001545P0002996
16.720630188,97.571386606,0.,3.125E-02,-1.,0.,0.;                0001545P0002997
126,2,2,1,0,1,0,3.125E-02,3.125E-02,3.125E-02,6.25E-02,6.25E-02, 0001547P0002998
6.25E-02,1.,1.,1.,47.76,16.720630188,97.571386606,47.76,         0001547P0002999
18.026916937,96.443051929,47.76,19.281333021,95.149512726,       0001547P0003000
3.125E-02,6.25E-02,-1.,0.,0.;                                    0001547P0003001
126,2,2,1,0,1,0,6.25E-02,6.25E-02,6.25E-02,9.375E-02,9.375E-02,  0001549P0003002
9.375E-02,1.,1.,1.,47.76,19.281333021,95.149512726,47.76,        0001549P0003003
20.489324412,93.903846157,47.76,21.640083174,92.514256818,       0001549P0003004
6.25E-02,9.375E-02,-1.,0.,0.;                                    0001549P0003005
126,2,2,1,0,1,0,9.375E-02,9.375E-02,9.375E-02,0.125,0.125,0.125, 0001551P0003006
1.,1.,1.,47.76,21.640083174,92.514256818,47.76,22.751095134,     0001551P0003007
91.172663493,47.76,23.798837445,89.708906256,9.375E-02,0.125,    0001551P0003008
-1.,0.,0.;                                                       0001551P0003009
126,2,2,1,0,1,0,0.125,0.125,0.125,0.15625,0.15625,0.15625,1.,1., 0001553P0003010
1.,47.76,23.798837445,89.708906256,47.76,24.809740355,           0001553P0003011
88.296615694,47.76,25.753239627,86.782443798,0.125,0.15625,-1.,  0001553P0003012
0.,0.;                                                           0001553P0003013
126,2,2,1,0,1,0,0.15625,0.15625,0.15625,0.1875,0.1875,0.1875,1., 0001555P0003014
1.,1.,47.76,25.753239627,86.782443798,47.76,26.672677891,        0001555P0003015
85.30688606,47.76,27.521084257,83.745810461,0.15625,0.1875,-1.,  0001555P0003016
0.,0.;                                                           0001555P0003017
126,2,2,1,0,1,0,0.1875,0.1875,0.1875,0.25,0.25,0.25,1.,1.,1.,    0001557P0003018
47.76,27.521084257,83.745810461,47.76,29.18206568,80.689589057,  0001557P0003019
47.76,30.538929811,77.367973393,0.1875,0.25,-1.,0.,0.;           0001557P0003020
126,2,2,1,0,1,0,0.25,0.25,0.25,0.3125,0.3125,0.3125,1.,1.,1.,    0001559P0003021
47.76,30.538929811,77.367973393,47.76,31.85713369,74.140998248,  0001559P0003022
47.76,32.859230096,70.733545128,0.25,0.3125,-1.,0.,0.;           0001559P0003023
126,2,2,1,0,1,0,0.3125,0.3125,0.3125,0.375,0.375,0.375,1.,1.,1., 0001561P0003024
47.76,32.859230096,70.733545128,47.76,33.840298615,67.397593802, 0001561P0003025
47.76,34.501075488,63.946648436,0.3125,0.375,-1.,0.,0.;          0001561P0003026
126,2,2,1,0,1,0,0.375,0.375,0.375,0.4375,0.4375,0.4375,1.,1.,1., 0001563P0003027
47.76,34.501075488,63.946648436,47.76,35.158711856,60.512104749, 0001563P0003028
47.76,35.489486875,57.012906161,0.375,0.4375,-1.,0.,0.;          0001563P0003029
126,2,2,1,0,1,0,0.4375,0.4375,0.4375,0.5,0.5,0.5,1.,1.,1.,47.76, 0001565P0003030
35.489486875,57.012906161,47.76,35.821717639,53.498307062,47.76, 0001565P0003031
35.819950845,49.962706002,0.4375,0.5,-1.,0.,0.;                  0001565P0003032
126,2,2,1,0,1,0,0.5,0.5,0.5,0.5625,0.5625,0.5625,1.,1.,1.,47.76, 0001567P0003033
35.819950845,49.962706002,47.76,35.818194497,46.447967006,47.76, 0001567P0003034
35.486379973,42.9543042,0.5,0.5625,-1.,0.,0.;                    0001567P0003035
126,2,2,1,0,1,0,0.5625,0.5625,0.5625,0.625,0.625,0.625,1.,1.,1., 0001569P0003036
47.76,35.486379973,42.9543042,47.76,35.153516301,39.449595203,   0001569P0003037
47.76,34.492762293,36.010005871,0.5625,0.625,-1.,0.,0.;          0001569P0003038
126,2,2,1,0,1,0,0.625,0.625,0.625,0.6875,0.6875,0.6875,1.,1.,1., 0001571P0003039
47.76,34.492762293,36.010005871,47.76,33.822538193,32.521119861, 0001571P0003040
47.76,32.825009694,29.150459851,0.625,0.6875,-1.,0.,0.;          0001571P0003041
126,2,2,1,0,1,0,0.6875,0.6875,0.6875,0.75,0.75,0.75,1.,1.,1.,    0001573P0003042
47.76,32.825009694,29.150459851,47.76,31.81922045,25.751886807,  0001573P0003043
47.76,30.498859323,22.534154516,0.6875,0.75,-1.,0.,0.;           0001573P0003044
126,2,2,1,0,1,0,0.75,0.75,0.75,0.8125,0.8125,0.8125,1.,1.,1.,    0001575P0003045
47.76,30.498859323,22.534154516,47.76,29.146847629,19.239289327, 0001575P0003046
47.76,27.495400071,16.206979962,0.75,0.8125,-1.,0.,0.;           0001575P0003047
126,2,2,1,0,1,0,0.8125,0.8125,0.8125,0.84375,0.84375,0.84375,1., 0001577P0003048
1.,1.,47.76,27.495400071,16.206979962,47.76,26.642445669,        0001577P0003049
14.640825783,47.76,25.717998128,13.16107233,0.8125,0.84375,-1.,  0001577P0003050
0.,0.;                                                           0001577P0003051
126,2,2,1,0,1,0,0.84375,0.84375,0.84375,0.875,0.875,0.875,1.,1., 0001579P0003052
1.,47.76,25.717998128,13.16107233,47.76,24.767183309,            0001579P0003053
11.639113066,47.76,23.748285119,10.220591814,0.84375,0.875,-1.,  0001579P0003054
0.,0.;                                                           0001579P0003055
126,2,2,1,0,1,0,0.875,0.875,0.875,0.90625,0.90625,0.90625,1.,1., 0001581P0003056
1.,47.76,23.748285119,10.220591814,47.76,22.706480408,           0001581P0003057
8.770180015,47.76,21.602511444,7.440430573,0.875,0.90625,-1.,0., 0001581P0003058
0.;                                                              0001581P0003059
126,2,2,1,0,1,0,0.90625,0.90625,0.90625,0.9375,0.9375,0.9375,1., 0001583P0003060
1.,1.,47.76,21.602511444,7.440430573,47.76,20.463012286,         0001583P0003061
6.06788439,47.76,19.267597377,4.836329806,0.90625,0.9375,-1.,0., 0001583P0003062
0.;                                                              0001583P0003063
126,2,2,1,0,1,0,0.9375,0.9375,0.9375,0.96875,0.96875,0.96875,1., 0001585P0003064
1.,1.,47.76,19.267597377,4.836329806,47.76,18.020018799,         0001585P0003065
3.551034476,47.76,16.72118968,2.429096655,0.9375,0.96875,-1.,0., 0001585P0003066
0.;                                                              0001585P0003067
126,2,2,1,0,1,0,0.96875,0.96875,0.96875,1.,1.,1.,1.,1.,1.,47.76, 0001587P0003068
16.72118968,2.429096655,47.76,15.347528807,1.242518758,47.76,    0001587P0003069
13.929696767,0.249999989,0.96875,1.,-1.,0.,0.;                   0001587P0003070
144,1591,1,0,1593;                                               0001589P0003071
128,1,1,1,1,0,0,1,0,0,0.,0.,1.,1.,0.,0.,1.,1.,1.,1.,1.,1.,       0001591P0003072
-36.52513343,47.76,99.75,-36.52513343,47.76,0.249999989,         0001591P0003073
36.525135293,47.76,99.75,36.525135293,47.76,0.249999989,0.,1.,   0001591P0003074
9.629241E-03,0.990370735;                                        0001591P0003075
142,0,1591,1595,1689,3;                                          0001593P0003076
102,46,1597,1599,1601,1603,1605,1607,1609,1611,1613,1615,1617,   0001595P0003077
1619,1621,1623,1625,1627,1629,1631,1633,1635,1637,1639,1641,     0001595P0003078
1643,1645,1647,1649,1651,1653,1655,1657,1659,1661,1663,1665,     0001595P0003079
1667,1669,1671,1673,1675,1677,1679,1681,1683,1685,1687;          0001595P0003080
126,1,1,1,0,1,0,3.404142521E-04,3.404142521E-04,27.859725124,    0001597P0003081
27.859725124,1.,1.,1.,0.309313592,0.,1.,0.690686381,0.,          0001597P0003082
3.404142521E-04,27.859725124,0.,0.,1.;                           0001597P0003083
126,2,2,1,0,1,0,0.,0.,0.,3.125E-02,3.125E-02,3.125E-02,1.,1.,1., 0001599P0003084
1.,0.690686381,0.,0.990026958,0.710091369,0.,0.97810435,         0001599P0003085
0.728892002,0.,0.,3.125E-02,0.,0.,1.;                            0001599P0003086
126,2,2,1,0,1,0,3.125E-02,3.125E-02,3.125E-02,6.25E-02,6.25E-02, 0001601P0003087
6.25E-02,1.,1.,1.,0.97810435,0.728892002,0.,0.966764286,         0001601P0003088
0.746774028,0.,0.953763899,0.763945984,0.,3.125E-02,6.25E-02,0., 0001601P0003089
0.,1.;                                                           0001601P0003090
126,2,2,1,0,1,0,6.25E-02,6.25E-02,6.25E-02,9.375E-02,9.375E-02,  0001603P0003091
9.375E-02,1.,1.,1.,0.953763899,0.763945984,0.,0.941244621,       0001603P0003092
0.780482452,0.,0.927278922,0.796235418,0.,6.25E-02,9.375E-02,0., 0001603P0003093
0.,1.;                                                           0001603P0003094
126,2,2,1,0,1,0,9.375E-02,9.375E-02,9.375E-02,0.125,0.125,0.125, 0001605P0003095
1.,1.,1.,0.927278922,0.796235418,0.,0.91379557,0.811444308,0.,   0001605P0003096
0.89908446,0.825787066,0.,9.375E-02,0.125,0.,0.,1.;              0001605P0003097
126,2,2,1,0,1,0,0.125,0.125,0.125,0.15625,0.15625,0.15625,1.,1., 0001607P0003098
1.,0.89908446,0.825787066,0.,0.88489059,0.839625535,0.,          0001607P0003099
0.86967279,0.852541293,0.,0.125,0.15625,0.,0.,1.;                0001607P0003100
126,2,2,1,0,1,0,0.15625,0.15625,0.15625,0.1875,0.1875,0.1875,1., 0001609P0003101
1.,1.,0.86967279,0.852541293,0.,0.854843071,0.865127676,0.,      0001609P0003102
0.839153871,0.876741687,0.,0.15625,0.1875,0.,0.,1.;              0001609P0003103
126,2,2,1,0,1,0,0.1875,0.1875,0.1875,0.25,0.25,0.25,1.,1.,1.,    0001611P0003104
0.839153871,0.876741687,0.,0.808438094,0.899479198,0.,           0001611P0003105
0.77505501,0.918053592,0.,0.1875,0.25,0.,0.,1.;                  0001611P0003106
126,2,2,1,0,1,0,0.25,0.25,0.25,0.3125,0.3125,0.3125,1.,1.,1.,    0001613P0003107
0.77505501,0.918053592,0.,0.742623106,0.936098748,0.,            0001613P0003108
0.708377339,0.949816649,0.,0.25,0.3125,0.,0.,1.;                 0001613P0003109
126,2,2,1,0,1,0,0.3125,0.3125,0.3125,0.375,0.375,0.375,1.,1.,1., 0001615P0003110
0.708377339,0.949816649,0.,0.67485019,0.963246692,0.,            0001615P0003111
0.640167322,0.972292199,0.,0.3125,0.375,0.,0.,1.;                0001615P0003112
126,2,2,1,0,1,0,0.375,0.375,0.375,0.4375,0.4375,0.4375,1.,1.,1., 0001617P0003113
0.640167322,0.972292199,0.,0.605649295,0.981294715,0.,           0001617P0003114
0.570481471,0.985822761,0.,0.375,0.4375,0.,0.,1.;                0001617P0003115
126,2,2,1,0,1,0,0.4375,0.4375,0.4375,0.5,0.5,0.5,1.,1.,1.,       0001619P0003116
0.570481471,0.985822761,0.,0.535158867,0.990370735,0.,           0001619P0003117
0.499625189,0.990346549,0.,0.4375,0.5,0.,0.,1.;                  0001619P0003118
126,2,2,1,0,1,0,0.5,0.5,0.5,0.5625,0.5625,0.5625,1.,1.,1.,       0001621P0003119
0.499625189,0.990346549,0.,0.464301178,0.990322506,0.,           0001621P0003120
0.429188989,0.98578023,0.,0.5,0.5625,0.,0.,1.;                   0001621P0003121
126,2,2,1,0,1,0,0.5625,0.5625,0.5625,0.625,0.625,0.625,1.,1.,1., 0001623P0003122
0.429188989,0.98578023,0.,0.393965782,0.981223592,0.,            0001623P0003123
0.359397044,0.972178397,0.,0.5625,0.625,0.,0.,1.;                0001623P0003124
126,2,2,1,0,1,0,0.625,0.625,0.625,0.6875,0.6875,0.6875,1.,1.,1., 0001625P0003125
0.359397044,0.972178397,0.,0.324332861,0.963003566,0.,           0001625P0003126
0.290456882,0.949348198,0.,0.625,0.6875,0.,0.,1.;                0001625P0003127
126,2,2,1,0,1,0,0.6875,0.6875,0.6875,0.75,0.75,0.75,1.,1.,1.,    0001627P0003128
0.290456882,0.949348198,0.,0.256300361,0.935579745,0.,           0001627P0003129
0.22396135,0.917505059,0.,0.6875,0.75,0.,0.,1.;                  0001627P0003130
126,2,2,1,0,1,0,0.75,0.75,0.75,0.8125,0.8125,0.8125,1.,1.,1.,    0001629P0003131
0.22396135,0.917505059,0.,0.190847114,0.89899709,0.,0.160371657, 0001629P0003132
0.876390088,0.,0.75,0.8125,0.,0.,1.;                             0001629P0003133
126,2,2,1,0,1,0,0.8125,0.8125,0.8125,0.84375,0.84375,0.84375,1., 0001631P0003134
1.,1.,0.160371657,0.876390088,0.,0.144631413,0.864713815,0.,     0001631P0003135
0.129759522,0.852058855,0.,0.8125,0.84375,0.,0.,1.;              0001631P0003136
126,2,2,1,0,1,0,0.84375,0.84375,0.84375,0.875,0.875,0.875,1.,1., 0001633P0003137
1.,0.129759522,0.852058855,0.,0.114463457,0.839042953,0.,        0001633P0003138
0.100206966,0.825095033,0.,0.84375,0.875,0.,0.,1.;               0001633P0003139
126,2,2,1,0,1,0,0.875,0.875,0.875,0.90625,0.90625,0.90625,1.,1., 0001635P0003140
1.,0.100206966,0.825095033,0.,8.562998E-02,0.810833555,0.,       0001635P0003141
7.2265663E-02,0.795721077,0.,0.875,0.90625,0.,0.,1.;             0001635P0003142
126,2,2,1,0,1,0,0.90625,0.90625,0.90625,0.9375,0.9375,0.9375,1., 0001637P0003143
1.,1.,7.2265663E-02,0.795721077,0.,5.8471254E-02,0.780122247,0., 0001637P0003144
4.6093807E-02,0.763757944,0.,0.90625,0.9375,0.,0.,1.;            0001637P0003145
126,2,2,1,0,1,0,0.9375,0.9375,0.9375,0.96875,0.96875,0.96875,1., 0001639P0003146
1.,1.,4.6093807E-02,0.763757944,0.,3.3176275E-02,0.74667959,0.,  0001639P0003147
2.1900503E-02,0.728899655,0.,0.9375,0.96875,0.,0.,1.;            0001639P0003148
126,2,2,1,0,1,0,0.96875,0.96875,0.96875,1.,1.,1.,1.,1.,1.,       0001641P0003149
2.1900503E-02,0.728899655,0.,9.975077E-03,0.710095329,0.,0.,     0001641P0003150
0.690686381,0.,0.96875,1.,0.,0.,1.;                              0001641P0003151
126,1,1,1,0,1,0,1.702801765E-04,1.702801765E-04,27.859555019,    0001643P0003152
27.859555019,1.,1.,0.,0.690686381,0.,0.,0.309313592,0.,          0001643P0003153
1.702801765E-04,27.859555019,0.,0.,1.;                           0001643P0003154
126,2,2,1,0,1,0,0.,0.,0.,3.125E-02,3.125E-02,3.125E-02,1.,1.,1., 0001645P0003155
0.,0.309313592,0.,9.973041E-03,0.289908608,0.,2.1895652E-02,     0001645P0003156
0.271107974,0.,0.,3.125E-02,0.,0.,1.;                            0001645P0003157
126,2,2,1,0,1,0,3.125E-02,3.125E-02,3.125E-02,6.25E-02,6.25E-02, 0001647P0003158
6.25E-02,1.,1.,1.,2.1895652E-02,0.271107974,0.,3.3235715E-02,    0001647P0003159
0.253225952,0.,4.6236104E-02,0.236053993,0.,3.125E-02,6.25E-02,  0001647P0003160
0.,0.,1.;                                                        0001647P0003161
126,2,2,1,0,1,0,6.25E-02,6.25E-02,6.25E-02,9.375E-02,9.375E-02,  0001649P0003162
9.375E-02,1.,1.,1.,4.6236104E-02,0.236053993,0.,5.8755383E-02,   0001649P0003163
0.219517525,0.,7.272108E-02,0.203764558,0.,6.25E-02,9.375E-02,   0001649P0003164
0.,0.,1.;                                                        0001649P0003165
126,2,2,1,0,1,0,9.375E-02,9.375E-02,9.375E-02,0.125,0.125,0.125, 0001651P0003166
1.,1.,1.,7.272108E-02,0.203764558,0.,8.6204433E-02,0.188555665,  0001651P0003167
0.,0.10091554,0.174212905,0.,9.375E-02,0.125,0.,0.,1.;           0001651P0003168
126,2,2,1,0,1,0,0.125,0.125,0.125,0.15625,0.15625,0.15625,1.,1., 0001653P0003169
1.,0.10091554,0.174212905,0.,0.115109411,0.160374432,0.,         0001653P0003170
0.130327208,0.147458673,0.,0.125,0.15625,0.,0.,1.;               0001653P0003171
126,2,2,1,0,1,0,0.15625,0.15625,0.15625,0.1875,0.1875,0.1875,1., 0001655P0003172
1.,1.,0.130327208,0.147458673,0.,0.145156928,0.134872286,0.,     0001655P0003173
0.160846126,0.123258274,0.,0.15625,0.1875,0.,0.,1.;              0001655P0003174
126,2,2,1,0,1,0,0.1875,0.1875,0.1875,0.25,0.25,0.25,1.,1.,1.,    0001657P0003175
0.160846126,0.123258274,0.,0.191561901,0.100520758,0.,           0001657P0003176
0.224944984,8.1946365E-02,0.,0.1875,0.25,0.,0.,1.;               0001657P0003177
126,2,2,1,0,1,0,0.25,0.25,0.25,0.3125,0.3125,0.3125,1.,1.,1.,    0001659P0003178
0.224944984,8.1946365E-02,0.,0.257376886,6.390121E-02,0.,        0001659P0003179
0.291622659,5.0183311E-02,0.,0.25,0.3125,0.,0.,1.;               0001659P0003180
126,2,2,1,0,1,0,0.3125,0.3125,0.3125,0.375,0.375,0.375,1.,1.,1., 0001661P0003181
0.291622659,5.0183311E-02,0.,0.325149805,3.6753273E-02,0.,       0001661P0003182
0.359832677,2.7707768E-02,0.,0.3125,0.375,0.,0.,1.;              0001661P0003183
126,2,2,1,0,1,0,0.375,0.375,0.375,0.4375,0.4375,0.4375,1.,1.,1., 0001663P0003184
0.359832677,2.7707768E-02,0.,0.394350702,1.8705257E-02,0.,       0001663P0003185
0.429518526,1.4177213E-02,0.,0.375,0.4375,0.,0.,1.;              0001663P0003186
126,2,2,1,0,1,0,0.4375,0.4375,0.4375,0.5,0.5,0.5,1.,1.,1.,       0001665P0003187
0.429518526,1.4177213E-02,0.,0.464841131,9.629241E-03,0.,        0001665P0003188
0.500374809,9.653427E-03,0.,0.4375,0.5,0.,0.,1.;                 0001665P0003189
126,2,2,1,0,1,0,0.5,0.5,0.5,0.5625,0.5625,0.5625,1.,1.,1.,       0001667P0003190
0.500374809,9.653427E-03,0.,0.535698821,9.677469E-03,0.,         0001667P0003191
0.570811011,1.4219743E-02,0.,0.5,0.5625,0.,0.,1.;                0001667P0003192
126,2,2,1,0,1,0,0.5625,0.5625,0.5625,0.625,0.625,0.625,1.,1.,1., 0001669P0003193
0.570811011,1.4219743E-02,0.,0.60603422,1.8776379E-02,0.,        0001669P0003194
0.640602957,2.782157E-02,0.,0.5625,0.625,0.,0.,1.;               0001669P0003195
126,2,2,1,0,1,0,0.625,0.625,0.625,0.6875,0.6875,0.6875,1.,1.,1., 0001671P0003196
0.640602957,2.782157E-02,0.,0.675667144,3.6996399E-02,0.,        0001671P0003197
0.709543121,5.0651762E-02,0.,0.625,0.6875,0.,0.,1.;              0001671P0003198
126,2,2,1,0,1,0,0.6875,0.6875,0.6875,0.75,0.75,0.75,1.,1.,1.,    0001673P0003199
0.709543121,5.0651762E-02,0.,0.743699646,6.4420213E-02,0.,       0001673P0003200
0.776038654,8.2494897E-02,0.,0.6875,0.75,0.,0.,1.;               0001673P0003201
126,2,2,1,0,1,0,0.75,0.75,0.75,0.8125,0.8125,0.8125,1.,1.,1.,    0001675P0003202
0.776038654,8.2494897E-02,0.,0.80915289,0.101002866,0.,          0001675P0003203
0.839628346,0.123609873,0.,0.75,0.8125,0.,0.,1.;                 0001675P0003204
126,2,2,1,0,1,0,0.8125,0.8125,0.8125,0.84375,0.84375,0.84375,1., 0001677P0003205
1.,1.,0.839628346,0.123609873,0.,0.855368588,0.135286147,0.,     0001677P0003206
0.870240479,0.14794111,0.,0.8125,0.84375,0.,0.,1.;               0001677P0003207
126,2,2,1,0,1,0,0.84375,0.84375,0.84375,0.875,0.875,0.875,1.,1., 0001679P0003208
1.,0.870240479,0.14794111,0.,0.885536541,0.160957014,0.,         0001679P0003209
0.899793032,0.174904938,0.,0.84375,0.875,0.,0.,1.;               0001679P0003210
126,2,2,1,0,1,0,0.875,0.875,0.875,0.90625,0.90625,0.90625,1.,1., 0001681P0003211
1.,0.899793032,0.174904938,0.,0.914370016,0.189166417,0.,        0001681P0003212
0.927734333,0.204278898,0.,0.875,0.90625,0.,0.,1.;               0001681P0003213
126,2,2,1,0,1,0,0.90625,0.90625,0.90625,0.9375,0.9375,0.9375,1., 0001683P0003214
1.,1.,0.927734333,0.204278898,0.,0.941528741,0.219877729,0.,     0001683P0003215
0.953906189,0.236242033,0.,0.90625,0.9375,0.,0.,1.;              0001683P0003216
126,2,2,1,0,1,0,0.9375,0.9375,0.9375,0.96875,0.96875,0.96875,1., 0001685P0003217
1.,1.,0.953906189,0.236242033,0.,0.966823723,0.253320389,0.,     0001685P0003218
0.978099495,0.27110032,0.,0.9375,0.96875,0.,0.,1.;               0001685P0003219
126,2,2,1,0,1,0,0.96875,0.96875,0.96875,1.,1.,1.,1.,1.,1.,       0001687P0003220
0.978099495,0.27110032,0.,0.990024923,0.289904647,0.,1.,         0001687P0003221
0.309313592,0.,0.96875,1.,0.,0.,1.;                              0001687P0003222
102,46,1691,1693,1695,1697,1699,1701,1703,1705,1707,1709,1711,   0001689P0003223
1713,1715,1717,1719,1721,1723,1725,1727,1729,1731,1733,1735,     0001689P0003224
1737,1739,1741,1743,1745,1747,1749,1751,1753,1755,1757,1759,     0001689P0003225
1761,1763,1765,1767,1769,1771,1773,1775,1777,1779,1781;          0001689P0003226
110,-13.929692414,47.76,0.25,13.929692296,47.76,0.25;            0001691P0003227
126,2,2,1,0,1,0,0.,0.,0.,3.125E-02,3.125E-02,3.125E-02,1.,1.,1., 0001693P0003228
13.929692305,47.76,0.249999989,15.347231893,47.76,1.242317668,   0001693P0003229
16.720623186,47.76,2.428617164,0.,3.125E-02,-2.228901675E-14,    0001693P0003230
-1.,0.;                                                          0001693P0003231
126,2,2,1,0,1,0,3.125E-02,3.125E-02,3.125E-02,6.25E-02,6.25E-02, 0001695P0003232
6.25E-02,1.,1.,1.,16.720623186,47.76,2.428617164,18.02690999,    0001695P0003233
47.76,3.556953532,19.281325991,47.76,4.850492039,3.125E-02,      0001695P0003234
6.25E-02,0.,-1.,0.;                                              0001695P0003235
126,2,2,1,0,1,0,6.25E-02,6.25E-02,6.25E-02,9.375E-02,9.375E-02,  0001697P0003236
9.375E-02,1.,1.,1.,19.281325991,47.76,4.850492039,20.489319422,  0001697P0003237
47.76,6.0961602,21.640077821,47.76,7.485747251,6.25E-02,         0001697P0003238
9.375E-02,0.,-1.,0.;                                             0001697P0003239
126,2,2,1,0,1,0,9.375E-02,9.375E-02,9.375E-02,0.125,0.125,0.125, 0001699P0003240
1.,1.,1.,21.640077821,47.76,7.485747251,22.751091323,47.76,      0001699P0003241
8.827340775,23.798833649,47.76,10.29109622,9.375E-02,0.125,0.,   0001699P0003242
-1.,0.;                                                          0001699P0003243
126,2,2,1,0,1,0,0.125,0.125,0.125,0.15625,0.15625,0.15625,1.,1., 0001701P0003244
1.,23.798833649,47.76,10.29109622,24.809737528,47.76,            0001701P0003245
11.703386285,25.753237121,47.76,13.217557385,0.125,0.15625,0.,   0001701P0003246
-1.,0.;                                                          0001701P0003247
126,2,2,1,0,1,0,0.15625,0.15625,0.15625,0.1875,0.1875,0.1875,1., 0001703P0003248
1.,1.,25.753237121,47.76,13.217557385,26.672675781,47.76,        0001703P0003249
14.693114426,27.521082406,47.76,16.254189826,0.15625,0.1875,0.,  0001703P0003250
-1.,0.;                                                          0001703P0003251
126,2,2,1,0,1,0,0.1875,0.1875,0.1875,0.25,0.25,0.25,1.,1.,1.,    0001705P0003252
27.521082406,47.76,16.254189826,29.182063694,47.76,19.310409638, 0001705P0003253
30.538928167,47.76,22.632026497,0.1875,0.25,0.,-1.,0.;           0001705P0003254
126,2,2,1,0,1,0,0.25,0.25,0.25,0.3125,0.3125,0.3125,1.,1.,1.,    0001707P0003255
30.538928167,47.76,22.632026497,31.857131662,47.76,25.859000945, 0001707P0003256
32.859228017,47.76,29.266454762,0.25,0.3125,0.,-1.,0.;           0001707P0003257
126,2,2,1,0,1,0,0.3125,0.3125,0.3125,0.375,0.375,0.375,1.,1.,1., 0001709P0003258
32.859228017,47.76,29.266454762,33.840296267,47.76,32.602406088, 0001709P0003259
34.501072984,47.76,36.053351454,0.3125,0.375,0.,-1.,0.;          0001709P0003260
126,2,2,1,0,1,0,0.375,0.375,0.375,0.4375,0.4375,0.4375,1.,1.,1., 0001711P0003261
34.501072984,47.76,36.053351454,35.158709197,47.76,39.487895141, 0001711P0003262
35.489484174,47.76,42.987093629,0.375,0.4375,0.,-1.,0.;          0001711P0003263
126,2,2,1,0,1,0,0.4375,0.4375,0.4375,0.5,0.5,0.5,1.,1.,1.,       0001713P0003264
35.489484174,47.76,42.987093629,35.821714897,47.76,46.501692728, 0001713P0003265
35.819948103,47.76,50.037293689,0.4375,0.5,0.,-1.,0.;            0001713P0003266
126,2,2,1,0,1,0,0.5,0.5,0.5,0.5625,0.5625,0.5625,1.,1.,1.,       0001715P0003267
35.819948103,47.76,50.037293689,35.818191755,47.76,53.552032784, 0001715P0003268
35.486377273,47.76,57.04569559,0.5,0.5625,0.,-1.,0.;             0001715P0003269
126,2,2,1,0,1,0,0.5625,0.5625,0.5625,0.625,0.625,0.625,1.,1.,1., 0001717P0003270
35.486377273,47.76,57.04569559,35.153513643,47.76,60.550404687,  0001717P0003271
34.492759717,47.76,63.989994118,0.5625,0.625,0.,-1.,0.;          0001717P0003272
126,2,2,1,0,1,0,0.625,0.625,0.625,0.6875,0.6875,0.6875,1.,1.,1., 0001719P0003273
34.492759717,47.76,63.989994118,33.822535847,47.76,67.478880327, 0001719P0003274
32.825007545,47.76,70.849540238,0.625,0.6875,0.,-1.,0.;          0001719P0003275
126,2,2,1,0,1,0,0.6875,0.6875,0.6875,0.75,0.75,0.75,1.,1.,1.,    0001721P0003276
32.825007545,47.76,70.849540238,31.819218354,47.76,74.248114078, 0001721P0003277
30.498857684,47.76,77.465845673,0.6875,0.75,0.,-1.,0.;           0001721P0003278
126,2,2,1,0,1,0,0.75,0.75,0.75,0.8125,0.8125,0.8125,1.,1.,1.,    0001723P0003279
30.498857684,47.76,77.465845673,29.146845575,47.76,80.760712155, 0001723P0003280
27.495398004,47.76,83.793020127,0.75,0.8125,0.,-1.,0.;           0001723P0003281
126,2,2,1,0,1,0,0.8125,0.8125,0.8125,0.84375,0.84375,0.84375,1., 0001725P0003282
1.,1.,27.495398004,47.76,83.793020127,26.642443124,47.76,        0001725P0003283
85.359174405,25.717994895,47.76,86.83892756,0.8125,0.84375,0.,   0001725P0003284
-1.,0.;                                                          0001725P0003285
126,2,2,1,0,1,0,0.84375,0.84375,0.84375,0.875,0.875,0.875,1.,1., 0001727P0003286
1.,25.717994895,47.76,86.83892756,24.767179756,47.76,            0001727P0003287
88.360886027,23.748280452,47.76,89.779406882,0.84375,0.875,0.,   0001727P0003288
-1.,0.;                                                          0001727P0003289
126,2,2,1,0,1,0,0.875,0.875,0.875,0.90625,0.90625,0.90625,1.,1., 0001729P0003290
1.,23.748280452,47.76,89.779406882,22.706475652,47.76,           0001729P0003291
91.229816989,21.602505073,47.76,92.559566531,0.875,0.90625,0.,   0001729P0003292
-1.,0.;                                                          0001729P0003293
126,2,2,1,0,1,0,0.90625,0.90625,0.90625,0.9375,0.9375,0.9375,1., 0001731P0003294
1.,1.,21.602505073,47.76,92.559566531,20.46300635,47.76,         0001731P0003295
93.932110226,19.267589618,47.76,95.163666203,0.90625,0.9375,0.,  0001731P0003296
-1.,0.;                                                          0001731P0003297
126,2,2,1,0,1,0,0.9375,0.9375,0.9375,0.96875,0.96875,0.96875,1., 0001733P0003298
1.,1.,19.267589618,47.76,95.163666203,18.020011269,47.76,        0001733P0003299
96.448960637,16.72118224,47.76,97.570899951,0.9375,0.96875,0.,   0001733P0003300
-1.,0.;                                                          0001733P0003301
126,2,2,1,0,1,0,0.96875,0.96875,0.96875,1.,1.,1.,1.,1.,1.,       0001735P0003302
16.72118224,47.76,97.570899951,15.347521172,47.76,98.757479838,  0001735P0003303
13.929692305,47.76,99.75,0.96875,1.,0.,-1.,0.;                   0001735P0003304
110,13.929692305,47.76,99.75,-13.929692433,47.76,99.75;          0001737P0003305
126,2,2,1,0,1,0,0.,0.,0.,3.125E-02,3.125E-02,3.125E-02,1.,1.,1., 0001739P0003306
-13.929692415,47.76,99.75,-15.347231711,47.76,98.75768242,       0001739P0003307
-16.720623076,47.76,97.571382626,0.,3.125E-02,0.,-1.,0.;         0001739P0003308
126,2,2,1,0,1,0,3.125E-02,3.125E-02,3.125E-02,6.25E-02,6.25E-02, 0001741P0003309
6.25E-02,1.,1.,1.,-16.720623076,47.76,97.571382626,              0001741P0003310
-18.026909589,47.76,96.443046357,-19.281325808,47.76,            0001741P0003311
95.149507651,3.125E-02,6.25E-02,0.,-1.,0.;                       0001741P0003312
126,2,2,1,0,1,0,6.25E-02,6.25E-02,6.25E-02,9.375E-02,9.375E-02,  0001743P0003313
9.375E-02,1.,1.,1.,-19.281325808,47.76,95.149507651,             0001743P0003314
-20.489319239,47.76,93.903839391,-21.640077712,47.76,            0001743P0003315
92.514252539,6.25E-02,9.375E-02,0.,-1.,0.;                       0001743P0003316
126,2,2,1,0,1,0,9.375E-02,9.375E-02,9.375E-02,0.125,0.125,0.125, 0001745P0003317
1.,1.,1.,-21.640077712,47.76,92.514252539,-22.751091433,47.76,   0001745P0003318
91.172658916,-23.798833905,47.76,89.708903769,9.375E-02,0.125,   0001745P0003319
0.,-1.,0.;                                                       0001745P0003320
126,2,2,1,0,1,0,0.125,0.125,0.125,0.15625,0.15625,0.15625,1.,1., 0001747P0003321
1.,-23.798833905,47.76,89.708903769,-24.809738076,47.76,         0001747P0003322
88.296613604,-25.753237742,47.76,86.782442803,0.125,0.15625,0.,  0001747P0003323
-1.,0.;                                                          0001747P0003324
126,2,2,1,0,1,0,0.15625,0.15625,0.15625,0.1875,0.1875,0.1875,1., 0001749P0003325
1.,1.,-25.753237742,47.76,86.782442803,-26.672676694,47.76,      0001749P0003326
85.306885662,-27.521083392,47.76,83.745810461,0.15625,0.1875,0., 0001749P0003327
-1.,0.;                                                          0001749P0003328
126,2,2,1,0,1,0,0.1875,0.1875,0.1875,0.25,0.25,0.25,1.,1.,1.,    0001751P0003329
-27.521083392,47.76,83.745810461,-29.182065046,47.76,            0001751P0003330
80.689590848,-30.538929446,47.76,77.36797409,0.1875,0.25,0.,-1., 0001751P0003331
0.;                                                              0001751P0003332
126,2,2,1,0,1,0,0.25,0.25,0.25,0.3125,0.3125,0.3125,1.,1.,1.,    0001753P0003333
-30.538929446,47.76,77.36797409,-31.857132868,47.76,74.14099984, 0001753P0003334
-32.859229076,47.76,70.733545426,0.25,0.3125,0.,-1.,0.;          0001753P0003335
126,2,2,1,0,1,0,0.3125,0.3125,0.3125,0.375,0.375,0.375,1.,1.,1., 0001755P0003336
-32.859229076,47.76,70.733545426,-33.840296961,47.76,            0001755P0003337
67.397594399,-34.501073532,47.76,63.946648635,0.3125,0.375,0.,   0001755P0003338
-1.,0.;                                                          0001755P0003339
126,2,2,1,0,1,0,0.375,0.375,0.375,0.4375,0.4375,0.4375,1.,1.,1., 0001757P0003340
-34.501073532,47.76,63.946648635,-35.15870938,47.76,             0001757P0003341
60.512105147,-35.489484211,47.76,57.012906658,0.375,0.4375,0.,   0001757P0003342
-1.,0.;                                                          0001757P0003343
126,2,2,1,0,1,0,0.4375,0.4375,0.4375,0.5,0.5,0.5,1.,1.,1.,       0001759P0003344
-35.489484211,47.76,57.012906658,-35.821714787,47.76,            0001759P0003345
53.49830746,-35.819947993,47.76,49.962706499,0.4375,0.5,0.,-1.,  0001759P0003346
0.;                                                              0001759P0003347
126,2,2,1,0,1,0,0.5,0.5,0.5,0.5625,0.5625,0.5625,1.,1.,1.,       0001761P0003348
-35.819947993,47.76,49.962706499,-35.818191719,47.76,            0001761P0003349
46.447967305,-35.486377383,47.76,42.954304399,0.5,0.5625,0.,-1., 0001761P0003350
0.;                                                              0001761P0003351
126,2,2,1,0,1,0,0.5625,0.5625,0.5625,0.625,0.625,0.625,1.,1.,1., 0001763P0003352
-35.486377383,47.76,42.954304399,-35.153513898,47.76,            0001763P0003353
39.449595103,-34.492760265,47.76,36.010005771,0.5625,0.625,0.,   0001763P0003354
-1.,0.;                                                          0001763P0003355
126,2,2,1,0,1,0,0.625,0.625,0.625,0.6875,0.6875,0.6875,1.,1.,1., 0001765P0003356
-34.492760265,47.76,36.010005771,-33.822536541,47.76,            0001765P0003357
32.521119165,-32.825008605,47.76,29.150459453,0.625,0.6875,0.,   0001765P0003358
-1.,0.;                                                          0001765P0003359
126,2,2,1,0,1,0,0.6875,0.6875,0.6875,0.75,0.75,0.75,1.,1.,1.,    0001767P0003360
-32.825008605,47.76,29.150459453,-31.819219559,47.76,            0001767P0003361
25.751885215,-30.498859036,47.76,22.534153919,0.6875,0.75,0.,    0001767P0003362
-1.,0.;                                                          0001767P0003363
126,2,2,1,0,1,0,0.75,0.75,0.75,0.8125,0.8125,0.8125,1.,1.,1.,    0001769P0003364
-30.498859036,47.76,22.534153919,-29.146846927,47.76,            0001769P0003365
19.239287436,-27.495398991,47.76,16.206979564,0.75,0.8125,0.,    0001769P0003366
-1.,0.;                                                          0001769P0003367
126,2,2,1,0,1,0,0.8125,0.8125,0.8125,0.84375,0.84375,0.84375,1., 0001771P0003368
1.,1.,-27.495398991,47.76,16.206979564,-26.642444037,47.76,      0001771P0003369
14.640825485,-25.717995589,47.76,13.16107233,0.8125,0.84375,0.,  0001771P0003370
-1.,0.;                                                          0001771P0003371
126,2,2,1,0,1,0,0.84375,0.84375,0.84375,0.875,0.875,0.875,1.,1., 0001773P0003372
1.,-25.717995589,47.76,13.16107233,-24.767180304,47.76,          0001773P0003373
11.639114161,-23.748280708,47.76,10.220593306,0.84375,0.875,0.,  0001773P0003374
-1.,0.;                                                          0001773P0003375
126,2,2,1,0,1,0,0.875,0.875,0.875,0.90625,0.90625,0.90625,1.,1., 0001775P0003376
1.,-23.748280708,47.76,10.220593306,-22.706475835,47.76,         0001775P0003377
8.770183398,-21.602505037,47.76,7.440433856,0.875,0.90625,0.,    0001775P0003378
-1.,0.;                                                          0001775P0003379
126,2,2,1,0,1,0,0.90625,0.90625,0.90625,0.9375,0.9375,0.9375,1., 0001777P0003380
1.,1.,-21.602505037,47.76,7.440433856,-20.46300624,47.76,        0001777P0003381
6.06789026,-19.267589436,47.76,4.836334184,0.90625,0.9375,0.,    0001777P0003382
-1.,0.;                                                          0001777P0003383
126,2,2,1,0,1,0,0.9375,0.9375,0.9375,0.96875,0.96875,0.96875,1., 0001779P0003384
1.,1.,-19.267589436,47.76,4.836334184,-18.020010941,47.76,       0001779P0003385
3.551039551,-16.721182203,47.76,2.429100237,0.9375,0.96875,0.,   0001779P0003386
-1.,0.;                                                          0001779P0003387
126,2,2,1,0,1,0,0.96875,0.96875,0.96875,1.,1.,1.,1.,1.,1.,       0001781P0003388
-16.721182203,47.76,2.429100237,-15.347521063,47.76,1.242520151, 0001781P0003389
-13.929692415,47.76,0.249999989,0.96875,1.,-2.227540334E-14,-1., 0001781P0003390
0.;                                                              0001781P0003391
S      1G      4D   1782P   3391                                        T0000001
