                                                                        S0000001
,,31HOpen CASCADE IGES processor 7.7,13HFilename.iges,                  G0000001
16HOpen CASCADE 7.7,31HOpen CASCADE IGES processor 7.7,32,308,15,308,15,G0000002
,1.,2,2HMM,1,0.01,15H20240822.152929,1.61645E-05,99.625,5Hnick2,,11,0,  G0000003
15H20240822.152929,;                                                    G0000004
     402       1       0       0       0       0       0       000000000D0000001
     402       0       0       1       1                               0D0000002
     144       2       0       0       0       0       0       000020000D0000003
     144       0       0       1       0                               0D0000004
     128       3       0       0       0       0       0       000010000D0000005
     128       0       0      33       0                               0D0000006
     142      36       0       0       0       0       0       000010500D0000007
     142       0       0       1       0                               0D0000008
     102      37       0       0       0       0       0       000010000D0000009
     102       0       0       2       0                               0D0000010
     126      39       0       0       0       0       0       000010000D0000011
     126       0       0       3       0                               0D0000012
     126      42       0       0       0       0       0       000010000D0000013
     126       0       0       4       0                               0D0000014
     126      46       0       0       0       0       0       000010000D0000015
     126       0       0       3       0                               0D0000016
     126      49       0       0       0       0       0       000010000D0000017
     126       0       0       3       0                               0D0000018
     126      52       0       0       0       0       0       000010000D0000019
     126       0       0       3       0                               0D0000020
     126      55       0       0       0       0       0       000010000D0000021
     126       0       0       3       0                               0D0000022
     126      58       0       0       0       0       0       000010000D0000023
     126       0       0       3       0                               0D0000024
     126      61       0       0       0       0       0       000010000D0000025
     126       0       0       3       0                               0D0000026
     126      64       0       0       0       0       0       000010000D0000027
     126       0       0       3       0                               0D0000028
     126      67       0       0       0       0       0       000010000D0000029
     126       0       0       3       0                               0D0000030
     126      70       0       0       0       0       0       000010000D0000031
     126       0       0       3       0                               0D0000032
     126      73       0       0       0       0       0       000010000D0000033
     126       0       0       3       0                               0D0000034
     126      76       0       0       0       0       0       000010000D0000035
     126       0       0       3       0                               0D0000036
     126      79       0       0       0       0       0       000010000D0000037
     126       0       0       3       0                               0D0000038
     126      82       0       0       0       0       0       000010000D0000039
     126       0       0       3       0                               0D0000040
     126      85       0       0       0       0       0       000010000D0000041
     126       0       0       3       0                               0D0000042
     126      88       0       0       0       0       0       000010000D0000043
     126       0       0       3       0                               0D0000044
     126      91       0       0       0       0       0       000010000D0000045
     126       0       0       3       0                               0D0000046
     126      94       0       0       0       0       0       000010000D0000047
     126       0       0       3       0                               0D0000048
     126      97       0       0       0       0       0       000010000D0000049
     126       0       0       3       0                               0D0000050
     126     100       0       0       0       0       0       000010000D0000051
     126       0       0       4       0                               0D0000052
     126     104       0       0       0       0       0       000010000D0000053
     126       0       0       3       0                               0D0000054
     126     107       0       0       0       0       0       000010000D0000055
     126       0       0       3       0                               0D0000056
     126     110       0       0       0       0       0       000010000D0000057
     126       0       0       3       0                               0D0000058
     126     113       0       0       0       0       0       000010000D0000059
     126       0       0       3       0                               0D0000060
     126     116       0       0       0       0       0       000010000D0000061
     126       0       0       3       0                               0D0000062
     126     119       0       0       0       0       0       000010000D0000063
     126       0       0       3       0                               0D0000064
     126     122       0       0       0       0       0       000010000D0000065
     126       0       0       3       0                               0D0000066
     126     125       0       0       0       0       0       000010000D0000067
     126       0       0       3       0                               0D0000068
     126     128       0       0       0       0       0       000010000D0000069
     126       0       0       3       0                               0D0000070
     126     131       0       0       0       0       0       000010000D0000071
     126       0       0       3       0                               0D0000072
     126     134       0       0       0       0       0       000010000D0000073
     126       0       0       3       0                               0D0000074
     126     137       0       0       0       0       0       000010000D0000075
     126       0       0       3       0                               0D0000076
     126     140       0       0       0       0       0       000010000D0000077
     126       0       0       3       0                               0D0000078
     126     143       0       0       0       0       0       000010000D0000079
     126       0       0       3       0                               0D0000080
     126     146       0       0       0       0       0       000010000D0000081
     126       0       0       3       0                               0D0000082
     126     149       0       0       0       0       0       000010000D0000083
     126       0       0       3       0                               0D0000084
     126     152       0       0       0       0       0       000010000D0000085
     126       0       0       3       0                               0D0000086
     102     155       0       0       0       0       0       000010000D0000087
     102       0       0       3       0                               0D0000088
     126     158       0       0       0       0       0       000010000D0000089
     126       0       0       6       0                               0D0000090
     126     164       0       0       0       0       0       000010000D0000091
     126       0       0       7       0                               0D0000092
     126     171       0       0       0       0       0       000010000D0000093
     126       0       0       6       0                               0D0000094
     126     177       0       0       0       0       0       000010000D0000095
     126       0       0       6       0                               0D0000096
     126     183       0       0       0       0       0       000010000D0000097
     126       0       0       6       0                               0D0000098
     126     189       0       0       0       0       0       000010000D0000099
     126       0       0       6       0                               0D0000100
     126     195       0       0       0       0       0       000010000D0000101
     126       0       0       7       0                               0D0000102
     126     202       0       0       0       0       0       000010000D0000103
     126       0       0       6       0                               0D0000104
     126     208       0       0       0       0       0       000010000D0000105
     126       0       0       6       0                               0D0000106
     126     214       0       0       0       0       0       000010000D0000107
     126       0       0       6       0                               0D0000108
     126     220       0       0       0       0       0       000010000D0000109
     126       0       0       7       0                               0D0000110
     126     227       0       0       0       0       0       000010000D0000111
     126       0       0       6       0                               0D0000112
     126     233       0       0       0       0       0       000010000D0000113
     126       0       0       6       0                               0D0000114
     126     239       0       0       0       0       0       000010000D0000115
     126       0       0       7       0                               0D0000116
     126     246       0       0       0       0       0       000010000D0000117
     126       0       0       6       0                               0D0000118
     126     252       0       0       0       0       0       000010000D0000119
     126       0       0       7       0                               0D0000120
     126     259       0       0       0       0       0       000010000D0000121
     126       0       0       7       0                               0D0000122
     126     266       0       0       0       0       0       000010000D0000123
     126       0       0       6       0                               0D0000124
     100     272       0       0       0       0     127       000010000D0000125
     100       0       0       1       0                               0D0000126
     124     273       0       0       0       0       0       000000000D0000127
     124       0       0       3       0                               0D0000128
     126     276       0       0       0       0       0       000010000D0000129
     126       0       0       6       0                               0D0000130
     126     282       0       0       0       0       0       000010000D0000131
     126       0       0       7       0                               0D0000132
     126     289       0       0       0       0       0       000010000D0000133
     126       0       0       7       0                               0D0000134
     126     296       0       0       0       0       0       000010000D0000135
     126       0       0       6       0                               0D0000136
     126     302       0       0       0       0       0       000010000D0000137
     126       0       0       7       0                               0D0000138
     126     309       0       0       0       0       0       000010000D0000139
     126       0       0       7       0                               0D0000140
     126     316       0       0       0       0       0       000010000D0000141
     126       0       0       7       0                               0D0000142
     126     323       0       0       0       0       0       000010000D0000143
     126       0       0       6       0                               0D0000144
     126     329       0       0       0       0       0       000010000D0000145
     126       0       0       6       0                               0D0000146
     126     335       0       0       0       0       0       000010000D0000147
     126       0       0       6       0                               0D0000148
     126     341       0       0       0       0       0       000010000D0000149
     126       0       0       6       0                               0D0000150
     126     347       0       0       0       0       0       000010000D0000151
     126       0       0       7       0                               0D0000152
     126     354       0       0       0       0       0       000010000D0000153
     126       0       0       7       0                               0D0000154
     126     361       0       0       0       0       0       000010000D0000155
     126       0       0       6       0                               0D0000156
     126     367       0       0       0       0       0       000010000D0000157
     126       0       0       6       0                               0D0000158
     126     373       0       0       0       0       0       000010000D0000159
     126       0       0       6       0                               0D0000160
     126     379       0       0       0       0       0       000010000D0000161
     126       0       0       6       0                               0D0000162
     126     385       0       0       0       0       0       000010000D0000163
     126       0       0       6       0                               0D0000164
     100     391       0       0       0       0     167       000010000D0000165
     100       0       0       2       0                               0D0000166
     124     393       0       0       0       0       0       000000000D0000167
     124       0       0       1       0                               0D0000168
     144     394       0       0       0       0       0       000020000D0000169
     144       0       0       1       0                               0D0000170
     128     395       0       0       0       0       0       000010000D0000171
     128       0       0      35       0                               0D0000172
     142     430       0       0       0       0       0       000010500D0000173
     142       0       0       1       0                               0D0000174
     102     431       0       0       0       0       0       000010000D0000175
     102       0       0       3       0                               0D0000176
     126     434       0       0       0       0       0       000010000D0000177
     126       0       0       3       0                               0D0000178
     126     437       0       0       0       0       0       000010000D0000179
     126       0       0       4       0                               0D0000180
     126     441       0       0       0       0       0       000010000D0000181
     126       0       0       3       0                               0D0000182
     126     444       0       0       0       0       0       000010000D0000183
     126       0       0       3       0                               0D0000184
     126     447       0       0       0       0       0       000010000D0000185
     126       0       0       3       0                               0D0000186
     126     450       0       0       0       0       0       000010000D0000187
     126       0       0       3       0                               0D0000188
     126     453       0       0       0       0       0       000010000D0000189
     126       0       0       3       0                               0D0000190
     126     456       0       0       0       0       0       000010000D0000191
     126       0       0       3       0                               0D0000192
     126     459       0       0       0       0       0       000010000D0000193
     126       0       0       3       0                               0D0000194
     126     462       0       0       0       0       0       000010000D0000195
     126       0       0       3       0                               0D0000196
     126     465       0       0       0       0       0       000010000D0000197
     126       0       0       3       0                               0D0000198
     126     468       0       0       0       0       0       000010000D0000199
     126       0       0       3       0                               0D0000200
     126     471       0       0       0       0       0       000010000D0000201
     126       0       0       3       0                               0D0000202
     126     474       0       0       0       0       0       000010000D0000203
     126       0       0       3       0                               0D0000204
     126     477       0       0       0       0       0       000010000D0000205
     126       0       0       3       0                               0D0000206
     126     480       0       0       0       0       0       000010000D0000207
     126       0       0       3       0                               0D0000208
     126     483       0       0       0       0       0       000010000D0000209
     126       0       0       3       0                               0D0000210
     126     486       0       0       0       0       0       000010000D0000211
     126       0       0       3       0                               0D0000212
     126     489       0       0       0       0       0       000010000D0000213
     126       0       0       2       0                               0D0000214
     126     491       0       0       0       0       0       000010000D0000215
     126       0       0       3       0                               0D0000216
     126     494       0       0       0       0       0       000010000D0000217
     126       0       0       4       0                               0D0000218
     126     498       0       0       0       0       0       000010000D0000219
     126       0       0       3       0                               0D0000220
     126     501       0       0       0       0       0       000010000D0000221
     126       0       0       3       0                               0D0000222
     126     504       0       0       0       0       0       000010000D0000223
     126       0       0       3       0                               0D0000224
     126     507       0       0       0       0       0       000010000D0000225
     126       0       0       3       0                               0D0000226
     126     510       0       0       0       0       0       000010000D0000227
     126       0       0       3       0                               0D0000228
     126     513       0       0       0       0       0       000010000D0000229
     126       0       0       3       0                               0D0000230
     126     516       0       0       0       0       0       000010000D0000231
     126       0       0       3       0                               0D0000232
     126     519       0       0       0       0       0       000010000D0000233
     126       0       0       3       0                               0D0000234
     126     522       0       0       0       0       0       000010000D0000235
     126       0       0       3       0                               0D0000236
     126     525       0       0       0       0       0       000010000D0000237
     126       0       0       3       0                               0D0000238
     126     528       0       0       0       0       0       000010000D0000239
     126       0       0       3       0                               0D0000240
     126     531       0       0       0       0       0       000010000D0000241
     126       0       0       3       0                               0D0000242
     126     534       0       0       0       0       0       000010000D0000243
     126       0       0       3       0                               0D0000244
     126     537       0       0       0       0       0       000010000D0000245
     126       0       0       3       0                               0D0000246
     126     540       0       0       0       0       0       000010000D0000247
     126       0       0       3       0                               0D0000248
     126     543       0       0       0       0       0       000010000D0000249
     126       0       0       3       0                               0D0000250
     126     546       0       0       0       0       0       000010000D0000251
     126       0       0       3       0                               0D0000252
     102     549       0       0       0       0       0       000010000D0000253
     102       0       0       3       0                               0D0000254
     126     552       0       0       0       0       0       000010000D0000255
     126       0       0       6       0                               0D0000256
     126     558       0       0       0       0       0       000010000D0000257
     126       0       0       7       0                               0D0000258
     126     565       0       0       0       0       0       000010000D0000259
     126       0       0       7       0                               0D0000260
     126     572       0       0       0       0       0       000010000D0000261
     126       0       0       7       0                               0D0000262
     126     579       0       0       0       0       0       000010000D0000263
     126       0       0       7       0                               0D0000264
     126     586       0       0       0       0       0       000010000D0000265
     126       0       0       7       0                               0D0000266
     126     593       0       0       0       0       0       000010000D0000267
     126       0       0       7       0                               0D0000268
     126     600       0       0       0       0       0       000010000D0000269
     126       0       0       6       0                               0D0000270
     126     606       0       0       0       0       0       000010000D0000271
     126       0       0       6       0                               0D0000272
     126     612       0       0       0       0       0       000010000D0000273
     126       0       0       6       0                               0D0000274
     126     618       0       0       0       0       0       000010000D0000275
     126       0       0       7       0                               0D0000276
     126     625       0       0       0       0       0       000010000D0000277
     126       0       0       7       0                               0D0000278
     126     632       0       0       0       0       0       000010000D0000279
     126       0       0       7       0                               0D0000280
     126     639       0       0       0       0       0       000010000D0000281
     126       0       0       7       0                               0D0000282
     126     646       0       0       0       0       0       000010000D0000283
     126       0       0       7       0                               0D0000284
     126     653       0       0       0       0       0       000010000D0000285
     126       0       0       7       0                               0D0000286
     126     660       0       0       0       0       0       000010000D0000287
     126       0       0       7       0                               0D0000288
     126     667       0       0       0       0       0       000010000D0000289
     126       0       0       6       0                               0D0000290
     100     673       0       0       0       0     293       000010000D0000291
     100       0       0       1       0                               0D0000292
     124     674       0       0       0       0       0       000000000D0000293
     124       0       0       3       0                               0D0000294
     126     677       0       0       0       0       0       000010000D0000295
     126       0       0       6       0                               0D0000296
     126     683       0       0       0       0       0       000010000D0000297
     126       0       0       7       0                               0D0000298
     126     690       0       0       0       0       0       000010000D0000299
     126       0       0       7       0                               0D0000300
     126     697       0       0       0       0       0       000010000D0000301
     126       0       0       7       0                               0D0000302
     126     704       0       0       0       0       0       000010000D0000303
     126       0       0       7       0                               0D0000304
     126     711       0       0       0       0       0       000010000D0000305
     126       0       0       7       0                               0D0000306
     126     718       0       0       0       0       0       000010000D0000307
     126       0       0       7       0                               0D0000308
     126     725       0       0       0       0       0       000010000D0000309
     126       0       0       6       0                               0D0000310
     126     731       0       0       0       0       0       000010000D0000311
     126       0       0       6       0                               0D0000312
     126     737       0       0       0       0       0       000010000D0000313
     126       0       0       6       0                               0D0000314
     126     743       0       0       0       0       0       000010000D0000315
     126       0       0       7       0                               0D0000316
     126     750       0       0       0       0       0       000010000D0000317
     126       0       0       7       0                               0D0000318
     126     757       0       0       0       0       0       000010000D0000319
     126       0       0       7       0                               0D0000320
     126     764       0       0       0       0       0       000010000D0000321
     126       0       0       7       0                               0D0000322
     126     771       0       0       0       0       0       000010000D0000323
     126       0       0       7       0                               0D0000324
     126     778       0       0       0       0       0       000010000D0000325
     126       0       0       7       0                               0D0000326
     126     785       0       0       0       0       0       000010000D0000327
     126       0       0       7       0                               0D0000328
     126     792       0       0       0       0       0       000010000D0000329
     126       0       0       6       0                               0D0000330
     100     798       0       0       0       0     333       000010000D0000331
     100       0       0       2       0                               0D0000332
     124     800       0       0       0       0       0       000000000D0000333
     124       0       0       1       0                               0D0000334
     144     801       0       0       0       0       0       000020000D0000335
     144       0       0       1       0                               0D0000336
     128     802       0       0       0       0       0       000010000D0000337
     128       0       0      34       0                               0D0000338
     142     836       0       0       0       0       0       000010500D0000339
     142       0       0       1       0                               0D0000340
     102     837       0       0       0       0       0       000010000D0000341
     102       0       0       3       0                               0D0000342
     126     840       0       0       0       0       0       000010000D0000343
     126       0       0       3       0                               0D0000344
     126     843       0       0       0       0       0       000010000D0000345
     126       0       0       4       0                               0D0000346
     126     847       0       0       0       0       0       000010000D0000347
     126       0       0       3       0                               0D0000348
     126     850       0       0       0       0       0       000010000D0000349
     126       0       0       3       0                               0D0000350
     126     853       0       0       0       0       0       000010000D0000351
     126       0       0       3       0                               0D0000352
     126     856       0       0       0       0       0       000010000D0000353
     126       0       0       3       0                               0D0000354
     126     859       0       0       0       0       0       000010000D0000355
     126       0       0       3       0                               0D0000356
     126     862       0       0       0       0       0       000010000D0000357
     126       0       0       3       0                               0D0000358
     126     865       0       0       0       0       0       000010000D0000359
     126       0       0       3       0                               0D0000360
     126     868       0       0       0       0       0       000010000D0000361
     126       0       0       3       0                               0D0000362
     126     871       0       0       0       0       0       000010000D0000363
     126       0       0       3       0                               0D0000364
     126     874       0       0       0       0       0       000010000D0000365
     126       0       0       3       0                               0D0000366
     126     877       0       0       0       0       0       000010000D0000367
     126       0       0       3       0                               0D0000368
     126     880       0       0       0       0       0       000010000D0000369
     126       0       0       3       0                               0D0000370
     126     883       0       0       0       0       0       000010000D0000371
     126       0       0       3       0                               0D0000372
     126     886       0       0       0       0       0       000010000D0000373
     126       0       0       3       0                               0D0000374
     126     889       0       0       0       0       0       000010000D0000375
     126       0       0       3       0                               0D0000376
     126     892       0       0       0       0       0       000010000D0000377
     126       0       0       3       0                               0D0000378
     126     895       0       0       0       0       0       000010000D0000379
     126       0       0       2       0                               0D0000380
     126     897       0       0       0       0       0       000010000D0000381
     126       0       0       3       0                               0D0000382
     126     900       0       0       0       0       0       000010000D0000383
     126       0       0       4       0                               0D0000384
     126     904       0       0       0       0       0       000010000D0000385
     126       0       0       3       0                               0D0000386
     126     907       0       0       0       0       0       000010000D0000387
     126       0       0       3       0                               0D0000388
     126     910       0       0       0       0       0       000010000D0000389
     126       0       0       3       0                               0D0000390
     126     913       0       0       0       0       0       000010000D0000391
     126       0       0       3       0                               0D0000392
     126     916       0       0       0       0       0       000010000D0000393
     126       0       0       3       0                               0D0000394
     126     919       0       0       0       0       0       000010000D0000395
     126       0       0       3       0                               0D0000396
     126     922       0       0       0       0       0       000010000D0000397
     126       0       0       3       0                               0D0000398
     126     925       0       0       0       0       0       000010000D0000399
     126       0       0       3       0                               0D0000400
     126     928       0       0       0       0       0       000010000D0000401
     126       0       0       3       0                               0D0000402
     126     931       0       0       0       0       0       000010000D0000403
     126       0       0       3       0                               0D0000404
     126     934       0       0       0       0       0       000010000D0000405
     126       0       0       3       0                               0D0000406
     126     937       0       0       0       0       0       000010000D0000407
     126       0       0       3       0                               0D0000408
     126     940       0       0       0       0       0       000010000D0000409
     126       0       0       3       0                               0D0000410
     126     943       0       0       0       0       0       000010000D0000411
     126       0       0       3       0                               0D0000412
     126     946       0       0       0       0       0       000010000D0000413
     126       0       0       3       0                               0D0000414
     126     949       0       0       0       0       0       000010000D0000415
     126       0       0       3       0                               0D0000416
     126     952       0       0       0       0       0       000010000D0000417
     126       0       0       3       0                               0D0000418
     102     955       0       0       0       0       0       000010000D0000419
     102       0       0       3       0                               0D0000420
     126     958       0       0       0       0       0       000010000D0000421
     126       0       0       6       0                               0D0000422
     126     964       0       0       0       0       0       000010000D0000423
     126       0       0       7       0                               0D0000424
     126     971       0       0       0       0       0       000010000D0000425
     126       0       0       7       0                               0D0000426
     126     978       0       0       0       0       0       000010000D0000427
     126       0       0       7       0                               0D0000428
     126     985       0       0       0       0       0       000010000D0000429
     126       0       0       7       0                               0D0000430
     126     992       0       0       0       0       0       000010000D0000431
     126       0       0       7       0                               0D0000432
     126     999       0       0       0       0       0       000010000D0000433
     126       0       0       7       0                               0D0000434
     126    1006       0       0       0       0       0       000010000D0000435
     126       0       0       7       0                               0D0000436
     126    1013       0       0       0       0       0       000010000D0000437
     126       0       0       6       0                               0D0000438
     126    1019       0       0       0       0       0       000010000D0000439
     126       0       0       6       0                               0D0000440
     126    1025       0       0       0       0       0       000010000D0000441
     126       0       0       7       0                               0D0000442
     126    1032       0       0       0       0       0       000010000D0000443
     126       0       0       7       0                               0D0000444
     126    1039       0       0       0       0       0       000010000D0000445
     126       0       0       7       0                               0D0000446
     126    1046       0       0       0       0       0       000010000D0000447
     126       0       0       7       0                               0D0000448
     126    1053       0       0       0       0       0       000010000D0000449
     126       0       0       7       0                               0D0000450
     126    1060       0       0       0       0       0       000010000D0000451
     126       0       0       7       0                               0D0000452
     126    1067       0       0       0       0       0       000010000D0000453
     126       0       0       7       0                               0D0000454
     126    1074       0       0       0       0       0       000010000D0000455
     126       0       0       6       0                               0D0000456
     100    1080       0       0       0       0     459       000010000D0000457
     100       0       0       1       0                               0D0000458
     124    1081       0       0       0       0       0       000000000D0000459
     124       0       0       3       0                               0D0000460
     126    1084       0       0       0       0       0       000010000D0000461
     126       0       0       6       0                               0D0000462
     126    1090       0       0       0       0       0       000010000D0000463
     126       0       0       7       0                               0D0000464
     126    1097       0       0       0       0       0       000010000D0000465
     126       0       0       7       0                               0D0000466
     126    1104       0       0       0       0       0       000010000D0000467
     126       0       0       7       0                               0D0000468
     126    1111       0       0       0       0       0       000010000D0000469
     126       0       0       7       0                               0D0000470
     126    1118       0       0       0       0       0       000010000D0000471
     126       0       0       7       0                               0D0000472
     126    1125       0       0       0       0       0       000010000D0000473
     126       0       0       7       0                               0D0000474
     126    1132       0       0       0       0       0       000010000D0000475
     126       0       0       7       0                               0D0000476
     126    1139       0       0       0       0       0       000010000D0000477
     126       0       0       6       0                               0D0000478
     126    1145       0       0       0       0       0       000010000D0000479
     126       0       0       6       0                               0D0000480
     126    1151       0       0       0       0       0       000010000D0000481
     126       0       0       7       0                               0D0000482
     126    1158       0       0       0       0       0       000010000D0000483
     126       0       0       7       0                               0D0000484
     126    1165       0       0       0       0       0       000010000D0000485
     126       0       0       7       0                               0D0000486
     126    1172       0       0       0       0       0       000010000D0000487
     126       0       0       7       0                               0D0000488
     126    1179       0       0       0       0       0       000010000D0000489
     126       0       0       7       0                               0D0000490
     126    1186       0       0       0       0       0       000010000D0000491
     126       0       0       7       0                               0D0000492
     126    1193       0       0       0       0       0       000010000D0000493
     126       0       0       7       0                               0D0000494
     126    1200       0       0       0       0       0       000010000D0000495
     126       0       0       6       0                               0D0000496
     100    1206       0       0       0       0     499       000010000D0000497
     100       0       0       2       0                               0D0000498
     124    1208       0       0       0       0       0       000000000D0000499
     124       0       0       1       0                               0D0000500
     144    1209       0       0       0       0       0       000020000D0000501
     144       0       0       1       0                               0D0000502
     128    1210       0       0       0       0       0       000010000D0000503
     128       0       0       5       0                               0D0000504
     142    1215       0       0       0       0       0       000010500D0000505
     142       0       0       1       0                               0D0000506
     102    1216       0       0       0       0       0       000010000D0000507
     102       0       0       3       0                               0D0000508
     126    1219       0       0       0       0       0       000010000D0000509
     126       0       0       4       0                               0D0000510
     126    1223       0       0       0       0       0       000010000D0000511
     126       0       0       3       0                               0D0000512
     126    1226       0       0       0       0       0       000010000D0000513
     126       0       0       3       0                               0D0000514
     126    1229       0       0       0       0       0       000010000D0000515
     126       0       0       3       0                               0D0000516
     126    1232       0       0       0       0       0       000010000D0000517
     126       0       0       3       0                               0D0000518
     126    1235       0       0       0       0       0       000010000D0000519
     126       0       0       3       0                               0D0000520
     126    1238       0       0       0       0       0       000010000D0000521
     126       0       0       3       0                               0D0000522
     126    1241       0       0       0       0       0       000010000D0000523
     126       0       0       4       0                               0D0000524
     126    1245       0       0       0       0       0       000010000D0000525
     126       0       0       3       0                               0D0000526
     126    1248       0       0       0       0       0       000010000D0000527
     126       0       0       4       0                               0D0000528
     126    1252       0       0       0       0       0       000010000D0000529
     126       0       0       3       0                               0D0000530
     126    1255       0       0       0       0       0       000010000D0000531
     126       0       0       3       0                               0D0000532
     126    1258       0       0       0       0       0       000010000D0000533
     126       0       0       3       0                               0D0000534
     126    1261       0       0       0       0       0       000010000D0000535
     126       0       0       3       0                               0D0000536
     126    1264       0       0       0       0       0       000010000D0000537
     126       0       0       3       0                               0D0000538
     126    1267       0       0       0       0       0       000010000D0000539
     126       0       0       3       0                               0D0000540
     126    1270       0       0       0       0       0       000010000D0000541
     126       0       0       4       0                               0D0000542
     126    1274       0       0       0       0       0       000010000D0000543
     126       0       0       3       0                               0D0000544
     126    1277       0       0       0       0       0       000010000D0000545
     126       0       0       4       0                               0D0000546
     126    1281       0       0       0       0       0       000010000D0000547
     126       0       0       3       0                               0D0000548
     126    1284       0       0       0       0       0       000010000D0000549
     126       0       0       3       0                               0D0000550
     126    1287       0       0       0       0       0       000010000D0000551
     126       0       0       3       0                               0D0000552
     126    1290       0       0       0       0       0       000010000D0000553
     126       0       0       3       0                               0D0000554
     126    1293       0       0       0       0       0       000010000D0000555
     126       0       0       3       0                               0D0000556
     126    1296       0       0       0       0       0       000010000D0000557
     126       0       0       3       0                               0D0000558
     126    1299       0       0       0       0       0       000010000D0000559
     126       0       0       3       0                               0D0000560
     126    1302       0       0       0       0       0       000010000D0000561
     126       0       0       3       0                               0D0000562
     126    1305       0       0       0       0       0       000010000D0000563
     126       0       0       4       0                               0D0000564
     126    1309       0       0       0       0       0       000010000D0000565
     126       0       0       3       0                               0D0000566
     126    1312       0       0       0       0       0       000010000D0000567
     126       0       0       3       0                               0D0000568
     126    1315       0       0       0       0       0       000010000D0000569
     126       0       0       3       0                               0D0000570
     126    1318       0       0       0       0       0       000010000D0000571
     126       0       0       3       0                               0D0000572
     126    1321       0       0       0       0       0       000010000D0000573
     126       0       0       3       0                               0D0000574
     126    1324       0       0       0       0       0       000010000D0000575
     126       0       0       3       0                               0D0000576
     126    1327       0       0       0       0       0       000010000D0000577
     126       0       0       4       0                               0D0000578
     126    1331       0       0       0       0       0       000010000D0000579
     126       0       0       3       0                               0D0000580
     102    1334       0       0       0       0       0       000010000D0000581
     102       0       0       3       0                               0D0000582
     126    1337       0       0       0       0       0       000010000D0000583
     126       0       0       4       0                               0D0000584
     126    1341       0       0       0       0       0       000010000D0000585
     126       0       0       3       0                               0D0000586
     126    1344       0       0       0       0       0       000010000D0000587
     126       0       0       3       0                               0D0000588
     126    1347       0       0       0       0       0       000010000D0000589
     126       0       0       3       0                               0D0000590
     126    1350       0       0       0       0       0       000010000D0000591
     126       0       0       3       0                               0D0000592
     126    1353       0       0       0       0       0       000010000D0000593
     126       0       0       3       0                               0D0000594
     126    1356       0       0       0       0       0       000010000D0000595
     126       0       0       3       0                               0D0000596
     126    1359       0       0       0       0       0       000010000D0000597
     126       0       0       4       0                               0D0000598
     110    1363       0       0       0       0       0       000010000D0000599
     110       0       0       1       0                               0D0000600
     126    1364       0       0       0       0       0       000010000D0000601
     126       0       0       4       0                               0D0000602
     126    1368       0       0       0       0       0       000010000D0000603
     126       0       0       3       0                               0D0000604
     126    1371       0       0       0       0       0       000010000D0000605
     126       0       0       3       0                               0D0000606
     126    1374       0       0       0       0       0       000010000D0000607
     126       0       0       3       0                               0D0000608
     126    1377       0       0       0       0       0       000010000D0000609
     126       0       0       3       0                               0D0000610
     126    1380       0       0       0       0       0       000010000D0000611
     126       0       0       3       0                               0D0000612
     126    1383       0       0       0       0       0       000010000D0000613
     126       0       0       3       0                               0D0000614
     126    1386       0       0       0       0       0       000010000D0000615
     126       0       0       4       0                               0D0000616
     110    1390       0       0       0       0       0       000010000D0000617
     110       0       0       1       0                               0D0000618
     126    1391       0       0       0       0       0       000010000D0000619
     126       0       0       4       0                               0D0000620
     126    1395       0       0       0       0       0       000010000D0000621
     126       0       0       3       0                               0D0000622
     126    1398       0       0       0       0       0       000010000D0000623
     126       0       0       3       0                               0D0000624
     126    1401       0       0       0       0       0       000010000D0000625
     126       0       0       3       0                               0D0000626
     126    1404       0       0       0       0       0       000010000D0000627
     126       0       0       3       0                               0D0000628
     126    1407       0       0       0       0       0       000010000D0000629
     126       0       0       3       0                               0D0000630
     126    1410       0       0       0       0       0       000010000D0000631
     126       0       0       3       0                               0D0000632
     126    1413       0       0       0       0       0       000010000D0000633
     126       0       0       3       0                               0D0000634
     110    1416       0       0       0       0       0       000010000D0000635
     110       0       0       1       0                               0D0000636
     126    1417       0       0       0       0       0       000010000D0000637
     126       0       0       4       0                               0D0000638
     126    1421       0       0       0       0       0       000010000D0000639
     126       0       0       3       0                               0D0000640
     126    1424       0       0       0       0       0       000010000D0000641
     126       0       0       3       0                               0D0000642
     126    1427       0       0       0       0       0       000010000D0000643
     126       0       0       3       0                               0D0000644
     126    1430       0       0       0       0       0       000010000D0000645
     126       0       0       3       0                               0D0000646
     126    1433       0       0       0       0       0       000010000D0000647
     126       0       0       3       0                               0D0000648
     126    1436       0       0       0       0       0       000010000D0000649
     126       0       0       3       0                               0D0000650
     126    1439       0       0       0       0       0       000010000D0000651
     126       0       0       4       0                               0D0000652
     110    1443       0       0       0       0       0       000010000D0000653
     110       0       0       1       0                               0D0000654
     144    1444       0       0       0       0       0       000020000D0000655
     144       0       0       1       0                               0D0000656
     128    1445       0       0       0       0       0       000010000D0000657
     128       0       0       5       0                               0D0000658
     142    1450       0       0       0       0       0       000010500D0000659
     142       0       0       1       0                               0D0000660
     102    1451       0       0       0       0       0       000010000D0000661
     102       0       0       3       0                               0D0000662
     110    1454       0       0       0       0       0       000010000D0000663
     110       0       0       1       0                               0D0000664
     126    1455       0       0       0       0       0       000010000D0000665
     126       0       0       3       0                               0D0000666
     110    1458       0       0       0       0       0       000010000D0000667
     110       0       0       1       0                               0D0000668
     126    1459       0       0       0       0       0       000010000D0000669
     126       0       0       3       0                               0D0000670
     126    1462       0       0       0       0       0       000010000D0000671
     126       0       0       3       0                               0D0000672
     126    1465       0       0       0       0       0       000010000D0000673
     126       0       0       3       0                               0D0000674
     126    1468       0       0       0       0       0       000010000D0000675
     126       0       0       3       0                               0D0000676
     126    1471       0       0       0       0       0       000010000D0000677
     126       0       0       3       0                               0D0000678
     126    1474       0       0       0       0       0       000010000D0000679
     126       0       0       3       0                               0D0000680
     126    1477       0       0       0       0       0       000010000D0000681
     126       0       0       3       0                               0D0000682
     126    1480       0       0       0       0       0       000010000D0000683
     126       0       0       3       0                               0D0000684
     110    1483       0       0       0       0       0       000010000D0000685
     110       0       0       1       0                               0D0000686
     126    1484       0       0       0       0       0       000010000D0000687
     126       0       0       2       0                               0D0000688
     110    1486       0       0       0       0       0       000010000D0000689
     110       0       0       1       0                               0D0000690
     126    1487       0       0       0       0       0       000010000D0000691
     126       0       0       3       0                               0D0000692
     126    1490       0       0       0       0       0       000010000D0000693
     126       0       0       3       0                               0D0000694
     126    1493       0       0       0       0       0       000010000D0000695
     126       0       0       3       0                               0D0000696
     126    1496       0       0       0       0       0       000010000D0000697
     126       0       0       3       0                               0D0000698
     126    1499       0       0       0       0       0       000010000D0000699
     126       0       0       3       0                               0D0000700
     126    1502       0       0       0       0       0       000010000D0000701
     126       0       0       3       0                               0D0000702
     126    1505       0       0       0       0       0       000010000D0000703
     126       0       0       3       0                               0D0000704
     126    1508       0       0       0       0       0       000010000D0000705
     126       0       0       3       0                               0D0000706
     110    1511       0       0       0       0       0       000010000D0000707
     110       0       0       1       0                               0D0000708
     126    1512       0       0       0       0       0       000010000D0000709
     126       0       0       3       0                               0D0000710
     110    1515       0       0       0       0       0       000010000D0000711
     110       0       0       1       0                               0D0000712
     126    1516       0       0       0       0       0       000010000D0000713
     126       0       0       3       0                               0D0000714
     126    1519       0       0       0       0       0       000010000D0000715
     126       0       0       3       0                               0D0000716
     126    1522       0       0       0       0       0       000010000D0000717
     126       0       0       3       0                               0D0000718
     126    1525       0       0       0       0       0       000010000D0000719
     126       0       0       3       0                               0D0000720
     126    1528       0       0       0       0       0       000010000D0000721
     126       0       0       3       0                               0D0000722
     126    1531       0       0       0       0       0       000010000D0000723
     126       0       0       3       0                               0D0000724
     126    1534       0       0       0       0       0       000010000D0000725
     126       0       0       3       0                               0D0000726
     126    1537       0       0       0       0       0       000010000D0000727
     126       0       0       3       0                               0D0000728
     110    1540       0       0       0       0       0       000010000D0000729
     110       0       0       1       0                               0D0000730
     126    1541       0       0       0       0       0       000010000D0000731
     126       0       0       3       0                               0D0000732
     110    1544       0       0       0       0       0       000010000D0000733
     110       0       0       1       0                               0D0000734
     126    1545       0       0       0       0       0       000010000D0000735
     126       0       0       3       0                               0D0000736
     126    1548       0       0       0       0       0       000010000D0000737
     126       0       0       3       0                               0D0000738
     126    1551       0       0       0       0       0       000010000D0000739
     126       0       0       3       0                               0D0000740
     126    1554       0       0       0       0       0       000010000D0000741
     126       0       0       3       0                               0D0000742
     126    1557       0       0       0       0       0       000010000D0000743
     126       0       0       3       0                               0D0000744
     126    1560       0       0       0       0       0       000010000D0000745
     126       0       0       3       0                               0D0000746
     126    1563       0       0       0       0       0       000010000D0000747
     126       0       0       3       0                               0D0000748
     126    1566       0       0       0       0       0       000010000D0000749
     126       0       0       3       0                               0D0000750
     102    1569       0       0       0       0       0       000010000D0000751
     102       0       0       3       0                               0D0000752
     126    1572       0       0       0       0       0       000010000D0000753
     126       0       0       3       0                               0D0000754
     110    1575       0       0       0       0       0       000010000D0000755
     110       0       0       1       0                               0D0000756
     126    1576       0       0       0       0       0       000010000D0000757
     126       0       0       3       0                               0D0000758
     126    1579       0       0       0       0       0       000010000D0000759
     126       0       0       3       0                               0D0000760
     126    1582       0       0       0       0       0       000010000D0000761
     126       0       0       3       0                               0D0000762
     126    1585       0       0       0       0       0       000010000D0000763
     126       0       0       3       0                               0D0000764
     126    1588       0       0       0       0       0       000010000D0000765
     126       0       0       3       0                               0D0000766
     126    1591       0       0       0       0       0       000010000D0000767
     126       0       0       3       0                               0D0000768
     126    1594       0       0       0       0       0       000010000D0000769
     126       0       0       3       0                               0D0000770
     126    1597       0       0       0       0       0       000010000D0000771
     126       0       0       3       0                               0D0000772
     126    1600       0       0       0       0       0       000010000D0000773
     126       0       0       3       0                               0D0000774
     126    1603       0       0       0       0       0       000010000D0000775
     126       0       0       3       0                               0D0000776
     110    1606       0       0       0       0       0       000010000D0000777
     110       0       0       1       0                               0D0000778
     126    1607       0       0       0       0       0       000010000D0000779
     126       0       0       3       0                               0D0000780
     126    1610       0       0       0       0       0       000010000D0000781
     126       0       0       3       0                               0D0000782
     126    1613       0       0       0       0       0       000010000D0000783
     126       0       0       3       0                               0D0000784
     126    1616       0       0       0       0       0       000010000D0000785
     126       0       0       3       0                               0D0000786
     126    1619       0       0       0       0       0       000010000D0000787
     126       0       0       3       0                               0D0000788
     126    1622       0       0       0       0       0       000010000D0000789
     126       0       0       3       0                               0D0000790
     126    1625       0       0       0       0       0       000010000D0000791
     126       0       0       3       0                               0D0000792
     126    1628       0       0       0       0       0       000010000D0000793
     126       0       0       3       0                               0D0000794
     126    1631       0       0       0       0       0       000010000D0000795
     126       0       0       3       0                               0D0000796
     126    1634       0       0       0       0       0       000010000D0000797
     126       0       0       3       0                               0D0000798
     110    1637       0       0       0       0       0       000010000D0000799
     110       0       0       1       0                               0D0000800
     126    1638       0       0       0       0       0       000010000D0000801
     126       0       0       3       0                               0D0000802
     126    1641       0       0       0       0       0       000010000D0000803
     126       0       0       3       0                               0D0000804
     126    1644       0       0       0       0       0       000010000D0000805
     126       0       0       3       0                               0D0000806
     126    1647       0       0       0       0       0       000010000D0000807
     126       0       0       3       0                               0D0000808
     126    1650       0       0       0       0       0       000010000D0000809
     126       0       0       3       0                               0D0000810
     126    1653       0       0       0       0       0       000010000D0000811
     126       0       0       3       0                               0D0000812
     126    1656       0       0       0       0       0       000010000D0000813
     126       0       0       3       0                               0D0000814
     126    1659       0       0       0       0       0       000010000D0000815
     126       0       0       3       0                               0D0000816
     126    1662       0       0       0       0       0       000010000D0000817
     126       0       0       3       0                               0D0000818
     126    1665       0       0       0       0       0       000010000D0000819
     126       0       0       3       0                               0D0000820
     110    1668       0       0       0       0       0       000010000D0000821
     110       0       0       1       0                               0D0000822
     126    1669       0       0       0       0       0       000010000D0000823
     126       0       0       3       0                               0D0000824
     126    1672       0       0       0       0       0       000010000D0000825
     126       0       0       3       0                               0D0000826
     126    1675       0       0       0       0       0       000010000D0000827
     126       0       0       3       0                               0D0000828
     126    1678       0       0       0       0       0       000010000D0000829
     126       0       0       3       0                               0D0000830
     126    1681       0       0       0       0       0       000010000D0000831
     126       0       0       3       0                               0D0000832
     126    1684       0       0       0       0       0       000010000D0000833
     126       0       0       3       0                               0D0000834
     126    1687       0       0       0       0       0       000010000D0000835
     126       0       0       3       0                               0D0000836
     126    1690       0       0       0       0       0       000010000D0000837
     126       0       0       3       0                               0D0000838
     126    1693       0       0       0       0       0       000010000D0000839
     126       0       0       3       0                               0D0000840
     144    1696       0       0       0       0       0       000020000D0000841
     144       0       0       1       0                               0D0000842
     128    1697       0       0       0       0       0       000010000D0000843
     128       0       0      35       0                               0D0000844
     142    1732       0       0       0       0       0       000010500D0000845
     142       0       0       1       0                               0D0000846
     102    1733       0       0       0       0       0       000010000D0000847
     102       0       0       3       0                               0D0000848
     126    1736       0       0       0       0       0       000010000D0000849
     126       0       0       3       0                               0D0000850
     126    1739       0       0       0       0       0       000010000D0000851
     126       0       0       4       0                               0D0000852
     126    1743       0       0       0       0       0       000010000D0000853
     126       0       0       3       0                               0D0000854
     126    1746       0       0       0       0       0       000010000D0000855
     126       0       0       3       0                               0D0000856
     126    1749       0       0       0       0       0       000010000D0000857
     126       0       0       3       0                               0D0000858
     126    1752       0       0       0       0       0       000010000D0000859
     126       0       0       3       0                               0D0000860
     126    1755       0       0       0       0       0       000010000D0000861
     126       0       0       3       0                               0D0000862
     126    1758       0       0       0       0       0       000010000D0000863
     126       0       0       3       0                               0D0000864
     126    1761       0       0       0       0       0       000010000D0000865
     126       0       0       3       0                               0D0000866
     126    1764       0       0       0       0       0       000010000D0000867
     126       0       0       3       0                               0D0000868
     126    1767       0       0       0       0       0       000010000D0000869
     126       0       0       3       0                               0D0000870
     126    1770       0       0       0       0       0       000010000D0000871
     126       0       0       3       0                               0D0000872
     126    1773       0       0       0       0       0       000010000D0000873
     126       0       0       3       0                               0D0000874
     126    1776       0       0       0       0       0       000010000D0000875
     126       0       0       3       0                               0D0000876
     126    1779       0       0       0       0       0       000010000D0000877
     126       0       0       3       0                               0D0000878
     126    1782       0       0       0       0       0       000010000D0000879
     126       0       0       3       0                               0D0000880
     126    1785       0       0       0       0       0       000010000D0000881
     126       0       0       3       0                               0D0000882
     126    1788       0       0       0       0       0       000010000D0000883
     126       0       0       3       0                               0D0000884
     126    1791       0       0       0       0       0       000010000D0000885
     126       0       0       2       0                               0D0000886
     126    1793       0       0       0       0       0       000010000D0000887
     126       0       0       3       0                               0D0000888
     126    1796       0       0       0       0       0       000010000D0000889
     126       0       0       4       0                               0D0000890
     126    1800       0       0       0       0       0       000010000D0000891
     126       0       0       3       0                               0D0000892
     126    1803       0       0       0       0       0       000010000D0000893
     126       0       0       3       0                               0D0000894
     126    1806       0       0       0       0       0       000010000D0000895
     126       0       0       3       0                               0D0000896
     126    1809       0       0       0       0       0       000010000D0000897
     126       0       0       3       0                               0D0000898
     126    1812       0       0       0       0       0       000010000D0000899
     126       0       0       3       0                               0D0000900
     126    1815       0       0       0       0       0       000010000D0000901
     126       0       0       3       0                               0D0000902
     126    1818       0       0       0       0       0       000010000D0000903
     126       0       0       3       0                               0D0000904
     126    1821       0       0       0       0       0       000010000D0000905
     126       0       0       3       0                               0D0000906
     126    1824       0       0       0       0       0       000010000D0000907
     126       0       0       3       0                               0D0000908
     126    1827       0       0       0       0       0       000010000D0000909
     126       0       0       3       0                               0D0000910
     126    1830       0       0       0       0       0       000010000D0000911
     126       0       0       3       0                               0D0000912
     126    1833       0       0       0       0       0       000010000D0000913
     126       0       0       3       0                               0D0000914
     126    1836       0       0       0       0       0       000010000D0000915
     126       0       0       3       0                               0D0000916
     126    1839       0       0       0       0       0       000010000D0000917
     126       0       0       3       0                               0D0000918
     126    1842       0       0       0       0       0       000010000D0000919
     126       0       0       3       0                               0D0000920
     126    1845       0       0       0       0       0       000010000D0000921
     126       0       0       3       0                               0D0000922
     126    1848       0       0       0       0       0       000010000D0000923
     126       0       0       3       0                               0D0000924
     102    1851       0       0       0       0       0       000010000D0000925
     102       0       0       3       0                               0D0000926
     126    1854       0       0       0       0       0       000010000D0000927
     126       0       0       6       0                               0D0000928
     126    1860       0       0       0       0       0       000010000D0000929
     126       0       0       7       0                               0D0000930
     126    1867       0       0       0       0       0       000010000D0000931
     126       0       0       7       0                               0D0000932
     126    1874       0       0       0       0       0       000010000D0000933
     126       0       0       6       0                               0D0000934
     126    1880       0       0       0       0       0       000010000D0000935
     126       0       0       6       0                               0D0000936
     126    1886       0       0       0       0       0       000010000D0000937
     126       0       0       7       0                               0D0000938
     126    1893       0       0       0       0       0       000010000D0000939
     126       0       0       6       0                               0D0000940
     126    1899       0       0       0       0       0       000010000D0000941
     126       0       0       7       0                               0D0000942
     126    1906       0       0       0       0       0       000010000D0000943
     126       0       0       6       0                               0D0000944
     126    1912       0       0       0       0       0       000010000D0000945
     126       0       0       6       0                               0D0000946
     126    1918       0       0       0       0       0       000010000D0000947
     126       0       0       7       0                               0D0000948
     126    1925       0       0       0       0       0       000010000D0000949
     126       0       0       7       0                               0D0000950
     126    1932       0       0       0       0       0       000010000D0000951
     126       0       0       7       0                               0D0000952
     126    1939       0       0       0       0       0       000010000D0000953
     126       0       0       7       0                               0D0000954
     126    1946       0       0       0       0       0       000010000D0000955
     126       0       0       7       0                               0D0000956
     126    1953       0       0       0       0       0       000010000D0000957
     126       0       0       7       0                               0D0000958
     126    1960       0       0       0       0       0       000010000D0000959
     126       0       0       7       0                               0D0000960
     126    1967       0       0       0       0       0       000010000D0000961
     126       0       0       6       0                               0D0000962
     100    1973       0       0       0       0     965       000010000D0000963
     100       0       0       1       0                               0D0000964
     124    1974       0       0       0       0       0       000000000D0000965
     124       0       0       3       0                               0D0000966
     126    1977       0       0       0       0       0       000010000D0000967
     126       0       0       6       0                               0D0000968
     126    1983       0       0       0       0       0       000010000D0000969
     126       0       0       7       0                               0D0000970
     126    1990       0       0       0       0       0       000010000D0000971
     126       0       0       7       0                               0D0000972
     126    1997       0       0       0       0       0       000010000D0000973
     126       0       0       7       0                               0D0000974
     126    2004       0       0       0       0       0       000010000D0000975
     126       0       0       7       0                               0D0000976
     126    2011       0       0       0       0       0       000010000D0000977
     126       0       0       7       0                               0D0000978
     126    2018       0       0       0       0       0       000010000D0000979
     126       0       0       7       0                               0D0000980
     126    2025       0       0       0       0       0       000010000D0000981
     126       0       0       7       0                               0D0000982
     126    2032       0       0       0       0       0       000010000D0000983
     126       0       0       6       0                               0D0000984
     126    2038       0       0       0       0       0       000010000D0000985
     126       0       0       6       0                               0D0000986
     126    2044       0       0       0       0       0       000010000D0000987
     126       0       0       6       0                               0D0000988
     126    2050       0       0       0       0       0       000010000D0000989
     126       0       0       7       0                               0D0000990
     126    2057       0       0       0       0       0       000010000D0000991
     126       0       0       7       0                               0D0000992
     126    2064       0       0       0       0       0       000010000D0000993
     126       0       0       7       0                               0D0000994
     126    2071       0       0       0       0       0       000010000D0000995
     126       0       0       7       0                               0D0000996
     126    2078       0       0       0       0       0       000010000D0000997
     126       0       0       6       0                               0D0000998
     126    2084       0       0       0       0       0       000010000D0000999
     126       0       0       6       0                               0D0001000
     126    2090       0       0       0       0       0       000010000D0001001
     126       0       0       6       0                               0D0001002
     100    2096       0       0       0       0    1005       000010000D0001003
     100       0       0       2       0                               0D0001004
     124    2098       0       0       0       0       0       000000000D0001005
     124       0       0       1       0                               0D0001006
     144    2099       0       0       0       0       0       000020000D0001007
     144       0       0       1       0                               0D0001008
     128    2100       0       0       0       0       0       000010000D0001009
     128       0       0       4       0                               0D0001010
     142    2104       0       0       0       0       0       000010500D0001011
     142       0       0       1       0                               0D0001012
     102    2105       0       0       0       0       0       000010000D0001013
     102       0       0       4       0                               0D0001014
     126    2109       0       0       0       0       0       000010000D0001015
     126       0       0       3       0                               0D0001016
     126    2112       0       0       0       0       0       000010000D0001017
     126       0       0       3       0                               0D0001018
     126    2115       0       0       0       0       0       000010000D0001019
     126       0       0       4       0                               0D0001020
     126    2119       0       0       0       0       0       000010000D0001021
     126       0       0       4       0                               0D0001022
     126    2123       0       0       0       0       0       000010000D0001023
     126       0       0       3       0                               0D0001024
     126    2126       0       0       0       0       0       000010000D0001025
     126       0       0       3       0                               0D0001026
     126    2129       0       0       0       0       0       000010000D0001027
     126       0       0       3       0                               0D0001028
     126    2132       0       0       0       0       0       000010000D0001029
     126       0       0       3       0                               0D0001030
     126    2135       0       0       0       0       0       000010000D0001031
     126       0       0       3       0                               0D0001032
     126    2138       0       0       0       0       0       000010000D0001033
     126       0       0       3       0                               0D0001034
     126    2141       0       0       0       0       0       000010000D0001035
     126       0       0       3       0                               0D0001036
     126    2144       0       0       0       0       0       000010000D0001037
     126       0       0       3       0                               0D0001038
     126    2147       0       0       0       0       0       000010000D0001039
     126       0       0       3       0                               0D0001040
     126    2150       0       0       0       0       0       000010000D0001041
     126       0       0       3       0                               0D0001042
     126    2153       0       0       0       0       0       000010000D0001043
     126       0       0       3       0                               0D0001044
     126    2156       0       0       0       0       0       000010000D0001045
     126       0       0       3       0                               0D0001046
     126    2159       0       0       0       0       0       000010000D0001047
     126       0       0       3       0                               0D0001048
     126    2162       0       0       0       0       0       000010000D0001049
     126       0       0       3       0                               0D0001050
     126    2165       0       0       0       0       0       000010000D0001051
     126       0       0       3       0                               0D0001052
     126    2168       0       0       0       0       0       000010000D0001053
     126       0       0       3       0                               0D0001054
     126    2171       0       0       0       0       0       000010000D0001055
     126       0       0       3       0                               0D0001056
     126    2174       0       0       0       0       0       000010000D0001057
     126       0       0       3       0                               0D0001058
     126    2177       0       0       0       0       0       000010000D0001059
     126       0       0       3       0                               0D0001060
     126    2180       0       0       0       0       0       000010000D0001061
     126       0       0       3       0                               0D0001062
     126    2183       0       0       0       0       0       000010000D0001063
     126       0       0       3       0                               0D0001064
     126    2186       0       0       0       0       0       000010000D0001065
     126       0       0       4       0                               0D0001066
     126    2190       0       0       0       0       0       000010000D0001067
     126       0       0       4       0                               0D0001068
     126    2194       0       0       0       0       0       000010000D0001069
     126       0       0       3       0                               0D0001070
     126    2197       0       0       0       0       0       000010000D0001071
     126       0       0       3       0                               0D0001072
     126    2200       0       0       0       0       0       000010000D0001073
     126       0       0       3       0                               0D0001074
     126    2203       0       0       0       0       0       000010000D0001075
     126       0       0       3       0                               0D0001076
     126    2206       0       0       0       0       0       000010000D0001077
     126       0       0       3       0                               0D0001078
     126    2209       0       0       0       0       0       000010000D0001079
     126       0       0       3       0                               0D0001080
     126    2212       0       0       0       0       0       000010000D0001081
     126       0       0       3       0                               0D0001082
     126    2215       0       0       0       0       0       000010000D0001083
     126       0       0       3       0                               0D0001084
     126    2218       0       0       0       0       0       000010000D0001085
     126       0       0       3       0                               0D0001086
     126    2221       0       0       0       0       0       000010000D0001087
     126       0       0       3       0                               0D0001088
     126    2224       0       0       0       0       0       000010000D0001089
     126       0       0       3       0                               0D0001090
     126    2227       0       0       0       0       0       000010000D0001091
     126       0       0       3       0                               0D0001092
     126    2230       0       0       0       0       0       000010000D0001093
     126       0       0       3       0                               0D0001094
     126    2233       0       0       0       0       0       000010000D0001095
     126       0       0       3       0                               0D0001096
     126    2236       0       0       0       0       0       000010000D0001097
     126       0       0       3       0                               0D0001098
     126    2239       0       0       0       0       0       000010000D0001099
     126       0       0       3       0                               0D0001100
     126    2242       0       0       0       0       0       000010000D0001101
     126       0       0       3       0                               0D0001102
     126    2245       0       0       0       0       0       000010000D0001103
     126       0       0       3       0                               0D0001104
     126    2248       0       0       0       0       0       000010000D0001105
     126       0       0       3       0                               0D0001106
     102    2251       0       0       0       0       0       000010000D0001107
     102       0       0       4       0                               0D0001108
     110    2255       0       0       0       0       0       000010000D0001109
     110       0       0       1       0                               0D0001110
     126    2256       0       0       0       0       0       000010000D0001111
     126       0       0       4       0                               0D0001112
     126    2260       0       0       0       0       0       000010000D0001113
     126       0       0       4       0                               0D0001114
     126    2264       0       0       0       0       0       000010000D0001115
     126       0       0       4       0                               0D0001116
     126    2268       0       0       0       0       0       000010000D0001117
     126       0       0       4       0                               0D0001118
     126    2272       0       0       0       0       0       000010000D0001119
     126       0       0       4       0                               0D0001120
     126    2276       0       0       0       0       0       000010000D0001121
     126       0       0       4       0                               0D0001122
     126    2280       0       0       0       0       0       000010000D0001123
     126       0       0       4       0                               0D0001124
     126    2284       0       0       0       0       0       000010000D0001125
     126       0       0       4       0                               0D0001126
     126    2288       0       0       0       0       0       000010000D0001127
     126       0       0       4       0                               0D0001128
     126    2292       0       0       0       0       0       000010000D0001129
     126       0       0       4       0                               0D0001130
     126    2296       0       0       0       0       0       000010000D0001131
     126       0       0       4       0                               0D0001132
     126    2300       0       0       0       0       0       000010000D0001133
     126       0       0       3       0                               0D0001134
     126    2303       0       0       0       0       0       000010000D0001135
     126       0       0       3       0                               0D0001136
     126    2306       0       0       0       0       0       000010000D0001137
     126       0       0       4       0                               0D0001138
     126    2310       0       0       0       0       0       000010000D0001139
     126       0       0       4       0                               0D0001140
     126    2314       0       0       0       0       0       000010000D0001141
     126       0       0       4       0                               0D0001142
     126    2318       0       0       0       0       0       000010000D0001143
     126       0       0       4       0                               0D0001144
     126    2322       0       0       0       0       0       000010000D0001145
     126       0       0       4       0                               0D0001146
     126    2326       0       0       0       0       0       000010000D0001147
     126       0       0       4       0                               0D0001148
     126    2330       0       0       0       0       0       000010000D0001149
     126       0       0       4       0                               0D0001150
     126    2334       0       0       0       0       0       000010000D0001151
     126       0       0       4       0                               0D0001152
     126    2338       0       0       0       0       0       000010000D0001153
     126       0       0       3       0                               0D0001154
     110    2341       0       0       0       0       0       000010000D0001155
     110       0       0       1       0                               0D0001156
     126    2342       0       0       0       0       0       000010000D0001157
     126       0       0       3       0                               0D0001158
     126    2345       0       0       0       0       0       000010000D0001159
     126       0       0       4       0                               0D0001160
     126    2349       0       0       0       0       0       000010000D0001161
     126       0       0       4       0                               0D0001162
     126    2353       0       0       0       0       0       000010000D0001163
     126       0       0       4       0                               0D0001164
     126    2357       0       0       0       0       0       000010000D0001165
     126       0       0       4       0                               0D0001166
     126    2361       0       0       0       0       0       000010000D0001167
     126       0       0       4       0                               0D0001168
     126    2365       0       0       0       0       0       000010000D0001169
     126       0       0       4       0                               0D0001170
     126    2369       0       0       0       0       0       000010000D0001171
     126       0       0       4       0                               0D0001172
     126    2373       0       0       0       0       0       000010000D0001173
     126       0       0       4       0                               0D0001174
     126    2377       0       0       0       0       0       000010000D0001175
     126       0       0       4       0                               0D0001176
     126    2381       0       0       0       0       0       000010000D0001177
     126       0       0       4       0                               0D0001178
     126    2385       0       0       0       0       0       000010000D0001179
     126       0       0       4       0                               0D0001180
     126    2389       0       0       0       0       0       000010000D0001181
     126       0       0       4       0                               0D0001182
     126    2393       0       0       0       0       0       000010000D0001183
     126       0       0       4       0                               0D0001184
     126    2397       0       0       0       0       0       000010000D0001185
     126       0       0       4       0                               0D0001186
     126    2401       0       0       0       0       0       000010000D0001187
     126       0       0       4       0                               0D0001188
     126    2405       0       0       0       0       0       000010000D0001189
     126       0       0       4       0                               0D0001190
     126    2409       0       0       0       0       0       000010000D0001191
     126       0       0       4       0                               0D0001192
     126    2413       0       0       0       0       0       000010000D0001193
     126       0       0       4       0                               0D0001194
     126    2417       0       0       0       0       0       000010000D0001195
     126       0       0       4       0                               0D0001196
     126    2421       0       0       0       0       0       000010000D0001197
     126       0       0       4       0                               0D0001198
     126    2425       0       0       0       0       0       000010000D0001199
     126       0       0       4       0                               0D0001200
     144    2429       0       0       0       0       0       000020000D0001201
     144       0       0       1       0                               0D0001202
     128    2430       0       0       0       0       0       000010000D0001203
     128       0       0       4       0                               0D0001204
     142    2434       0       0       0       0       0       000010500D0001205
     142       0       0       1       0                               0D0001206
     102    2435       0       0       0       0       0       000010000D0001207
     102       0       0       4       0                               0D0001208
     126    2439       0       0       0       0       0       000010000D0001209
     126       0       0       3       0                               0D0001210
     126    2442       0       0       0       0       0       000010000D0001211
     126       0       0       3       0                               0D0001212
     126    2445       0       0       0       0       0       000010000D0001213
     126       0       0       4       0                               0D0001214
     126    2449       0       0       0       0       0       000010000D0001215
     126       0       0       4       0                               0D0001216
     126    2453       0       0       0       0       0       000010000D0001217
     126       0       0       3       0                               0D0001218
     126    2456       0       0       0       0       0       000010000D0001219
     126       0       0       3       0                               0D0001220
     126    2459       0       0       0       0       0       000010000D0001221
     126       0       0       3       0                               0D0001222
     126    2462       0       0       0       0       0       000010000D0001223
     126       0       0       3       0                               0D0001224
     126    2465       0       0       0       0       0       000010000D0001225
     126       0       0       3       0                               0D0001226
     126    2468       0       0       0       0       0       000010000D0001227
     126       0       0       3       0                               0D0001228
     126    2471       0       0       0       0       0       000010000D0001229
     126       0       0       3       0                               0D0001230
     126    2474       0       0       0       0       0       000010000D0001231
     126       0       0       3       0                               0D0001232
     126    2477       0       0       0       0       0       000010000D0001233
     126       0       0       3       0                               0D0001234
     126    2480       0       0       0       0       0       000010000D0001235
     126       0       0       3       0                               0D0001236
     126    2483       0       0       0       0       0       000010000D0001237
     126       0       0       3       0                               0D0001238
     126    2486       0       0       0       0       0       000010000D0001239
     126       0       0       3       0                               0D0001240
     126    2489       0       0       0       0       0       000010000D0001241
     126       0       0       3       0                               0D0001242
     126    2492       0       0       0       0       0       000010000D0001243
     126       0       0       3       0                               0D0001244
     126    2495       0       0       0       0       0       000010000D0001245
     126       0       0       3       0                               0D0001246
     126    2498       0       0       0       0       0       000010000D0001247
     126       0       0       3       0                               0D0001248
     126    2501       0       0       0       0       0       000010000D0001249
     126       0       0       3       0                               0D0001250
     126    2504       0       0       0       0       0       000010000D0001251
     126       0       0       3       0                               0D0001252
     126    2507       0       0       0       0       0       000010000D0001253
     126       0       0       3       0                               0D0001254
     126    2510       0       0       0       0       0       000010000D0001255
     126       0       0       3       0                               0D0001256
     126    2513       0       0       0       0       0       000010000D0001257
     126       0       0       3       0                               0D0001258
     126    2516       0       0       0       0       0       000010000D0001259
     126       0       0       4       0                               0D0001260
     126    2520       0       0       0       0       0       000010000D0001261
     126       0       0       4       0                               0D0001262
     126    2524       0       0       0       0       0       000010000D0001263
     126       0       0       3       0                               0D0001264
     126    2527       0       0       0       0       0       000010000D0001265
     126       0       0       3       0                               0D0001266
     126    2530       0       0       0       0       0       000010000D0001267
     126       0       0       3       0                               0D0001268
     126    2533       0       0       0       0       0       000010000D0001269
     126       0       0       3       0                               0D0001270
     126    2536       0       0       0       0       0       000010000D0001271
     126       0       0       3       0                               0D0001272
     126    2539       0       0       0       0       0       000010000D0001273
     126       0       0       3       0                               0D0001274
     126    2542       0       0       0       0       0       000010000D0001275
     126       0       0       3       0                               0D0001276
     126    2545       0       0       0       0       0       000010000D0001277
     126       0       0       3       0                               0D0001278
     126    2548       0       0       0       0       0       000010000D0001279
     126       0       0       3       0                               0D0001280
     126    2551       0       0       0       0       0       000010000D0001281
     126       0       0       3       0                               0D0001282
     126    2554       0       0       0       0       0       000010000D0001283
     126       0       0       3       0                               0D0001284
     126    2557       0       0       0       0       0       000010000D0001285
     126       0       0       3       0                               0D0001286
     126    2560       0       0       0       0       0       000010000D0001287
     126       0       0       3       0                               0D0001288
     126    2563       0       0       0       0       0       000010000D0001289
     126       0       0       3       0                               0D0001290
     126    2566       0       0       0       0       0       000010000D0001291
     126       0       0       3       0                               0D0001292
     126    2569       0       0       0       0       0       000010000D0001293
     126       0       0       3       0                               0D0001294
     126    2572       0       0       0       0       0       000010000D0001295
     126       0       0       3       0                               0D0001296
     126    2575       0       0       0       0       0       000010000D0001297
     126       0       0       3       0                               0D0001298
     126    2578       0       0       0       0       0       000010000D0001299
     126       0       0       3       0                               0D0001300
     102    2581       0       0       0       0       0       000010000D0001301
     102       0       0       4       0                               0D0001302
     110    2585       0       0       0       0       0       000010000D0001303
     110       0       0       1       0                               0D0001304
     126    2586       0       0       0       0       0       000010000D0001305
     126       0       0       4       0                               0D0001306
     126    2590       0       0       0       0       0       000010000D0001307
     126       0       0       4       0                               0D0001308
     126    2594       0       0       0       0       0       000010000D0001309
     126       0       0       4       0                               0D0001310
     126    2598       0       0       0       0       0       000010000D0001311
     126       0       0       4       0                               0D0001312
     126    2602       0       0       0       0       0       000010000D0001313
     126       0       0       4       0                               0D0001314
     126    2606       0       0       0       0       0       000010000D0001315
     126       0       0       4       0                               0D0001316
     126    2610       0       0       0       0       0       000010000D0001317
     126       0       0       4       0                               0D0001318
     126    2614       0       0       0       0       0       000010000D0001319
     126       0       0       4       0                               0D0001320
     126    2618       0       0       0       0       0       000010000D0001321
     126       0       0       4       0                               0D0001322
     126    2622       0       0       0       0       0       000010000D0001323
     126       0       0       4       0                               0D0001324
     126    2626       0       0       0       0       0       000010000D0001325
     126       0       0       4       0                               0D0001326
     126    2630       0       0       0       0       0       000010000D0001327
     126       0       0       4       0                               0D0001328
     126    2634       0       0       0       0       0       000010000D0001329
     126       0       0       4       0                               0D0001330
     126    2638       0       0       0       0       0       000010000D0001331
     126       0       0       4       0                               0D0001332
     126    2642       0       0       0       0       0       000010000D0001333
     126       0       0       4       0                               0D0001334
     126    2646       0       0       0       0       0       000010000D0001335
     126       0       0       4       0                               0D0001336
     126    2650       0       0       0       0       0       000010000D0001337
     126       0       0       4       0                               0D0001338
     126    2654       0       0       0       0       0       000010000D0001339
     126       0       0       4       0                               0D0001340
     126    2658       0       0       0       0       0       000010000D0001341
     126       0       0       4       0                               0D0001342
     126    2662       0       0       0       0       0       000010000D0001343
     126       0       0       4       0                               0D0001344
     126    2666       0       0       0       0       0       000010000D0001345
     126       0       0       4       0                               0D0001346
     126    2670       0       0       0       0       0       000010000D0001347
     126       0       0       3       0                               0D0001348
     110    2673       0       0       0       0       0       000010000D0001349
     110       0       0       1       0                               0D0001350
     126    2674       0       0       0       0       0       000010000D0001351
     126       0       0       3       0                               0D0001352
     126    2677       0       0       0       0       0       000010000D0001353
     126       0       0       4       0                               0D0001354
     126    2681       0       0       0       0       0       000010000D0001355
     126       0       0       4       0                               0D0001356
     126    2685       0       0       0       0       0       000010000D0001357
     126       0       0       4       0                               0D0001358
     126    2689       0       0       0       0       0       000010000D0001359
     126       0       0       4       0                               0D0001360
     126    2693       0       0       0       0       0       000010000D0001361
     126       0       0       4       0                               0D0001362
     126    2697       0       0       0       0       0       000010000D0001363
     126       0       0       4       0                               0D0001364
     126    2701       0       0       0       0       0       000010000D0001365
     126       0       0       4       0                               0D0001366
     126    2705       0       0       0       0       0       000010000D0001367
     126       0       0       4       0                               0D0001368
     126    2709       0       0       0       0       0       000010000D0001369
     126       0       0       4       0                               0D0001370
     126    2713       0       0       0       0       0       000010000D0001371
     126       0       0       4       0                               0D0001372
     126    2717       0       0       0       0       0       000010000D0001373
     126       0       0       4       0                               0D0001374
     126    2721       0       0       0       0       0       000010000D0001375
     126       0       0       4       0                               0D0001376
     126    2725       0       0       0       0       0       000010000D0001377
     126       0       0       4       0                               0D0001378
     126    2729       0       0       0       0       0       000010000D0001379
     126       0       0       4       0                               0D0001380
     126    2733       0       0       0       0       0       000010000D0001381
     126       0       0       4       0                               0D0001382
     126    2737       0       0       0       0       0       000010000D0001383
     126       0       0       4       0                               0D0001384
     126    2741       0       0       0       0       0       000010000D0001385
     126       0       0       4       0                               0D0001386
     126    2745       0       0       0       0       0       000010000D0001387
     126       0       0       4       0                               0D0001388
     126    2749       0       0       0       0       0       000010000D0001389
     126       0       0       4       0                               0D0001390
     126    2753       0       0       0       0       0       000010000D0001391
     126       0       0       4       0                               0D0001392
     126    2757       0       0       0       0       0       000010000D0001393
     126       0       0       3       0                               0D0001394
     144    2760       0       0       0       0       0       000020000D0001395
     144       0       0       1       0                               0D0001396
     128    2761       0       0       0       0       0       000010000D0001397
     128       0       0       4       0                               0D0001398
     142    2765       0       0       0       0       0       000010500D0001399
     142       0       0       1       0                               0D0001400
     102    2766       0       0       0       0       0       000010000D0001401
     102       0       0       4       0                               0D0001402
     126    2770       0       0       0       0       0       000010000D0001403
     126       0       0       3       0                               0D0001404
     126    2773       0       0       0       0       0       000010000D0001405
     126       0       0       3       0                               0D0001406
     126    2776       0       0       0       0       0       000010000D0001407
     126       0       0       4       0                               0D0001408
     126    2780       0       0       0       0       0       000010000D0001409
     126       0       0       4       0                               0D0001410
     126    2784       0       0       0       0       0       000010000D0001411
     126       0       0       3       0                               0D0001412
     126    2787       0       0       0       0       0       000010000D0001413
     126       0       0       3       0                               0D0001414
     126    2790       0       0       0       0       0       000010000D0001415
     126       0       0       3       0                               0D0001416
     126    2793       0       0       0       0       0       000010000D0001417
     126       0       0       3       0                               0D0001418
     126    2796       0       0       0       0       0       000010000D0001419
     126       0       0       3       0                               0D0001420
     126    2799       0       0       0       0       0       000010000D0001421
     126       0       0       3       0                               0D0001422
     126    2802       0       0       0       0       0       000010000D0001423
     126       0       0       3       0                               0D0001424
     126    2805       0       0       0       0       0       000010000D0001425
     126       0       0       3       0                               0D0001426
     126    2808       0       0       0       0       0       000010000D0001427
     126       0       0       3       0                               0D0001428
     126    2811       0       0       0       0       0       000010000D0001429
     126       0       0       3       0                               0D0001430
     126    2814       0       0       0       0       0       000010000D0001431
     126       0       0       3       0                               0D0001432
     126    2817       0       0       0       0       0       000010000D0001433
     126       0       0       3       0                               0D0001434
     126    2820       0       0       0       0       0       000010000D0001435
     126       0       0       3       0                               0D0001436
     126    2823       0       0       0       0       0       000010000D0001437
     126       0       0       3       0                               0D0001438
     126    2826       0       0       0       0       0       000010000D0001439
     126       0       0       3       0                               0D0001440
     126    2829       0       0       0       0       0       000010000D0001441
     126       0       0       3       0                               0D0001442
     126    2832       0       0       0       0       0       000010000D0001443
     126       0       0       3       0                               0D0001444
     126    2835       0       0       0       0       0       000010000D0001445
     126       0       0       3       0                               0D0001446
     126    2838       0       0       0       0       0       000010000D0001447
     126       0       0       3       0                               0D0001448
     126    2841       0       0       0       0       0       000010000D0001449
     126       0       0       3       0                               0D0001450
     126    2844       0       0       0       0       0       000010000D0001451
     126       0       0       3       0                               0D0001452
     126    2847       0       0       0       0       0       000010000D0001453
     126       0       0       4       0                               0D0001454
     126    2851       0       0       0       0       0       000010000D0001455
     126       0       0       4       0                               0D0001456
     126    2855       0       0       0       0       0       000010000D0001457
     126       0       0       3       0                               0D0001458
     126    2858       0       0       0       0       0       000010000D0001459
     126       0       0       3       0                               0D0001460
     126    2861       0       0       0       0       0       000010000D0001461
     126       0       0       3       0                               0D0001462
     126    2864       0       0       0       0       0       000010000D0001463
     126       0       0       3       0                               0D0001464
     126    2867       0       0       0       0       0       000010000D0001465
     126       0       0       3       0                               0D0001466
     126    2870       0       0       0       0       0       000010000D0001467
     126       0       0       3       0                               0D0001468
     126    2873       0       0       0       0       0       000010000D0001469
     126       0       0       3       0                               0D0001470
     126    2876       0       0       0       0       0       000010000D0001471
     126       0       0       3       0                               0D0001472
     126    2879       0       0       0       0       0       000010000D0001473
     126       0       0       3       0                               0D0001474
     126    2882       0       0       0       0       0       000010000D0001475
     126       0       0       3       0                               0D0001476
     126    2885       0       0       0       0       0       000010000D0001477
     126       0       0       3       0                               0D0001478
     126    2888       0       0       0       0       0       000010000D0001479
     126       0       0       3       0                               0D0001480
     126    2891       0       0       0       0       0       000010000D0001481
     126       0       0       3       0                               0D0001482
     126    2894       0       0       0       0       0       000010000D0001483
     126       0       0       3       0                               0D0001484
     126    2897       0       0       0       0       0       000010000D0001485
     126       0       0       3       0                               0D0001486
     126    2900       0       0       0       0       0       000010000D0001487
     126       0       0       3       0                               0D0001488
     126    2903       0       0       0       0       0       000010000D0001489
     126       0       0       3       0                               0D0001490
     126    2906       0       0       0       0       0       000010000D0001491
     126       0       0       3       0                               0D0001492
     126    2909       0       0       0       0       0       000010000D0001493
     126       0       0       3       0                               0D0001494
     102    2912       0       0       0       0       0       000010000D0001495
     102       0       0       4       0                               0D0001496
     110    2916       0       0       0       0       0       000010000D0001497
     110       0       0       1       0                               0D0001498
     126    2917       0       0       0       0       0       000010000D0001499
     126       0       0       3       0                               0D0001500
     126    2920       0       0       0       0       0       000010000D0001501
     126       0       0       4       0                               0D0001502
     126    2924       0       0       0       0       0       000010000D0001503
     126       0       0       4       0                               0D0001504
     126    2928       0       0       0       0       0       000010000D0001505
     126       0       0       4       0                               0D0001506
     126    2932       0       0       0       0       0       000010000D0001507
     126       0       0       4       0                               0D0001508
     126    2936       0       0       0       0       0       000010000D0001509
     126       0       0       4       0                               0D0001510
     126    2940       0       0       0       0       0       000010000D0001511
     126       0       0       4       0                               0D0001512
     126    2944       0       0       0       0       0       000010000D0001513
     126       0       0       4       0                               0D0001514
     126    2948       0       0       0       0       0       000010000D0001515
     126       0       0       4       0                               0D0001516
     126    2952       0       0       0       0       0       000010000D0001517
     126       0       0       4       0                               0D0001518
     126    2956       0       0       0       0       0       000010000D0001519
     126       0       0       3       0                               0D0001520
     126    2959       0       0       0       0       0       000010000D0001521
     126       0       0       3       0                               0D0001522
     126    2962       0       0       0       0       0       000010000D0001523
     126       0       0       4       0                               0D0001524
     126    2966       0       0       0       0       0       000010000D0001525
     126       0       0       4       0                               0D0001526
     126    2970       0       0       0       0       0       000010000D0001527
     126       0       0       4       0                               0D0001528
     126    2974       0       0       0       0       0       000010000D0001529
     126       0       0       4       0                               0D0001530
     126    2978       0       0       0       0       0       000010000D0001531
     126       0       0       4       0                               0D0001532
     126    2982       0       0       0       0       0       000010000D0001533
     126       0       0       4       0                               0D0001534
     126    2986       0       0       0       0       0       000010000D0001535
     126       0       0       4       0                               0D0001536
     126    2990       0       0       0       0       0       000010000D0001537
     126       0       0       4       0                               0D0001538
     126    2994       0       0       0       0       0       000010000D0001539
     126       0       0       4       0                               0D0001540
     126    2998       0       0       0       0       0       000010000D0001541
     126       0       0       3       0                               0D0001542
     110    3001       0       0       0       0       0       000010000D0001543
     110       0       0       1       0                               0D0001544
     126    3002       0       0       0       0       0       000010000D0001545
     126       0       0       3       0                               0D0001546
     126    3005       0       0       0       0       0       000010000D0001547
     126       0       0       4       0                               0D0001548
     126    3009       0       0       0       0       0       000010000D0001549
     126       0       0       4       0                               0D0001550
     126    3013       0       0       0       0       0       000010000D0001551
     126       0       0       4       0                               0D0001552
     126    3017       0       0       0       0       0       000010000D0001553
     126       0       0       4       0                               0D0001554
     126    3021       0       0       0       0       0       000010000D0001555
     126       0       0       4       0                               0D0001556
     126    3025       0       0       0       0       0       000010000D0001557
     126       0       0       3       0                               0D0001558
     126    3028       0       0       0       0       0       000010000D0001559
     126       0       0       3       0                               0D0001560
     126    3031       0       0       0       0       0       000010000D0001561
     126       0       0       3       0                               0D0001562
     126    3034       0       0       0       0       0       000010000D0001563
     126       0       0       3       0                               0D0001564
     126    3037       0       0       0       0       0       000010000D0001565
     126       0       0       3       0                               0D0001566
     126    3040       0       0       0       0       0       000010000D0001567
     126       0       0       3       0                               0D0001568
     126    3043       0       0       0       0       0       000010000D0001569
     126       0       0       3       0                               0D0001570
     126    3046       0       0       0       0       0       000010000D0001571
     126       0       0       3       0                               0D0001572
     126    3049       0       0       0       0       0       000010000D0001573
     126       0       0       3       0                               0D0001574
     126    3052       0       0       0       0       0       000010000D0001575
     126       0       0       3       0                               0D0001576
     126    3055       0       0       0       0       0       000010000D0001577
     126       0       0       4       0                               0D0001578
     126    3059       0       0       0       0       0       000010000D0001579
     126       0       0       4       0                               0D0001580
     126    3063       0       0       0       0       0       000010000D0001581
     126       0       0       4       0                               0D0001582
     126    3067       0       0       0       0       0       000010000D0001583
     126       0       0       4       0                               0D0001584
     126    3071       0       0       0       0       0       000010000D0001585
     126       0       0       4       0                               0D0001586
     126    3075       0       0       0       0       0       000010000D0001587
     126       0       0       3       0                               0D0001588
     144    3078       0       0       0       0       0       000020000D0001589
     144       0       0       1       0                               0D0001590
     128    3079       0       0       0       0       0       000010000D0001591
     128       0       0       4       0                               0D0001592
     142    3083       0       0       0       0       0       000010500D0001593
     142       0       0       1       0                               0D0001594
     102    3084       0       0       0       0       0       000010000D0001595
     102       0       0       4       0                               0D0001596
     126    3088       0       0       0       0       0       000010000D0001597
     126       0       0       3       0                               0D0001598
     126    3091       0       0       0       0       0       000010000D0001599
     126       0       0       3       0                               0D0001600
     126    3094       0       0       0       0       0       000010000D0001601
     126       0       0       4       0                               0D0001602
     126    3098       0       0       0       0       0       000010000D0001603
     126       0       0       4       0                               0D0001604
     126    3102       0       0       0       0       0       000010000D0001605
     126       0       0       3       0                               0D0001606
     126    3105       0       0       0       0       0       000010000D0001607
     126       0       0       3       0                               0D0001608
     126    3108       0       0       0       0       0       000010000D0001609
     126       0       0       3       0                               0D0001610
     126    3111       0       0       0       0       0       000010000D0001611
     126       0       0       3       0                               0D0001612
     126    3114       0       0       0       0       0       000010000D0001613
     126       0       0       3       0                               0D0001614
     126    3117       0       0       0       0       0       000010000D0001615
     126       0       0       3       0                               0D0001616
     126    3120       0       0       0       0       0       000010000D0001617
     126       0       0       3       0                               0D0001618
     126    3123       0       0       0       0       0       000010000D0001619
     126       0       0       3       0                               0D0001620
     126    3126       0       0       0       0       0       000010000D0001621
     126       0       0       3       0                               0D0001622
     126    3129       0       0       0       0       0       000010000D0001623
     126       0       0       3       0                               0D0001624
     126    3132       0       0       0       0       0       000010000D0001625
     126       0       0       3       0                               0D0001626
     126    3135       0       0       0       0       0       000010000D0001627
     126       0       0       3       0                               0D0001628
     126    3138       0       0       0       0       0       000010000D0001629
     126       0       0       3       0                               0D0001630
     126    3141       0       0       0       0       0       000010000D0001631
     126       0       0       3       0                               0D0001632
     126    3144       0       0       0       0       0       000010000D0001633
     126       0       0       3       0                               0D0001634
     126    3147       0       0       0       0       0       000010000D0001635
     126       0       0       3       0                               0D0001636
     126    3150       0       0       0       0       0       000010000D0001637
     126       0       0       3       0                               0D0001638
     126    3153       0       0       0       0       0       000010000D0001639
     126       0       0       3       0                               0D0001640
     126    3156       0       0       0       0       0       000010000D0001641
     126       0       0       3       0                               0D0001642
     126    3159       0       0       0       0       0       000010000D0001643
     126       0       0       3       0                               0D0001644
     126    3162       0       0       0       0       0       000010000D0001645
     126       0       0       3       0                               0D0001646
     126    3165       0       0       0       0       0       000010000D0001647
     126       0       0       4       0                               0D0001648
     126    3169       0       0       0       0       0       000010000D0001649
     126       0       0       4       0                               0D0001650
     126    3173       0       0       0       0       0       000010000D0001651
     126       0       0       3       0                               0D0001652
     126    3176       0       0       0       0       0       000010000D0001653
     126       0       0       3       0                               0D0001654
     126    3179       0       0       0       0       0       000010000D0001655
     126       0       0       3       0                               0D0001656
     126    3182       0       0       0       0       0       000010000D0001657
     126       0       0       3       0                               0D0001658
     126    3185       0       0       0       0       0       000010000D0001659
     126       0       0       3       0                               0D0001660
     126    3188       0       0       0       0       0       000010000D0001661
     126       0       0       3       0                               0D0001662
     126    3191       0       0       0       0       0       000010000D0001663
     126       0       0       3       0                               0D0001664
     126    3194       0       0       0       0       0       000010000D0001665
     126       0       0       3       0                               0D0001666
     126    3197       0       0       0       0       0       000010000D0001667
     126       0       0       3       0                               0D0001668
     126    3200       0       0       0       0       0       000010000D0001669
     126       0       0       3       0                               0D0001670
     126    3203       0       0       0       0       0       000010000D0001671
     126       0       0       3       0                               0D0001672
     126    3206       0       0       0       0       0       000010000D0001673
     126       0       0       3       0                               0D0001674
     126    3209       0       0       0       0       0       000010000D0001675
     126       0       0       3       0                               0D0001676
     126    3212       0       0       0       0       0       000010000D0001677
     126       0       0       3       0                               0D0001678
     126    3215       0       0       0       0       0       000010000D0001679
     126       0       0       3       0                               0D0001680
     126    3218       0       0       0       0       0       000010000D0001681
     126       0       0       3       0                               0D0001682
     126    3221       0       0       0       0       0       000010000D0001683
     126       0       0       3       0                               0D0001684
     126    3224       0       0       0       0       0       000010000D0001685
     126       0       0       3       0                               0D0001686
     126    3227       0       0       0       0       0       000010000D0001687
     126       0       0       3       0                               0D0001688
     102    3230       0       0       0       0       0       000010000D0001689
     102       0       0       4       0                               0D0001690
     110    3234       0       0       0       0       0       000010000D0001691
     110       0       0       1       0                               0D0001692
     126    3235       0       0       0       0       0       000010000D0001693
     126       0       0       3       0                               0D0001694
     126    3238       0       0       0       0       0       000010000D0001695
     126       0       0       4       0                               0D0001696
     126    3242       0       0       0       0       0       000010000D0001697
     126       0       0       4       0                               0D0001698
     126    3246       0       0       0       0       0       000010000D0001699
     126       0       0       4       0                               0D0001700
     126    3250       0       0       0       0       0       000010000D0001701
     126       0       0       4       0                               0D0001702
     126    3254       0       0       0       0       0       000010000D0001703
     126       0       0       4       0                               0D0001704
     126    3258       0       0       0       0       0       000010000D0001705
     126       0       0       3       0                               0D0001706
     126    3261       0       0       0       0       0       000010000D0001707
     126       0       0       3       0                               0D0001708
     126    3264       0       0       0       0       0       000010000D0001709
     126       0       0       3       0                               0D0001710
     126    3267       0       0       0       0       0       000010000D0001711
     126       0       0       3       0                               0D0001712
     126    3270       0       0       0       0       0       000010000D0001713
     126       0       0       3       0                               0D0001714
     126    3273       0       0       0       0       0       000010000D0001715
     126       0       0       3       0                               0D0001716
     126    3276       0       0       0       0       0       000010000D0001717
     126       0       0       3       0                               0D0001718
     126    3279       0       0       0       0       0       000010000D0001719
     126       0       0       3       0                               0D0001720
     126    3282       0       0       0       0       0       000010000D0001721
     126       0       0       3       0                               0D0001722
     126    3285       0       0       0       0       0       000010000D0001723
     126       0       0       3       0                               0D0001724
     126    3288       0       0       0       0       0       000010000D0001725
     126       0       0       4       0                               0D0001726
     126    3292       0       0       0       0       0       000010000D0001727
     126       0       0       4       0                               0D0001728
     126    3296       0       0       0       0       0       000010000D0001729
     126       0       0       4       0                               0D0001730
     126    3300       0       0       0       0       0       000010000D0001731
     126       0       0       4       0                               0D0001732
     126    3304       0       0       0       0       0       000010000D0001733
     126       0       0       4       0                               0D0001734
     126    3308       0       0       0       0       0       000010000D0001735
     126       0       0       3       0                               0D0001736
     110    3311       0       0       0       0       0       000010000D0001737
     110       0       0       1       0                               0D0001738
     126    3312       0       0       0       0       0       000010000D0001739
     126       0       0       3       0                               0D0001740
     126    3315       0       0       0       0       0       000010000D0001741
     126       0       0       4       0                               0D0001742
     126    3319       0       0       0       0       0       000010000D0001743
     126       0       0       4       0                               0D0001744
     126    3323       0       0       0       0       0       000010000D0001745
     126       0       0       4       0                               0D0001746
     126    3327       0       0       0       0       0       000010000D0001747
     126       0       0       4       0                               0D0001748
     126    3331       0       0       0       0       0       000010000D0001749
     126       0       0       4       0                               0D0001750
     126    3335       0       0       0       0       0       000010000D0001751
     126       0       0       4       0                               0D0001752
     126    3339       0       0       0       0       0       000010000D0001753
     126       0       0       4       0                               0D0001754
     126    3343       0       0       0       0       0       000010000D0001755
     126       0       0       4       0                               0D0001756
     126    3347       0       0       0       0       0       000010000D0001757
     126       0       0       4       0                               0D0001758
     126    3351       0       0       0       0       0       000010000D0001759
     126       0       0       4       0                               0D0001760
     126    3355       0       0       0       0       0       000010000D0001761
     126       0       0       4       0                               0D0001762
     126    3359       0       0       0       0       0       000010000D0001763
     126       0       0       4       0                               0D0001764
     126    3363       0       0       0       0       0       000010000D0001765
     126       0       0       4       0                               0D0001766
     126    3367       0       0       0       0       0       000010000D0001767
     126       0       0       4       0                               0D0001768
     126    3371       0       0       0       0       0       000010000D0001769
     126       0       0       4       0                               0D0001770
     126    3375       0       0       0       0       0       000010000D0001771
     126       0       0       4       0                               0D0001772
     126    3379       0       0       0       0       0       000010000D0001773
     126       0       0       4       0                               0D0001774
     126    3383       0       0       0       0       0       000010000D0001775
     126       0       0       4       0                               0D0001776
     126    3387       0       0       0       0       0       000010000D0001777
     126       0       0       4       0                               0D0001778
     126    3391       0       0       0       0       0       000010000D0001779
     126       0       0       4       0                               0D0001780
     126    3395       0       0       0       0       0       000010000D0001781
     126       0       0       3       0                               0D0001782
402,10,3,169,335,501,655,841,1007,1201,1395,1589;                0000001P0000001
144,5,1,0,7;                                                     0000003P0000002
128,8,4,3,3,0,0,1,0,0,0.294208297,0.294208297,0.294208297,       0000005P0000003
0.294208297,0.3125,0.34375,0.375,0.40625,0.4375,0.455791736,     0000005P0000004
0.455791736,0.455791736,0.455791736,0.,0.,0.,0.,0.5,1.,1.,1.,1., 0000005P0000005
1.,1.,1.,1.,1.,1.,1.,1.,1.,1.,1.,1.,1.,1.,1.,1.,1.,1.,1.,1.,1.,  0000005P0000006
1.,1.,1.,1.,1.,1.,1.,1.,1.,1.,1.,1.,1.,1.,1.,1.,1.,1.,1.,1.,1.,  0000005P0000007
1.,1.,1.,13.607682568,47.72277987,99.625,15.435942632,           0000005P0000008
47.201417322,99.625,20.306644899,45.505209476,99.625,            0000005P0000009
27.747951116,41.527746779,99.625,35.316441094,35.316452034,      0000005P0000010
99.625,41.527736476,27.747961115,99.625,45.50520806,             0000005P0000011
20.306673161,99.625,47.201416675,15.435954575,99.625,            0000005P0000012
47.722779817,13.607686197,99.625,15.422043002,54.085816339,      0000005P0000013
83.083333333,17.494071326,53.494938503,83.083333333,             0000005P0000014
23.014201286,51.572568732,83.083333333,31.44768495,47.064776836, 0000005P0000015
83.083333333,40.025303055,40.025305195,83.083333333,             0000005P0000016
47.064780304,31.447682927,83.083333333,51.572560875,             0000005P0000017
23.014211584,83.083333333,53.494941207,17.494075663,             0000005P0000018
83.083333333,54.085822345,15.422042144,83.083333333,             0000005P0000019
17.236403436,60.448852807,50.,19.552200022,59.788459685,50.,     0000005P0000020
25.721757673,57.639927989,50.,35.147418785,52.601806891,50.,     0000005P0000021
44.734165015,44.734158356,50.,52.601824132,35.147404737,50.,     0000005P0000022
57.639913691,25.721750006,50.,59.788465739,19.552196751,50.,     0000005P0000023
60.448864872,17.236398089,50.,15.422043002,54.085816339,         0000005P0000024
16.916666667,17.494071326,53.494938503,16.916666667,             0000005P0000025
23.014201286,51.572568732,16.916666667,31.44768495,47.064776836, 0000005P0000026
16.916666667,40.025303055,40.025305195,16.916666667,             0000005P0000027
47.064780304,31.447682927,16.916666667,51.572560875,             0000005P0000028
23.014211584,16.916666667,53.494941207,17.494075663,             0000005P0000029
16.916666667,54.085822345,15.422042144,16.916666667,             0000005P0000030
13.607682568,47.72277987,0.375,15.435942632,47.201417322,0.375,  0000005P0000031
20.306644899,45.505209476,0.375,27.747951116,41.527746779,0.375, 0000005P0000032
35.316441094,35.316452034,0.375,41.527736476,27.747961115,0.375, 0000005P0000033
45.50520806,20.306673161,0.375,47.201416675,15.435954575,0.375,  0000005P0000034
47.722779817,13.607686197,0.375,0.295166302,0.454833731,0.,1.;   0000005P0000035
142,0,5,9,87,3;                                                  0000007P0000036
102,38,11,13,15,17,19,21,23,25,27,29,31,33,35,37,39,41,43,45,47, 0000009P0000037
49,51,53,55,57,59,61,63,65,67,69,71,73,75,77,79,81,83,85;        0000009P0000038
126,2,2,1,0,1,0,0.,0.,0.,3.125E-02,3.125E-02,3.125E-02,1.,1.,1., 0000011P0000039
0.295166302,1.,0.,0.299521817,0.990022189,0.,0.303597148,        0000011P0000040
0.978104351,0.,0.,3.125E-02,-0.,-0.,1.;                          0000011P0000041
126,2,2,1,0,1,0,3.125E-02,3.125E-02,3.125E-02,6.25E-02,6.25E-02, 0000013P0000042
6.25E-02,1.,1.,1.,0.303597148,0.978104351,0.,0.307469186,        0000013P0000043
0.966781017,0.,0.311068216,0.953763899,0.,3.125E-02,6.25E-02,    0000013P0000044
-0.,-0.,1.;                                                      0000013P0000045
126,2,2,1,0,1,0,6.25E-02,6.25E-02,6.25E-02,0.125,0.125,0.125,1., 0000015P0000046
1.,1.,0.311068216,0.953763899,0.,0.317827065,0.929318222,0.,     0000015P0000047
0.323575302,0.89908446,0.,6.25E-02,0.125,-0.,-0.,1.;             0000015P0000048
126,2,2,1,0,1,0,0.125,0.125,0.125,0.1875,0.1875,0.1875,1.,1.,1., 0000017P0000049
0.323575302,0.89908446,0.,0.328836113,0.871414395,0.,0.33320035, 0000017P0000050
0.839153871,0.,0.125,0.1875,-0.,-0.,1.;                          0000017P0000051
126,2,2,1,0,1,0,0.1875,0.1875,0.1875,0.25,0.25,0.25,1.,1.,1.,    0000019P0000052
0.33320035,0.839153871,0.,0.33728298,0.808974987,0.,0.34054401,  0000019P0000053
0.77505501,0.,0.1875,0.25,-0.,-0.,1.;                            0000019P0000054
126,2,2,1,0,1,0,0.25,0.25,0.25,0.3125,0.3125,0.3125,1.,1.,1.,    0000021P0000055
0.34054401,0.77505501,0.,0.34360843,0.743180087,0.,0.345911822,  0000021P0000056
0.708377339,0.,0.25,0.3125,-0.,-0.,1.;                           0000021P0000057
126,2,2,1,0,1,0,0.3125,0.3125,0.3125,0.375,0.375,0.375,1.,1.,1., 0000023P0000058
0.345911822,0.708377339,0.,0.348099142,0.675328362,0.,           0000023P0000059
0.349566005,0.640167322,0.,0.3125,0.375,-0.,-0.,1.;              0000023P0000060
126,2,2,1,0,1,0,0.375,0.375,0.375,0.4375,0.4375,0.4375,1.,1.,1., 0000025P0000061
0.349566005,0.640167322,0.,0.350992412,0.605976037,0.,           0000025P0000062
0.351709158,0.570481471,0.,0.375,0.4375,-0.,-0.,1.;              0000025P0000063
126,2,2,1,0,1,0,0.4375,0.4375,0.4375,0.5,0.5,0.5,1.,1.,1.,       0000027P0000064
0.351709158,0.570481471,0.,0.352420073,0.535275743,0.,           0000027P0000065
0.352416292,0.499625189,0.,0.4375,0.5,-0.,-0.,1.;                0000027P0000066
126,2,2,1,0,1,0,0.5,0.5,0.5,0.5625,0.5625,0.5625,1.,1.,1.,       0000029P0000067
0.352416292,0.499625189,0.,0.352412534,0.464183923,0.,           0000029P0000068
0.351702488,0.429188989,0.,0.5,0.5625,-0.,-0.,1.;                0000029P0000069
126,2,2,1,0,1,0,0.5625,0.5625,0.5625,0.625,0.625,0.625,1.,1.,1., 0000031P0000070
0.351702488,0.429188989,0.,0.350981139,0.39363696,0.,0.3495478,  0000031P0000071
0.359397044,0.,0.5625,0.625,-0.,-0.,1.;                          0000031P0000072
126,2,2,1,0,1,0,0.625,0.625,0.625,0.6875,0.6875,0.6875,1.,1.,1., 0000033P0000073
0.3495478,0.359397044,0.,0.34805944,0.323842752,0.,0.345834397,  0000033P0000074
0.290456882,0.,0.625,0.6875,-0.,-0.,1.;                          0000033P0000075
126,2,2,1,0,1,0,0.6875,0.6875,0.6875,0.75,0.75,0.75,1.,1.,1.,    0000035P0000076
0.345834397,0.290456882,0.,0.343521005,0.255745368,0.,           0000035P0000077
0.340449194,0.22396135,0.,0.6875,0.75,-0.,-0.,1.;                0000035P0000078
126,2,2,1,0,1,0,0.75,0.75,0.75,0.8125,0.8125,0.8125,1.,1.,1.,    0000037P0000079
0.340449194,0.22396135,0.,0.337197772,0.190318901,0.,0.33313608, 0000037P0000080
0.160371657,0.,0.75,0.8125,-0.,-0.,1.;                           0000037P0000081
126,2,2,1,0,1,0,0.8125,0.8125,0.8125,0.875,0.875,0.875,1.,1.,1., 0000039P0000082
0.33313608,0.160371657,0.,0.328741171,0.12796757,0.,0.323440293, 0000039P0000083
0.100206966,0.,0.8125,0.875,-0.,-0.,1.;                          0000039P0000084
126,2,2,1,0,1,0,0.875,0.875,0.875,0.9375,0.9375,0.9375,1.,1.,1., 0000041P0000085
0.323440293,0.100206966,0.,0.317730746,7.0306171E-02,0.,         0000041P0000086
0.311028852,4.6093807E-02,0.,0.875,0.9375,-0.,-0.,1.;            0000041P0000087
126,2,2,1,0,1,0,0.9375,0.9375,0.9375,0.96875,0.96875,0.96875,1., 0000043P0000088
1.,1.,0.311028852,4.6093807E-02,0.,0.307448766,3.31598E-02,0.,   0000043P0000089
0.303598808,2.1900503E-02,0.,0.9375,0.96875,-0.,-0.,1.;          0000043P0000090
126,2,2,1,0,1,0,0.96875,0.96875,0.96875,1.,1.,1.,1.,1.,1.,       0000045P0000091
0.303598808,2.1900503E-02,0.,0.299522706,9.979846E-03,0.,        0000045P0000092
0.295166302,0.,0.,0.96875,1.,-0.,-0.,1.;                         0000045P0000093
126,1,1,1,0,1,0,8.13139209E-31,8.13139209E-31,1.003213638,       0000047P0000094
1.003213638,1.,1.,0.295166825,0.,0.,0.454833258,0.,0.,           0000047P0000095
8.13139209E-31,1.003213638,0.,0.,1.;                             0000047P0000096
126,2,2,1,0,1,0,0.,0.,0.,3.125E-02,3.125E-02,3.125E-02,1.,1.,1., 0000049P0000097
0.454833731,0.,0.,0.450478218,9.97779E-03,0.,0.446402892,        0000049P0000098
2.1895612E-02,0.,0.,3.125E-02,-0.,-0.,1.;                        0000049P0000099
126,2,2,1,0,1,0,3.125E-02,3.125E-02,3.125E-02,6.25E-02,6.25E-02, 0000051P0000100
6.25E-02,1.,1.,1.,0.446402892,2.1895612E-02,0.,0.442530858,      0000051P0000101
3.3218929E-02,0.,0.438931827,4.6236053E-02,0.,3.125E-02,         0000051P0000102
6.25E-02,-0.,-0.,1.;                                             0000051P0000103
126,2,2,1,0,1,0,6.25E-02,6.25E-02,6.25E-02,0.125,0.125,0.125,1., 0000053P0000104
1.,1.,0.438931827,4.6236053E-02,0.,0.432172983,7.0681722E-02,0., 0000053P0000105
0.426424735,0.100915515,0.,6.25E-02,0.125,-0.,-0.,1.;            0000053P0000106
126,2,2,1,0,1,0,0.125,0.125,0.125,0.1875,0.1875,0.1875,1.,1.,1., 0000055P0000107
0.426424735,0.100915515,0.,0.421163915,0.128585608,0.,           0000055P0000108
0.41679967,0.160846126,0.,0.125,0.1875,-0.,-0.,1.;               0000055P0000109
126,2,2,1,0,1,0,0.1875,0.1875,0.1875,0.25,0.25,0.25,1.,1.,1.,    0000057P0000110
0.41679967,0.160846126,0.,0.412717029,0.191025031,0.,            0000057P0000111
0.409455992,0.224944991,0.,0.1875,0.25,-0.,-0.,1.;               0000057P0000112
126,2,2,1,0,1,0,0.25,0.25,0.25,0.3125,0.3125,0.3125,1.,1.,1.,    0000059P0000113
0.409455992,0.224944991,0.,0.406391562,0.256819918,0.,           0000059P0000114
0.404088165,0.291622662,0.,0.25,0.3125,-0.,-0.,1.;               0000059P0000115
126,2,2,1,0,1,0,0.3125,0.3125,0.3125,0.375,0.375,0.375,1.,1.,1., 0000061P0000116
0.404088165,0.291622662,0.,0.40190084,0.324671635,0.,            0000061P0000117
0.400433974,0.359832679,0.,0.3125,0.375,-0.,-0.,1.;              0000061P0000118
126,2,2,1,0,1,0,0.375,0.375,0.375,0.4375,0.4375,0.4375,1.,1.,1., 0000063P0000119
0.400433974,0.359832679,0.,0.399007565,0.394023961,0.,           0000063P0000120
0.398290816,0.429518531,0.,0.375,0.4375,-0.,-0.,1.;              0000063P0000121
126,2,2,1,0,1,0,0.4375,0.4375,0.4375,0.5,0.5,0.5,1.,1.,1.,       0000065P0000122
0.398290816,0.429518531,0.,0.397579901,0.464724258,0.,           0000065P0000123
0.397583681,0.500374814,0.,0.4375,0.5,-0.,-0.,1.;                0000065P0000124
126,2,2,1,0,1,0,0.5,0.5,0.5,0.5625,0.5625,0.5625,1.,1.,1.,       0000067P0000125
0.397583681,0.500374814,0.,0.397587439,0.53581608,0.,            0000067P0000126
0.398297487,0.570811013,0.,0.5,0.5625,-0.,-0.,1.;                0000067P0000127
126,2,2,1,0,1,0,0.5625,0.5625,0.5625,0.625,0.625,0.625,1.,1.,1., 0000069P0000128
0.398297487,0.570811013,0.,0.399018838,0.606363043,0.,           0000069P0000129
0.400452179,0.640602956,0.,0.5625,0.625,-0.,-0.,1.;              0000069P0000130
126,2,2,1,0,1,0,0.625,0.625,0.625,0.6875,0.6875,0.6875,1.,1.,1., 0000071P0000131
0.400452179,0.640602956,0.,0.401940543,0.676157251,0.,           0000071P0000132
0.404165591,0.709543117,0.,0.625,0.6875,-0.,-0.,1.;              0000071P0000133
126,2,2,1,0,1,0,0.6875,0.6875,0.6875,0.75,0.75,0.75,1.,1.,1.,    0000073P0000134
0.404165591,0.709543117,0.,0.406478988,0.744254626,0.,           0000073P0000135
0.409550807,0.776038649,0.,0.6875,0.75,-0.,-0.,1.;               0000073P0000136
126,2,2,1,0,1,0,0.75,0.75,0.75,0.8125,0.8125,0.8125,1.,1.,1.,    0000075P0000137
0.409550807,0.776038649,0.,0.412802236,0.809681079,0.,           0000075P0000138
0.416863939,0.839628342,0.,0.75,0.8125,-0.,-0.,1.;               0000075P0000139
126,2,2,1,0,1,0,0.8125,0.8125,0.8125,0.875,0.875,0.875,1.,1.,1., 0000077P0000140
0.416863939,0.839628342,0.,0.421258857,0.872032419,0.,           0000077P0000141
0.426559743,0.899793047,0.,0.8125,0.875,-0.,-0.,1.;              0000077P0000142
126,2,2,1,0,1,0,0.875,0.875,0.875,0.9375,0.9375,0.9375,1.,1.,1., 0000079P0000143
0.426559743,0.899793047,0.,0.4322693,0.929693876,0.,0.43897119,  0000079P0000144
0.953906233,0.,0.875,0.9375,-0.,-0.,1.;                          0000079P0000145
126,2,2,1,0,1,0,0.9375,0.9375,0.9375,0.96875,0.96875,0.96875,1., 0000081P0000146
1.,1.,0.43897119,0.953906233,0.,0.442551276,0.966840249,0.,      0000081P0000147
0.446401231,0.978099531,0.,0.9375,0.96875,-0.,-0.,1.;            0000081P0000148
126,2,2,1,0,1,0,0.96875,0.96875,0.96875,1.,1.,1.,1.,1.,1.,       0000083P0000149
0.446401231,0.978099531,0.,0.450477329,0.990020173,0.,           0000083P0000150
0.454833731,1.,0.,0.96875,1.,-0.,-0.,1.;                         0000083P0000151
126,1,1,1,0,1,0,0.283789885,0.283789885,1.287003611,1.287003611, 0000085P0000152
1.,1.,0.454833213,1.,0.,0.295166784,1.,0.,0.283789885,           0000085P0000153
1.287003611,0.,0.,1.;                                            0000085P0000154
102,38,89,91,93,95,97,99,101,103,105,107,109,111,113,115,117,    0000087P0000155
119,121,123,125,129,131,133,135,137,139,141,143,145,147,149,151, 0000087P0000156
153,155,157,159,161,163,165;                                     0000087P0000157
126,4,4,0,0,1,0,0.,0.,0.,0.,0.,3.125E-02,3.125E-02,3.125E-02,    0000089P0000158
3.125E-02,3.125E-02,1.,1.,1.,1.,1.,13.894693128,47.639999996,    0000089P0000159
0.375,14.602020089,47.640000021,0.870148871,15.301700187,        0000089P0000160
47.639973238,1.397389022,15.993915228,47.64000001,1.956720453,   0000089P0000161
16.678611587,47.639999969,2.548143163,0.,3.125E-02,              0000089P0000162
-1.096936178E-04,-0.999999984,1.405055169E-04;                   0000089P0000163
126,4,4,0,0,1,0,3.125E-02,3.125E-02,3.125E-02,3.125E-02,         0000091P0000164
3.125E-02,6.25E-02,6.25E-02,6.25E-02,6.25E-02,6.25E-02,1.,1.,1., 0000091P0000165
1.,1.,16.678611587,47.639999969,2.548143163,17.329152708,        0000091P0000166
47.639999984,3.110063613,17.971784321,47.639984194,3.700002073,  0000091P0000167
18.606443135,47.640000021,4.317958544,19.232880351,47.64000004,  0000091P0000168
4.963933024,3.125E-02,6.25E-02,-8.396947318E-05,-0.999999993,    0000091P0000169
8.88236298E-05;                                                  0000091P0000170
126,4,4,0,0,1,0,6.25E-02,6.25E-02,6.25E-02,6.25E-02,6.25E-02,    0000093P0000171
0.125,0.125,0.125,0.125,0.125,1.,1.,1.,1.,1.,19.232880351,       0000093P0000172
47.64000004,4.963933024,20.409306909,47.640000028,6.177049745,   0000093P0000173
21.553927374,47.639851697,7.485911039,22.66510084,47.64000004,   0000093P0000174
8.890516906,23.73903747,47.640000069,10.390867345,6.25E-02,      0000093P0000175
0.125,-2.611916715E-04,-0.999999942,2.171420973E-04;             0000093P0000176
126,4,4,0,0,1,0,0.125,0.125,0.125,0.125,0.125,0.1875,0.1875,     0000095P0000177
0.1875,0.1875,0.1875,1.,1.,1.,1.,1.,23.73903747,47.640000069,    0000095P0000178
10.390867345,24.721908831,47.640000055,11.763994321,             0000095P0000179
25.670489139,47.639903035,13.213055139,26.581868138,             0000095P0000180
47.639999986,14.7380498,27.451934064,47.639999924,16.338978303,  0000095P0000181
0.125,0.1875,-2.280602009E-04,-0.999999964,1.42603866E-04;       0000095P0000182
126,4,4,0,0,1,0,0.1875,0.1875,0.1875,0.1875,0.1875,0.25,0.25,    0000097P0000183
0.25,0.25,0.25,1.,1.,1.,1.,1.,27.451934064,47.639999924,         0000097P0000184
16.338978303,28.265858098,47.639999916,17.836605422,             0000097P0000185
29.041169583,47.639900689,19.396116454,29.77458606,47.639999913, 0000097P0000186
21.017511399,30.462197338,47.639999914,22.700790258,0.1875,0.25, 0000097P0000187
-2.780082917E-04,-0.999999953,1.318600509E-04;                   0000097P0000188
126,4,4,0,0,1,0,0.25,0.25,0.25,0.25,0.25,0.3125,0.3125,0.3125,   0000099P0000189
0.3125,0.3125,1.,1.,1.,1.,1.,30.462197338,47.639999914,          0000099P0000190
22.700790258,31.108352048,47.639999984,24.282583312,31.71155453, 0000099P0000191
47.639886553,25.912807471,32.268749108,47.640000055,             0000099P0000192
27.591462735,32.776667073,47.640000048,29.318549104,0.25,0.3125, 0000099P0000193
-3.59666804E-04,-0.999999927,1.261531298E-04;                    0000099P0000194
126,4,4,0,0,1,0,0.3125,0.3125,0.3125,0.3125,0.3125,0.375,0.375,  0000101P0000195
0.375,0.375,0.375,1.,1.,1.,1.,1.,32.776667073,47.640000048,      0000101P0000196
29.318549104,33.258990157,47.640000049,30.958604588,             0000101P0000197
33.694348768,47.639863883,32.633597114,34.080284946,             0000101P0000198
47.640000049,34.343526682,34.414386813,47.640000049,             0000101P0000199
36.088393292,0.3125,0.375,-4.70587006E-04,-0.999999883,          0000101P0000200
1.141802079E-04;                                                 0000101P0000201
126,4,4,0,0,1,0,0.375,0.375,0.375,0.375,0.375,0.4375,0.4375,     0000103P0000202
0.4375,0.4375,0.4375,1.,1.,1.,1.,1.,34.414386813,47.640000049,   0000103P0000203
36.088393292,34.739274119,47.63999998,37.78513581,35.012978701,  0000103P0000204
47.639846024,39.503436768,35.233809907,47.640000007,             0000103P0000205
41.243296166,35.40031444,47.640000108,43.004714003,0.375,0.4375, 0000103P0000206
-5.519936179E-04,-0.999999845,7.894605933E-05;                   0000103P0000207
126,4,4,0,0,1,0,0.4375,0.4375,0.4375,0.4375,0.4375,0.5,0.5,0.5,  0000105P0000208
0.5,0.5,1.,1.,1.,1.,1.,35.40031444,47.640000108,43.004714003,    0000105P0000209
35.565464268,47.640000038,44.751798255,35.675878256,             0000105P0000210
47.639831826,46.506240671,35.730832277,47.640000025,48.26804125, 0000105P0000211
35.729948128,47.640000087,50.037199992,0.4375,0.5,               0000105P0000212
-6.046672457E-04,-0.999999817,2.843408565E-05;                   0000105P0000213
126,4,4,0,0,1,0,0.5,0.5,0.5,0.5,0.5,0.5625,0.5625,0.5625,0.5625, 0000107P0000214
0.5625,1.,1.,1.,1.,1.,35.729948128,47.640000087,50.037199992,    0000107P0000215
35.729069289,47.640000059,51.795972817,35.673010655,47.63983583, 0000107P0000216
53.547362567,35.562153242,47.640000023,55.291369242,             0000107P0000217
35.397215507,47.640000019,57.027992842,0.5,0.5625,               0000107P0000218
5.967244035E-04,0.999999822,2.850538298E-05;                     0000107P0000219
126,4,4,0,0,1,0,0.5625,0.5625,0.5625,0.5625,0.5625,0.625,0.625,  0000109P0000220
0.625,0.625,0.625,1.,1.,1.,1.,1.,35.397215507,47.640000019,      0000109P0000221
57.027992842,35.229652143,47.639999966,58.792262281,             0000109P0000222
35.007593939,47.639845092,60.534827184,34.732506751,             0000109P0000223
47.639999966,62.255687551,34.406094507,47.640000017,             0000109P0000224
63.954843383,0.5625,0.625,5.530139962E-04,0.999999844,           0000109P0000225
7.938045131E-05;                                                 0000109P0000226
126,4,4,0,0,1,0,0.625,0.625,0.625,0.625,0.625,0.6875,0.6875,     0000111P0000227
0.6875,0.6875,0.6875,1.,1.,1.,1.,1.,34.406094507,47.640000017,   0000111P0000228
63.954843383,34.067152335,47.639999969,65.719225123,             0000111P0000229
33.675235106,47.639857912,67.44773755,33.23284581,47.639999957,  0000111P0000230
69.140380663,32.742532683,47.639999988,70.797154461,0.625,       0000111P0000231
0.6875,4.803821454E-04,0.999999878,1.171530781E-04;              0000111P0000232
126,4,4,0,0,1,0,0.6875,0.6875,0.6875,0.6875,0.6875,0.75,0.75,    0000113P0000233
0.75,0.75,0.75,1.,1.,1.,1.,1.,32.742532683,47.639999988,         0000113P0000234
70.797154461,32.23275085,47.639999999,72.519713344,31.673969572, 0000113P0000235
47.639887883,74.193846563,31.069447593,47.640000011,             0000113P0000236
75.819554119,30.422227369,47.640000012,77.396836012,0.6875,0.75, 0000113P0000237
3.56748612E-04,0.999999928,1.257621362E-04;                      0000113P0000238
126,4,4,0,0,1,0,0.75,0.75,0.75,0.75,0.75,0.8125,0.8125,0.8125,   0000115P0000239
0.8125,0.8125,1.,1.,1.,1.,1.,30.422227369,47.640000012,          0000115P0000240
77.396836012,29.737163732,47.640000046,79.066342544,             0000115P0000241
29.007041333,47.639903884,80.674724226,28.235687273,             0000115P0000242
47.640000051,82.221981059,27.426314006,47.640000029,             0000115P0000243
83.708113043,0.75,0.8125,2.727350693E-04,0.999999954,            0000115P0000244
1.297672289E-04;                                                 0000115P0000245
126,4,4,0,0,1,0,0.8125,0.8125,0.8125,0.8125,0.8125,0.875,0.875,  0000117P0000246
0.875,0.875,0.875,1.,1.,1.,1.,1.,27.426314006,47.640000029,      0000117P0000247
83.708113043,26.550540582,47.639999981,85.31616586,25.633089148, 0000117P0000248
47.639900926,86.847407729,24.678132429,47.639999929,             0000117P0000249
88.301838651,23.688611546,47.639999921,89.679458624,0.8125,      0000117P0000250
0.875,2.304538717E-04,0.999999963,1.445424248E-04;               0000117P0000251
126,4,4,0,0,1,0,0.875,0.875,0.875,0.875,0.875,0.9375,0.9375,     0000119P0000252
0.9375,0.9375,0.9375,1.,1.,1.,1.,1.,23.688611546,47.639999921,   0000119P0000253
89.679458624,22.622803969,47.639999932,91.163285576,             0000119P0000254
21.520531017,47.639857128,92.553016399,20.385458831,             0000119P0000255
47.639999978,93.848651092,19.219178528,47.640000009,             0000119P0000256
95.050189655,0.875,0.9375,2.556561695E-04,0.999999945,           0000119P0000257
2.129864478E-04;                                                 0000119P0000258
126,4,4,0,0,1,0,0.9375,0.9375,0.9375,0.9375,0.9375,0.96875,      0000121P0000259
0.96875,0.96875,0.96875,0.96875,1.,1.,1.,1.,1.,19.219178528,     0000121P0000260
47.640000009,95.050189655,18.596163038,47.640000029,             0000121P0000261
95.692039753,17.965024194,47.639984558,96.306187355,             0000121P0000262
17.326005567,47.639999993,96.892632464,16.679169375,             0000121P0000263
47.639999947,97.451375077,0.9375,0.96875,8.243653167E-05,        0000121P0000264
0.999999993,8.724042752E-05;                                     0000121P0000265
126,4,4,0,0,1,0,0.96875,0.96875,0.96875,0.96875,0.96875,1.,1.,   0000123P0000266
1.,1.,1.,1.,1.,1.,1.,1.,16.679169375,47.639999947,97.451375077,  0000123P0000267
15.994338473,47.639999965,98.042937681,15.301985596,             0000123P0000268
47.639973171,98.602396036,14.602164452,47.639999991,             0000123P0000269
99.129750142,13.894693128,47.639999996,99.625,0.96875,1.,        0000123P0000270
1.101108586E-04,0.999999984,1.410255115E-04;                     0000123P0000271
100,0.,0.,0.,49.625,-1.110716155E-27,26.67816862,41.84394752;    0000125P0000272
124,0.279997454,0.960000742,1.955210257E-15,0.,0.960000742,      0000127P0000273
-0.279997454,-6.703649798E-15,0.,-5.888054888E-15,               0000127P0000274
3.754008177E-15,-1.,99.625;                                      0000127P0000275
126,4,4,0,0,1,0,0.,0.,0.,0.,0.,3.125E-02,3.125E-02,3.125E-02,    0000129P0000276
3.125E-02,3.125E-02,1.,1.,1.,1.,1.,47.640000011,13.894697496,    0000129P0000277
99.625,47.640000013,14.602025678,99.129852171,47.639973234,      0000129P0000278
15.301706661,98.60261298,47.640000012,15.993922155,98.043282426, 0000129P0000279
47.640000012,16.678618503,97.451860509,0.,3.125E-02,0.999999984, 0000129P0000280
1.100788865E-04,1.410111366E-04;                                 0000129P0000281
126,4,4,0,0,1,0,3.125E-02,3.125E-02,3.125E-02,3.125E-02,         0000131P0000282
3.125E-02,6.25E-02,6.25E-02,6.25E-02,6.25E-02,6.25E-02,1.,1.,1., 0000131P0000283
1.,1.,47.640000012,16.678618503,97.451860509,47.639999994,       0000131P0000284
17.329159716,96.889940903,47.639984175,17.971791423,             0000131P0000285
96.300002906,47.639999962,18.606450316,95.682046518,             0000131P0000286
47.639999947,19.232887613,95.03607174,3.125E-02,6.25E-02,        0000131P0000287
0.999999993,8.397932231E-05,8.877729273E-05;                     0000131P0000288
126,4,4,0,0,1,0,6.25E-02,6.25E-02,6.25E-02,6.25E-02,6.25E-02,    0000133P0000289
0.125,0.125,0.125,0.125,0.125,1.,1.,1.,1.,1.,47.639999947,       0000133P0000290
19.232887613,95.03607174,47.639999967,20.409313164,93.822955416, 0000133P0000291
47.639851594,21.553932377,92.514093874,47.639999978,             0000133P0000292
22.665104959,91.109487114,47.639999964,23.739041413,             0000133P0000293
89.609135136,6.25E-02,0.125,0.999999942,2.610692052E-04,         0000133P0000294
2.170386508E-04;                                                 0000133P0000295
126,4,4,0,0,1,0,0.125,0.125,0.125,0.125,0.125,0.1875,0.1875,     0000135P0000296
0.1875,0.1875,0.1875,1.,1.,1.,1.,1.,47.639999964,23.739041413,   0000135P0000297
89.609135136,47.639999986,24.721912451,88.236006771,             0000135P0000298
47.639902989,25.670492154,86.786945126,47.639999997,             0000135P0000299
26.581870492,85.2619502,47.639999983,27.451935777,83.661021994,  0000135P0000300
0.125,0.1875,0.999999964,2.281209832E-04,1.426690384E-04;        0000135P0000301
126,4,4,0,0,1,0,0.1875,0.1875,0.1875,0.1875,0.1875,0.25,0.25,    0000137P0000302
0.25,0.25,0.25,1.,1.,1.,1.,1.,47.639999983,27.451935777,         0000137P0000303
83.661021994,47.640000028,28.265859917,82.163393834,             0000137P0000304
47.639900836,29.041171347,80.603882388,47.640000075,             0000137P0000305
29.774587667,78.982487658,47.640000075,30.462198698,             0000137P0000306
77.299209643,0.1875,0.25,0.999999953,2.777365948E-04,            0000137P0000307
1.317472783E-04;                                                 0000137P0000308
126,4,4,0,0,1,0,0.25,0.25,0.25,0.25,0.25,0.3125,0.3125,0.3125,   0000139P0000309
0.3125,0.3125,1.,1.,1.,1.,1.,47.640000075,30.462198698,          0000139P0000310
77.299209643,47.639999999,31.108353806,75.717416391,             0000139P0000311
47.639886482,31.711556576,74.087192165,47.639999934,             0000139P0000312
32.268751328,72.408536967,47.639999952,32.776669324,             0000139P0000313
70.681450796,0.25,0.3125,0.999999927,3.60566737E-04,             0000139P0000314
1.264286082E-04;                                                 0000139P0000315
126,4,4,0,0,1,0,0.3125,0.3125,0.3125,0.3125,0.3125,0.375,0.375,  0000141P0000316
0.375,0.375,0.375,1.,1.,1.,1.,1.,47.639999952,32.776669324,      0000141P0000317
70.681450796,47.639999949,33.258992475,69.041395511,             0000141P0000318
47.639863791,33.694351178,67.366403052,47.639999975,             0000141P0000319
34.080287446,65.656473418,47.640000004,34.414389384,             0000141P0000320
63.911606609,0.3125,0.375,0.999999883,4.707686309E-04,           0000141P0000321
1.142317413E-04;                                                 0000141P0000322
126,4,4,0,0,1,0,0.375,0.375,0.375,0.375,0.375,0.4375,0.4375,     0000143P0000323
0.4375,0.4375,0.4375,1.,1.,1.,1.,1.,47.640000004,34.414389384,   0000143P0000324
63.911606609,47.640000031,34.7392766,62.21486424,47.639846086,   0000143P0000325
35.012981226,60.496563315,47.639999992,35.233812596,             0000143P0000326
58.756703834,47.639999921,35.400317405,56.995285798,0.375,       0000143P0000327
0.4375,0.999999845,5.504003268E-04,7.869862995E-05;              0000143P0000328
126,4,4,0,0,1,0,0.4375,0.4375,0.4375,0.4375,0.4375,0.5,0.5,0.5,  0000145P0000329
0.5,0.5,1.,1.,1.,1.,1.,47.639999921,35.400317405,56.995285798,   0000145P0000330
47.639999999,35.565467053,55.248201596,47.63983185,35.675880976, 0000145P0000331
53.49375918,47.640000024,35.730835039,51.731958552,47.639999969, 0000145P0000332
35.729951037,49.962799711,0.4375,0.5,0.999999818,6.03080672E-04, 0000145P0000333
2.836980049E-05;                                                 0000145P0000334
126,4,4,0,0,1,0,0.5,0.5,0.5,0.5,0.5,0.5625,0.5625,0.5625,0.5625, 0000147P0000335
0.5625,1.,1.,1.,1.,1.,47.639999969,35.729951037,49.962799711,    0000147P0000336
47.639999937,35.729072196,48.204026885,47.639835728,35.67301352, 0000147P0000337
46.452637152,47.639999969,35.562156021,44.70863051,47.640000033, 0000147P0000338
35.397218163,42.97200696,0.5,0.5625,-0.999999821,                0000147P0000339
-5.971699412E-04,2.850755856E-05;                                0000147P0000340
126,4,4,0,0,1,0,0.5625,0.5625,0.5625,0.5625,0.5625,0.625,0.625,  0000149P0000341
0.625,0.625,0.625,1.,1.,1.,1.,1.,47.640000033,35.397218163,      0000149P0000342
42.97200696,47.640000041,35.229654676,41.207737471,47.639845175, 0000149P0000343
35.007596412,39.465172584,47.640000003,34.732509233,37.7443123,  0000149P0000344
47.639999955,34.406097081,36.045156617,0.5625,0.625,             0000149P0000345
-0.999999844,-5.520588827E-04,7.925469583E-05;                   0000149P0000346
126,4,4,0,0,1,0,0.625,0.625,0.625,0.625,0.625,0.6875,0.6875,     0000151P0000347
0.6875,0.6875,0.6875,1.,1.,1.,1.,1.,47.639999955,34.406097081,   0000151P0000348
36.045156617,47.639999984,34.067154697,34.280774728,             0000151P0000349
47.639857975,33.675237288,32.552262268,47.640000038,             0000151P0000350
33.232847863,30.859619238,47.640000059,32.742534682,             0000151P0000351
29.202845638,0.625,0.6875,-0.999999878,-4.79903867E-04,          0000151P0000352
1.170172175E-04;                                                 0000151P0000353
126,4,4,0,0,1,0,0.6875,0.6875,0.6875,0.6875,0.6875,0.75,0.75,    0000153P0000354
0.75,0.75,0.75,1.,1.,1.,1.,1.,47.640000059,32.742534682,         0000153P0000355
29.202845638,47.640000047,32.232752827,27.480287004,             0000153P0000356
47.639887909,31.673971483,25.806153867,47.639999984,             0000153P0000357
31.069449421,24.180446228,47.639999934,30.422229098,             0000153P0000358
22.603164087,0.6875,0.75,-0.999999929,-3.565521004E-04,          0000153P0000359
1.25715639E-04;                                                  0000153P0000360
126,4,4,0,0,1,0,0.75,0.75,0.75,0.75,0.75,0.8125,0.8125,0.8125,   0000155P0000361
0.8125,0.8125,1.,1.,1.,1.,1.,47.639999934,30.422229098,          0000155P0000362
22.603164087,47.639999996,29.73716572,20.933658498,47.639903852, 0000155P0000363
29.007043488,19.32527713,47.64000002,28.235689491,17.778019983,  0000155P0000364
47.639999986,27.426316125,16.291887057,0.75,0.8125,-0.999999954, 0000155P0000365
-2.725388815E-04,1.296683266E-04;                                0000155P0000366
126,4,4,0,0,1,0,0.8125,0.8125,0.8125,0.8125,0.8125,0.875,0.875,  0000157P0000367
0.875,0.875,0.875,1.,1.,1.,1.,1.,47.639999986,27.426316125,      0000157P0000368
16.291887057,47.640000031,26.550543233,14.683834736,             0000157P0000369
47.639901005,25.633092453,13.1525928,47.640000028,24.678136431,  0000157P0000370
11.69816125,47.639999993,23.688616054,10.320540085,0.8125,0.875, 0000157P0000371
-0.999999963,-2.300383337E-04,1.442639438E-04;                   0000157P0000372
126,4,4,0,0,1,0,0.875,0.875,0.875,0.875,0.875,0.9375,0.9375,     0000159P0000373
0.9375,0.9375,0.9375,1.,1.,1.,1.,1.,47.639999993,23.688616054,   0000159P0000374
10.320540085,47.639999962,22.622808756,8.836711446,47.639857094, 0000159P0000375
21.520536692,7.446979615,47.640000005,20.385465665,6.151344591,  0000159P0000376
47.640000064,19.219186199,4.949806375,0.875,0.9375,-0.999999945, 0000159P0000377
-2.559541006E-04,2.132364218E-04;                                0000159P0000378
126,4,4,0,0,1,0,0.9375,0.9375,0.9375,0.9375,0.9375,0.96875,      0000161P0000379
0.96875,0.96875,0.96875,0.96875,1.,1.,1.,1.,1.,47.640000064,     0000161P0000380
19.219186199,4.949806375,47.640000016,18.596170751,4.307955831,  0000161P0000381
47.639984531,17.965031857,3.693808178,47.639999984,17.326013071, 0000161P0000382
3.107363418,47.639999993,16.679176629,2.548621548,0.9375,        0000161P0000383
0.96875,-0.999999993,-8.352247124E-05,8.839042483E-05;           0000161P0000384
126,4,4,0,0,1,0,0.96875,0.96875,0.96875,0.96875,0.96875,1.,1.,   0000163P0000385
1.,1.,1.,1.,1.,1.,1.,1.,47.639999993,16.679176629,2.548621548,   0000163P0000386
47.64000001,15.99434558,1.957059689,47.639973221,15.301992142,   0000163P0000387
1.397602145,47.640000021,14.602170053,0.870248915,47.640000011,  0000163P0000388
13.894697496,0.375,0.96875,1.,-0.999999984,-1.099543025E-04,     0000163P0000389
1.40839707E-04;                                                  0000163P0000390
100,0.,0.,0.,47.640058691,13.894798771,13.894933615,             0000165P0000391
47.640019362;                                                    0000165P0000392
124,1.,0.,0.,0.,0.,1.,0.,0.,0.,0.,1.,0.375;                      0000167P0000393
144,171,1,0,173;                                                 0000169P0000394
128,8,4,3,3,0,0,1,0,0,0.544208264,0.544208264,0.544208264,       0000171P0000395
0.544208264,0.5625,0.59375,0.625,0.65625,0.6875,0.705791703,     0000171P0000396
0.705791703,0.705791703,0.705791703,0.,0.,0.,0.,0.5,1.,1.,1.,1., 0000171P0000397
1.,1.,1.,1.,1.,1.,1.,1.,1.,1.,1.,1.,1.,1.,1.,1.,1.,1.,1.,1.,1.,  0000171P0000398
1.,1.,1.,1.,1.,1.,1.,1.,1.,1.,1.,1.,1.,1.,1.,1.,1.,1.,1.,1.,1.,  0000171P0000399
1.,1.,1.,47.722779817,-13.607686197,99.625,47.201416675,         0000171P0000400
-15.435954575,99.625,45.50520806,-20.306673161,99.625,           0000171P0000401
41.527736476,-27.747961115,99.625,35.316441094,-35.316452034,    0000171P0000402
99.625,27.747951116,-41.527746779,99.625,20.306644899,           0000171P0000403
-45.505209476,99.625,15.435942632,-47.201417322,99.625,          0000171P0000404
13.607682568,-47.72277987,99.625,54.085822345,-15.422042144,     0000171P0000405
83.083333333,53.494941207,-17.494075663,83.083333333,            0000171P0000406
51.572560875,-23.014211584,83.083333333,47.064780304,            0000171P0000407
-31.447682927,83.083333333,40.025303055,-40.025305195,           0000171P0000408
83.083333333,31.44768495,-47.064776836,83.083333333,             0000171P0000409
23.014201286,-51.572568732,83.083333333,17.494071326,            0000171P0000410
-53.494938503,83.083333333,15.422043002,-54.085816339,           0000171P0000411
83.083333333,60.448864872,-17.236398089,50.,59.788465739,        0000171P0000412
-19.552196751,50.,57.639913691,-25.721750006,50.,52.601824132,   0000171P0000413
-35.147404737,50.,44.734165015,-44.734158356,50.,35.147418785,   0000171P0000414
-52.601806891,50.,25.721757673,-57.639927989,50.,19.552200022,   0000171P0000415
-59.788459685,50.,17.236403436,-60.448852807,50.,54.085822345,   0000171P0000416
-15.422042144,16.916666667,53.494941207,-17.494075663,           0000171P0000417
16.916666667,51.572560875,-23.014211584,16.916666667,            0000171P0000418
47.064780304,-31.447682927,16.916666667,40.025303055,            0000171P0000419
-40.025305195,16.916666667,31.44768495,-47.064776836,            0000171P0000420
16.916666667,23.014201286,-51.572568732,16.916666667,            0000171P0000421
17.494071326,-53.494938503,16.916666667,15.422043002,            0000171P0000422
-54.085816339,16.916666667,47.722779817,-13.607686197,0.375,     0000171P0000423
47.201416675,-15.435954575,0.375,45.50520806,-20.306673161,      0000171P0000424
0.375,41.527736476,-27.747961115,0.375,35.316441094,             0000171P0000425
-35.316452034,0.375,27.747951116,-41.527746779,0.375,            0000171P0000426
20.306644899,-45.505209476,0.375,15.435942632,-47.201417322,     0000171P0000427
0.375,13.607682568,-47.72277987,0.375,0.545166269,0.704833698,   0000171P0000428
0.,1.;                                                           0000171P0000429
142,0,171,175,253,3;                                             0000173P0000430
102,38,177,179,181,183,185,187,189,191,193,195,197,199,201,203,  0000175P0000431
205,207,209,211,213,215,217,219,221,223,225,227,229,231,233,235, 0000175P0000432
237,239,241,243,245,247,249,251;                                 0000175P0000433
126,2,2,1,0,1,0,0.,0.,0.,3.125E-02,3.125E-02,3.125E-02,1.,1.,1., 0000177P0000434
0.545166269,1.,0.,0.549521782,0.99002221,0.,0.553597108,         0000177P0000435
0.978104388,0.,0.,3.125E-02,-0.,-0.,1.;                          0000177P0000436
126,2,2,1,0,1,0,3.125E-02,3.125E-02,3.125E-02,6.25E-02,6.25E-02, 0000179P0000437
6.25E-02,1.,1.,1.,0.553597108,0.978104388,0.,0.557469142,        0000179P0000438
0.966781071,0.,0.561068172,0.953763947,0.,3.125E-02,6.25E-02,    0000179P0000439
-0.,-0.,1.;                                                      0000179P0000440
126,2,2,1,0,1,0,6.25E-02,6.25E-02,6.25E-02,0.125,0.125,0.125,1., 0000181P0000441
1.,1.,0.561068172,0.953763947,0.,0.567827017,0.929318278,0.,     0000181P0000442
0.573575265,0.899084485,0.,6.25E-02,0.125,-0.,-0.,1.;            0000181P0000443
126,2,2,1,0,1,0,0.125,0.125,0.125,0.1875,0.1875,0.1875,1.,1.,1., 0000183P0000444
0.573575265,0.899084485,0.,0.578836085,0.871414392,0.,           0000183P0000445
0.58320033,0.839153874,0.,0.125,0.1875,-0.,-0.,1.;               0000183P0000446
126,2,2,1,0,1,0,0.1875,0.1875,0.1875,0.25,0.25,0.25,1.,1.,1.,    0000185P0000447
0.58320033,0.839153874,0.,0.587282971,0.808974969,0.,            0000185P0000448
0.590544008,0.775055009,0.,0.1875,0.25,-0.,-0.,1.;               0000185P0000449
126,2,2,1,0,1,0,0.25,0.25,0.25,0.3125,0.3125,0.3125,1.,1.,1.,    0000187P0000450
0.590544008,0.775055009,0.,0.593608438,0.743180082,0.,           0000187P0000451
0.595911835,0.708377338,0.,0.25,0.3125,-0.,-0.,1.;               0000187P0000452
126,2,2,1,0,1,0,0.3125,0.3125,0.3125,0.375,0.375,0.375,1.,1.,1., 0000189P0000453
0.595911835,0.708377338,0.,0.59809916,0.675328365,0.,            0000189P0000454
0.599566026,0.640167321,0.,0.3125,0.375,-0.,-0.,1.;              0000189P0000455
126,2,2,1,0,1,0,0.375,0.375,0.375,0.4375,0.4375,0.4375,1.,1.,1., 0000191P0000456
0.599566026,0.640167321,0.,0.600992435,0.605976039,0.,           0000191P0000457
0.601709184,0.570481469,0.,0.375,0.4375,-0.,-0.,1.;              0000191P0000458
126,2,2,1,0,1,0,0.4375,0.4375,0.4375,0.5,0.5,0.5,1.,1.,1.,       0000193P0000459
0.601709184,0.570481469,0.,0.602420099,0.535275742,0.,           0000193P0000460
0.602416319,0.499625186,0.,0.4375,0.5,-0.,-0.,1.;                0000193P0000461
126,2,2,1,0,1,0,0.5,0.5,0.5,0.5625,0.5625,0.5625,1.,1.,1.,       0000195P0000462
0.602416319,0.499625186,0.,0.602412561,0.464183921,0.,           0000195P0000463
0.601702513,0.429188987,0.,0.5,0.5625,-0.,-0.,1.;                0000195P0000464
126,2,2,1,0,1,0,0.5625,0.5625,0.5625,0.625,0.625,0.625,1.,1.,1., 0000197P0000465
0.601702513,0.429188987,0.,0.600981162,0.393636957,0.,           0000197P0000466
0.599547821,0.359397044,0.,0.5625,0.625,-0.,-0.,1.;              0000197P0000467
126,2,2,1,0,1,0,0.625,0.625,0.625,0.6875,0.6875,0.6875,1.,1.,1., 0000199P0000468
0.599547821,0.359397044,0.,0.598059457,0.323842749,0.,           0000199P0000469
0.595834409,0.290456883,0.,0.625,0.6875,-0.,-0.,1.;              0000199P0000470
126,2,2,1,0,1,0,0.6875,0.6875,0.6875,0.75,0.75,0.75,1.,1.,1.,    0000201P0000471
0.595834409,0.290456883,0.,0.593521012,0.255745374,0.,           0000201P0000472
0.590449193,0.223961352,0.,0.6875,0.75,-0.,-0.,1.;               0000201P0000473
126,2,2,1,0,1,0,0.75,0.75,0.75,0.8125,0.8125,0.8125,1.,1.,1.,    0000203P0000474
0.590449193,0.223961352,0.,0.587197764,0.190318921,0.,           0000203P0000475
0.583136061,0.160371658,0.,0.75,0.8125,-0.,-0.,1.;               0000203P0000476
126,2,2,1,0,1,0,0.8125,0.8125,0.8125,0.875,0.875,0.875,1.,1.,1., 0000205P0000477
0.583136061,0.160371658,0.,0.578741143,0.127967581,0.,           0000205P0000478
0.573440257,0.100206953,0.,0.8125,0.875,-0.,-0.,1.;              0000205P0000479
126,2,2,1,0,1,0,0.875,0.875,0.875,0.9375,0.9375,0.9375,1.,1.,1., 0000207P0000480
0.573440257,0.100206953,0.,0.5677307,7.0306124E-02,0.,           0000207P0000481
0.56102881,4.6093767E-02,0.,0.875,0.9375,-0.,-0.,1.;             0000207P0000482
126,2,2,1,0,1,0,0.9375,0.9375,0.9375,0.96875,0.96875,0.96875,1., 0000209P0000483
1.,1.,0.56102881,4.6093767E-02,0.,0.557448724,3.3159751E-02,0.,  0000209P0000484
0.553598769,2.1900469E-02,0.,0.9375,0.96875,-0.,-0.,1.;          0000209P0000485
126,2,2,1,0,1,0,0.96875,0.96875,0.96875,1.,1.,1.,1.,1.,1.,       0000211P0000486
0.553598769,2.1900469E-02,0.,0.549522671,9.979827E-03,0.,        0000211P0000487
0.545166269,0.,0.,0.96875,1.,-0.,-0.,1.;                         0000211P0000488
126,1,1,1,0,1,0,0.,0.,1.003213625,1.003213625,1.,1.,0.545166785, 0000213P0000489
0.,0.,0.704833216,0.,0.,0.,1.003213625,0.,0.,1.;                 0000213P0000490
126,2,2,1,0,1,0,0.,0.,0.,3.125E-02,3.125E-02,3.125E-02,1.,1.,1., 0000215P0000491
0.704833698,0.,0.,0.700478183,9.977811E-03,0.,0.696402852,       0000215P0000492
2.189565E-02,0.,0.,3.125E-02,-0.,-0.,1.;                         0000215P0000493
126,2,2,1,0,1,0,3.125E-02,3.125E-02,3.125E-02,6.25E-02,6.25E-02, 0000217P0000494
6.25E-02,1.,1.,1.,0.696402852,2.189565E-02,0.,0.692530814,       0000217P0000495
3.3218984E-02,0.,0.688931784,4.6236101E-02,0.,3.125E-02,         0000217P0000496
6.25E-02,-0.,-0.,1.;                                             0000217P0000497
126,2,2,1,0,1,0,6.25E-02,6.25E-02,6.25E-02,0.125,0.125,0.125,1., 0000219P0000498
1.,1.,0.688931784,4.6236101E-02,0.,0.682172935,7.0681778E-02,0., 0000219P0000499
0.676424698,0.10091554,0.,6.25E-02,0.125,-0.,-0.,1.;             0000219P0000500
126,2,2,1,0,1,0,0.125,0.125,0.125,0.1875,0.1875,0.1875,1.,1.,1., 0000221P0000501
0.676424698,0.10091554,0.,0.671163887,0.128585605,0.,0.66679965, 0000221P0000502
0.160846129,0.,0.125,0.1875,-0.,-0.,1.;                          0000221P0000503
126,2,2,1,0,1,0,0.1875,0.1875,0.1875,0.25,0.25,0.25,1.,1.,1.,    0000223P0000504
0.66679965,0.160846129,0.,0.66271702,0.191025013,0.,0.65945599,  0000223P0000505
0.22494499,0.,0.1875,0.25,-0.,-0.,1.;                            0000223P0000506
126,2,2,1,0,1,0,0.25,0.25,0.25,0.3125,0.3125,0.3125,1.,1.,1.,    0000225P0000507
0.65945599,0.22494499,0.,0.65639157,0.256819913,0.,0.654088178,  0000225P0000508
0.291622661,0.,0.25,0.3125,-0.,-0.,1.;                           0000225P0000509
126,2,2,1,0,1,0,0.3125,0.3125,0.3125,0.375,0.375,0.375,1.,1.,1., 0000227P0000510
0.654088178,0.291622661,0.,0.651900858,0.324671638,0.,           0000227P0000511
0.650433995,0.359832678,0.,0.3125,0.375,-0.,-0.,1.;              0000227P0000512
126,2,2,1,0,1,0,0.375,0.375,0.375,0.4375,0.4375,0.4375,1.,1.,1., 0000229P0000513
0.650433995,0.359832678,0.,0.649007588,0.394023963,0.,           0000229P0000514
0.648290842,0.429518529,0.,0.375,0.4375,-0.,-0.,1.;              0000229P0000515
126,2,2,1,0,1,0,0.4375,0.4375,0.4375,0.5,0.5,0.5,1.,1.,1.,       0000231P0000516
0.648290842,0.429518529,0.,0.647579927,0.464724257,0.,           0000231P0000517
0.647583708,0.500374811,0.,0.4375,0.5,-0.,-0.,1.;                0000231P0000518
126,2,2,1,0,1,0,0.5,0.5,0.5,0.5625,0.5625,0.5625,1.,1.,1.,       0000233P0000519
0.647583708,0.500374811,0.,0.647587466,0.535816077,0.,           0000233P0000520
0.648297512,0.570811011,0.,0.5,0.5625,-0.,-0.,1.;                0000233P0000521
126,2,2,1,0,1,0,0.5625,0.5625,0.5625,0.625,0.625,0.625,1.,1.,1., 0000235P0000522
0.648297512,0.570811011,0.,0.649018861,0.60636304,0.,0.6504522,  0000235P0000523
0.640602956,0.,0.5625,0.625,-0.,-0.,1.;                          0000235P0000524
126,2,2,1,0,1,0,0.625,0.625,0.625,0.6875,0.6875,0.6875,1.,1.,1., 0000237P0000525
0.6504522,0.640602956,0.,0.65194056,0.676157248,0.,0.654165603,  0000237P0000526
0.709543118,0.,0.625,0.6875,-0.,-0.,1.;                          0000237P0000527
126,2,2,1,0,1,0,0.6875,0.6875,0.6875,0.75,0.75,0.75,1.,1.,1.,    0000239P0000528
0.654165603,0.709543118,0.,0.656478995,0.744254632,0.,           0000239P0000529
0.659550806,0.77603865,0.,0.6875,0.75,-0.,-0.,1.;                0000239P0000530
126,2,2,1,0,1,0,0.75,0.75,0.75,0.8125,0.8125,0.8125,1.,1.,1.,    0000241P0000531
0.659550806,0.77603865,0.,0.662802228,0.809681099,0.,0.66686392, 0000241P0000532
0.839628343,0.,0.75,0.8125,-0.,-0.,1.;                           0000241P0000533
126,2,2,1,0,1,0,0.8125,0.8125,0.8125,0.875,0.875,0.875,1.,1.,1., 0000243P0000534
0.66686392,0.839628343,0.,0.671258829,0.87203243,0.,0.676559707, 0000243P0000535
0.899793034,0.,0.8125,0.875,-0.,-0.,1.;                          0000243P0000536
126,2,2,1,0,1,0,0.875,0.875,0.875,0.9375,0.9375,0.9375,1.,1.,1., 0000245P0000537
0.676559707,0.899793034,0.,0.682269254,0.929693829,0.,           0000245P0000538
0.688971148,0.953906193,0.,0.875,0.9375,-0.,-0.,1.;              0000245P0000539
126,2,2,1,0,1,0,0.9375,0.9375,0.9375,0.96875,0.96875,0.96875,1., 0000247P0000540
1.,1.,0.688971148,0.953906193,0.,0.692551234,0.9668402,0.,       0000247P0000541
0.696401192,0.978099497,0.,0.9375,0.96875,-0.,-0.,1.;            0000247P0000542
126,2,2,1,0,1,0,0.96875,0.96875,0.96875,1.,1.,1.,1.,1.,1.,       0000249P0000543
0.696401192,0.978099497,0.,0.700477294,0.990020154,0.,           0000249P0000544
0.704833698,1.,0.,0.96875,1.,-0.,-0.,1.;                         0000249P0000545
126,1,1,1,0,1,0,4.996178795,4.996178795,5.99939257,5.99939257,   0000251P0000546
1.,1.,0.704833175,1.,0.,0.545166744,1.,0.,4.996178795,           0000251P0000547
5.99939257,0.,0.,1.;                                             0000251P0000548
102,38,255,257,259,261,263,265,267,269,271,273,275,277,279,281,  0000253P0000549
283,285,287,289,291,295,297,299,301,303,305,307,309,311,313,315, 0000253P0000550
317,319,321,323,325,327,329,331;                                 0000253P0000551
126,4,4,0,0,1,0,0.,0.,0.,0.,0.,3.125E-02,3.125E-02,3.125E-02,    0000255P0000552
3.125E-02,3.125E-02,1.,1.,1.,1.,1.,47.640000011,-13.894697496,   0000255P0000553
0.375,47.640000013,-14.602025678,0.870147829,47.639973234,       0000255P0000554
-15.301706661,1.39738702,47.640000012,-15.993922155,1.956717574, 0000255P0000555
47.640000012,-16.678618503,2.548139491,0.,3.125E-02,             0000255P0000556
-0.999999984,1.100788874E-04,1.410111366E-04;                    0000255P0000557
126,4,4,0,0,1,0,3.125E-02,3.125E-02,3.125E-02,3.125E-02,         0000257P0000558
3.125E-02,6.25E-02,6.25E-02,6.25E-02,6.25E-02,6.25E-02,1.,1.,1., 0000257P0000559
1.,1.,47.640000012,-16.678618503,2.548139491,47.639999994,       0000257P0000560
-17.329159716,3.110059097,47.639984192,-17.971791373,            0000257P0000561
3.699997094,47.640000018,-18.606450167,4.317953482,47.640000068, 0000257P0000562
-19.232887313,4.96392826,3.125E-02,6.25E-02,-0.999999992,        0000257P0000563
8.451297705E-05,8.939026942E-05;                                 0000257P0000564
126,4,4,0,0,1,0,6.25E-02,6.25E-02,6.25E-02,6.25E-02,6.25E-02,    0000259P0000565
0.125,0.125,0.125,0.125,0.125,1.,1.,1.,1.,1.,47.640000068,       0000259P0000566
-19.232887313,4.96392826,47.640000034,-20.409313015,6.177044584, 0000259P0000567
47.639851619,-21.553932327,7.485906126,47.639999978,             0000259P0000568
-22.665104959,8.890512886,47.639999964,-23.739041413,            0000259P0000569
10.390864864,6.25E-02,0.125,-0.999999942,2.612446293E-04,        0000259P0000570
2.171610391E-04;                                                 0000259P0000571
126,4,4,0,0,1,0,0.125,0.125,0.125,0.125,0.125,0.1875,0.1875,     0000261P0000572
0.1875,0.1875,0.1875,1.,1.,1.,1.,1.,47.639999964,-23.739041413,  0000261P0000573
10.390864864,47.639999986,-24.721912451,11.763993229,            0000261P0000574
47.639902989,-25.670492154,13.213054874,47.639999997,            0000261P0000575
-26.581870492,14.7380498,47.639999983,-27.451935777,             0000261P0000576
16.338978006,0.125,0.1875,-0.999999964,2.281209833E-04,          0000261P0000577
1.426690384E-04;                                                 0000261P0000578
126,4,4,0,0,1,0,0.1875,0.1875,0.1875,0.1875,0.1875,0.25,0.25,    0000263P0000579
0.25,0.25,0.25,1.,1.,1.,1.,1.,47.639999983,-27.451935777,        0000263P0000580
16.338978006,47.640000028,-28.265859917,17.836606166,            0000263P0000581
47.639900836,-29.041171347,19.396117612,47.640000075,            0000263P0000582
-29.774587667,21.017512342,47.640000075,-30.462198698,           0000263P0000583
22.700790357,0.1875,0.25,-0.999999953,2.777365951E-04,           0000263P0000584
1.317472779E-04;                                                 0000263P0000585
126,4,4,0,0,1,0,0.25,0.25,0.25,0.25,0.25,0.3125,0.3125,0.3125,   0000265P0000586
0.3125,0.3125,1.,1.,1.,1.,1.,47.640000075,-30.462198698,         0000265P0000587
22.700790357,47.639999999,-31.108353806,24.282583609,            0000265P0000588
47.639886482,-31.711556576,25.912807835,47.639999934,            0000265P0000589
-32.268751328,27.591463033,47.639999952,-32.776669324,           0000265P0000590
29.318549204,0.25,0.3125,-0.999999927,3.605667368E-04,           0000265P0000591
1.264286084E-04;                                                 0000265P0000592
126,4,4,0,0,1,0,0.3125,0.3125,0.3125,0.3125,0.3125,0.375,0.375,  0000267P0000593
0.375,0.375,0.375,1.,1.,1.,1.,1.,47.639999952,-32.776669324,     0000267P0000594
29.318549204,47.639999949,-33.258992475,30.958604489,            0000267P0000595
47.639863791,-33.694351178,32.633596948,47.639999975,            0000267P0000596
-34.080287446,34.343526582,47.640000004,-34.414389384,           0000267P0000597
36.088393391,0.3125,0.375,-0.999999883,4.707686309E-04,          0000267P0000598
1.142317416E-04;                                                 0000267P0000599
126,4,4,0,0,1,0,0.375,0.375,0.375,0.375,0.375,0.4375,0.4375,     0000269P0000600
0.4375,0.4375,0.4375,1.,1.,1.,1.,1.,47.640000004,-34.414389384,  0000269P0000601
36.088393391,47.640000031,-34.7392766,37.78513576,47.639846086,  0000269P0000602
-35.012981226,39.503436685,47.639999992,-35.233812596,           0000269P0000603
41.243296166,47.639999921,-35.400317405,43.004714202,0.375,      0000269P0000604
0.4375,-0.999999845,5.504003266E-04,7.869862995E-05;             0000269P0000605
126,4,4,0,0,1,0,0.4375,0.4375,0.4375,0.4375,0.4375,0.5,0.5,0.5,  0000271P0000606
0.5,0.5,1.,1.,1.,1.,1.,47.639999921,-35.400317405,43.004714202,  0000271P0000607
47.639999999,-35.565467053,44.751798404,47.63983185,             0000271P0000608
-35.675880976,46.50624082,47.640000024,-35.730835039,            0000271P0000609
48.268041448,47.639999969,-35.729951037,50.037200289,0.4375,0.5, 0000271P0000610
-0.999999818,6.030806725E-04,2.836980049E-05;                    0000271P0000611
126,4,4,0,0,1,0,0.5,0.5,0.5,0.5,0.5,0.5625,0.5625,0.5625,0.5625, 0000273P0000612
0.5625,1.,1.,1.,1.,1.,47.639999969,-35.729951037,50.037200289,   0000273P0000613
47.639999937,-35.729072196,51.795973065,47.63983573,             0000273P0000614
-35.673013521,53.547362782,47.639999971,-35.562156022,           0000273P0000615
55.29136944,47.640000033,-35.397218163,57.02799304,0.5,0.5625,   0000273P0000616
0.999999821,-5.971562426E-04,2.850664851E-05;                    0000273P0000617
126,4,4,0,0,1,0,0.5625,0.5625,0.5625,0.5625,0.5625,0.625,0.625,  0000275P0000618
0.625,0.625,0.625,1.,1.,1.,1.,1.,47.640000033,-35.397218163,     0000275P0000619
57.02799304,47.640000041,-35.229654676,58.792262529,             0000275P0000620
47.639845175,-35.007596412,60.534827416,47.640000003,            0000275P0000621
-34.732509233,62.2556877,47.639999955,-34.406097081,             0000275P0000622
63.954843383,0.5625,0.625,0.999999844,-5.52058883E-04,           0000275P0000623
7.925469583E-05;                                                 0000275P0000624
126,4,4,0,0,1,0,0.625,0.625,0.625,0.625,0.625,0.6875,0.6875,     0000277P0000625
0.6875,0.6875,0.6875,1.,1.,1.,1.,1.,47.639999955,-34.406097081,  0000277P0000626
63.954843383,47.639999984,-34.067154697,65.719225272,            0000277P0000627
47.639857975,-33.675237288,67.447737732,47.640000038,            0000277P0000628
-33.232847863,69.140380762,47.640000059,-32.742534682,           0000277P0000629
70.797154362,0.625,0.6875,0.999999878,-4.79903867E-04,           0000277P0000630
1.170172175E-04;                                                 0000277P0000631
126,4,4,0,0,1,0,0.6875,0.6875,0.6875,0.6875,0.6875,0.75,0.75,    0000279P0000632
0.75,0.75,0.75,1.,1.,1.,1.,1.,47.640000059,-32.742534682,        0000279P0000633
70.797154362,47.640000047,-32.232752827,72.519712996,            0000279P0000634
47.639887911,-31.673971484,74.193846116,47.639999992,            0000279P0000635
-31.069449426,75.819553722,47.639999952,-30.42222911,            0000279P0000636
77.396835814,0.6875,0.75,0.999999929,-3.566093809E-04,           0000279P0000637
1.257331446E-04;                                                 0000279P0000638
126,4,4,0,0,1,0,0.75,0.75,0.75,0.75,0.75,0.8125,0.8125,0.8125,   0000281P0000639
0.8125,0.8125,1.,1.,1.,1.,1.,47.639999952,-30.42222911,          0000281P0000640
77.396835814,47.640000007,-29.737165726,79.066341452,            0000281P0000641
47.639903856,-29.00704349,80.674722853,47.64000002,              0000281P0000642
-28.235689491,82.221980017,47.639999986,-27.426316125,           0000281P0000643
83.708112943,0.75,0.8125,0.999999954,-2.72574024E-04,            0000281P0000644
1.296881077E-04;                                                 0000281P0000645
126,4,4,0,0,1,0,0.8125,0.8125,0.8125,0.8125,0.8125,0.875,0.875,  0000283P0000646
0.875,0.875,0.875,1.,1.,1.,1.,1.,47.639999986,-27.426316125,     0000283P0000647
83.708112943,47.640000031,-26.550543233,85.316165264,            0000283P0000648
47.639901005,-25.633092453,86.8474072,47.640000028,              0000283P0000649
-24.678136431,88.30183875,47.639999993,-23.688616054,            0000283P0000650
89.679459915,0.8125,0.875,0.999999963,-2.300383332E-04,          0000283P0000651
1.44263944E-04;                                                  0000283P0000652
126,4,4,0,0,1,0,0.875,0.875,0.875,0.875,0.875,0.9375,0.9375,     0000285P0000653
0.9375,0.9375,0.9375,1.,1.,1.,1.,1.,47.639999993,-23.688616054,  0000285P0000654
89.679459915,47.639999962,-22.622808756,91.163288554,            0000285P0000655
47.639857094,-21.520536692,92.553020385,47.640000005,            0000285P0000656
-20.385465665,93.848655409,47.640000064,-19.219186199,           0000285P0000657
95.050193625,0.875,0.9375,0.999999945,-2.559541008E-04,          0000285P0000658
2.132364221E-04;                                                 0000285P0000659
126,4,4,0,0,1,0,0.9375,0.9375,0.9375,0.9375,0.9375,0.96875,      0000287P0000660
0.96875,0.96875,0.96875,0.96875,1.,1.,1.,1.,1.,47.640000064,     0000287P0000661
-19.219186199,95.050193625,47.640000016,-18.596170751,           0000287P0000662
95.692044169,47.639984531,-17.965031857,96.306191822,            0000287P0000663
47.639999984,-17.326013071,96.892636582,47.639999993,            0000287P0000664
-16.679176629,97.451378452,0.9375,0.96875,0.999999993,           0000287P0000665
-8.352247131E-05,8.839042483E-05;                                0000287P0000666
126,4,4,0,0,1,0,0.96875,0.96875,0.96875,0.96875,0.96875,1.,1.,   0000289P0000667
1.,1.,1.,1.,1.,1.,1.,1.,47.639999993,-16.679176629,97.451378452, 0000289P0000668
47.64000001,-15.99434558,98.042940311,47.639973221,              0000289P0000669
-15.301992142,98.602397855,47.640000021,-14.602170053,           0000289P0000670
99.129751085,47.640000011,-13.894697496,99.625,0.96875,1.,       0000289P0000671
0.999999984,-1.09954309E-04,1.408397061E-04;                     0000289P0000672
100,0.,0.,0.,49.625,1.776356839E-15,26.678169156,41.843947178;   0000291P0000673
124,0.96000073,-0.279997495,-6.703649856E-15,1.002168894E-28,    0000293P0000674
-0.279997495,-0.96000073,-1.955210056E-15,0.,-5.88805484E-15,    0000293P0000675
3.754008252E-15,-1.,99.625;                                      0000293P0000676
126,4,4,0,0,1,0,0.,0.,0.,0.,0.,3.125E-02,3.125E-02,3.125E-02,    0000295P0000677
3.125E-02,3.125E-02,1.,1.,1.,1.,1.,13.894693128,-47.639999996,   0000295P0000678
99.625,14.602020089,-47.640000021,99.129851129,15.301700189,     0000295P0000679
-47.639973245,98.602610962,15.993915234,-47.640000028,           0000295P0000680
98.043279498,16.678611599,-47.640000004,97.451856737,0.,         0000295P0000681
3.125E-02,1.098012497E-04,-0.999999984,1.406600997E-04;          0000295P0000682
126,4,4,0,0,1,0,3.125E-02,3.125E-02,3.125E-02,3.125E-02,         0000297P0000683
3.125E-02,6.25E-02,6.25E-02,6.25E-02,6.25E-02,6.25E-02,1.,1.,1., 0000297P0000684
1.,1.,16.678611599,-47.640000004,97.451856737,17.32915272,       0000297P0000685
-47.64000002,96.889936288,17.971784332,-47.639984223,            0000297P0000686
96.299997844,18.606443142,-47.640000038,95.682041407,            0000297P0000687
19.232880351,-47.64000004,95.036066976,3.125E-02,6.25E-02,       0000297P0000688
8.383782841E-05,-0.999999993,8.866939985E-05;                    0000297P0000689
126,4,4,0,0,1,0,6.25E-02,6.25E-02,6.25E-02,6.25E-02,6.25E-02,    0000299P0000690
0.125,0.125,0.125,0.125,0.125,1.,1.,1.,1.,1.,19.232880351,       0000299P0000691
-47.64000004,95.036066976,20.409306909,-47.640000028,            0000299P0000692
93.822950255,21.553927374,-47.639851697,92.514088961,            0000299P0000693
22.66510084,-47.64000004,91.109483094,23.73903747,-47.640000069, 0000299P0000694
89.609132655,6.25E-02,0.125,2.611916716E-04,-0.999999942,        0000299P0000695
2.171420971E-04;                                                 0000299P0000696
126,4,4,0,0,1,0,0.125,0.125,0.125,0.125,0.125,0.1875,0.1875,     0000301P0000697
0.1875,0.1875,0.1875,1.,1.,1.,1.,1.,23.73903747,-47.640000069,   0000301P0000698
89.609132655,24.721908831,-47.640000055,88.236005679,            0000301P0000699
25.670489139,-47.639903035,86.786944861,26.581868138,            0000301P0000700
-47.639999986,85.2619502,27.451934064,-47.639999924,             0000301P0000701
83.661021697,0.125,0.1875,2.280602009E-04,-0.999999964,          0000301P0000702
1.426038661E-04;                                                 0000301P0000703
126,4,4,0,0,1,0,0.1875,0.1875,0.1875,0.1875,0.1875,0.25,0.25,    0000303P0000704
0.25,0.25,0.25,1.,1.,1.,1.,1.,27.451934064,-47.639999924,        0000303P0000705
83.661021697,28.265858098,-47.639999916,82.163394578,            0000303P0000706
29.041169583,-47.639900689,80.603883546,29.77458606,             0000303P0000707
-47.639999913,78.982488601,30.462197338,-47.639999914,           0000303P0000708
77.299209742,0.1875,0.25,2.78008292E-04,-0.999999953,            0000303P0000709
1.318600511E-04;                                                 0000303P0000710
126,4,4,0,0,1,0,0.25,0.25,0.25,0.25,0.25,0.3125,0.3125,0.3125,   0000305P0000711
0.3125,0.3125,1.,1.,1.,1.,1.,30.462197338,-47.639999914,         0000305P0000712
77.299209742,31.108352048,-47.639999984,75.717416688,            0000305P0000713
31.71155453,-47.639886553,74.087192529,32.268749108,             0000305P0000714
-47.640000055,72.408537265,32.776667073,-47.640000048,           0000305P0000715
70.681450896,0.25,0.3125,3.596668042E-04,-0.999999927,           0000305P0000716
1.2615313E-04;                                                   0000305P0000717
126,4,4,0,0,1,0,0.3125,0.3125,0.3125,0.3125,0.3125,0.375,0.375,  0000307P0000718
0.375,0.375,0.375,1.,1.,1.,1.,1.,32.776667073,-47.640000048,     0000307P0000719
70.681450896,33.258990157,-47.640000049,69.041395412,            0000307P0000720
33.694348768,-47.639863883,67.366402886,34.080284946,            0000307P0000721
-47.640000049,65.656473318,34.414386813,-47.640000049,           0000307P0000722
63.911606708,0.3125,0.375,4.705870056E-04,-0.999999883,          0000307P0000723
1.141802082E-04;                                                 0000307P0000724
126,4,4,0,0,1,0,0.375,0.375,0.375,0.375,0.375,0.4375,0.4375,     0000309P0000725
0.4375,0.4375,0.4375,1.,1.,1.,1.,1.,34.414386813,-47.640000049,  0000309P0000726
63.911606708,34.739274119,-47.63999998,62.21486419,35.012978701, 0000309P0000727
-47.639846024,60.496563232,35.233809907,-47.640000007,           0000309P0000728
58.756703834,35.40031444,-47.640000108,56.995285997,0.375,       0000309P0000729
0.4375,5.519936186E-04,-0.999999845,7.89460598E-05;              0000309P0000730
126,4,4,0,0,1,0,0.4375,0.4375,0.4375,0.4375,0.4375,0.5,0.5,0.5,  0000311P0000731
0.5,0.5,1.,1.,1.,1.,1.,35.40031444,-47.640000108,56.995285997,   0000311P0000732
35.565464268,-47.640000038,55.248201745,35.675878256,            0000311P0000733
-47.639831826,53.493759329,35.730832277,-47.640000025,           0000311P0000734
51.73195875,35.729948128,-47.640000087,49.962800008,0.4375,0.5,  0000311P0000735
6.046672453E-04,-0.999999817,2.843408542E-05;                    0000311P0000736
126,4,4,0,0,1,0,0.5,0.5,0.5,0.5,0.5,0.5625,0.5625,0.5625,0.5625, 0000313P0000737
0.5625,1.,1.,1.,1.,1.,35.729948128,-47.640000087,49.962800008,   0000313P0000738
35.729069289,-47.640000059,48.204027183,35.673010655,            0000313P0000739
-47.63983583,46.452637433,35.562153242,-47.640000023,            0000313P0000740
44.708630758,35.397215507,-47.640000019,42.972007158,0.5,0.5625, 0000313P0000741
-5.967244045E-04,0.999999822,2.850538251E-05;                    0000313P0000742
126,4,4,0,0,1,0,0.5625,0.5625,0.5625,0.5625,0.5625,0.625,0.625,  0000315P0000743
0.625,0.625,0.625,1.,1.,1.,1.,1.,35.397215507,-47.640000019,     0000315P0000744
42.972007158,35.229652143,-47.639999966,41.207737719,            0000315P0000745
35.007593939,-47.639845092,39.465172816,34.732506751,            0000315P0000746
-47.639999966,37.744312449,34.406094507,-47.640000017,           0000315P0000747
36.045156617,0.5625,0.625,-5.530139967E-04,0.999999844,          0000315P0000748
7.938045178E-05;                                                 0000315P0000749
126,4,4,0,0,1,0,0.625,0.625,0.625,0.625,0.625,0.6875,0.6875,     0000317P0000750
0.6875,0.6875,0.6875,1.,1.,1.,1.,1.,34.406094507,-47.640000017,  0000317P0000751
36.045156617,34.067152335,-47.639999969,34.280774877,            0000317P0000752
33.675235106,-47.639857912,32.55226245,33.23284581,              0000317P0000753
-47.639999957,30.859619337,32.742532683,-47.639999988,           0000317P0000754
29.202845539,0.625,0.6875,-4.803821454E-04,0.999999878,          0000317P0000755
1.171530785E-04;                                                 0000317P0000756
126,4,4,0,0,1,0,0.6875,0.6875,0.6875,0.6875,0.6875,0.75,0.75,    0000319P0000757
0.75,0.75,0.75,1.,1.,1.,1.,1.,32.742532683,-47.639999988,        0000319P0000758
29.202845539,32.23275085,-47.639999999,27.480286656,             0000319P0000759
31.673969572,-47.639887883,25.806153437,31.069447593,            0000319P0000760
-47.640000011,24.180445881,30.422227369,-47.640000012,           0000319P0000761
22.603163988,0.6875,0.75,-3.567486114E-04,0.999999928,           0000319P0000762
1.257621369E-04;                                                 0000319P0000763
126,4,4,0,0,1,0,0.75,0.75,0.75,0.75,0.75,0.8125,0.8125,0.8125,   0000321P0000764
0.8125,0.8125,1.,1.,1.,1.,1.,30.422227369,-47.640000012,         0000321P0000765
22.603163988,29.737163732,-47.640000046,20.933657456,            0000321P0000766
29.007041333,-47.639903884,19.325275774,28.235687273,            0000321P0000767
-47.640000051,17.778018941,27.426314006,-47.640000029,           0000321P0000768
16.291886957,0.75,0.8125,-2.727350692E-04,0.999999954,           0000321P0000769
1.297672289E-04;                                                 0000321P0000770
126,4,4,0,0,1,0,0.8125,0.8125,0.8125,0.8125,0.8125,0.875,0.875,  0000323P0000771
0.875,0.875,0.875,1.,1.,1.,1.,1.,27.426314006,-47.640000029,     0000323P0000772
16.291886957,26.550540582,-47.639999981,14.68383414,             0000323P0000773
25.633089148,-47.639900926,13.152592271,24.678132429,            0000323P0000774
-47.639999929,11.698161349,23.688611546,-47.639999921,           0000323P0000775
10.320541376,0.8125,0.875,-2.304538731E-04,0.999999963,          0000323P0000776
1.445424251E-04;                                                 0000323P0000777
126,4,4,0,0,1,0,0.875,0.875,0.875,0.875,0.875,0.9375,0.9375,     0000325P0000778
0.9375,0.9375,0.9375,1.,1.,1.,1.,1.,23.688611546,-47.639999921,  0000325P0000779
10.320541376,22.622803969,-47.639999932,8.836714424,             0000325P0000780
21.520531017,-47.639857128,7.446983601,20.385458831,             0000325P0000781
-47.639999978,6.151348908,19.219178528,-47.640000009,            0000325P0000782
4.949810345,0.875,0.9375,-2.556561691E-04,0.999999945,           0000325P0000783
2.129864476E-04;                                                 0000325P0000784
126,4,4,0,0,1,0,0.9375,0.9375,0.9375,0.9375,0.9375,0.96875,      0000327P0000785
0.96875,0.96875,0.96875,0.96875,1.,1.,1.,1.,1.,19.219178528,     0000327P0000786
-47.640000009,4.949810345,18.596163038,-47.640000029,            0000327P0000787
4.307960247,17.965024194,-47.639984558,3.693812645,17.326005567, 0000327P0000788
-47.639999993,3.107367536,16.679169375,-47.639999947,            0000327P0000789
2.548624923,0.9375,0.96875,-8.24365332E-05,0.999999993,          0000327P0000790
8.724042752E-05;                                                 0000327P0000791
126,4,4,0,0,1,0,0.96875,0.96875,0.96875,0.96875,0.96875,1.,1.,   0000329P0000792
1.,1.,1.,1.,1.,1.,1.,1.,16.679169375,-47.639999947,2.548624923,  0000329P0000793
15.994338473,-47.639999965,1.957062319,15.301985596,             0000329P0000794
-47.639973171,1.397603964,14.602164452,-47.639999991,            0000329P0000795
0.870249858,13.894693128,-47.639999996,0.375,0.96875,1.,         0000329P0000796
-1.101108638E-04,0.999999984,1.410255123E-04;                    0000329P0000797
100,0.,0.,0.,13.894795412,-47.640059671,47.640019066,            0000331P0000798
-13.894934632;                                                   0000331P0000799
124,1.,0.,0.,0.,0.,1.,0.,0.,0.,0.,1.,0.375;                      0000333P0000800
144,337,1,0,339;                                                 0000335P0000801
128,8,4,3,3,0,0,1,0,0,0.7942083,0.7942083,0.7942083,0.7942083,   0000337P0000802
0.8125,0.84375,0.875,0.90625,0.9375,0.955791496,0.955791496,     0000337P0000803
0.955791496,0.955791496,0.,0.,0.,0.,0.5,1.,1.,1.,1.,1.,1.,1.,1., 0000337P0000804
1.,1.,1.,1.,1.,1.,1.,1.,1.,1.,1.,1.,1.,1.,1.,1.,1.,1.,1.,1.,1.,  0000337P0000805
1.,1.,1.,1.,1.,1.,1.,1.,1.,1.,1.,1.,1.,1.,1.,1.,1.,1.,1.,1.,     0000337P0000806
-13.607683159,-47.722779736,99.625,-15.435942428,-47.201417325,  0000337P0000807
99.625,-20.306643122,-45.505209703,99.625,-27.747956795,         0000337P0000808
-41.527745576,99.625,-35.316430936,-35.316454259,99.625,         0000337P0000809
-41.527754929,-27.747957041,99.625,-45.505168376,-20.306701344,  0000337P0000810
99.625,-47.201415416,-15.435998498,99.625,-47.722781252,         0000337P0000811
-13.607753287,99.625,-15.422043674,-54.085816156,83.083333333,   0000337P0000812
-17.494071102,-53.494938449,83.083333333,-23.01419929,           0000337P0000813
-51.572568881,83.083333333,-31.447691335,-47.06477582,           0000337P0000814
83.083333333,-40.025291645,-40.025307078,83.083333333,           0000337P0000815
-47.064800937,-31.447679454,83.083333333,-51.572516914,          0000337P0000816
-23.014241854,83.083333333,-53.494937745,-17.49412621,           0000337P0000817
83.083333333,-54.085821423,-15.422119527,83.083333333,           0000337P0000818
-17.236404189,-60.448852573,50.,-19.552199777,-59.788459571,50., 0000337P0000819
-25.721755458,-57.639928058,50.,-35.147425875,-52.601806079,50., 0000337P0000820
-44.734152354,-44.734159845,50.,-52.601846946,-35.147402059,50., 0000337P0000821
-57.639865451,-25.721781774,50.,-59.788460073,-19.552254651,50., 0000337P0000822
-60.448861594,-17.236486551,50.,-15.422043674,-54.085816156,     0000337P0000823
16.916666667,-17.494071102,-53.494938449,16.916666667,           0000337P0000824
-23.01419929,-51.572568881,16.916666667,-31.447691335,           0000337P0000825
-47.06477582,16.916666667,-40.025291645,-40.025307078,           0000337P0000826
16.916666667,-47.064800937,-31.447679454,16.916666667,           0000337P0000827
-51.572516914,-23.014241854,16.916666667,-53.494937745,          0000337P0000828
-17.49412621,16.916666667,-54.085821423,-15.422119527,           0000337P0000829
16.916666667,-13.607683159,-47.722779736,0.375,-15.435942428,    0000337P0000830
-47.201417325,0.375,-20.306643122,-45.505209703,0.375,           0000337P0000831
-27.747956795,-41.527745576,0.375,-35.316430936,-35.316454259,   0000337P0000832
0.375,-41.527754929,-27.747957041,0.375,-45.505168376,           0000337P0000833
-20.306701344,0.375,-47.201415416,-15.435998498,0.375,           0000337P0000834
-47.722781252,-13.607753287,0.375,0.795166303,0.954833493,0.,1.; 0000337P0000835
142,0,337,341,419,3;                                             0000339P0000836
102,38,343,345,347,349,351,353,355,357,359,361,363,365,367,369,  0000341P0000837
371,373,375,377,379,381,383,385,387,389,391,393,395,397,399,401, 0000341P0000838
403,405,407,409,411,413,415,417;                                 0000341P0000839
126,2,2,1,0,1,0,0.,0.,0.,3.125E-02,3.125E-02,3.125E-02,1.,1.,1., 0000343P0000840
0.795166303,1.,0.,0.79952182,0.990022188,0.,0.803597151,         0000343P0000841
0.978104348,0.,0.,3.125E-02,-0.,-0.,1.;                          0000343P0000842
126,2,2,1,0,1,0,3.125E-02,3.125E-02,3.125E-02,6.25E-02,6.25E-02, 0000345P0000843
6.25E-02,1.,1.,1.,0.803597151,0.978104348,0.,0.807469189,        0000345P0000844
0.966781014,0.,0.811068219,0.953763896,0.,3.125E-02,6.25E-02,    0000345P0000845
-0.,-0.,1.;                                                      0000345P0000846
126,2,2,1,0,1,0,6.25E-02,6.25E-02,6.25E-02,0.125,0.125,0.125,1., 0000347P0000847
1.,1.,0.811068219,0.953763896,0.,0.817827065,0.929318224,0.,     0000347P0000848
0.823575302,0.89908446,0.,6.25E-02,0.125,-0.,-0.,1.;             0000347P0000849
126,2,2,1,0,1,0,0.125,0.125,0.125,0.1875,0.1875,0.1875,1.,1.,1., 0000349P0000850
0.823575302,0.89908446,0.,0.828836111,0.871414396,0.,            0000349P0000851
0.833200347,0.839153874,0.,0.125,0.1875,-0.,-0.,1.;              0000349P0000852
126,2,2,1,0,1,0,0.1875,0.1875,0.1875,0.25,0.25,0.25,1.,1.,1.,    0000351P0000853
0.833200347,0.839153874,0.,0.837282977,0.80897499,0.,            0000351P0000854
0.840544007,0.775055016,0.,0.1875,0.25,-0.,-0.,1.;               0000351P0000855
126,2,2,1,0,1,0,0.25,0.25,0.25,0.3125,0.3125,0.3125,1.,1.,1.,    0000353P0000856
0.840544007,0.775055016,0.,0.843608429,0.74318009,0.,            0000353P0000857
0.845911821,0.708377342,0.,0.25,0.3125,-0.,-0.,1.;               0000353P0000858
126,2,2,1,0,1,0,0.3125,0.3125,0.3125,0.375,0.375,0.375,1.,1.,1., 0000355P0000859
0.845911821,0.708377342,0.,0.848099142,0.675328363,0.,           0000355P0000860
0.849566005,0.640167323,0.,0.3125,0.375,-0.,-0.,1.;              0000355P0000861
126,2,2,1,0,1,0,0.375,0.375,0.375,0.4375,0.4375,0.4375,1.,1.,1., 0000357P0000862
0.849566005,0.640167323,0.,0.850992411,0.605976039,0.,           0000357P0000863
0.851709158,0.570481474,0.,0.375,0.4375,-0.,-0.,1.;              0000357P0000864
126,2,2,1,0,1,0,0.4375,0.4375,0.4375,0.5,0.5,0.5,1.,1.,1.,       0000359P0000865
0.851709158,0.570481474,0.,0.852420073,0.535275746,0.,           0000359P0000866
0.852416293,0.499625191,0.,0.4375,0.5,-0.,-0.,1.;                0000359P0000867
126,2,2,1,0,1,0,0.5,0.5,0.5,0.5625,0.5625,0.5625,1.,1.,1.,       0000361P0000868
0.852416293,0.499625191,0.,0.852412534,0.464183925,0.,           0000361P0000869
0.851702488,0.429188989,0.,0.5,0.5625,-0.,-0.,1.;                0000361P0000870
126,2,2,1,0,1,0,0.5625,0.5625,0.5625,0.625,0.625,0.625,1.,1.,1., 0000363P0000871
0.851702488,0.429188989,0.,0.850981138,0.393636959,0.,0.8495478, 0000363P0000872
0.359397043,0.,0.5625,0.625,-0.,-0.,1.;                          0000363P0000873
126,2,2,1,0,1,0,0.625,0.625,0.625,0.6875,0.6875,0.6875,1.,1.,1., 0000365P0000874
0.8495478,0.359397043,0.,0.848059439,0.32384275,0.,0.845834396,  0000365P0000875
0.290456879,0.,0.625,0.6875,-0.,-0.,1.;                          0000365P0000876
126,2,2,1,0,1,0,0.6875,0.6875,0.6875,0.75,0.75,0.75,1.,1.,1.,    0000367P0000877
0.845834396,0.290456879,0.,0.843521003,0.255745366,0.,           0000367P0000878
0.840449192,0.223961346,0.,0.6875,0.75,-0.,-0.,1.;               0000367P0000879
126,2,2,1,0,1,0,0.75,0.75,0.75,0.8125,0.8125,0.8125,1.,1.,1.,    0000369P0000880
0.840449192,0.223961346,0.,0.83719777,0.190318899,0.,            0000369P0000881
0.833136078,0.160371654,0.,0.75,0.8125,-0.,-0.,1.;               0000369P0000882
126,2,2,1,0,1,0,0.8125,0.8125,0.8125,0.875,0.875,0.875,1.,1.,1., 0000371P0000883
0.833136078,0.160371654,0.,0.828741169,0.12796757,0.,            0000371P0000884
0.823440292,0.100206968,0.,0.8125,0.875,-0.,-0.,1.;              0000371P0000885
126,2,2,1,0,1,0,0.875,0.875,0.875,0.9375,0.9375,0.9375,1.,1.,1., 0000373P0000886
0.823440292,0.100206968,0.,0.817730746,7.030617E-02,0.,          0000373P0000887
0.811028855,4.6093811E-02,0.,0.875,0.9375,-0.,-0.,1.;            0000373P0000888
126,2,2,1,0,1,0,0.9375,0.9375,0.9375,0.96875,0.96875,0.96875,1., 0000375P0000889
1.,1.,0.811028855,4.6093811E-02,0.,0.807448769,3.3159803E-02,0., 0000375P0000890
0.80359881,2.1900505E-02,0.,0.9375,0.96875,-0.,-0.,1.;           0000375P0000891
126,2,2,1,0,1,0,0.96875,0.96875,0.96875,1.,1.,1.,1.,1.,1.,       0000377P0000892
0.80359881,2.1900505E-02,0.,0.799522708,9.979847E-03,0.,         0000377P0000893
0.795166303,0.,0.,0.96875,1.,-0.,-0.,1.;                         0000377P0000894
126,1,1,1,0,1,0,0.,0.,1.003212991,1.003212991,1.,1.,0.795166826, 0000379P0000895
0.,0.,0.954833123,0.,0.,0.,1.003212991,0.,0.,1.;                 0000379P0000896
126,2,2,1,0,1,0,0.,0.,0.,3.125E-02,3.125E-02,3.125E-02,1.,1.,1., 0000381P0000897
0.954833493,0.,0.,0.950478066,9.977793E-03,0.,0.946402745,       0000381P0000898
2.1895853E-02,0.,0.,3.125E-02,-0.,-0.,1.;                        0000381P0000899
126,2,2,1,0,1,0,3.125E-02,3.125E-02,3.125E-02,6.25E-02,6.25E-02, 0000383P0000900
6.25E-02,1.,1.,1.,0.946402745,2.1895853E-02,0.,0.942530776,      0000383P0000901
3.3219222E-02,0.,0.938931754,4.6236486E-02,0.,3.125E-02,         0000383P0000902
6.25E-02,-0.,-0.,1.;                                             0000383P0000903
126,2,2,1,0,1,0,6.25E-02,6.25E-02,6.25E-02,0.125,0.125,0.125,1., 0000385P0000904
1.,1.,0.938931754,4.6236486E-02,0.,0.932172913,7.0682463E-02,0., 0000385P0000905
0.926424709,0.100915994,0.,6.25E-02,0.125,-0.,-0.,1.;            0000385P0000906
126,2,2,1,0,1,0,0.125,0.125,0.125,0.1875,0.1875,0.1875,1.,1.,1., 0000387P0000907
0.926424709,0.100915994,0.,0.921163874,0.128586141,0.,           0000387P0000908
0.916799636,0.160846493,0.,0.125,0.1875,-0.,-0.,1.;              0000387P0000909
126,2,2,1,0,1,0,0.1875,0.1875,0.1875,0.25,0.25,0.25,1.,1.,1.,    0000389P0000910
0.916799636,0.160846493,0.,0.912716982,0.191025386,0.,           0000389P0000911
0.909455944,0.224945294,0.,0.1875,0.25,-0.,-0.,1.;               0000389P0000912
126,2,2,1,0,1,0,0.25,0.25,0.25,0.3125,0.3125,0.3125,1.,1.,1.,    0000391P0000913
0.909455944,0.224945294,0.,0.906391516,0.256820146,0.,           0000391P0000914
0.904088121,0.291622862,0.,0.25,0.3125,-0.,-0.,1.;               0000391P0000915
126,2,2,1,0,1,0,0.3125,0.3125,0.3125,0.375,0.375,0.375,1.,1.,1., 0000393P0000916
0.904088121,0.291622862,0.,0.901900801,0.324671776,0.,           0000393P0000917
0.900433937,0.359832805,0.,0.3125,0.375,-0.,-0.,1.;              0000393P0000918
126,2,2,1,0,1,0,0.375,0.375,0.375,0.4375,0.4375,0.4375,1.,1.,1., 0000395P0000919
0.900433937,0.359832805,0.,0.899007532,0.394024053,0.,           0000395P0000920
0.898290785,0.429518608,0.,0.375,0.4375,-0.,-0.,1.;              0000395P0000921
126,2,2,1,0,1,0,0.4375,0.4375,0.4375,0.5,0.5,0.5,1.,1.,1.,       0000397P0000922
0.898290785,0.429518608,0.,0.897579872,0.464724298,0.,           0000397P0000923
0.897583652,0.500374821,0.,0.4375,0.5,-0.,-0.,1.;                0000397P0000924
126,2,2,1,0,1,0,0.5,0.5,0.5,0.5625,0.5625,0.5625,1.,1.,1.,       0000399P0000925
0.897583652,0.500374821,0.,0.897587411,0.535816049,0.,           0000399P0000926
0.898297456,0.57081094,0.,0.5,0.5625,-0.,-0.,1.;                 0000399P0000927
126,2,2,1,0,1,0,0.5625,0.5625,0.5625,0.625,0.625,0.625,1.,1.,1., 0000401P0000928
0.898297456,0.57081094,0.,0.899018805,0.606362953,0.,            0000401P0000929
0.900452143,0.640602829,0.,0.5625,0.625,-0.,-0.,1.;              0000401P0000930
126,2,2,1,0,1,0,0.625,0.625,0.625,0.6875,0.6875,0.6875,1.,1.,1., 0000403P0000931
0.900452143,0.640602829,0.,0.901940504,0.676157117,0.,           0000403P0000932
0.904165548,0.709542928,0.,0.625,0.6875,-0.,-0.,1.;              0000403P0000933
126,2,2,1,0,1,0,0.6875,0.6875,0.6875,0.75,0.75,0.75,1.,1.,1.,    0000405P0000934
0.904165548,0.709542928,0.,0.906478943,0.744254416,0.,           0000405P0000935
0.909550762,0.776038371,0.,0.6875,0.75,-0.,-0.,1.;               0000405P0000936
126,2,2,1,0,1,0,0.75,0.75,0.75,0.8125,0.8125,0.8125,1.,1.,1.,    0000407P0000937
0.909550762,0.776038371,0.,0.912802191,0.809680743,0.,           0000407P0000938
0.916863907,0.839627988,0.,0.75,0.8125,-0.,-0.,1.;               0000407P0000939
126,2,2,1,0,1,0,0.8125,0.8125,0.8125,0.875,0.875,0.875,1.,1.,1., 0000409P0000940
0.916863907,0.839627988,0.,0.921258819,0.872031913,0.,           0000409P0000941
0.926559725,0.899792609,0.,0.8125,0.875,-0.,-0.,1.;              0000409P0000942
126,2,2,1,0,1,0,0.875,0.875,0.875,0.9375,0.9375,0.9375,1.,1.,1., 0000411P0000943
0.926559725,0.899792609,0.,0.932269239,0.929693175,0.,           0000411P0000944
0.938971124,0.953905831,0.,0.875,0.9375,-0.,-0.,1.;              0000411P0000945
126,2,2,1,0,1,0,0.9375,0.9375,0.9375,0.96875,0.96875,0.96875,1., 0000413P0000946
1.,1.,0.938971124,0.953905831,0.,0.9425512,0.966839974,0.,       0000413P0000947
0.946401087,0.978099298,0.,0.9375,0.96875,-0.,-0.,1.;            0000413P0000948
126,2,2,1,0,1,0,0.96875,0.96875,0.96875,1.,1.,1.,1.,1.,1.,       0000415P0000949
0.946401087,0.978099298,0.,0.950477178,0.990020174,0.,           0000415P0000950
0.954833493,1.,0.,0.96875,1.,-0.,-0.,1.;                         0000415P0000951
126,1,1,1,0,1,0,3.425383508,3.425383508,4.428596264,4.428596264, 0000417P0000952
1.,1.,0.954833078,1.,0.,0.795166785,1.,0.,3.425383508,           0000417P0000953
4.428596264,0.,0.,1.;                                            0000417P0000954
102,38,421,423,425,427,429,431,433,435,437,439,441,443,445,447,  0000419P0000955
449,451,453,455,457,461,463,465,467,469,471,473,475,477,479,481, 0000419P0000956
483,485,487,489,491,493,495,497;                                 0000419P0000957
126,4,4,0,0,1,0,0.,0.,0.,0.,0.,3.125E-02,3.125E-02,3.125E-02,    0000421P0000958
3.125E-02,3.125E-02,1.,1.,1.,1.,1.,-13.894693084,-47.640000033,  0000421P0000959
0.375,-14.602020172,-47.640000014,0.870148921,-15.30170031,      0000421P0000960
-47.639973207,1.397389138,-15.993915324,-47.639999978,           0000421P0000961
1.956720651,-16.678611603,-47.639999965,2.548143461,0.,          0000421P0000962
3.125E-02,1.101986671E-04,0.999999984,1.411321833E-04;           0000421P0000963
126,4,4,0,0,1,0,3.125E-02,3.125E-02,3.125E-02,3.125E-02,         0000423P0000964
3.125E-02,6.25E-02,6.25E-02,6.25E-02,6.25E-02,6.25E-02,1.,1.,1., 0000423P0000965
1.,1.,-16.678611603,-47.639999965,2.548143461,-17.329152637,     0000423P0000966
-47.639999975,3.110063911,-17.971784203,-47.63998417,            0000423P0000967
3.700002371,-18.606443023,-47.639999972,4.317958841,             0000423P0000968
-19.232880303,-47.639999957,4.963933322,3.125E-02,6.25E-02,      0000423P0000969
8.374703045E-05,0.999999993,8.8555602E-05;                       0000423P0000970
126,4,4,0,0,1,0,6.25E-02,6.25E-02,6.25E-02,6.25E-02,6.25E-02,    0000425P0000971
0.125,0.125,0.125,0.125,0.125,1.,1.,1.,1.,1.,-19.232880303,      0000425P0000972
-47.639999957,4.963933322,-20.409306501,-47.639999978,           0000425P0000973
6.177049795,-21.553927005,-47.639851658,7.485910957,             0000425P0000974
-22.66510077,-47.639999988,8.890516807,-23.73903785,             0000425P0000975
-47.639999969,10.390867345,6.25E-02,0.125,2.609573985E-04,       0000425P0000976
0.999999942,2.169452693E-04;                                     0000425P0000977
126,4,4,0,0,1,0,0.125,0.125,0.125,0.125,0.125,0.1875,0.1875,     0000427P0000978
0.1875,0.1875,0.1875,1.,1.,1.,1.,1.,-23.73903785,-47.639999969,  0000427P0000979
10.390867345,-24.721909304,-47.640000019,11.763994271,           0000427P0000980
-25.670489743,-47.63990306,13.213055023,-26.581868843,           0000427P0000981
-47.640000071,14.738049601,-27.451934828,-47.640000064,          0000427P0000982
16.338978006,0.125,0.1875,2.27991743E-04,0.999999964,            0000427P0000983
1.426017431E-04;                                                 0000427P0000984
126,4,4,0,0,1,0,0.1875,0.1875,0.1875,0.1875,0.1875,0.25,0.25,    0000429P0000985
0.25,0.25,0.25,1.,1.,1.,1.,1.,-27.451934828,-47.640000064,       0000429P0000986
16.338978006,-28.265859069,-47.64000005,17.836605124,            0000429P0000987
-29.041170672,-47.639900819,19.396116106,-29.774587166,          0000429P0000988
-47.640000046,21.017510952,-30.462198377,-47.640000057,          0000429P0000989
22.700789662,0.1875,0.25,2.780873008E-04,0.999999953,            0000429P0000990
1.318976127E-04;                                                 0000429P0000991
126,4,4,0,0,1,0,0.25,0.25,0.25,0.25,0.25,0.3125,0.3125,0.3125,   0000431P0000992
0.3125,0.3125,1.,1.,1.,1.,1.,-30.462198377,-47.640000057,        0000431P0000993
22.700789662,-31.108353359,-47.639999999,24.282582865,           0000431P0000994
-31.711555934,-47.639886487,25.912807123,-32.268750433,          0000431P0000995
-47.639999968,27.591462437,-32.776668194,-47.640000003,          0000431P0000996
29.318548807,0.25,0.3125,3.605956693E-04,0.999999927,            0000431P0000997
1.264491356E-04;                                                 0000431P0000998
126,4,4,0,0,1,0,0.3125,0.3125,0.3125,0.3125,0.3125,0.375,0.375,  0000433P0000999
0.375,0.375,0.375,1.,1.,1.,1.,1.,-32.776668194,-47.640000003,    0000433P0001000
29.318548807,-33.258991245,-47.639999955,30.95860439,            0000433P0001001
-33.694349749,-47.639863763,32.633596981,-34.080285775,          0000433P0001002
-47.639999929,34.343526582,-34.414387457,-47.639999959,          0000433P0001003
36.088393192,0.3125,0.375,4.71044169E-04,0.999999883,            0000433P0001004
1.142837523E-04;                                                 0000433P0001005
126,4,4,0,0,1,0,0.375,0.375,0.375,0.375,0.375,0.4375,0.4375,     0000435P0001006
0.4375,0.4375,0.4375,1.,1.,1.,1.,1.,-34.414387457,-47.639999959, 0000435P0001007
36.088393192,-34.73927443,-47.640000021,37.785135661,            0000435P0001008
-35.012978798,-47.639846126,39.503436569,-35.23380992,           0000435P0001009
-47.640000092,41.243295917,-35.400314502,-47.640000098,          0000435P0001010
43.004713706,0.375,0.4375,5.506283188E-04,0.999999845,           0000435P0001011
7.876315333E-05;                                                 0000435P0001012
126,4,4,0,0,1,0,0.4375,0.4375,0.4375,0.4375,0.4375,0.5,0.5,0.5,  0000437P0001013
0.5,0.5,1.,1.,1.,1.,1.,-35.400314502,-47.640000098,43.004713706, 0000437P0001014
-35.565464232,-47.640000045,44.751797958,-35.675878204,          0000437P0001015
-47.63983181,46.506240389,-35.730832294,-47.639999942,           0000437P0001016
48.268041001,-35.729948296,-47.639999895,50.037199793,0.4375,    0000437P0001017
0.5,6.039057064E-04,0.999999817,2.837252896E-05;                 0000437P0001018
126,4,4,0,0,1,0,0.5,0.5,0.5,0.5,0.5,0.5625,0.5625,0.5625,0.5625, 0000439P0001019
0.5625,1.,1.,1.,1.,1.,-35.729948296,-47.639999895,50.037199793,  0000439P0001020
-35.729069309,-47.639999981,51.795972618,-35.673010613,          0000439P0001021
-47.639835824,53.547362402,-35.562153219,-47.640000045,          0000439P0001022
55.291369143,-35.397215581,-47.640000022,57.027992842,0.5,       0000439P0001023
0.5625,-5.959210673E-04,-0.999999822,2.843885492E-05;            0000439P0001024
126,4,4,0,0,1,0,0.5625,0.5625,0.5625,0.5625,0.5625,0.625,0.625,  0000441P0001025
0.625,0.625,0.625,1.,1.,1.,1.,1.,-35.397215581,-47.640000022,    0000441P0001026
57.027992842,-35.229652168,-47.640000063,58.79226233,            0000441P0001027
-35.007594046,-47.639845203,60.534827267,-34.732507069,          0000441P0001028
-47.640000012,62.255687651,-34.406095155,-47.639999926,          0000441P0001029
63.954843482,0.5625,0.625,-5.516321055E-04,-0.999999845,         0000441P0001030
7.919656543E-05;                                                 0000441P0001031
126,4,4,0,0,1,0,0.625,0.625,0.625,0.625,0.625,0.6875,0.6875,     0000443P0001032
0.6875,0.6875,0.6875,1.,1.,1.,1.,1.,-34.406095155,-47.639999926, 0000443P0001033
63.954843482,-34.067153018,-47.639999951,65.719225272,           0000443P0001034
-33.675235892,-47.639857924,67.447737748,-33.232846756,          0000443P0001035
-47.639999956,69.140380911,-32.742533818,-47.63999994,           0000443P0001036
70.797154759,0.625,0.6875,-4.797020188E-04,-0.999999878,         0000443P0001037
1.169816065E-04;                                                 0000443P0001038
126,4,4,0,0,1,0,0.6875,0.6875,0.6875,0.6875,0.6875,0.75,0.75,    0000445P0001039
0.75,0.75,0.75,1.,1.,1.,1.,1.,-32.742533818,-47.63999994,        0000445P0001040
70.797154759,-32.232752042,-47.64000002,72.519713592,            0000445P0001041
-31.673970845,-47.639887929,74.193846811,-31.069448926,          0000445P0001042
-47.640000044,75.819554417,-30.422228734,-47.639999999,          0000445P0001043
77.396836409,0.6875,0.75,-3.56146911E-04,-0.999999929,           0000445P0001044
1.255456883E-04;                                                 0000445P0001045
126,4,4,0,0,1,0,0.75,0.75,0.75,0.75,0.75,0.8125,0.8125,0.8125,   0000447P0001046
0.8125,0.8125,1.,1.,1.,1.,1.,-30.422228734,-47.639999999,        0000447P0001047
77.396836409,-29.737165156,-47.640000021,79.066342842,           0000447P0001048
-29.00704273,-47.639903853,80.674724474,-28.235688544,           0000447P0001049
-47.640000019,82.221981307,-27.426315063,-47.639999998,          0000447P0001050
83.70811334,0.75,0.8125,-2.72790718E-04,-0.999999954,            0000447P0001051
1.297962993E-04;                                                 0000447P0001052
126,4,4,0,0,1,0,0.8125,0.8125,0.8125,0.8125,0.8125,0.875,0.875,  0000449P0001053
0.875,0.875,0.875,1.,1.,1.,1.,1.,-27.426315063,-47.639999998,    0000449P0001054
83.70811334,-26.550541434,-47.639999998,85.316166009,            0000449P0001055
-25.633089752,-47.639900981,86.847407746,-24.678132756,          0000449P0001056
-47.640000017,88.301838552,-23.688611635,-47.64000003,           0000449P0001057
89.679458426,0.8125,0.875,-2.303733776E-04,-0.999999963,         0000449P0001058
1.444685137E-04;                                                 0000449P0001059
126,4,4,0,0,1,0,0.875,0.875,0.875,0.875,0.875,0.9375,0.9375,     0000451P0001060
0.9375,0.9375,0.9375,1.,1.,1.,1.,1.,-23.688611635,-47.64000003,  0000451P0001061
89.679458426,-22.622803753,-47.639999996,91.163285527,           0000451P0001062
-21.520530603,-47.639857148,92.553016366,-20.385458432,          0000451P0001063
-47.639999962,93.848650943,-19.219178493,-47.63999996,           0000451P0001064
95.050189258,0.875,0.9375,-2.556703734E-04,-0.999999945,         0000451P0001065
2.130278738E-04;                                                 0000451P0001066
126,4,4,0,0,1,0,0.9375,0.9375,0.9375,0.9375,0.9375,0.96875,      0000453P0001067
0.96875,0.96875,0.96875,0.96875,1.,1.,1.,1.,1.,-19.219178493,    0000453P0001068
-47.63999996,95.050189258,-18.596162932,-47.639999998,           0000453P0001069
95.692039405,-17.965024027,-47.639984554,96.306187058,           0000453P0001070
-17.326005341,-47.640000023,96.892632215,-16.679169079,          0000453P0001071
-47.640000013,97.451374879,0.9375,0.96875,-8.263737209E-05,      0000453P0001072
-0.999999993,8.740404997E-05;                                    0000453P0001073
126,4,4,0,0,1,0,0.96875,0.96875,0.96875,0.96875,0.96875,1.,1.,   0000455P0001074
1.,1.,1.,1.,1.,1.,1.,1.,-16.679169079,-47.640000013,             0000455P0001075
97.451374879,-15.994338263,-47.640000014,98.042937532,           0000455P0001076
-15.301985467,-47.639973212,98.602395937,-14.602164385,          0000455P0001077
-47.640000028,99.129750093,-13.894693084,-47.640000033,99.625,   0000455P0001078
0.96875,1.,-1.102055286E-04,-0.999999984,1.41159593E-04;         0000455P0001079
100,0.,0.,0.,49.625,1.776356839E-15,26.678195677,41.84393027;    0000457P0001080
124,-0.279997455,-0.960000742,-1.955214586E-15,-9.771146716E-28, 0000459P0001081
-0.960000742,0.279997455,6.703648535E-15,0.,-5.888052461E-15,    0000459P0001082
3.754011984E-15,-1.,99.625;                                      0000459P0001083
126,4,4,0,0,1,0,0.,0.,0.,0.,0.,3.125E-02,3.125E-02,3.125E-02,    0000461P0001084
3.125E-02,3.125E-02,1.,1.,1.,1.,1.,-47.639999998,-13.89476431,   0000461P0001085
99.625,-47.640000023,-14.602080275,99.129852022,-47.639973226,   0000461P0001086
-15.301753686,98.602608795,-47.640000027,-15.993966221,          0000461P0001087
98.043270317,-47.639999998,-16.678664186,97.45183659,0.,         0000461P0001088
3.125E-02,-0.999999984,-1.098457401E-04,1.407113814E-04;         0000461P0001089
126,4,4,0,0,1,0,3.125E-02,3.125E-02,3.125E-02,3.125E-02,         0000463P0001090
3.125E-02,6.25E-02,6.25E-02,6.25E-02,6.25E-02,6.25E-02,1.,1.,1., 0000463P0001091
1.,1.,-47.639999998,-16.678664186,97.45183659,-47.639999991,     0000463P0001092
-17.329196824,96.889914403,-47.639984163,-17.971822906,          0000463P0001093
96.29997237,-47.639999986,-18.60647907,95.68201049,              0000463P0001094
-47.639999995,-19.232916496,95.036028764,3.125E-02,6.25E-02,     0000463P0001095
-0.999999992,-8.419181156E-05,8.902481757E-05;                   0000463P0001096
126,4,4,0,0,1,0,6.25E-02,6.25E-02,6.25E-02,6.25E-02,6.25E-02,    0000465P0001097
0.125,0.125,0.125,0.125,0.125,1.,1.,1.,1.,1.,-47.639999995,      0000465P0001098
-19.232916496,95.036028764,-47.639999972,-20.409344675,          0000465P0001099
93.822897156,-47.639851577,-21.553962664,92.514029758,           0000465P0001100
-47.639999938,-22.665130112,91.109426571,-47.639999926,          0000465P0001101
-23.739057846,89.609087595,6.25E-02,0.125,-0.999999942,          0000465P0001102
-2.612081553E-04,2.171372677E-04;                                0000465P0001103
126,4,4,0,0,1,0,0.125,0.125,0.125,0.125,0.125,0.1875,0.1875,     0000467P0001104
0.1875,0.1875,0.1875,1.,1.,1.,1.,1.,-47.639999926,-23.739057846, 0000467P0001105
89.609087595,-47.639999993,-24.721931249,88.23595655,            0000467P0001106
-47.639903084,-25.67051152,86.786895865,-47.640000042,           0000467P0001107
-26.581888741,85.261905538,-47.640000007,-27.451951387,          0000467P0001108
83.66098557,0.125,0.1875,-0.999999964,-2.277188972E-04,          0000467P0001109
1.424294154E-04;                                                 0000467P0001110
126,4,4,0,0,1,0,0.1875,0.1875,0.1875,0.1875,0.1875,0.25,0.25,    0000469P0001111
0.25,0.25,0.25,1.,1.,1.,1.,1.,-47.640000007,-27.451951387,       0000469P0001112
83.66098557,-47.640000019,-28.265876946,82.163358004,            0000469P0001113
-47.639900833,-29.041189113,80.603847816,-47.640000031,          0000469P0001114
-29.774605533,78.982455005,-47.640000031,-30.462216061,          0000469P0001115
77.29917957,0.1875,0.25,-0.999999953,-2.77823033E-04,            0000469P0001116
1.317775661E-04;                                                 0000469P0001117
126,4,4,0,0,1,0,0.25,0.25,0.25,0.25,0.25,0.3125,0.3125,0.3125,   0000471P0001118
0.3125,0.3125,1.,1.,1.,1.,1.,-47.640000031,-30.462216061,        0000471P0001119
77.29917957,-47.639999997,-31.108370103,75.71739004,             0000471P0001120
-47.639886527,-31.711571982,74.087168759,-47.639999937,          0000471P0001121
-32.268766013,72.408515728,-47.639999909,-32.776683403,          0000471P0001122
70.681430946,0.25,0.3125,-0.999999927,-3.600052235E-04,          0000471P0001123
1.262326488E-04;                                                 0000471P0001124
126,4,4,0,0,1,0,0.3125,0.3125,0.3125,0.3125,0.3125,0.375,0.375,  0000473P0001125
0.375,0.375,0.375,1.,1.,1.,1.,1.,-47.639999909,-32.776683403,    0000473P0001126
70.681430946,-47.63999996,-33.259005363,69.041378589,            0000473P0001127
-47.639863809,-33.694363162,67.36638833,-47.639999968,           0000473P0001128
-34.080298779,65.656460168,-47.63999992,-34.41440028,            0000473P0001129
63.911594104,0.3125,0.375,-0.999999883,-4.70034245E-04,          0000473P0001130
1.140479875E-04;                                                 0000473P0001131
126,4,4,0,0,1,0,0.375,0.375,0.375,0.375,0.375,0.4375,0.4375,     0000475P0001132
0.4375,0.4375,0.4375,1.,1.,1.,1.,1.,-47.63999992,-34.41440028,   0000475P0001133
63.911594104,-47.640000006,-34.7392867,62.214853422,             0000475P0001134
-47.639846105,-35.012990688,60.49655387,-47.640000046,           0000475P0001135
-35.233821559,58.756695448,-47.639999992,-35.400325991,          0000475P0001136
56.995278156,0.375,0.4375,-0.999999846,-5.501544844E-04,         0000475P0001137
7.868608896E-05;                                                 0000475P0001138
126,4,4,0,0,1,0,0.4375,0.4375,0.4375,0.4375,0.4375,0.5,0.5,0.5,  0000477P0001139
0.5,0.5,1.,1.,1.,1.,1.,-47.639999992,-35.400325991,56.995278156, 0000477P0001140
-47.64000004,-35.565475226,55.24819579,-47.639831866,            0000477P0001141
-35.675888876,53.493755144,-47.640000026,-35.7308428,            0000477P0001142
51.73195622,-47.639999964,-35.729958793,49.962799016,0.4375,0.5, 0000477P0001143
-0.999999818,-6.032297739E-04,2.836571679E-05;                   0000477P0001144
126,4,4,0,0,1,0,0.5,0.5,0.5,0.5,0.5,0.5625,0.5625,0.5625,0.5625, 0000479P0001145
0.5625,1.,1.,1.,1.,1.,-47.639999964,-35.729958793,49.962799016,  0000479P0001146
-47.640000037,-35.729079797,48.204028076,-47.639835873,          0000479P0001147
-35.673021203,46.452640295,-47.6400001,-35.562164027,            0000479P0001148
44.708635671,-47.64000009,-35.397226736,42.972014205,0.5,0.5625, 0000479P0001149
0.999999822,5.960891828E-04,2.844714849E-05;                     0000479P0001150
126,4,4,0,0,1,0,0.5625,0.5625,0.5625,0.5625,0.5625,0.625,0.625,  0000481P0001151
0.625,0.625,0.625,1.,1.,1.,1.,1.,-47.64000009,-35.397226736,     0000481P0001152
42.972014205,-47.640000081,-35.229663626,41.20774556,            0000481P0001153
-47.63984522,-35.007605815,39.465181848,-47.640000088,           0000481P0001154
-34.732519182,37.744323068,-47.640000101,-34.406107686,          0000481P0001155
36.045169222,0.5625,0.625,0.999999844,5.525440283E-04,           0000481P0001156
7.931113853E-05;                                                 0000481P0001157
126,4,4,0,0,1,0,0.625,0.625,0.625,0.625,0.625,0.6875,0.6875,     0000483P0001158
0.6875,0.6875,0.6875,1.,1.,1.,1.,1.,-47.640000101,-34.406107686, 0000483P0001159
36.045169222,-47.640000064,-34.067165864,34.28078768,            0000483P0001160
-47.639858005,-33.675249129,32.552276362,-47.640000053,          0000483P0001161
-33.232860531,30.859635267,-47.640000075,-32.74254837,           0000483P0001162
29.202864396,0.625,0.6875,0.999999878,4.802879695E-04,           0000483P0001163
1.171297742E-04;                                                 0000483P0001164
126,4,4,0,0,1,0,0.6875,0.6875,0.6875,0.6875,0.6875,0.75,0.75,    0000485P0001165
0.75,0.75,0.75,1.,1.,1.,1.,1.,-47.640000075,-32.74254837,        0000485P0001166
29.202864396,-47.640000037,-32.232767082,27.480306804,           0000485P0001167
-47.639887924,-31.673986315,25.806175487,-47.639999983,          0000485P0001168
-31.069464896,24.180470445,-47.639999968,-30.422245288,          0000485P0001169
22.603191678,0.6875,0.75,0.999999928,3.56777472E-04,             0000485P0001170
1.257920733E-04;                                                 0000485P0001171
126,4,4,0,0,1,0,0.75,0.75,0.75,0.75,0.75,0.8125,0.8125,0.8125,   0000487P0001172
0.8125,0.8125,1.,1.,1.,1.,1.,-47.639999968,-30.422245288,        0000487P0001173
22.603191678,-47.639999939,-29.737182585,20.933688968,           0000487P0001174
-47.639903793,-29.00706038,19.325309817,-47.639999964,           0000487P0001175
-28.235705728,17.778054224,-47.640000013,-27.426330976,          0000487P0001176
16.291922191,0.75,0.8125,0.999999954,2.732889504E-04,            0000487P0001177
1.300254699E-04;                                                 0000487P0001178
126,4,4,0,0,1,0,0.8125,0.8125,0.8125,0.8125,0.8125,0.875,0.875,  0000489P0001179
0.875,0.875,0.875,1.,1.,1.,1.,1.,-47.640000013,-27.426330976,    0000489P0001180
16.291922191,-47.639999967,-26.550560479,14.683877413,           0000489P0001181
-47.639900967,-25.633110365,13.152639381,-47.639999944,          0000489P0001182
-24.678153122,11.698208096,-47.639999961,-23.688629525,          0000489P0001183
10.320583557,0.8125,0.875,0.999999963,2.30444186E-04,            0000489P0001184
1.445269325E-04;                                                 0000489P0001185
126,4,4,0,0,1,0,0.875,0.875,0.875,0.875,0.875,0.9375,0.9375,     0000491P0001186
0.9375,0.9375,0.9375,1.,1.,1.,1.,1.,-47.639999961,-23.688629525, 0000491P0001187
10.320583557,-47.63999996,-22.622830795,8.836767969,             0000491P0001188
-47.639857086,-21.520563885,7.447039893,-47.639999968,           0000491P0001189
-20.385494276,6.151399327,-47.639999984,-19.219212557,           0000491P0001190
4.949846273,0.875,0.9375,0.999999945,2.55735225E-04,             0000491P0001191
2.13064023E-04;                                                  0000491P0001192
126,4,4,0,0,1,0,0.9375,0.9375,0.9375,0.9375,0.9375,0.96875,      0000493P0001193
0.96875,0.96875,0.96875,0.96875,1.,1.,1.,1.,1.,-47.639999984,    0000493P0001194
-19.219212557,4.949846273,-47.640000016,-18.596197223,           0000493P0001195
4.307989427,-47.63998455,-17.965061395,3.693836878,              0000493P0001196
-47.640000024,-17.326048664,3.107388627,-47.640000004,           0000493P0001197
-16.679221313,2.548644674,0.9375,0.96875,0.999999993,            0000493P0001198
8.266888737E-05,8.745000657E-05;                                 0000493P0001199
126,4,4,0,0,1,0,0.96875,0.96875,0.96875,0.96875,0.96875,1.,1.,   0000495P0001200
1.,1.,1.,1.,1.,1.,1.,1.,-47.640000004,-16.679221313,2.548644674, 0000495P0001201
-47.64,-15.994388975,1.957071202,-47.639973169,-15.302038771,    0000495P0001202
1.397605933,-47.639999998,-14.602224478,0.870248865,             0000495P0001203
-47.639999998,-13.89476431,0.375,0.96875,1.,0.999999984,         0000495P0001204
1.102860211E-04,1.412728903E-04;                                 0000495P0001205
100,0.,0.,0.,-47.640045227,-13.894844933,-13.894933633,          0000497P0001206
-47.640019357;                                                   0000497P0001207
124,1.,0.,0.,0.,0.,1.,0.,0.,0.,0.,1.,0.375;                      0000499P0001208
144,503,1,0,505;                                                 0000501P0001209
128,1,1,1,1,0,0,1,0,0,0.,0.,1.,1.,0.,0.,1.,1.,1.,1.,1.,1.,       0000503P0001210
-48.211716748,-48.211726197,0.375,48.211725722,-48.211726197,    0000503P0001211
0.375,-48.211716748,48.211726186,0.375,48.211725722,             0000503P0001212
48.211726186,0.375,5.929062E-03,0.994070677,5.929327E-03,        0000503P0001213
0.994070673;                                                     0000503P0001214
142,0,503,507,581,3;                                             0000505P0001215
102,36,509,511,513,515,517,519,521,523,525,527,529,531,533,535,  0000507P0001216
537,539,541,543,545,547,549,551,553,555,557,559,561,563,565,567, 0000507P0001217
569,571,573,575,577,579;                                         0000507P0001218
126,2,2,1,0,1,0,3.266958765E-06,3.266958765E-06,3.266958765E-06, 0000509P0001219
0.125,0.125,0.125,1.,1.,1.,0.644104253,5.929327E-03,0.,          0000509P0001220
0.675125909,1.497807602E-02,0.,0.704772155,2.783456E-02,0.,      0000509P0001221
3.266958765E-06,0.125,0.,0.,1.;                                  0000509P0001222
126,2,2,1,0,1,0,0.125,0.125,0.125,0.25,0.25,0.25,1.,1.,1.,       0000511P0001223
0.704772155,2.783456E-02,0.,0.734409993,4.0687397E-02,0.,        0000511P0001224
0.762217604,5.7152332E-02,0.,0.125,0.25,0.,0.,1.;                0000511P0001225
126,2,2,1,0,1,0,0.25,0.25,0.25,0.375,0.375,0.375,1.,1.,1.,       0000513P0001226
0.762217604,5.7152332E-02,0.,0.790019899,7.361412E-02,0.,        0000513P0001227
0.815542199,9.3422599E-02,0.,0.25,0.375,0.,0.,1.;                0000513P0001228
126,2,2,1,0,1,0,0.375,0.375,0.375,0.5,0.5,0.5,1.,1.,1.,          0000515P0001229
0.815542199,9.3422599E-02,0.,0.841072454,0.113237253,0.,         0000515P0001230
0.863916741,0.13608191,0.,0.375,0.5,0.,0.,1.;                    0000515P0001231
126,2,2,1,0,1,0,0.5,0.5,0.5,0.625,0.625,0.625,1.,1.,1.,          0000517P0001232
0.863916741,0.13608191,0.,0.886764869,0.158930409,0.,            0000517P0001233
0.906578695,0.184459609,0.,0.5,0.625,0.,0.,1.;                   0000517P0001234
126,2,2,1,0,1,0,0.625,0.625,0.625,0.75,0.75,0.75,1.,1.,1.,       0000519P0001235
0.906578695,0.184459609,0.,0.926385872,0.209980241,0.,           0000519P0001236
0.94284932,0.237785115,0.,0.625,0.75,0.,0.,1.;                   0000519P0001237
126,2,2,1,0,1,0,0.75,0.75,0.75,0.875,0.875,0.875,1.,1.,1.,       0000521P0001238
0.94284932,0.237785115,0.,0.959313223,0.265590758,0.,            0000521P0001239
0.972165921,0.295228686,0.,0.75,0.875,0.,0.,1.;                  0000521P0001240
126,2,2,1,0,1,0,0.875,0.875,0.875,0.99999703,0.99999703,         0000523P0001241
0.99999703,1.,1.,1.,0.972165921,0.295228686,0.,0.985022754,      0000523P0001242
0.324876151,0.,0.994070677,0.35589599,0.,0.875,0.99999703,0.,0., 0000523P0001243
1.;                                                              0000523P0001244
126,1,1,1,0,1,0,7.546292352E-08,7.546292352E-08,27.790040211,    0000525P0001245
27.790040211,1.,1.,0.994070677,0.35589599,0.,0.994070677,        0000525P0001246
0.644104299,0.,7.546292352E-08,27.790040211,0.,0.,1.;            0000525P0001247
126,2,2,1,0,1,0,3.239314891E-06,3.239314891E-06,3.239314891E-06, 0000527P0001248
0.125,0.125,0.125,1.,1.,1.,0.994070677,0.644104299,0.,           0000527P0001249
0.985021881,0.675126059,0.,0.972165405,0.704772256,0.,           0000527P0001250
3.239314891E-06,0.125,0.,0.,1.;                                  0000527P0001251
126,2,2,1,0,1,0,0.125,0.125,0.125,0.25,0.25,0.25,1.,1.,1.,       0000529P0001252
0.972165405,0.704772256,0.,0.959312555,0.73441009,0.,0.94284756, 0000529P0001253
0.7622178,0.,0.125,0.25,0.,0.,1.;                                0000529P0001254
126,2,2,1,0,1,0,0.25,0.25,0.25,0.375,0.375,0.375,1.,1.,1.,       0000531P0001255
0.94284756,0.7622178,0.,0.926385848,0.790019967,0.,0.906577295,  0000531P0001256
0.81554235,0.,0.25,0.375,0.,0.,1.;                               0000531P0001257
126,2,2,1,0,1,0,0.375,0.375,0.375,0.5,0.5,0.5,1.,1.,1.,          0000533P0001258
0.906577295,0.81554235,0.,0.886762592,0.841072657,0.,            0000533P0001259
0.863918098,0.863916732,0.,0.375,0.5,0.,0.,1.;                   0000533P0001260
126,2,2,1,0,1,0,0.5,0.5,0.5,0.625,0.625,0.625,1.,1.,1.,          0000535P0001261
0.863918098,0.863916732,0.,0.841069379,0.886765033,0.,           0000535P0001262
0.815540222,0.906578815,0.,0.5,0.625,0.,0.,1.;                   0000535P0001263
126,2,2,1,0,1,0,0.625,0.625,0.625,0.75,0.75,0.75,1.,1.,1.,       0000537P0001264
0.815540222,0.906578815,0.,0.790019718,0.926385881,0.,           0000537P0001265
0.762214755,0.94284938,0.,0.625,0.75,0.,0.,1.;                   0000537P0001266
126,2,2,1,0,1,0,0.75,0.75,0.75,0.875,0.875,0.875,1.,1.,1.,       0000539P0001267
0.762214755,0.94284938,0.,0.734409186,0.959313237,0.,            0000539P0001268
0.704771279,0.972165923,0.,0.75,0.875,0.,0.,1.;                  0000539P0001269
126,2,2,1,0,1,0,0.875,0.875,0.875,0.999996988,0.999996988,       0000541P0001270
0.999996988,1.,1.,1.,0.704771279,0.972165923,0.,0.675123815,     0000541P0001271
0.985022752,0.,0.644103978,0.994070673,0.,0.875,0.999996988,0.,  0000541P0001272
0.,1.;                                                           0000541P0001273
126,1,1,1,0,1,0,1.168484919E-07,1.168484919E-07,27.790038956,    0000543P0001274
27.790038956,1.,1.,0.644103978,0.994070673,0.,0.355895653,       0000543P0001275
0.994070673,0.,1.168484919E-07,27.790038956,0.,0.,1.;            0000543P0001276
126,2,2,1,0,1,0,3.266963458E-06,3.266963458E-06,3.266963458E-06, 0000545P0001277
0.125,0.125,0.125,1.,1.,1.,0.355895653,0.994070673,0.,           0000545P0001278
0.324874042,0.985021937,0.,0.295227733,0.972165434,0.,           0000545P0001279
3.266963458E-06,0.125,0.,0.,1.;                                  0000545P0001280
126,2,2,1,0,1,0,0.125,0.125,0.125,0.25,0.25,0.25,1.,1.,1.,       0000547P0001281
0.295227733,0.972165434,0.,0.265590026,0.959312661,0.,           0000547P0001282
0.237782176,0.942847591,0.,0.125,0.25,0.,0.,1.;                  0000547P0001283
126,2,2,1,0,1,0,0.25,0.25,0.25,0.375,0.375,0.375,1.,1.,1.,       0000549P0001284
0.237782176,0.942847591,0.,0.209980033,0.9263859,0.,0.184457668, 0000549P0001285
0.906577375,0.,0.25,0.375,0.,0.,1.;                              0000549P0001286
126,2,2,1,0,1,0,0.375,0.375,0.375,0.5,0.5,0.5,1.,1.,1.,          0000551P0001287
0.184457668,0.906577375,0.,0.158927379,0.8867627,0.,0.136083317, 0000551P0001288
0.863918241,0.,0.375,0.5,0.,0.,1.;                               0000551P0001289
126,2,2,1,0,1,0,0.5,0.5,0.5,0.625,0.625,0.625,1.,1.,1.,          0000553P0001290
0.136083317,0.863918241,0.,0.113235028,0.841069555,0.,           0000553P0001291
9.3421252E-02,0.815540435,0.,0.5,0.625,0.,0.,1.;                 0000553P0001292
126,2,2,1,0,1,0,0.625,0.625,0.625,0.75,0.75,0.75,1.,1.,1.,       0000555P0001293
9.3421252E-02,0.815540435,0.,7.3614148E-02,0.790019914,0.,       0000555P0001294
5.7150619E-02,0.762214942,0.,0.625,0.75,0.,0.,1.;                0000555P0001295
126,2,2,1,0,1,0,0.75,0.75,0.75,0.875,0.875,0.875,1.,1.,1.,       0000557P0001296
5.7150619E-02,0.762214942,0.,4.0686769E-02,0.734409427,0.,       0000557P0001297
2.7834073E-02,0.704771525,0.,0.75,0.875,0.,0.,1.;                0000557P0001298
126,2,2,1,0,1,0,0.875,0.875,0.875,1.,1.,1.,1.,1.,1.,             0000559P0001299
2.7834073E-02,0.704771525,0.,1.4976913E-02,0.67512333,0.,        0000559P0001300
5.929062E-03,0.644103422,0.,0.875,1.,0.,0.,1.;                   0000559P0001301
126,1,1,1,0,1,0,0.,0.,27.790038903,27.790038903,1.,1.,           0000561P0001302
5.929062E-03,0.644103422,0.,5.92923E-03,0.355895701,0.,0.,       0000561P0001303
27.790038903,0.,0.,1.;                                           0000561P0001304
126,2,2,1,0,1,0,2.596976186E-06,2.596976186E-06,2.596976186E-06, 0000563P0001305
0.125,0.125,0.125,1.,1.,1.,5.92923E-03,0.355895701,0.,           0000563P0001306
1.497806711E-02,0.3248738,0.,2.7834618E-02,0.295227477,0.,       0000563P0001307
2.596976186E-06,0.125,0.,0.,1.;                                  0000563P0001308
126,2,2,1,0,1,0,0.125,0.125,0.125,0.25,0.25,0.25,1.,1.,1.,       0000565P0001309
2.7834618E-02,0.295227477,0.,4.0687476E-02,0.265589669,0.,       0000565P0001310
5.7152473E-02,0.237781986,0.,0.125,0.25,0.,0.,1.;                0000565P0001311
126,2,2,1,0,1,0,0.25,0.25,0.25,0.375,0.375,0.375,1.,1.,1.,       0000567P0001312
5.7152473E-02,0.237781986,0.,7.3614189E-02,0.209979845,0.,       0000567P0001313
9.3422739E-02,0.184457486,0.,0.25,0.375,0.,0.,1.;                0000567P0001314
126,2,2,1,0,1,0,0.375,0.375,0.375,0.5,0.5,0.5,1.,1.,1.,          0000569P0001315
9.3422739E-02,0.184457486,0.,0.11323744,0.158927203,0.,          0000569P0001316
0.136081926,0.13608315,0.,0.375,0.5,0.,0.,1.;                    0000569P0001317
126,2,2,1,0,1,0,0.5,0.5,0.5,0.625,0.625,0.625,1.,1.,1.,          0000571P0001318
0.136081926,0.13608315,0.,0.158930627,0.113234883,0.,            0000571P0001319
0.184459618,9.3421232E-02,0.,0.5,0.625,0.,0.,1.;                 0000571P0001320
126,2,2,1,0,1,0,0.625,0.625,0.625,0.75,0.75,0.75,1.,1.,1.,       0000573P0001321
0.184459618,9.3421232E-02,0.,0.209980245,7.3614072E-02,0.,       0000573P0001322
0.237785111,5.7150638E-02,0.,0.625,0.75,0.,0.,1.;                0000573P0001323
126,2,2,1,0,1,0,0.75,0.75,0.75,0.875,0.875,0.875,1.,1.,1.,       0000575P0001324
0.237785111,5.7150638E-02,0.,0.265590747,4.0686748E-02,0.,       0000575P0001325
0.295228666,2.7834061E-02,0.,0.75,0.875,0.,0.,1.;                0000575P0001326
126,2,2,1,0,1,0,0.875,0.875,0.875,0.999996988,0.999996988,       0000577P0001327
0.999996988,1.,1.,1.,0.295228666,2.7834061E-02,0.,0.324876111,   0000577P0001328
1.497724177E-02,0.,0.355895929,5.929327E-03,0.,0.875,            0000577P0001329
0.999996988,0.,0.,1.;                                            0000577P0001330
126,1,1,1,0,1,0,1.168412002E-07,1.168412002E-07,27.79003886,     0000579P0001331
27.79003886,1.,1.,0.355895929,5.929327E-03,0.,0.644104253,       0000579P0001332
5.929327E-03,0.,1.168412002E-07,27.79003886,0.,0.,1.;            0000579P0001333
102,36,583,585,587,589,591,593,595,597,599,601,603,605,607,609,  0000581P0001334
611,613,615,617,619,621,623,625,627,629,631,633,635,637,639,641, 0000581P0001335
643,645,647,649,651,653;                                         0000581P0001336
126,2,2,1,0,1,0,3.266958765E-06,3.266958765E-06,3.266958765E-06, 0000583P0001337
0.125,0.125,0.125,1.,1.,1.,13.895032596,-47.640000017,0.375,     0000583P0001338
16.886247484,-46.767488397,0.375,19.744840594,-45.527821826,     0000583P0001339
0.375,3.266958765E-06,0.125,0.,0.,1.;                            0000583P0001340
126,2,2,1,0,1,0,0.125,0.125,0.125,0.25,0.25,0.25,1.,1.,1.,       0000585P0001341
19.744840594,-45.527821826,0.375,22.602622962,-44.28850691,      0000585P0001342
0.375,25.283928541,-42.700901034,0.375,0.125,0.25,0.,0.,1.;      0000585P0001343
126,2,2,1,0,1,0,0.25,0.25,0.25,0.375,0.375,0.375,1.,1.,1.,       0000587P0001344
25.283928541,-42.700901034,0.375,27.964721534,-41.113598602,     0000587P0001345
0.375,30.425669559,-39.203596671,0.375,0.25,0.375,0.,0.,1.;      0000587P0001346
126,2,2,1,0,1,0,0.375,0.375,0.375,0.5,0.5,0.5,1.,1.,1.,          0000589P0001347
30.425669559,-39.203596671,0.375,32.887384634,-37.292999324,     0000589P0001348
0.375,35.090109427,-35.090238628,0.375,0.375,0.5,0.,0.,1.;       0000589P0001349
126,2,2,1,0,1,0,0.5,0.5,0.5,0.625,0.625,0.625,1.,1.,1.,          0000591P0001350
35.090109427,-35.090238628,0.375,37.293204583,-32.887107472,     0000591P0001351
0.375,39.203721894,-30.425493872,0.375,0.5,0.625,0.,0.,1.;       0000591P0001352
126,2,2,1,0,1,0,0.625,0.625,0.625,0.75,0.75,0.75,1.,1.,1.,       0000593P0001353
39.203721894,-30.425493872,0.375,41.113598086,-27.964706427,     0000593P0001354
0.375,42.701060417,-25.283664483,0.375,0.625,0.75,0.,0.,1.;      0000593P0001355
126,2,2,1,0,1,0,0.75,0.75,0.75,0.875,0.875,0.875,1.,1.,1.,       0000595P0001356
42.701060417,-25.283664483,0.375,44.288566621,-22.60254839,      0000595P0001357
0.375,45.527868007,-19.74475705,0.375,0.75,0.875,0.,0.,1.;       0000595P0001358
126,2,2,1,0,1,0,0.875,0.875,0.875,0.99999703,0.99999703,         0000597P0001359
0.99999703,1.,1.,1.,45.527868007,-19.74475705,0.375,             0000597P0001360
46.767568152,-16.886046169,0.375,47.639999987,-13.895006173,     0000597P0001361
0.375,0.875,0.99999703,0.,0.,1.;                                 0000597P0001362
110,47.64,-13.895006175,0.375,47.64,13.895033961,0.375;          0000599P0001363
126,2,2,1,0,1,0,3.239314891E-06,3.239314891E-06,3.239314891E-06, 0000601P0001364
0.125,0.125,0.125,1.,1.,1.,47.639999987,13.895033995,0.375,      0000601P0001365
46.76748391,16.886259233,0.375,45.527818253,19.74484787,0.375,   0000601P0001366
3.239314891E-06,0.125,0.,0.,1.;                                  0000601P0001367
126,2,2,1,0,1,0,0.125,0.125,0.125,0.25,0.25,0.25,1.,1.,1.,       0000603P0001368
45.527818253,19.74484787,0.375,44.28850221,22.602630146,0.375,   0000603P0001369
42.700890712,25.283945547,0.375,0.125,0.25,0.,0.,1.;             0000603P0001370
126,2,2,1,0,1,0,0.25,0.25,0.25,0.375,0.375,0.375,1.,1.,1.,       0000605P0001371
42.700890712,25.283945547,0.375,41.113595772,27.964726473,0.375, 0000605P0001372
39.203586901,30.425682755,0.375,0.25,0.375,0.,0.,1.;             0000605P0001373
126,2,2,1,0,1,0,0.375,0.375,0.375,0.5,0.5,0.5,1.,1.,1.,          0000607P0001374
39.203586901,30.425682755,0.375,37.292985027,32.887403096,0.375, 0000607P0001375
35.090240274,35.090107674,0.375,0.375,0.5,0.,0.,1.;              0000607P0001376
126,2,2,1,0,1,0,0.5,0.5,0.5,0.625,0.625,0.625,1.,1.,1.,          0000609P0001377
35.090240274,35.090107674,0.375,32.887088132,37.293219737,0.375, 0000609P0001378
30.42547893,39.203733003,0.375,0.5,0.625,0.,0.,1.;               0000609P0001379
126,2,2,1,0,1,0,0.625,0.625,0.625,0.75,0.75,0.75,1.,1.,1.,       0000611P0001380
30.42547893,39.203733003,0.375,27.964704081,41.113598688,0.375,  0000611P0001381
25.283653831,42.7010661,0.375,0.625,0.75,0.,0.,1.;               0000611P0001382
126,2,2,1,0,1,0,0.75,0.75,0.75,0.875,0.875,0.875,1.,1.,1.,       0000613P0001383
25.283653831,42.7010661,0.375,22.602545148,44.288568031,0.375,   0000613P0001384
19.744756127,45.527868388,0.375,0.75,0.875,0.,0.,1.;             0000613P0001385
126,2,2,1,0,1,0,0.875,0.875,0.875,0.999996988,0.999996988,       0000615P0001386
0.999996988,1.,1.,1.,19.744756127,45.527868388,0.375,            0000615P0001387
16.88604562,46.767568249,0.375,13.895006099,47.640000006,0.375,  0000615P0001388
0.875,0.999996988,0.,0.,1.;                                      0000615P0001389
110,13.895006134,47.64,0.375,-13.895032706,47.64,0.375;          0000617P0001390
126,2,2,1,0,1,0,3.266963458E-06,3.266963458E-06,3.266963458E-06, 0000619P0001391
0.125,0.125,0.125,1.,1.,1.,-13.895032686,47.640000006,0.375,     0000619P0001392
-16.886243235,46.767489639,0.375,-19.74484242,45.527821237,      0000619P0001393
0.375,3.266963458E-06,0.125,0.,0.,1.;                            0000619P0001394
126,2,2,1,0,1,0,0.125,0.125,0.125,0.25,0.25,0.25,1.,1.,1.,       0000621P0001395
-19.74484242,45.527821237,0.375,-22.602612155,44.288512491,      0000621P0001396
0.375,-25.28394078,42.700893598,0.375,0.125,0.25,0.,0.,1.;       0000621P0001397
126,2,2,1,0,1,0,0.25,0.25,0.25,0.375,0.375,0.375,1.,1.,1.,       0000623P0001398
-25.28394078,42.700893598,0.375,-27.964719116,41.11360052,0.375, 0000623P0001399
-30.42567341,39.203594153,0.375,0.25,0.375,0.,0.,1.;             0000623P0001400
126,2,2,1,0,1,0,0.375,0.375,0.375,0.5,0.5,0.5,1.,1.,1.,          0000625P0001401
-30.42567341,39.203594153,0.375,-32.887391762,37.292994781,      0000625P0001402
0.375,-35.09009486,35.090253177,0.375,0.375,0.5,0.,0.,1.;        0000625P0001403
126,2,2,1,0,1,0,0.5,0.5,0.5,0.625,0.625,0.625,1.,1.,1.,          0000627P0001404
-35.09009486,35.090253177,0.375,-37.29320554,32.88710399,0.375,  0000627P0001405
-39.203718031,30.425498104,0.375,0.5,0.625,0.,0.,1.;             0000627P0001406
126,2,2,1,0,1,0,0.625,0.625,0.625,0.75,0.75,0.75,1.,1.,1.,       0000629P0001407
-39.203718031,30.425498104,0.375,-41.113587184,27.964721362,     0000629P0001408
0.375,-42.701057325,25.283669969,0.375,0.625,0.75,0.,0.,1.;      0000629P0001409
126,2,2,1,0,1,0,0.75,0.75,0.75,0.875,0.875,0.875,1.,1.,1.,       0000631P0001410
-42.701057325,25.283669969,0.375,-44.288558418,22.602566217,     0000631P0001411
0.375,-45.527859612,19.744777385,0.375,0.75,0.875,0.,0.,1.;      0000631P0001412
126,2,2,1,0,1,0,0.875,0.875,0.875,1.,1.,1.,1.,1.,1.,             0000633P0001413
-45.527859612,19.744777385,0.375,-46.767591239,16.885996066,     0000633P0001414
0.375,-47.640032379,13.894894,0.375,0.875,1.,0.,0.,1.;           0000633P0001415
110,-47.64,13.895004926,0.375,-47.64,-13.895033977,0.375;        0000635P0001416
126,2,2,1,0,1,0,2.596976186E-06,2.596976186E-06,2.596976186E-06, 0000637P0001417
0.125,0.125,0.125,1.,1.,1.,-47.639999981,-13.895034022,0.375,    0000637P0001418
-46.767479956,-16.886272806,0.375,-45.527807061,-19.744873626,   0000637P0001419
0.375,2.596976186E-06,0.125,0.,0.,1.;                            0000637P0001420
126,2,2,1,0,1,0,0.125,0.125,0.125,0.25,0.25,0.25,1.,1.,1.,       0000639P0001421
-45.527807061,-19.744873626,0.375,-44.288490247,-22.602653395,   0000639P0001422
0.375,-42.700878556,-25.283966192,0.375,0.125,0.25,0.,0.,1.;     0000639P0001423
126,2,2,1,0,1,0,0.25,0.25,0.25,0.375,0.375,0.375,1.,1.,1.,       0000641P0001424
-42.700878556,-25.283966192,0.375,-41.11358323,-27.964744611,    0000641P0001425
0.375,-39.203574649,-30.425698579,0.375,0.25,0.375,0.,0.,1.;     0000641P0001426
126,2,2,1,0,1,0,0.375,0.375,0.375,0.5,0.5,0.5,1.,1.,1.,          0000643P0001427
-39.203574649,-30.425698579,0.375,-37.292972967,-32.887416606,   0000643P0001428
0.375,-35.090228985,-35.090119063,0.375,0.375,0.5,0.,0.,1.;      0000643P0001429
126,2,2,1,0,1,0,0.5,0.5,0.5,0.625,0.625,0.625,1.,1.,1.,          0000645P0001430
-35.090228985,-35.090119063,0.375,-32.887078579,-37.293227848,   0000645P0001431
0.375,-30.425485384,-39.203728482,0.375,0.5,0.625,0.,0.,1.;      0000645P0001432
126,2,2,1,0,1,0,0.625,0.625,0.625,0.75,0.75,0.75,1.,1.,1.,       0000647P0001433
-30.425485384,-39.203728482,0.375,-27.964698675,-41.113603231,   0000647P0001434
0.375,-25.283657777,-42.701064375,0.375,0.625,0.75,0.,0.,1.;     0000647P0001435
126,2,2,1,0,1,0,0.75,0.75,0.75,0.875,0.875,0.875,1.,1.,1.,       0000649P0001436
-25.283657777,-42.701064375,0.375,-22.602542634,-44.288569489,   0000649P0001437
0.375,-19.744752457,-45.527869941,0.375,0.75,0.875,0.,0.,1.;     0000649P0001438
126,2,2,1,0,1,0,0.875,0.875,0.875,0.999996988,0.999996988,       0000651P0001439
0.999996988,1.,1.,1.,-19.744752457,-45.527869941,0.375,          0000651P0001440
-16.886043781,-46.767568838,0.375,-13.895006092,-47.640000017,   0000651P0001441
0.375,0.875,0.999996988,0.,0.,1.;                                0000651P0001442
110,-13.895006134,-47.64,0.375,13.895032609,-47.64,0.375;        0000653P0001443
144,657,1,0,659;                                                 0000655P0001444
128,1,1,1,1,0,0,1,0,0,0.,0.,1.,1.,0.,0.,1.,1.,1.,1.,1.,1.,       0000657P0001445
-48.211716747,-48.211726186,99.625,48.211725544,-48.211726186,   0000657P0001446
99.625,-48.211716747,48.211726197,99.625,48.211725544,           0000657P0001447
48.211726197,99.625,5.928854E-03,0.994071146,5.928854E-03,       0000657P0001448
0.994071146;                                                     0000657P0001449
142,0,657,661,751,3;                                             0000659P0001450
102,44,663,665,667,669,671,673,675,677,679,681,683,685,687,689,  0000661P0001451
691,693,695,697,699,701,703,705,707,709,711,713,715,717,719,721, 0000661P0001452
723,725,727,729,731,733,735,737,739,741,743,745,747,749;         0000661P0001453
110,0.644102632,0.994071146,0.,0.644102494,0.994070673,0.;       0000663P0001454
126,1,1,1,0,1,0,0.,0.,27.789712654,27.789712654,1.,1.,           0000665P0001455
0.644102494,0.994070673,0.,0.355897552,0.994070673,0.,0.,        0000665P0001456
27.789712654,0.,0.,1.;                                           0000665P0001457
110,0.355897552,0.994070673,0.,0.355897424,0.994071109,0.;       0000667P0001458
126,2,2,1,0,1,0,0.,0.,0.,0.125,0.125,0.125,1.,1.,1.,0.355897424, 0000669P0001459
0.994071109,0.,0.324876807,0.985023062,0.,0.295228733,           0000669P0001460
0.972165967,0.,0.,0.125,0.,0.,1.;                                0000669P0001461
126,2,2,1,0,1,0,0.125,0.125,0.125,0.25,0.25,0.25,1.,1.,1.,       0000671P0001462
0.295228733,0.972165967,0.,0.265590708,0.959313229,0.,           0000671P0001463
0.23778533,0.942849493,0.,0.125,0.25,0.,0.,1.;                   0000671P0001464
126,2,2,1,0,1,0,0.25,0.25,0.25,0.375,0.375,0.375,1.,1.,1.,       0000673P0001465
0.23778533,0.942849493,0.,0.209980332,0.926385981,0.,            0000673P0001466
0.184459784,0.906578891,0.,0.25,0.375,0.,0.,1.;                  0000673P0001467
126,2,2,1,0,1,0,0.375,0.375,0.375,0.5,0.5,0.5,1.,1.,1.,          0000675P0001468
0.184459784,0.906578891,0.,0.158930638,0.886765128,0.,           0000675P0001469
0.136081926,0.86391685,0.,0.375,0.5,0.,0.,1.;                    0000675P0001470
126,2,2,1,0,1,0,0.5,0.5,0.5,0.625,0.625,0.625,1.,1.,1.,          0000677P0001471
0.136081926,0.86391685,0.,0.11323744,0.841072797,0.,             0000677P0001472
9.3422739E-02,0.815542514,0.,0.5,0.625,0.,0.,1.;                 0000677P0001473
126,2,2,1,0,1,0,0.625,0.625,0.625,0.75,0.75,0.75,1.,1.,1.,       0000679P0001474
9.3422739E-02,0.815542514,0.,7.3614189E-02,0.790020155,0.,       0000679P0001475
5.7152474E-02,0.762218014,0.,0.625,0.75,0.,0.,1.;                0000679P0001476
126,2,2,1,0,1,0,0.75,0.75,0.75,0.875,0.875,0.875,1.,1.,1.,       0000681P0001477
5.7152474E-02,0.762218014,0.,4.0687477E-02,0.734410331,0.,       0000681P0001478
2.7834618E-02,0.704772523,0.,0.75,0.875,0.,0.,1.;                0000681P0001479
126,2,2,1,0,1,0,0.875,0.875,0.875,1.,1.,1.,1.,1.,1.,             0000683P0001480
2.7834618E-02,0.704772523,0.,1.49778E-02,0.675125584,0.,         0000683P0001481
5.928854E-03,0.64410301,0.,0.875,1.,0.,0.,1.;                    0000683P0001482
110,5.928854E-03,0.64410301,0.,5.92923E-03,0.644102901,0.;       0000685P0001483
126,1,1,1,0,1,0,0.,0.,27.7897838,27.7897838,1.,1.,5.92923E-03,   0000687P0001484
0.644102901,0.,5.92923E-03,0.35589725,0.,0.,27.7897838,0.,0.,1.; 0000687P0001485
110,5.92923E-03,0.35589725,0.,5.928894E-03,0.355897153,0.;       0000689P0001486
126,2,2,1,0,1,0,0.,0.,0.,0.125,0.125,0.125,1.,1.,1.,             0000691P0001487
5.928894E-03,0.355897153,0.,1.4976913E-02,0.32487667,0.,         0000691P0001488
2.7834073E-02,0.295228475,0.,0.,0.125,0.,0.,1.;                  0000691P0001489
126,2,2,1,0,1,0,0.125,0.125,0.125,0.25,0.25,0.25,1.,1.,1.,       0000693P0001490
2.7834073E-02,0.295228475,0.,4.0686769E-02,0.265590573,0.,       0000693P0001491
5.7150619E-02,0.237785058,0.,0.125,0.25,0.,0.,1.;                0000693P0001492
126,2,2,1,0,1,0,0.25,0.25,0.25,0.375,0.375,0.375,1.,1.,1.,       0000695P0001493
5.7150619E-02,0.237785058,0.,7.3614148E-02,0.209980086,0.,       0000695P0001494
9.3421252E-02,0.184459565,0.,0.25,0.375,0.,0.,1.;                0000695P0001495
126,2,2,1,0,1,0,0.375,0.375,0.375,0.5,0.5,0.5,1.,1.,1.,          0000697P0001496
9.3421252E-02,0.184459565,0.,0.113235028,0.158930445,0.,         0000697P0001497
0.136083317,0.136081759,0.,0.375,0.5,0.,0.,1.;                   0000697P0001498
126,2,2,1,0,1,0,0.5,0.5,0.5,0.625,0.625,0.625,1.,1.,1.,          0000699P0001499
0.136083317,0.136081759,0.,0.15892739,0.113237289,0.,            0000699P0001500
0.184457834,9.3422502E-02,0.,0.5,0.625,0.,0.,1.;                 0000699P0001501
126,2,2,1,0,1,0,0.625,0.625,0.625,0.75,0.75,0.75,1.,1.,1.,       0000701P0001502
0.184457834,9.3422502E-02,0.,0.209980119,7.3614047E-02,0.,       0000701P0001503
0.237782395,5.7152278E-02,0.,0.625,0.75,0.,0.,1.;                0000701P0001504
126,2,2,1,0,1,0,0.75,0.75,0.75,0.875,0.875,0.875,1.,1.,1.,       0000703P0001505
0.237782395,5.7152278E-02,0.,0.265589986,4.0687362E-02,0.,       0000703P0001506
0.295227801,2.7834539E-02,0.,0.75,0.875,0.,0.,1.;                0000703P0001507
126,2,2,1,0,1,0,0.875,0.875,0.875,1.,1.,1.,1.,1.,1.,0.295227801, 0000705P0001508
2.7834539E-02,0.,0.324874799,1.4977732E-02,0.,0.355897276,       0000705P0001509
5.928854E-03,0.,0.875,1.,0.,0.,1.;                               0000705P0001510
110,0.355897276,5.928854E-03,0.,0.355897414,5.929327E-03,0.;     0000707P0001511
126,1,1,1,0,1,0,0.,0.,27.789712654,27.789712654,1.,1.,           0000709P0001512
0.355897414,5.929327E-03,0.,0.644102357,5.929327E-03,0.,0.,      0000709P0001513
27.789712654,0.,0.,1.;                                           0000709P0001514
110,0.644102357,5.929327E-03,0.,0.644102484,5.928891E-03,0.;     0000711P0001515
126,2,2,1,0,1,0,0.,0.,0.,0.125,0.125,0.125,1.,1.,1.,0.644102484, 0000713P0001516
5.928891E-03,0.,0.675123097,1.4976936E-02,0.,0.704771269,        0000713P0001517
2.7834072E-02,0.,0.,0.125,0.,0.,1.;                              0000713P0001518
126,2,2,1,0,1,0,0.125,0.125,0.125,0.25,0.25,0.25,1.,1.,1.,       0000715P0001519
0.704771269,2.7834072E-02,0.,0.734409201,4.0686768E-02,0.,       0000715P0001520
0.762214848,5.7150668E-02,0.,0.125,0.25,0.,0.,1.;                0000715P0001521
126,2,2,1,0,1,0,0.25,0.25,0.25,0.375,0.375,0.375,1.,1.,1.,       0000717P0001522
0.762214848,5.7150668E-02,0.,0.790019725,7.3614113E-02,0.,       0000717P0001523
0.815540361,9.3421286E-02,0.,0.25,0.375,0.,0.,1.;                0000717P0001524
126,2,2,1,0,1,0,0.375,0.375,0.375,0.5,0.5,0.5,1.,1.,1.,          0000719P0001525
0.815540361,9.3421286E-02,0.,0.841069564,0.113235109,0.,         0000719P0001526
0.863918067,0.136083234,0.,0.375,0.5,0.,0.,1.;                   0000719P0001527
126,2,2,1,0,1,0,0.5,0.5,0.5,0.625,0.625,0.625,1.,1.,1.,          0000721P0001528
0.863918067,0.136083234,0.,0.886762728,0.158927518,0.,           0000721P0001529
0.906577384,0.18445777,0.,0.5,0.625,0.,0.,1.;                    0000721P0001530
126,2,2,1,0,1,0,0.625,0.625,0.625,0.75,0.75,0.75,1.,1.,1.,       0000723P0001531
0.906577384,0.18445777,0.,0.926385866,0.209980066,0.,            0000723P0001532
0.942847657,0.237782358,0.,0.625,0.75,0.,0.,1.;                  0000723P0001533
126,2,2,1,0,1,0,0.75,0.75,0.75,0.875,0.875,0.875,1.,1.,1.,       0000725P0001534
0.942847657,0.237782358,0.,0.959312596,0.265589965,0.,           0000725P0001535
0.972165435,0.295227799,0.,0.75,0.875,0.,0.,1.;                  0000725P0001536
126,2,2,1,0,1,0,0.875,0.875,0.875,1.,1.,1.,1.,1.,1.,0.972165435, 0000727P0001537
0.295227799,0.,0.985022258,0.324874816,0.,0.994071146,           0000727P0001538
0.355897316,0.,0.875,1.,0.,0.,1.;                                0000727P0001539
110,0.994071146,0.355897316,0.,0.994070679,0.355897452,0.;       0000729P0001540
126,1,1,1,0,1,0,0.,0.,27.789716368,27.789716368,1.,1.,           0000731P0001541
0.994070679,0.355897452,0.,0.994070679,0.644102403,0.,0.,        0000731P0001542
27.789716368,0.,0.,1.;                                           0000731P0001543
110,0.994070679,0.644102403,0.,0.994071107,0.644102528,0.;       0000733P0001544
126,2,2,1,0,1,0,0.,0.,0.,0.125,0.125,0.125,1.,1.,1.,0.994071107, 0000735P0001545
0.644102528,0.,0.985023103,0.675123037,0.,0.972165952,           0000735P0001546
0.704771258,0.,0.,0.125,0.,0.,1.;                                0000735P0001547
126,2,2,1,0,1,0,0.125,0.125,0.125,0.25,0.25,0.25,1.,1.,1.,       0000737P0001548
0.972165952,0.704771258,0.,0.959313264,0.734409186,0.,           0000737P0001549
0.942849416,0.762214727,0.,0.125,0.25,0.,0.,1.;                  0000737P0001550
126,2,2,1,0,1,0,0.25,0.25,0.25,0.375,0.375,0.375,1.,1.,1.,       0000739P0001551
0.942849416,0.762214727,0.,0.92638589,0.790019726,0.,            0000739P0001552
0.906578784,0.815540271,0.,0.25,0.375,0.,0.,1.;                  0000739P0001553
126,2,2,1,0,1,0,0.375,0.375,0.375,0.5,0.5,0.5,1.,1.,1.,          0000741P0001554
0.906578784,0.815540271,0.,0.886765005,0.841069415,0.,           0000741P0001555
0.863916709,0.863918123,0.,0.375,0.5,0.,0.,1.;                   0000741P0001556
126,2,2,1,0,1,0,0.5,0.5,0.5,0.625,0.625,0.625,1.,1.,1.,          0000743P0001557
0.863916709,0.863918123,0.,0.841072639,0.886762605,0.,           0000743P0001558
0.815542339,0.906577299,0.,0.5,0.625,0.,0.,1.;                   0000743P0001559
126,2,2,1,0,1,0,0.625,0.625,0.625,0.75,0.75,0.75,1.,1.,1.,       0000745P0001560
0.815542339,0.906577299,0.,0.790019906,0.926385886,0.,           0000745P0001561
0.762217697,0.94284762,0.,0.625,0.75,0.,0.,1.;                   0000745P0001562
126,2,2,1,0,1,0,0.75,0.75,0.75,0.875,0.875,0.875,1.,1.,1.,       0000747P0001563
0.762217697,0.94284762,0.,0.734410008,0.959312598,0.,            0000747P0001564
0.704772146,0.972165445,0.,0.75,0.875,0.,0.,1.;                  0000747P0001565
126,2,2,1,0,1,0,0.875,0.875,0.875,1.,1.,1.,1.,1.,1.,0.704772146, 0000749P0001566
0.972165445,0.,0.67512513,0.985022262,0.,0.644102632,            0000749P0001567
0.994071146,0.,0.875,1.,0.,0.,1.;                                0000749P0001568
102,44,753,755,757,759,761,763,765,767,769,771,773,775,777,779,  0000751P0001569
781,783,785,787,789,791,793,795,797,799,801,803,805,807,809,811, 0000751P0001570
813,815,817,819,821,823,825,827,829,831,833,835,837,839;         0000751P0001571
126,1,1,1,0,1,0,0.,0.,4.927200017E-07,4.927200017E-07,1.,1.,     0000753P0001572
13.894876219,47.640045626,99.625,13.894862912,47.640000017,      0000753P0001573
99.625,0.,4.927200017E-07,0.,0.,1.;                              0000753P0001574
110,13.894862931,47.64,99.625,-13.894849724,47.64,99.625;        0000755P0001575
126,1,1,1,0,1,0,0.,0.,4.544007042E-07,4.544007042E-07,1.,1.,     0000757P0001576
-13.89484968,47.640000017,99.625,-13.894862023,47.640042058,     0000757P0001577
99.625,0.,4.544007042E-07,0.,0.,1.;                              0000757P0001578
126,2,2,1,0,1,0,0.,0.,0.,0.125,0.125,0.125,1.,1.,1.,             0000759P0001579
-13.894862023,47.640042058,99.625,-16.885976696,46.767598129,    0000759P0001580
99.625,-19.744746048,45.527872641,99.625,0.,0.125,0.,0.,1.;      0000759P0001581
126,2,2,1,0,1,0,0.125,0.125,0.125,0.25,0.25,0.25,1.,1.,1.,       0000761P0001582
-19.744746048,45.527872641,99.625,-22.602546441,44.288567271,    0000761P0001583
99.625,-25.283636702,42.701077007,99.625,0.125,0.25,0.,0.,1.;    0000761P0001584
126,2,2,1,0,1,0,0.25,0.25,0.25,0.375,0.375,0.375,1.,1.,1.,       0000763P0001585
-25.283636702,42.701077007,99.625,-27.964690322,41.113608341,    0000763P0001586
99.625,-30.42546941,39.203740342,99.625,0.25,0.375,0.,0.,1.;     0000763P0001587
126,2,2,1,0,1,0,0.375,0.375,0.375,0.5,0.5,0.5,1.,1.,1.,          0000765P0001588
-30.42546941,39.203740342,99.625,-32.887077546,37.293228909,     0000765P0001589
99.625,-35.090229009,35.090119063,99.625,0.375,0.5,0.,0.,1.;     0000765P0001590
126,2,2,1,0,1,0,0.5,0.5,0.5,0.625,0.625,0.625,1.,1.,1.,          0000767P0001591
-35.090229009,35.090119063,99.625,-37.292972986,32.887416606,    0000767P0001592
99.625,-39.203574665,30.425698579,99.625,0.5,0.625,0.,0.,1.;     0000767P0001593
126,2,2,1,0,1,0,0.625,0.625,0.625,0.75,0.75,0.75,1.,1.,1.,       0000769P0001594
-39.203574665,30.425698579,99.625,-41.113583242,27.964744611,    0000769P0001595
99.625,-42.700878469,25.283966192,99.625,0.625,0.75,0.,0.,1.;    0000769P0001596
126,2,2,1,0,1,0,0.75,0.75,0.75,0.875,0.875,0.875,1.,1.,1.,       0000771P0001597
-42.700878469,25.283966192,99.625,-44.288490157,22.602653395,    0000771P0001598
99.625,-45.527807065,19.744873626,99.625,0.75,0.875,0.,0.,1.;    0000771P0001599
126,2,2,1,0,1,0,0.875,0.875,0.875,1.,1.,1.,1.,1.,1.,             0000773P0001600
-45.527807065,19.744873626,99.625,-46.767505713,16.886213415,    0000773P0001601
99.625,-47.640036236,13.894909728,99.625,0.875,1.,0.,0.,1.;      0000773P0001602
126,1,1,1,0,1,0,0.,0.,3.914805231E-07,3.914805231E-07,1.,1.,     0000775P0001603
-47.640036236,13.894909728,99.625,-47.639999981,13.894899218,    0000775P0001604
99.625,0.,3.914805231E-07,0.,0.,1.;                              0000775P0001605
110,-47.64,13.894899186,99.625,-47.64,-13.894884614,99.625;      0000777P0001606
126,1,1,1,0,1,0,0.,0.,3.497213176E-07,3.497213176E-07,1.,1.,     0000779P0001607
-47.639999981,-13.894884647,99.625,-47.640032379,-13.894894,     0000779P0001608
99.625,0.,3.497213176E-07,0.,0.,1.;                              0000779P0001609
126,2,2,1,0,1,0,0.,0.,0.,0.125,0.125,0.125,1.,1.,1.,             0000781P0001610
-47.640032379,-13.894894,99.625,-46.767591241,-16.885996066,     0000781P0001611
99.625,-45.527859616,-19.744777385,99.625,0.,0.125,0.,0.,1.;     0000781P0001612
126,2,2,1,0,1,0,0.125,0.125,0.125,0.25,0.25,0.25,1.,1.,1.,       0000783P0001613
-45.527859616,-19.744777385,99.625,-44.288558425,-22.602566217,  0000783P0001614
99.625,-42.701057334,-25.283669969,99.625,0.125,0.25,0.,0.,1.;   0000783P0001615
126,2,2,1,0,1,0,0.25,0.25,0.25,0.375,0.375,0.375,1.,1.,1.,       0000785P0001616
-42.701057334,-25.283669969,99.625,-41.113587196,-27.964721362,  0000785P0001617
99.625,-39.203718046,-30.425498104,99.625,0.25,0.375,0.,0.,1.;   0000785P0001618
126,2,2,1,0,1,0,0.375,0.375,0.375,0.5,0.5,0.5,1.,1.,1.,          0000787P0001619
-39.203718046,-30.425498104,99.625,-37.29320556,-32.88710399,    0000787P0001620
99.625,-35.090094884,-35.090253177,99.625,0.375,0.5,0.,0.,1.;    0000787P0001621
126,2,2,1,0,1,0,0.5,0.5,0.5,0.625,0.625,0.625,1.,1.,1.,          0000789P0001622
-35.090094884,-35.090253177,99.625,-32.887390729,-37.292995842,  0000789P0001623
99.625,-30.425657435,-39.203606013,99.625,0.5,0.625,0.,0.,1.;    0000789P0001624
126,2,2,1,0,1,0,0.625,0.625,0.625,0.75,0.75,0.75,1.,1.,1.,       0000791P0001625
-30.425657435,-39.203606013,99.625,-27.964710861,-41.11360563,   0000791P0001626
99.625,-25.283919705,-42.70090623,99.625,0.625,0.75,0.,0.,1.;    0000791P0001627
126,2,2,1,0,1,0,0.75,0.75,0.75,0.875,0.875,0.875,1.,1.,1.,       0000793P0001628
-25.283919705,-42.70090623,99.625,-22.602616059,-44.288510274,   0000793P0001629
99.625,-19.744835915,-45.52782384,99.625,0.75,0.875,0.,0.,1.;    0000793P0001630
126,2,2,1,0,1,0,0.875,0.875,0.875,1.,1.,1.,1.,1.,1.,             0000795P0001631
-19.744835915,-45.52782384,99.625,-16.886170314,-46.767521558,   0000795P0001632
99.625,-13.894876293,-47.640045615,99.625,0.875,1.,0.,0.,1.;     0000795P0001633
126,1,1,1,0,1,0,0.,0.,4.927200016E-07,4.927200016E-07,1.,1.,     0000797P0001634
-13.894876293,-47.640045615,99.625,-13.894862987,-47.640000006,  0000797P0001635
99.625,0.,4.927200016E-07,0.,0.,1.;                              0000797P0001636
110,-13.894862971,-47.64,99.625,13.894849683,-47.64,99.625;      0000799P0001637
126,1,1,1,0,1,0,0.,0.,4.541200282E-07,4.541200282E-07,1.,1.,     0000801P0001638
13.894849702,-47.640000006,99.625,13.894861948,-47.640042047,    0000801P0001639
99.625,0.,4.541200282E-07,0.,0.,1.;                              0000801P0001640
126,2,2,1,0,1,0,0.,0.,0.,0.125,0.125,0.125,1.,1.,1.,             0000803P0001641
13.894861948,-47.640042047,99.625,16.885976236,-46.767598311,    0000803P0001642
99.625,19.744755038,-45.52786887,99.625,0.,0.125,0.,0.,1.;       0000803P0001643
126,2,2,1,0,1,0,0.125,0.125,0.125,0.25,0.25,0.25,1.,1.,1.,       0000805P0001644
19.744755038,-45.52786887,99.625,22.602546463,-44.288567549,     0000805P0001645
99.625,25.283662662,-42.701061471,99.625,0.125,0.25,0.,0.,1.;    0000805P0001646
126,2,2,1,0,1,0,0.25,0.25,0.25,0.375,0.375,0.375,1.,1.,1.,       0000807P0001647
25.283662662,-42.701061471,99.625,27.964704615,-41.113599266,    0000807P0001648
99.625,30.425492188,-39.203723264,99.625,0.25,0.375,0.,0.,1.;    0000807P0001649
126,2,2,1,0,1,0,0.375,0.375,0.375,0.5,0.5,0.5,1.,1.,1.,          0000809P0001650
30.425492188,-39.203723264,99.625,32.88710582,-37.293206045,     0000809P0001651
99.625,35.09023713,-35.090110952,99.625,0.375,0.5,0.,0.,1.;      0000809P0001652
126,2,2,1,0,1,0,0.5,0.5,0.5,0.625,0.625,0.625,1.,1.,1.,          0000811P0001653
35.09023713,-35.090110952,99.625,37.292997982,-32.887386222,     0000811P0001654
99.625,39.203595321,-30.425671184,99.625,0.5,0.625,0.,0.,1.;     0000811P0001655
126,2,2,1,0,1,0,0.625,0.625,0.625,0.75,0.75,0.75,1.,1.,1.,       0000813P0001656
39.203595321,-30.425671184,99.625,41.113597342,-27.964723291,    0000813P0001657
99.625,42.700899897,-25.283930312,99.625,0.625,0.75,0.,0.,1.;    0000813P0001658
126,2,2,1,0,1,0,0.75,0.75,0.75,0.875,0.875,0.875,1.,1.,1.,       0000815P0001659
42.700899897,-25.283930312,99.625,44.288505992,-22.602624842,    0000815P0001660
99.625,45.527820972,-19.744842567,99.625,0.75,0.875,0.,0.,1.;    0000815P0001661
126,2,2,1,0,1,0,0.875,0.875,0.875,1.,1.,1.,1.,1.,1.,             0000817P0001662
45.527820972,-19.744842567,99.625,46.767520102,-16.886174835,    0000817P0001663
99.625,47.640045032,-13.894878283,99.625,0.875,1.,0.,0.,1.;      0000817P0001664
126,1,1,1,0,1,0,0.,0.,4.864000411E-07,4.864000411E-07,1.,1.,     0000819P0001665
47.640045032,-13.894878283,99.625,47.640000003,-13.89486517,     0000819P0001666
99.625,0.,4.864000411E-07,0.,0.,1.;                              0000819P0001667
110,47.64,-13.894865139,99.625,47.64,13.894851229,99.625;        0000821P0001668
126,1,1,1,0,1,0,0.,0.,4.458800287E-07,4.458800287E-07,1.,1.,     0000823P0001669
47.640000003,13.894851199,99.625,47.640041272,13.894863252,      0000823P0001670
99.625,0.,4.458800287E-07,0.,0.,1.;                              0000823P0001671
126,2,2,1,0,1,0,0.,0.,0.,0.125,0.125,0.125,1.,1.,1.,             0000825P0001672
47.640041272,13.894863252,99.625,46.76760158,16.885967825,       0000825P0001673
99.625,45.527870823,19.744751651,99.625,0.,0.125,0.,0.,1.;       0000825P0001674
126,2,2,1,0,1,0,0.125,0.125,0.125,0.25,0.25,0.25,1.,1.,1.,       0000827P0001675
45.527870823,19.744751651,99.625,44.288570403,22.60254299,       0000827P0001676
99.625,42.701069506,25.283649248,99.625,0.125,0.25,0.,0.,1.;     0000827P0001677
126,2,2,1,0,1,0,0.25,0.25,0.25,0.375,0.375,0.375,1.,1.,1.,       0000829P0001678
42.701069506,25.283649248,99.625,41.113599656,27.964703246,      0000829P0001679
99.625,39.203730314,30.425482301,99.625,0.25,0.375,0.,0.,1.;     0000829P0001680
126,2,2,1,0,1,0,0.375,0.375,0.375,0.5,0.5,0.5,1.,1.,1.,          0000831P0001681
39.203730314,30.425482301,99.625,37.293217538,32.887090502,      0000831P0001682
99.625,35.090106187,35.09024181,99.625,0.375,0.5,0.,0.,1.;       0000831P0001683
126,2,2,1,0,1,0,0.5,0.5,0.5,0.625,0.625,0.625,1.,1.,1.,          0000833P0001684
35.090106187,35.09024181,99.625,32.887402322,37.292985632,       0000833P0001685
99.625,30.425682913,39.203586836,99.625,0.5,0.625,0.,0.,1.;      0000833P0001686
126,2,2,1,0,1,0,0.625,0.625,0.625,0.75,0.75,0.75,1.,1.,1.,       0000835P0001687
30.425682913,39.203586836,99.625,27.964722068,41.113599181,      0000835P0001688
99.625,25.283937373,42.700896405,99.625,0.625,0.75,0.,0.,1.;     0000835P0001689
126,2,2,1,0,1,0,0.75,0.75,0.75,0.875,0.875,0.875,1.,1.,1.,       0000837P0001690
25.283937373,42.700896405,99.625,22.602624277,44.288506428,      0000837P0001691
99.625,19.744839601,45.527822308,99.625,0.75,0.875,0.,0.,1.;     0000837P0001692
126,2,2,1,0,1,0,0.875,0.875,0.875,1.,1.,1.,1.,1.,1.,             0000839P0001693
19.744839601,45.527822308,99.625,16.886172265,46.76752099,       0000839P0001694
99.625,13.894876219,47.640045626,99.625,0.875,1.,0.,0.,1.;       0000839P0001695
144,843,1,0,845;                                                 0000841P0001696
128,8,4,3,3,0,0,1,0,0,4.420850374E-02,4.420850374E-02,           0000843P0001697
4.420850374E-02,4.420850374E-02,6.25E-02,9.375E-02,0.125,        0000843P0001698
0.15625,0.1875,0.2057917,0.2057917,0.2057917,0.2057917,0.,0.,0., 0000843P0001699
0.,0.5,1.,1.,1.,1.,1.,1.,1.,1.,1.,1.,1.,1.,1.,1.,1.,1.,1.,1.,1., 0000843P0001700
1.,1.,1.,1.,1.,1.,1.,1.,1.,1.,1.,1.,1.,1.,1.,1.,1.,1.,1.,1.,1.,  0000843P0001701
1.,1.,1.,1.,1.,1.,1.,1.,1.,-47.722781259,13.607753262,99.625,    0000843P0001702
-47.201415422,15.435998482,99.625,-45.50516838,20.306701337,     0000843P0001703
99.625,-41.527754929,27.747957041,99.625,-35.316430936,          0000843P0001704
35.316454259,99.625,-27.747956795,41.527745576,99.625,           0000843P0001705
-20.306643122,45.505209703,99.625,-15.435942428,47.201417325,    0000843P0001706
99.625,-13.607683159,47.722779736,99.625,-54.085821431,          0000843P0001707
15.422119499,83.083333333,-53.494937751,17.494126192,            0000843P0001708
83.083333333,-51.572516918,23.014241847,83.083333333,            0000843P0001709
-47.064800937,31.447679454,83.083333333,-40.025291645,           0000843P0001710
40.025307078,83.083333333,-31.447691335,47.06477582,             0000843P0001711
83.083333333,-23.01419929,51.572568881,83.083333333,             0000843P0001712
-17.494071102,53.494938449,83.083333333,-15.422043674,           0000843P0001713
54.085816156,83.083333333,-60.448861603,17.23648652,50.,         0000843P0001714
-59.78846008,19.552254631,50.,-57.639865457,25.721781764,50.,    0000843P0001715
-52.601846946,35.147402059,50.,-44.734152354,44.734159845,50.,   0000843P0001716
-35.147425875,52.601806079,50.,-25.721755458,57.639928059,50.,   0000843P0001717
-19.552199776,59.788459571,50.,-17.236404188,60.448852573,50.,   0000843P0001718
-54.085821431,15.422119499,16.916666667,-53.494937751,           0000843P0001719
17.494126192,16.916666667,-51.572516918,23.014241847,            0000843P0001720
16.916666667,-47.064800937,31.447679454,16.916666667,            0000843P0001721
-40.025291645,40.025307078,16.916666667,-31.447691335,           0000843P0001722
47.06477582,16.916666667,-23.01419929,51.572568881,16.916666667, 0000843P0001723
-17.494071102,53.494938449,16.916666667,-15.422043674,           0000843P0001724
54.085816156,16.916666667,-47.722781259,13.607753262,0.375,      0000843P0001725
-47.201415422,15.435998482,0.375,-45.50516838,20.306701337,      0000843P0001726
0.375,-41.527754929,27.747957041,0.375,-35.316430936,            0000843P0001727
35.316454259,0.375,-27.747956795,41.527745576,0.375,             0000843P0001728
-20.306643122,45.505209703,0.375,-15.435942428,47.201417325,     0000843P0001729
0.375,-13.607683159,47.722779736,0.375,4.5166507E-02,            0000843P0001730
0.204833697,0.,1.;                                               0000843P0001731
142,0,843,847,925,3;                                             0000845P0001732
102,38,849,851,853,855,857,859,861,863,865,867,869,871,873,875,  0000847P0001733
877,879,881,883,885,887,889,891,893,895,897,899,901,903,905,907, 0000847P0001734
909,911,913,915,917,919,921,923;                                 0000847P0001735
126,2,2,1,0,1,0,0.,0.,0.,3.125E-02,3.125E-02,3.125E-02,1.,1.,1., 0000849P0001736
4.5166507E-02,1.,0.,4.9521935E-02,0.990022207,0.,5.3597255E-02,  0000849P0001737
0.978104147,0.,0.,3.125E-02,-0.,-0.,1.;                          0000849P0001738
126,2,2,1,0,1,0,3.125E-02,3.125E-02,3.125E-02,6.25E-02,6.25E-02, 0000851P0001739
6.25E-02,1.,1.,1.,5.3597255E-02,0.978104147,0.,5.7469224E-02,    0000851P0001740
0.966780779,0.,6.1068246E-02,0.953763514,0.,3.125E-02,6.25E-02,  0000851P0001741
-0.,-0.,1.;                                                      0000851P0001742
126,2,2,1,0,1,0,6.25E-02,6.25E-02,6.25E-02,0.125,0.125,0.125,1., 0000853P0001743
1.,1.,6.1068246E-02,0.953763514,0.,6.7827087E-02,0.929317537,0., 0000853P0001744
7.357529E-02,0.899084006,0.,6.25E-02,0.125,-0.,-0.,1.;           0000853P0001745
126,2,2,1,0,1,0,0.125,0.125,0.125,0.1875,0.1875,0.1875,1.,1.,1., 0000855P0001746
7.357529E-02,0.899084006,0.,7.8836126E-02,0.871413859,0.,        0000855P0001747
8.3200364E-02,0.839153507,0.,0.125,0.1875,-0.,-0.,1.;            0000855P0001748
126,2,2,1,0,1,0,0.1875,0.1875,0.1875,0.25,0.25,0.25,1.,1.,1.,    0000857P0001749
8.3200364E-02,0.839153507,0.,8.7283018E-02,0.808974614,0.,       0000857P0001750
9.0544056E-02,0.775054707,0.,0.1875,0.25,-0.,-0.,1.;             0000857P0001751
126,2,2,1,0,1,0,0.25,0.25,0.25,0.3125,0.3125,0.3125,1.,1.,1.,    0000859P0001752
9.0544056E-02,0.775054707,0.,9.3608484E-02,0.743179854,0.,       0000859P0001753
9.5911879E-02,0.708377138,0.,0.25,0.3125,-0.,-0.,1.;             0000859P0001754
126,2,2,1,0,1,0,0.3125,0.3125,0.3125,0.375,0.375,0.375,1.,1.,1., 0000861P0001755
9.5911879E-02,0.708377138,0.,9.8099199E-02,0.675328224,0.,       0000861P0001756
9.9566063E-02,0.640167195,0.,0.3125,0.375,-0.,-0.,1.;            0000861P0001757
126,2,2,1,0,1,0,0.375,0.375,0.375,0.4375,0.4375,0.4375,1.,1.,1., 0000863P0001758
9.9566063E-02,0.640167195,0.,0.100992468,0.605975947,0.,         0000863P0001759
0.101709215,0.570481392,0.,0.375,0.4375,-0.,-0.,1.;              0000863P0001760
126,2,2,1,0,1,0,0.4375,0.4375,0.4375,0.5,0.5,0.5,1.,1.,1.,       0000865P0001761
0.101709215,0.570481392,0.,0.102420128,0.535275702,0.,           0000865P0001762
0.102416348,0.499625179,0.,0.4375,0.5,-0.,-0.,1.;                0000865P0001763
126,2,2,1,0,1,0,0.5,0.5,0.5,0.5625,0.5625,0.5625,1.,1.,1.,       0000867P0001764
0.102416348,0.499625179,0.,0.102412589,0.464183951,0.,           0000867P0001765
0.101702544,0.42918906,0.,0.5,0.5625,-0.,-0.,1.;                 0000867P0001766
126,2,2,1,0,1,0,0.5625,0.5625,0.5625,0.625,0.625,0.625,1.,1.,1., 0000869P0001767
0.101702544,0.42918906,0.,0.100981195,0.393637047,0.,            0000869P0001768
9.9547857E-02,0.359397171,0.,0.5625,0.625,-0.,-0.,1.;            0000869P0001769
126,2,2,1,0,1,0,0.625,0.625,0.625,0.6875,0.6875,0.6875,1.,1.,1., 0000871P0001770
9.9547857E-02,0.359397171,0.,9.8059496E-02,0.323842883,0.,       0000871P0001771
9.5834452E-02,0.290457072,0.,0.625,0.6875,-0.,-0.,1.;            0000871P0001772
126,2,2,1,0,1,0,0.6875,0.6875,0.6875,0.75,0.75,0.75,1.,1.,1.,    0000873P0001773
9.5834452E-02,0.290457072,0.,9.3521057E-02,0.255745584,0.,       0000873P0001774
9.0449238E-02,0.223961629,0.,0.6875,0.75,-0.,-0.,1.;             0000873P0001775
126,2,2,1,0,1,0,0.75,0.75,0.75,0.8125,0.8125,0.8125,1.,1.,1.,    0000875P0001776
9.0449238E-02,0.223961629,0.,8.7197809E-02,0.190319257,0.,       0000875P0001777
8.3136093E-02,0.160372012,0.,0.75,0.8125,-0.,-0.,1.;             0000875P0001778
126,2,2,1,0,1,0,0.8125,0.8125,0.8125,0.875,0.875,0.875,1.,1.,1., 0000877P0001779
8.3136093E-02,0.160372012,0.,7.8741181E-02,0.127968087,0.,       0000877P0001780
7.3440275E-02,0.10020739,0.,0.8125,0.875,-0.,-0.,1.;             0000877P0001781
126,2,2,1,0,1,0,0.875,0.875,0.875,0.9375,0.9375,0.9375,1.,1.,1., 0000879P0001782
7.3440275E-02,0.10020739,0.,6.7730761E-02,7.0306825E-02,0.,      0000879P0001783
6.1028876E-02,4.6094169E-02,0.,0.875,0.9375,-0.,-0.,1.;          0000879P0001784
126,2,2,1,0,1,0,0.9375,0.9375,0.9375,0.96875,0.96875,0.96875,1., 0000881P0001785
1.,1.,6.1028876E-02,4.6094169E-02,0.,5.74488E-02,3.3160025E-02,  0000881P0001786
0.,5.3598913E-02,2.1900702E-02,0.,0.9375,0.96875,-0.,-0.,1.;     0000881P0001787
126,2,2,1,0,1,0,0.96875,0.96875,0.96875,1.,1.,1.,1.,1.,1.,       0000883P0001788
5.3598913E-02,2.1900702E-02,0.,4.9522822E-02,9.979827E-03,0.,    0000883P0001789
4.5166507E-02,0.,0.,0.96875,1.,-0.,-0.,1.;                       0000883P0001790
126,1,1,1,0,1,0,0.,0.,1.003212966,1.003212966,1.,1.,             0000885P0001791
4.5166922E-02,0.,0.,0.204833215,0.,0.,0.,1.003212966,0.,0.,1.;   0000885P0001792
126,2,2,1,0,1,0,0.,0.,0.,3.125E-02,3.125E-02,3.125E-02,1.,1.,1., 0000887P0001793
0.204833697,0.,0.,0.20047818,9.977812E-03,0.,0.196402849,        0000887P0001794
2.1895652E-02,0.,0.,3.125E-02,-0.,-0.,1.;                        0000887P0001795
126,2,2,1,0,1,0,3.125E-02,3.125E-02,3.125E-02,6.25E-02,6.25E-02, 0000889P0001796
6.25E-02,1.,1.,1.,0.196402849,2.1895652E-02,0.,0.192530811,      0000889P0001797
3.3218986E-02,0.,0.188931781,4.6236104E-02,0.,3.125E-02,         0000889P0001798
6.25E-02,-0.,-0.,1.;                                             0000889P0001799
126,2,2,1,0,1,0,6.25E-02,6.25E-02,6.25E-02,0.125,0.125,0.125,1., 0000891P0001800
1.,1.,0.188931781,4.6236104E-02,0.,0.182172935,7.0681776E-02,0., 0000891P0001801
0.176424698,0.10091554,0.,6.25E-02,0.125,-0.,-0.,1.;             0000891P0001802
126,2,2,1,0,1,0,0.125,0.125,0.125,0.1875,0.1875,0.1875,1.,1.,1., 0000893P0001803
0.176424698,0.10091554,0.,0.171163889,0.128585604,0.,            0000893P0001804
0.166799653,0.160846126,0.,0.125,0.1875,-0.,-0.,1.;              0000893P0001805
126,2,2,1,0,1,0,0.1875,0.1875,0.1875,0.25,0.25,0.25,1.,1.,1.,    0000895P0001806
0.166799653,0.160846126,0.,0.162717023,0.19102501,0.,            0000895P0001807
0.159455993,0.224944984,0.,0.1875,0.25,-0.,-0.,1.;               0000895P0001808
126,2,2,1,0,1,0,0.25,0.25,0.25,0.3125,0.3125,0.3125,1.,1.,1.,    0000897P0001809
0.159455993,0.224944984,0.,0.156391571,0.25681991,0.,            0000897P0001810
0.154088179,0.291622659,0.,0.25,0.3125,-0.,-0.,1.;               0000897P0001811
126,2,2,1,0,1,0,0.3125,0.3125,0.3125,0.375,0.375,0.375,1.,1.,1., 0000899P0001812
0.154088179,0.291622659,0.,0.151900858,0.324671637,0.,           0000899P0001813
0.150433995,0.359832677,0.,0.3125,0.375,-0.,-0.,1.;              0000899P0001814
126,2,2,1,0,1,0,0.375,0.375,0.375,0.4375,0.4375,0.4375,1.,1.,1., 0000901P0001815
0.150433995,0.359832677,0.,0.149007589,0.394023961,0.,           0000901P0001816
0.148290842,0.429518526,0.,0.375,0.4375,-0.,-0.,1.;              0000901P0001817
126,2,2,1,0,1,0,0.4375,0.4375,0.4375,0.5,0.5,0.5,1.,1.,1.,       0000903P0001818
0.148290842,0.429518526,0.,0.147579927,0.464724254,0.,           0000903P0001819
0.147583707,0.500374809,0.,0.4375,0.5,-0.,-0.,1.;                0000903P0001820
126,2,2,1,0,1,0,0.5,0.5,0.5,0.5625,0.5625,0.5625,1.,1.,1.,       0000905P0001821
0.147583707,0.500374809,0.,0.147587466,0.535816076,0.,           0000905P0001822
0.148297512,0.570811011,0.,0.5,0.5625,-0.,-0.,1.;                0000905P0001823
126,2,2,1,0,1,0,0.5625,0.5625,0.5625,0.625,0.625,0.625,1.,1.,1., 0000907P0001824
0.148297512,0.570811011,0.,0.149018862,0.606363041,0.,0.1504522, 0000907P0001825
0.640602958,0.,0.5625,0.625,-0.,-0.,1.;                          0000907P0001826
126,2,2,1,0,1,0,0.625,0.625,0.625,0.6875,0.6875,0.6875,1.,1.,1., 0000909P0001827
0.1504522,0.640602958,0.,0.151940561,0.67615725,0.,0.154165604,  0000909P0001828
0.709543121,0.,0.625,0.6875,-0.,-0.,1.;                          0000909P0001829
126,2,2,1,0,1,0,0.6875,0.6875,0.6875,0.75,0.75,0.75,1.,1.,1.,    0000911P0001830
0.154165604,0.709543121,0.,0.156478997,0.744254634,0.,           0000911P0001831
0.159550808,0.776038654,0.,0.6875,0.75,-0.,-0.,1.;               0000911P0001832
126,2,2,1,0,1,0,0.75,0.75,0.75,0.8125,0.8125,0.8125,1.,1.,1.,    0000913P0001833
0.159550808,0.776038654,0.,0.16280223,0.809681101,0.,            0000913P0001834
0.166863922,0.839628346,0.,0.75,0.8125,-0.,-0.,1.;               0000913P0001835
126,2,2,1,0,1,0,0.8125,0.8125,0.8125,0.875,0.875,0.875,1.,1.,1., 0000915P0001836
0.166863922,0.839628346,0.,0.171258831,0.87203243,0.,            0000915P0001837
0.176559708,0.899793032,0.,0.8125,0.875,-0.,-0.,1.;              0000915P0001838
126,2,2,1,0,1,0,0.875,0.875,0.875,0.9375,0.9375,0.9375,1.,1.,1., 0000917P0001839
0.176559708,0.899793032,0.,0.182269254,0.92969383,0.,            0000917P0001840
0.188971145,0.953906189,0.,0.875,0.9375,-0.,-0.,1.;              0000917P0001841
126,2,2,1,0,1,0,0.9375,0.9375,0.9375,0.96875,0.96875,0.96875,1., 0000919P0001842
1.,1.,0.188971145,0.953906189,0.,0.192551231,0.966840197,0.,     0000919P0001843
0.19640119,0.978099495,0.,0.9375,0.96875,-0.,-0.,1.;             0000919P0001844
126,2,2,1,0,1,0,0.96875,0.96875,0.96875,1.,1.,1.,1.,1.,1.,       0000921P0001845
0.19640119,0.978099495,0.,0.200477292,0.990020153,0.,            0000921P0001846
0.204833697,1.,0.,0.96875,1.,-0.,-0.,1.;                         0000921P0001847
126,1,1,1,0,1,0,1.854586143,1.854586143,2.857799613,2.857799613, 0000923P0001848
1.,1.,0.204833174,1.,0.,4.5166877E-02,1.,0.,1.854586143,         0000923P0001849
2.857799613,0.,0.,1.;                                            0000923P0001850
102,38,927,929,931,933,935,937,939,941,943,945,947,949,951,953,  0000925P0001851
955,957,959,961,963,967,969,971,973,975,977,979,981,983,985,987, 0000925P0001852
989,991,993,995,997,999,1001,1003;                               0000925P0001853
126,4,4,0,0,1,0,0.,0.,0.,0.,0.,3.125E-02,3.125E-02,3.125E-02,    0000927P0001854
3.125E-02,3.125E-02,1.,1.,1.,1.,1.,-47.639999998,13.89476431,    0000927P0001855
0.375,-47.63999998,14.602080425,0.870147978,-47.639973162,       0000927P0001856
15.301753886,1.397391205,-47.639999975,15.993966371,1.956729683, 0000927P0001857
-47.639999998,16.678664186,2.54816341,0.,3.125E-02,0.999999984,  0000927P0001858
-1.105052112E-04,1.415530225E-04;                                0000927P0001859
126,4,4,0,0,1,0,3.125E-02,3.125E-02,3.125E-02,3.125E-02,         0000929P0001860
3.125E-02,6.25E-02,6.25E-02,6.25E-02,6.25E-02,6.25E-02,1.,1.,1., 0000929P0001861
1.,1.,-47.639999998,16.678664186,2.54816341,-47.639999973,       0000929P0001862
17.329196818,3.110085547,-47.63998414,17.971822898,3.700027564,  0000929P0001863
-47.639999969,18.606479063,4.31798946,-47.639999995,             0000929P0001864
19.232916496,4.963971236,3.125E-02,6.25E-02,0.999999992,         0000929P0001865
-8.449813935E-05,8.934908061E-05;                                0000929P0001866
126,4,4,0,0,1,0,6.25E-02,6.25E-02,6.25E-02,6.25E-02,6.25E-02,    0000931P0001867
0.125,0.125,0.125,0.125,0.125,1.,1.,1.,1.,1.,-47.639999995,      0000931P0001868
19.232916496,4.963971236,-47.639999972,20.409344675,6.177102844, 0000931P0001869
-47.639851598,21.553962615,7.485970242,-47.640000006,            0000931P0001870
22.665129963,8.890573429,-47.640000075,23.739057547,             0000931P0001871
10.390912405,6.25E-02,0.125,0.999999942,-2.614248055E-04,        0000931P0001872
2.173437288E-04;                                                 0000931P0001873
126,4,4,0,0,1,0,0.125,0.125,0.125,0.125,0.125,0.1875,0.1875,     0000933P0001874
0.1875,0.1875,0.1875,1.,1.,1.,1.,1.,-47.640000075,23.739057547,  0000933P0001875
10.390912405,-47.640000074,24.7219311,11.76404345,-47.639903113, 0000933P0001876
25.67051147,13.213104135,-47.640000042,26.581888741,             0000933P0001877
14.738094462,-47.640000008,27.451951388,16.33901443,0.125,       0000933P0001878
0.1875,0.999999964,-2.280106824E-04,1.425857984E-04;             0000933P0001879
126,4,4,0,0,1,0,0.1875,0.1875,0.1875,0.1875,0.1875,0.25,0.25,    0000935P0001880
0.25,0.25,0.25,1.,1.,1.,1.,1.,-47.640000008,27.451951388,        0000935P0001881
16.33901443,-47.640000019,28.265876947,17.836641996,             0000935P0001882
-47.639900829,29.04118911,19.396152167,-47.640000021,            0000935P0001883
29.774605527,21.017544946,-47.640000013,30.46221605,22.70082033, 0000935P0001884
0.1875,0.25,0.999999953,-2.777885349E-04,1.317581752E-04;        0000935P0001885
126,4,4,0,0,1,0,0.25,0.25,0.25,0.25,0.25,0.3125,0.3125,0.3125,   0000937P0001886
0.3125,0.3125,1.,1.,1.,1.,1.,-47.640000013,30.46221605,          0000937P0001887
22.70082033,-47.639999989,31.108370098,24.282609911,             0000937P0001888
-47.639886525,31.71157198,25.912831224,-47.639999937,            0000937P0001889
32.268766013,27.591484272,-47.639999909,32.776683403,            0000937P0001890
29.318569054,0.25,0.3125,0.999999927,-3.599483114E-04,           0000937P0001891
1.262153547E-04;                                                 0000937P0001892
126,4,4,0,0,1,0,0.3125,0.3125,0.3125,0.3125,0.3125,0.375,0.375,  0000939P0001893
0.375,0.375,0.375,1.,1.,1.,1.,1.,-47.639999909,32.776683403,     0000939P0001894
29.318569054,-47.63999996,33.259005363,30.958621411,             0000939P0001895
-47.639863809,33.694363162,32.63361167,-47.639999968,            0000939P0001896
34.080298779,34.343539832,-47.63999992,34.41440028,36.088405896, 0000939P0001897
0.3125,0.375,0.999999883,-4.700342587E-04,1.140479879E-04;       0000939P0001898
126,4,4,0,0,1,0,0.375,0.375,0.375,0.375,0.375,0.4375,0.4375,     0000941P0001899
0.4375,0.4375,0.4375,1.,1.,1.,1.,1.,-47.63999992,34.41440028,    0000941P0001900
36.088405896,-47.640000006,34.7392867,37.785146578,              0000941P0001901
-47.639846105,35.012990688,39.50344613,-47.640000046,            0000941P0001902
35.233821559,41.243304552,-47.639999992,35.400325991,            0000941P0001903
43.004721844,0.375,0.4375,0.999999846,-5.501544964E-04,          0000941P0001904
7.868608967E-05;                                                 0000941P0001905
126,4,4,0,0,1,0,0.4375,0.4375,0.4375,0.4375,0.4375,0.5,0.5,0.5,  0000943P0001906
0.5,0.5,1.,1.,1.,1.,1.,-47.639999992,35.400325991,43.004721844,  0000943P0001907
-47.64000004,35.565475226,44.75180421,-47.639831866,             0000943P0001908
35.675888876,46.506244856,-47.640000026,35.7308428,48.26804378,  0000943P0001909
-47.639999964,35.729958793,50.037200984,0.4375,0.5,0.999999818,  0000943P0001910
-6.032297827E-04,2.836571633E-05;                                0000943P0001911
126,4,4,0,0,1,0,0.5,0.5,0.5,0.5,0.5,0.5625,0.5625,0.5625,0.5625, 0000945P0001912
0.5625,1.,1.,1.,1.,1.,-47.639999964,35.729958793,50.037200984,   0000945P0001913
-47.640000037,35.729079797,51.795971924,-47.639835873,           0000945P0001914
35.673021203,53.547359705,-47.6400001,35.562164027,55.291364329, 0000945P0001915
-47.64000009,35.397226736,57.027985795,0.5,0.5625,-0.999999822,  0000945P0001916
5.960891925E-04,2.844714849E-05;                                 0000945P0001917
126,4,4,0,0,1,0,0.5625,0.5625,0.5625,0.5625,0.5625,0.625,0.625,  0000947P0001918
0.625,0.625,0.625,1.,1.,1.,1.,1.,-47.64000009,35.397226736,      0000947P0001919
57.027985795,-47.640000081,35.229663626,58.79225444,             0000947P0001920
-47.63984522,35.007605815,60.534818152,-47.640000088,            0000947P0001921
34.732519182,62.255676932,-47.640000101,34.406107686,            0000947P0001922
63.954830778,0.5625,0.625,-0.999999844,5.52544041E-04,           0000947P0001923
7.931113876E-05;                                                 0000947P0001924
126,4,4,0,0,1,0,0.625,0.625,0.625,0.625,0.625,0.6875,0.6875,     0000949P0001925
0.6875,0.6875,0.6875,1.,1.,1.,1.,1.,-47.640000101,34.406107686,  0000949P0001926
63.954830778,-47.640000065,34.067165864,65.71921232,             0000949P0001927
-47.639858005,33.675249129,67.447723638,-47.640000053,           0000949P0001928
33.232860531,69.140364733,-47.640000075,32.74254837,             0000949P0001929
70.797135604,0.625,0.6875,-0.999999878,4.802879826E-04,          0000949P0001930
1.171297749E-04;                                                 0000949P0001931
126,4,4,0,0,1,0,0.6875,0.6875,0.6875,0.6875,0.6875,0.75,0.75,    0000951P0001932
0.75,0.75,0.75,1.,1.,1.,1.,1.,-47.640000075,32.74254837,         0000951P0001933
70.797135604,-47.640000037,32.232767082,72.519693196,            0000951P0001934
-47.639887924,31.673986315,74.193824513,-47.639999983,           0000951P0001935
31.069464896,75.819529555,-47.639999968,30.422245288,            0000951P0001936
77.396808322,0.6875,0.75,-0.999999928,3.567774817E-04,           0000951P0001937
1.257920718E-04;                                                 0000951P0001938
126,4,4,0,0,1,0,0.75,0.75,0.75,0.75,0.75,0.8125,0.8125,0.8125,   0000953P0001939
0.8125,0.8125,1.,1.,1.,1.,1.,-47.639999968,30.422245288,         0000953P0001940
77.396808322,-47.639999939,29.737182585,79.066311032,            0000953P0001941
-47.639903793,29.00706038,80.674690183,-47.639999964,            0000953P0001942
28.235705728,82.221945776,-47.640000013,27.426330976,            0000953P0001943
83.708077809,0.75,0.8125,-0.999999954,2.732889207E-04,           0000953P0001944
1.300254522E-04;                                                 0000953P0001945
126,4,4,0,0,1,0,0.8125,0.8125,0.8125,0.8125,0.8125,0.875,0.875,  0000955P0001946
0.875,0.875,0.875,1.,1.,1.,1.,1.,-47.640000013,27.426330976,     0000955P0001947
83.708077809,-47.639999967,26.550560479,85.316122587,            0000955P0001948
-47.639900963,25.633110363,86.847360635,-47.639999931,           0000955P0001949
24.678153116,88.301791954,-47.639999933,23.688629512,            0000955P0001950
89.679416542,0.8125,0.875,-0.999999963,2.303801586E-04,          0000955P0001951
1.444914236E-04;                                                 0000955P0001952
126,4,4,0,0,1,0,0.875,0.875,0.875,0.875,0.875,0.9375,0.9375,     0000957P0001953
0.9375,0.9375,0.9375,1.,1.,1.,1.,1.,-47.639999933,23.688629512,  0000957P0001954
89.679416542,-47.639999944,22.622830789,91.16323208,             0000957P0001955
-47.639857081,21.520563883,92.552960124,-47.639999969,           0000957P0001956
20.385494276,93.848600673,-47.639999984,19.219212558,            0000957P0001957
95.050153727,0.875,0.9375,-0.999999945,2.557014201E-04,          0000957P0001958
2.130303972E-04;                                                 0000957P0001959
126,4,4,0,0,1,0,0.9375,0.9375,0.9375,0.9375,0.9375,0.96875,      0000959P0001960
0.96875,0.96875,0.96875,0.96875,1.,1.,1.,1.,1.,-47.639999984,    0000959P0001961
19.219212558,95.050153727,-47.639999999,18.596197216,            0000959P0001962
95.692010623,-47.639984527,17.965061387,96.306163188,            0000959P0001963
-47.640000006,17.326048658,96.892611423,-47.640000004,           0000959P0001964
16.679221314,97.451355326,0.9375,0.96875,-0.999999993,           0000959P0001965
8.297867726E-05,8.777809071E-05;                                 0000959P0001966
126,4,4,0,0,1,0,0.96875,0.96875,0.96875,0.96875,0.96875,1.,1.,   0000961P0001967
1.,1.,1.,1.,1.,1.,1.,1.,-47.640000004,16.679221314,97.451355326, 0000961P0001968
-47.640000018,15.994388981,98.042928748,-47.639973194,           0000961P0001969
15.302038779,98.602394001,-47.640000018,14.602224484,            0000961P0001970
99.129751085,-47.639999998,13.89476431,99.625,0.96875,1.,        0000961P0001971
-0.999999984,1.100320254E-04,1.409471628E-04;                    0000961P0001972
100,0.,0.,0.,49.625,-1.110716155E-27,26.678196749,41.843929586;  0000963P0001973
124,-0.960000546,0.279998128,6.703649855E-15,0.,0.279998128,     0000965P0001974
0.960000546,1.955210062E-15,-2.505422235E-29,-5.888052365E-15,   0000965P0001975
3.754012135E-15,-1.,99.625;                                      0000965P0001976
126,4,4,0,0,1,0,0.,0.,0.,0.,0.,3.125E-02,3.125E-02,3.125E-02,    0000967P0001977
3.125E-02,3.125E-02,1.,1.,1.,1.,1.,-13.894693084,47.640000033,   0000967P0001978
99.625,-14.602020172,47.640000014,99.129851079,-15.30170031,     0000967P0001979
47.639973207,98.602610862,-15.993915324,47.639999977,            0000967P0001980
98.043279349,-16.678611603,47.639999965,97.451856539,0.,         0000967P0001981
3.125E-02,-1.101986615E-04,0.999999984,1.41132179E-04;           0000967P0001982
126,4,4,0,0,1,0,3.125E-02,3.125E-02,3.125E-02,3.125E-02,         0000969P0001983
3.125E-02,6.25E-02,6.25E-02,6.25E-02,6.25E-02,6.25E-02,1.,1.,1., 0000969P0001984
1.,1.,-16.678611603,47.639999965,97.451856539,-17.329152637,     0000969P0001985
47.639999975,96.889936089,-17.971784203,47.63998417,             0000969P0001986
96.299997629,-18.606443023,47.639999972,95.682041159,            0000969P0001987
-19.232880303,47.639999957,95.036066678,3.125E-02,6.25E-02,      0000969P0001988
-8.374704327E-05,0.999999993,8.85556165E-05;                     0000969P0001989
126,4,4,0,0,1,0,6.25E-02,6.25E-02,6.25E-02,6.25E-02,6.25E-02,    0000971P0001990
0.125,0.125,0.125,0.125,0.125,1.,1.,1.,1.,1.,-19.232880303,      0000971P0001991
47.639999957,95.036066678,-20.409306501,47.639999978,            0000971P0001992
93.822950205,-21.553927005,47.639851658,92.514089043,            0000971P0001993
-22.66510077,47.639999988,91.109483193,-23.73903785,             0000971P0001994
47.639999969,89.609132655,6.25E-02,0.125,-2.609574024E-04,       0000971P0001995
0.999999942,2.169452788E-04;                                     0000971P0001996
126,4,4,0,0,1,0,0.125,0.125,0.125,0.125,0.125,0.1875,0.1875,     0000973P0001997
0.1875,0.1875,0.1875,1.,1.,1.,1.,1.,-23.73903785,47.639999969,   0000973P0001998
89.609132655,-24.721909304,47.640000019,88.236005729,            0000973P0001999
-25.670489743,47.63990306,86.786944977,-26.581868843,            0000973P0002000
47.640000071,85.261950399,-27.451934828,47.640000064,            0000973P0002001
83.661021994,0.125,0.1875,-2.279917233E-04,0.999999964,          0000973P0002002
1.426017355E-04;                                                 0000973P0002003
126,4,4,0,0,1,0,0.1875,0.1875,0.1875,0.1875,0.1875,0.25,0.25,    0000975P0002004
0.25,0.25,0.25,1.,1.,1.,1.,1.,-27.451934828,47.640000064,        0000975P0002005
83.661021994,-28.265859069,47.64000005,82.163394876,             0000975P0002006
-29.041170672,47.639900819,80.603883894,-29.774587166,           0000975P0002007
47.640000046,78.982489048,-30.462198377,47.640000057,            0000975P0002008
77.299210338,0.1875,0.25,-2.780872788E-04,0.999999953,           0000975P0002009
1.318976039E-04;                                                 0000975P0002010
126,4,4,0,0,1,0,0.25,0.25,0.25,0.25,0.25,0.3125,0.3125,0.3125,   0000977P0002011
0.3125,0.3125,1.,1.,1.,1.,1.,-30.462198377,47.640000057,         0000977P0002012
77.299210338,-31.108353359,47.639999999,75.717417135,            0000977P0002013
-31.711555936,47.63988649,74.08719286,-32.268750438,             0000977P0002014
47.639999976,72.408537513,-32.776668204,47.640000017,            0000977P0002015
70.681451094,0.25,0.3125,-3.606236399E-04,0.999999927,           0000977P0002016
1.264611326E-04;                                                 0000977P0002017
126,4,4,0,0,1,0,0.3125,0.3125,0.3125,0.3125,0.3125,0.375,0.375,  0000979P0002018
0.375,0.375,0.375,1.,1.,1.,1.,1.,-32.776668204,47.640000017,     0000979P0002019
70.681451094,-33.258991249,47.63999996,69.041395561,             0000979P0002020
-33.69434975,47.639863765,67.366403002,-34.080285775,            0000979P0002021
47.639999929,65.656473418,-34.414387457,47.639999959,            0000979P0002022
63.911606808,0.3125,0.375,-4.710911518E-04,0.999999883,          0000979P0002023
1.142932541E-04;                                                 0000979P0002024
126,4,4,0,0,1,0,0.375,0.375,0.375,0.375,0.375,0.4375,0.4375,     0000981P0002025
0.4375,0.4375,0.4375,1.,1.,1.,1.,1.,-34.414387457,47.639999959,  0000981P0002026
63.911606808,-34.73927443,47.640000022,62.214864339,             0000981P0002027
-35.012978798,47.639846126,60.496563431,-35.23380992,            0000981P0002028
47.640000092,58.756704083,-35.400314502,47.640000098,            0000981P0002029
56.995286294,0.375,0.4375,-5.506283228E-04,0.999999845,          0000981P0002030
7.876315286E-05;                                                 0000981P0002031
126,4,4,0,0,1,0,0.4375,0.4375,0.4375,0.4375,0.4375,0.5,0.5,0.5,  0000983P0002032
0.5,0.5,1.,1.,1.,1.,1.,-35.400314502,47.640000098,56.995286294,  0000983P0002033
-35.565464232,47.640000045,55.248202042,-35.675878204,           0000983P0002034
47.63983181,53.493759611,-35.730832294,47.639999942,             0000983P0002035
51.731958999,-35.729948296,47.639999895,49.962800207,0.4375,0.5, 0000983P0002036
-6.039057101E-04,0.999999817,2.83725292E-05;                     0000983P0002037
126,4,4,0,0,1,0,0.5,0.5,0.5,0.5,0.5,0.5625,0.5625,0.5625,0.5625, 0000985P0002038
0.5625,1.,1.,1.,1.,1.,-35.729948296,47.639999895,49.962800207,   0000985P0002039
-35.729069309,47.639999981,48.204027332,-35.673010612,           0000985P0002040
47.639835823,46.452637532,-35.562153217,47.640000043,            0000985P0002041
44.708630808,-35.397215581,47.640000022,42.972007158,0.5,0.5625, 0000985P0002042
5.959347688E-04,-0.999999822,2.843976498E-05;                    0000985P0002043
126,4,4,0,0,1,0,0.5625,0.5625,0.5625,0.5625,0.5625,0.625,0.625,  0000987P0002044
0.625,0.625,0.625,1.,1.,1.,1.,1.,-35.397215581,47.640000022,     0000987P0002045
42.972007158,-35.229652168,47.640000063,41.20773767,             0000987P0002046
-35.007594046,47.639845202,39.465172717,-34.732507066,           0000987P0002047
47.640000008,37.7443123,-34.406095148,47.639999917,36.045156419, 0000987P0002048
0.5625,0.625,5.515980316E-04,-0.999999845,7.919285817E-05;       0000987P0002049
126,4,4,0,0,1,0,0.625,0.625,0.625,0.625,0.625,0.6875,0.6875,     0000989P0002050
0.6875,0.6875,0.6875,1.,1.,1.,1.,1.,-34.406095148,47.639999917,  0000989P0002051
36.045156419,-34.067153014,47.639999946,34.280774678,            0000989P0002052
-33.67523589,47.639857922,32.552262235,-33.232846756,            0000989P0002053
47.639999956,30.859619089,-32.742533818,47.63999994,             0000989P0002054
29.202845241,0.625,0.6875,4.796840371E-04,-0.999999878,          0000989P0002055
1.1697577E-04;                                                   0000989P0002056
126,4,4,0,0,1,0,0.6875,0.6875,0.6875,0.6875,0.6875,0.75,0.75,    0000991P0002057
0.75,0.75,0.75,1.,1.,1.,1.,1.,-32.742533818,47.63999994,         0000991P0002058
29.202845241,-32.232752042,47.64000002,27.480286408,             0000991P0002059
-31.673970845,47.639887929,25.806153189,-31.069448926,           0000991P0002060
47.640000044,24.180445583,-30.422228734,47.639999999,            0000991P0002061
22.603163591,0.6875,0.75,3.561469042E-04,-0.999999929,           0000991P0002062
1.255456848E-04;                                                 0000991P0002063
126,4,4,0,0,1,0,0.75,0.75,0.75,0.75,0.75,0.8125,0.8125,0.8125,   0000993P0002064
0.8125,0.8125,1.,1.,1.,1.,1.,-30.422228734,47.639999999,         0000993P0002065
22.603163591,-29.737165156,47.640000021,20.933657158,            0000993P0002066
-29.00704273,47.639903853,19.325275526,-28.235688544,            0000993P0002067
47.640000019,17.778018693,-27.426315063,47.639999998,            0000993P0002068
16.29188666,0.75,0.8125,2.727906956E-04,-0.999999954,            0000993P0002069
1.2979629E-04;                                                   0000993P0002070
126,4,4,0,0,1,0,0.8125,0.8125,0.8125,0.8125,0.8125,0.875,0.875,  0000995P0002071
0.875,0.875,0.875,1.,1.,1.,1.,1.,-27.426315063,47.639999998,     0000995P0002072
16.29188666,-26.550541434,47.639999998,14.683833991,             0000995P0002073
-25.633089752,47.639900981,13.152592254,-24.678132756,           0000995P0002074
47.640000017,11.698161448,-23.688611635,47.64000003,             0000995P0002075
10.320541574,0.8125,0.875,2.30373358E-04,-0.999999963,           0000995P0002076
1.444685061E-04;                                                 0000995P0002077
126,4,4,0,0,1,0,0.875,0.875,0.875,0.875,0.875,0.9375,0.9375,     0000997P0002078
0.9375,0.9375,0.9375,1.,1.,1.,1.,1.,-23.688611635,47.64000003,   0000997P0002079
10.320541574,-22.622803753,47.639999996,8.836714473,             0000997P0002080
-21.520530603,47.639857148,7.446983634,-20.385458432,            0000997P0002081
47.639999962,6.151349057,-19.219178493,47.63999996,4.949810742,  0000997P0002082
0.875,0.9375,2.556703776E-04,-0.999999945,2.130278837E-04;       0000997P0002083
126,4,4,0,0,1,0,0.9375,0.9375,0.9375,0.9375,0.9375,0.96875,      0000999P0002084
0.96875,0.96875,0.96875,0.96875,1.,1.,1.,1.,1.,-19.219178493,    0000999P0002085
47.63999996,4.949810742,-18.596162932,47.639999998,4.307960595,  0000999P0002086
-17.965024027,47.639984554,3.693812942,-17.326005341,            0000999P0002087
47.640000023,3.107367785,-16.679169079,47.640000013,2.548625121, 0000999P0002088
0.9375,0.96875,8.26373829E-05,-0.999999993,8.740406472E-05;      0000999P0002089
126,4,4,0,0,1,0,0.96875,0.96875,0.96875,0.96875,0.96875,1.,1.,   0001001P0002090
1.,1.,1.,1.,1.,1.,1.,1.,-16.679169079,47.640000013,2.548625121,  0001001P0002091
-15.994338263,47.640000014,1.957062468,-15.301985467,            0001001P0002092
47.639973212,1.397604063,-14.602164385,47.640000028,0.870249907, 0001001P0002093
-13.894693084,47.640000033,0.375,0.96875,1.,1.102055289E-04,     0001001P0002094
-0.999999984,1.411595878E-04;                                    0001001P0002095
100,0.,0.,0.,-13.894795469,47.640059654,-47.640014846,           0001003P0002096
13.8949491;                                                      0001003P0002097
124,1.,0.,0.,0.,0.,1.,0.,0.,0.,0.,1.,0.375;                      0001005P0002098
144,1009,1,0,1011;                                               0001007P0002099
128,1,1,1,1,0,0,1,0,0,0.,0.,1.,1.,0.,0.,1.,1.,1.,1.,1.,1.,       0001009P0002100
-47.64,-36.433387126,0.374999989,-47.64,36.433387123,            0001009P0002101
0.374999989,-47.64,-36.433387126,99.625,-47.64,36.433387123,     0001009P0002102
99.625,9.629437E-03,0.990370563,0.,1.;                           0001009P0002103
142,0,1009,1013,1107,3;                                          0001011P0002104
102,46,1015,1017,1019,1021,1023,1025,1027,1029,1031,1033,1035,   0001013P0002105
1037,1039,1041,1043,1045,1047,1049,1051,1053,1055,1057,1059,     0001013P0002106
1061,1063,1065,1067,1069,1071,1073,1075,1077,1079,1081,1083,     0001013P0002107
1085,1087,1089,1091,1093,1095,1097,1099,1101,1103,1105;          0001013P0002108
126,1,1,1,0,1,0,2.697527989E-04,2.697527989E-04,27.789798389,    0001015P0002109
27.789798389,1.,1.,0.309312757,0.,0.,0.690687243,0.,0.,          0001015P0002110
2.697527989E-04,27.789798389,0.,0.,1.;                           0001015P0002111
126,2,2,1,0,1,0,0.,0.,0.,3.125E-02,3.125E-02,3.125E-02,1.,1.,1., 0001017P0002112
0.690687243,0.,0.,0.71009193,9.973031E-03,0.,0.728892584,        0001017P0002113
2.1895853E-02,0.,0.,3.125E-02,0.,0.,1.;                          0001017P0002114
126,2,2,1,0,1,0,3.125E-02,3.125E-02,3.125E-02,6.25E-02,6.25E-02, 0001019P0002115
6.25E-02,1.,1.,1.,0.728892584,2.1895853E-02,0.,0.74677437,       0001019P0002116
3.3235957E-02,0.,0.763946314,4.6236486E-02,0.,3.125E-02,         0001019P0002117
6.25E-02,0.,0.,1.;                                               0001019P0002118
126,2,2,1,0,1,0,6.25E-02,6.25E-02,6.25E-02,9.375E-02,9.375E-02,  0001021P0002119
9.375E-02,1.,1.,1.,0.763946314,4.6236486E-02,0.,0.780482732,     0001021P0002120
5.8755871E-02,0.,0.796235606,7.2721559E-02,0.,6.25E-02,          0001021P0002121
9.375E-02,0.,0.,1.;                                              0001021P0002122
126,2,2,1,0,1,0,9.375E-02,9.375E-02,9.375E-02,0.125,0.125,0.125, 0001023P0002123
1.,1.,1.,0.796235606,7.2721559E-02,0.,0.811444458,8.6204946E-02, 0001023P0002124
0.,0.825787136,0.100915994,0.,9.375E-02,0.125,0.,0.,1.;          0001023P0002125
126,2,2,1,0,1,0,0.125,0.125,0.125,0.15625,0.15625,0.15625,1.,1., 0001025P0002126
1.,0.825787136,0.100915994,0.,0.839625593,0.115109871,0.,        0001025P0002127
0.852541309,0.130327617,0.,0.125,0.15625,0.,0.,1.;               0001025P0002128
126,2,2,1,0,1,0,0.15625,0.15625,0.15625,0.1875,0.1875,0.1875,1., 0001027P0002129
1.,1.,0.852541309,0.130327617,0.,0.865127694,0.145157333,0.,     0001027P0002130
0.876741686,0.160846493,0.,0.15625,0.1875,0.,0.,1.;              0001027P0002131
126,2,2,1,0,1,0,0.1875,0.1875,0.1875,0.25,0.25,0.25,1.,1.,1.,    0001029P0002132
0.876741686,0.160846493,0.,0.899479216,0.191562265,0.,           0001029P0002133
0.918053583,0.224945293,0.,0.1875,0.25,0.,0.,1.;                 0001029P0002134
126,2,2,1,0,1,0,0.25,0.25,0.25,0.3125,0.3125,0.3125,1.,1.,1.,    0001031P0002135
0.918053583,0.224945293,0.,0.936098708,0.257377133,0.,           0001031P0002136
0.949816581,0.291622862,0.,0.25,0.3125,0.,0.,1.;                 0001031P0002137
126,2,2,1,0,1,0,0.3125,0.3125,0.3125,0.375,0.375,0.375,1.,1.,1., 0001033P0002138
0.949816581,0.291622862,0.,0.96324659,0.325149958,0.,            0001033P0002139
0.972292077,0.359832805,0.,0.3125,0.375,0.,0.,1.;                0001033P0002140
126,2,2,1,0,1,0,0.375,0.375,0.375,0.4375,0.4375,0.4375,1.,1.,1., 0001035P0002141
0.972292077,0.359832805,0.,0.98129457,0.394350801,0.,            0001035P0002142
0.985822604,0.429518608,0.,0.375,0.4375,0.,0.,1.;                0001035P0002143
126,2,2,1,0,1,0,0.4375,0.4375,0.4375,0.5,0.5,0.5,1.,1.,1.,       0001037P0002144
0.985822604,0.429518608,0.,0.990370563,0.464841176,0.,           0001037P0002145
0.990346377,0.500374821,0.,0.4375,0.5,0.,0.,1.;                  0001037P0002146
126,2,2,1,0,1,0,0.5,0.5,0.5,0.5625,0.5625,0.5625,1.,1.,1.,       0001039P0002147
0.990346377,0.500374821,0.,0.990322333,0.535698793,0.,           0001039P0002148
0.985780072,0.57081094,0.,0.5,0.5625,0.,0.,1.;                   0001039P0002149
126,2,2,1,0,1,0,0.5625,0.5625,0.5625,0.625,0.625,0.625,1.,1.,1., 0001041P0002150
0.985780072,0.57081094,0.,0.981223447,0.606034125,0.,            0001041P0002151
0.972178276,0.640602829,0.,0.5625,0.625,0.,0.,1.;                0001041P0002152
126,2,2,1,0,1,0,0.625,0.625,0.625,0.6875,0.6875,0.6875,1.,1.,1., 0001043P0002153
0.972178276,0.640602829,0.,0.963003463,0.675666996,0.,           0001043P0002154
0.949348126,0.709542928,0.,0.625,0.6875,0.,0.,1.;                0001043P0002155
126,2,2,1,0,1,0,0.6875,0.6875,0.6875,0.75,0.75,0.75,1.,1.,1.,    0001045P0002156
0.949348126,0.709542928,0.,0.935579697,0.743699417,0.,           0001045P0002157
0.917505036,0.776038371,0.,0.6875,0.75,0.,0.,1.;                 0001045P0002158
126,2,2,1,0,1,0,0.75,0.75,0.75,0.8125,0.8125,0.8125,1.,1.,1.,    0001047P0002159
0.917505036,0.776038371,0.,0.898997095,0.809152544,0.,           0001047P0002160
0.87639008,0.839627988,0.,0.75,0.8125,0.,0.,1.;                  0001047P0002161
126,2,2,1,0,1,0,0.8125,0.8125,0.8125,0.84375,0.84375,0.84375,1., 0001049P0002162
1.,1.,0.87639008,0.839627988,0.,0.86471382,0.8553682,0.,         0001049P0002163
0.852058852,0.870240094,0.,0.8125,0.84375,0.,0.,1.;              0001049P0002164
126,2,2,1,0,1,0,0.84375,0.84375,0.84375,0.875,0.875,0.875,1.,1., 0001051P0002165
1.,0.852058852,0.870240094,0.,0.839042987,0.885536108,0.,        0001051P0002166
0.825095075,0.89979261,0.,0.84375,0.875,0.,0.,1.;                0001051P0002167
126,2,2,1,0,1,0,0.875,0.875,0.875,0.90625,0.90625,0.90625,1.,1., 0001053P0002168
1.,0.825095075,0.89979261,0.,0.810833664,0.914369546,0.,         0001053P0002169
0.795721209,0.927733907,0.,0.875,0.90625,0.,0.,1.;               0001053P0002170
126,2,2,1,0,1,0,0.90625,0.90625,0.90625,0.9375,0.9375,0.9375,1., 0001055P0002171
1.,1.,0.795721209,0.927733907,0.,0.780122483,0.941528292,0.,     0001055P0002172
0.763758245,0.953905831,0.,0.90625,0.9375,0.,0.,1.;              0001055P0002173
126,2,2,1,0,1,0,0.9375,0.9375,0.9375,0.96875,0.96875,0.96875,1., 0001057P0002174
1.,1.,0.763758245,0.953905831,0.,0.746679914,0.966823494,0.,     0001057P0002175
0.728900229,0.978099298,0.,0.9375,0.96875,0.,0.,1.;              0001057P0002176
126,2,2,1,0,1,0,0.96875,0.96875,0.96875,1.,1.,1.,1.,1.,1.,       0001059P0002177
0.728900229,0.978099298,0.,0.710095887,0.990024935,0.,           0001059P0002178
0.690687243,1.,0.,0.96875,1.,0.,0.,1.;                           0001059P0002179
126,1,1,1,0,1,0,1.348763994E-04,1.348763994E-04,27.789663497,    0001061P0002180
27.789663497,1.,1.,0.690687243,1.,0.,0.309312757,1.,0.,          0001061P0002181
1.348763994E-04,27.789663497,0.,0.,1.;                           0001061P0002182
126,2,2,1,0,1,0,0.,0.,0.,3.125E-02,3.125E-02,3.125E-02,1.,1.,1., 0001063P0002183
0.309312757,1.,0.,0.28990807,0.990026969,0.,0.271107416,         0001063P0002184
0.978104147,0.,0.,3.125E-02,0.,0.,1.;                            0001063P0002185
126,2,2,1,0,1,0,3.125E-02,3.125E-02,3.125E-02,6.25E-02,6.25E-02, 0001065P0002186
6.25E-02,1.,1.,1.,0.271107416,0.978104147,0.,0.25322563,         0001065P0002187
0.966764043,0.,0.236053686,0.953763514,0.,3.125E-02,6.25E-02,0., 0001065P0002188
0.,1.;                                                           0001065P0002189
126,2,2,1,0,1,0,6.25E-02,6.25E-02,6.25E-02,9.375E-02,9.375E-02,  0001067P0002190
9.375E-02,1.,1.,1.,0.236053686,0.953763514,0.,0.219517268,       0001067P0002191
0.941244129,0.,0.203764394,0.927278441,0.,6.25E-02,9.375E-02,0., 0001067P0002192
0.,1.;                                                           0001067P0002193
126,2,2,1,0,1,0,9.375E-02,9.375E-02,9.375E-02,0.125,0.125,0.125, 0001069P0002194
1.,1.,1.,0.203764394,0.927278441,0.,0.188555542,0.913795054,0.,  0001069P0002195
0.174212864,0.899084006,0.,9.375E-02,0.125,0.,0.,1.;             0001069P0002196
126,2,2,1,0,1,0,0.125,0.125,0.125,0.15625,0.15625,0.15625,1.,1., 0001071P0002197
1.,0.174212864,0.899084006,0.,0.160374407,0.884890129,0.,        0001071P0002198
0.14745869,0.869672383,0.,0.125,0.15625,0.,0.,1.;                0001071P0002199
126,2,2,1,0,1,0,0.15625,0.15625,0.15625,0.1875,0.1875,0.1875,1., 0001073P0002200
1.,1.,0.14745869,0.869672383,0.,0.134872306,0.854842667,0.,      0001073P0002201
0.123258314,0.839153507,0.,0.15625,0.1875,0.,0.,1.;              0001073P0002202
126,2,2,1,0,1,0,0.1875,0.1875,0.1875,0.25,0.25,0.25,1.,1.,1.,    0001075P0002203
0.123258314,0.839153507,0.,0.100520784,0.808437735,0.,           0001075P0002204
8.1946417E-02,0.775054707,0.,0.1875,0.25,0.,0.,1.;               0001075P0002205
126,2,2,1,0,1,0,0.25,0.25,0.25,0.3125,0.3125,0.3125,1.,1.,1.,    0001077P0002206
8.1946417E-02,0.775054707,0.,6.3901292E-02,0.742622867,0.,       0001077P0002207
5.0183419E-02,0.708377138,0.,0.25,0.3125,0.,0.,1.;               0001077P0002208
126,2,2,1,0,1,0,0.3125,0.3125,0.3125,0.375,0.375,0.375,1.,1.,1., 0001079P0002209
5.0183419E-02,0.708377138,0.,3.675341E-02,0.674850042,0.,        0001079P0002210
2.7707923E-02,0.640167195,0.,0.3125,0.375,0.,0.,1.;              0001079P0002211
126,2,2,1,0,1,0,0.375,0.375,0.375,0.4375,0.4375,0.4375,1.,1.,1., 0001081P0002212
2.7707923E-02,0.640167195,0.,1.870543E-02,0.605649199,0.,        0001081P0002213
1.4177396E-02,0.570481392,0.,0.375,0.4375,0.,0.,1.;              0001081P0002214
126,2,2,1,0,1,0,0.4375,0.4375,0.4375,0.5,0.5,0.5,1.,1.,1.,       0001083P0002215
1.4177396E-02,0.570481392,0.,9.629437E-03,0.535158824,0.,        0001083P0002216
9.653623E-03,0.499625179,0.,0.4375,0.5,0.,0.,1.;                 0001083P0002217
126,2,2,1,0,1,0,0.5,0.5,0.5,0.5625,0.5625,0.5625,1.,1.,1.,       0001085P0002218
9.653623E-03,0.499625179,0.,9.677667E-03,0.464301207,0.,         0001085P0002219
1.4219928E-02,0.42918906,0.,0.5,0.5625,0.,0.,1.;                 0001085P0002220
126,2,2,1,0,1,0,0.5625,0.5625,0.5625,0.625,0.625,0.625,1.,1.,1., 0001087P0002221
1.4219928E-02,0.42918906,0.,1.8776553E-02,0.393965875,0.,        0001087P0002222
2.7821724E-02,0.359397171,0.,0.5625,0.625,0.,0.,1.;              0001087P0002223
126,2,2,1,0,1,0,0.625,0.625,0.625,0.6875,0.6875,0.6875,1.,1.,1., 0001089P0002224
2.7821724E-02,0.359397171,0.,3.6996537E-02,0.324333004,0.,       0001089P0002225
5.0651874E-02,0.290457072,0.,0.625,0.6875,0.,0.,1.;              0001089P0002226
126,2,2,1,0,1,0,0.6875,0.6875,0.6875,0.75,0.75,0.75,1.,1.,1.,    0001091P0002227
5.0651874E-02,0.290457072,0.,6.4420303E-02,0.256300583,0.,       0001091P0002228
8.2494964E-02,0.223961629,0.,0.6875,0.75,0.,0.,1.;               0001091P0002229
126,2,2,1,0,1,0,0.75,0.75,0.75,0.8125,0.8125,0.8125,1.,1.,1.,    0001093P0002230
8.2494964E-02,0.223961629,0.,0.101002905,0.190847456,0.,         0001093P0002231
0.12360992,0.160372012,0.,0.75,0.8125,0.,0.,1.;                  0001093P0002232
126,2,2,1,0,1,0,0.8125,0.8125,0.8125,0.84375,0.84375,0.84375,1., 0001095P0002233
1.,1.,0.12360992,0.160372012,0.,0.13528618,0.144631801,0.,       0001095P0002234
0.147941148,0.129759906,0.,0.8125,0.84375,0.,0.,1.;              0001095P0002235
126,2,2,1,0,1,0,0.84375,0.84375,0.84375,0.875,0.875,0.875,1.,1., 0001097P0002236
1.,0.147941148,0.129759906,0.,0.160957013,0.114463892,0.,        0001097P0002237
0.174904925,0.100207391,0.,0.84375,0.875,0.,0.,1.;               0001097P0002238
126,2,2,1,0,1,0,0.875,0.875,0.875,0.90625,0.90625,0.90625,1.,1., 0001099P0002239
1.,0.174904925,0.100207391,0.,0.189166336,8.5630455E-02,0.,      0001099P0002240
0.204278791,7.2266093E-02,0.,0.875,0.90625,0.,0.,1.;             0001099P0002241
126,2,2,1,0,1,0,0.90625,0.90625,0.90625,0.9375,0.9375,0.9375,1., 0001101P0002242
1.,1.,0.204278791,7.2266093E-02,0.,0.219877517,5.8471708E-02,0., 0001101P0002243
0.236241755,4.6094169E-02,0.,0.90625,0.9375,0.,0.,1.;            0001101P0002244
126,2,2,1,0,1,0,0.9375,0.9375,0.9375,0.96875,0.96875,0.96875,1., 0001103P0002245
1.,1.,0.236241755,4.6094169E-02,0.,0.253320086,3.3176506E-02,0., 0001103P0002246
0.27109977,2.1900702E-02,0.,0.9375,0.96875,0.,0.,1.;             0001103P0002247
126,2,2,1,0,1,0,0.96875,0.96875,0.96875,1.,1.,1.,1.,1.,1.,       0001105P0002248
0.27109977,2.1900702E-02,0.,0.289904114,9.975064E-03,0.,         0001105P0002249
0.309312757,0.,0.,0.96875,1.,0.,0.,1.;                           0001105P0002250
102,46,1109,1111,1113,1115,1117,1119,1121,1123,1125,1127,1129,   0001107P0002251
1131,1133,1135,1137,1139,1141,1143,1145,1147,1149,1151,1153,     0001107P0002252
1155,1157,1159,1161,1163,1165,1167,1169,1171,1173,1175,1177,     0001107P0002253
1179,1181,1183,1185,1187,1189,1191,1193,1195,1197,1199;          0001107P0002254
110,-47.64,-13.894764317,0.375,-47.64,13.89476432,0.375;         0001109P0002255
126,2,2,1,0,1,0,0.,0.,0.,3.125E-02,3.125E-02,3.125E-02,1.,1.,1., 0001111P0002256
-47.64,13.894764286,0.374999989,-47.64,15.308721233,1.364823316, 0001111P0002257
-47.64,16.678664244,2.5481634,0.,3.125E-02,1.,-2.24011437E-14,   0001111P0002258
0.;                                                              0001111P0002259
126,2,2,1,0,1,0,3.125E-02,3.125E-02,3.125E-02,6.25E-02,6.25E-02, 0001113P0002260
6.25E-02,1.,1.,1.,-47.64,16.678664244,2.5481634,-47.64,          0001113P0002261
17.981652308,3.673668722,-47.64,19.232916475,4.963971225,        0001113P0002262
3.125E-02,6.25E-02,1.,0.,0.;                                     0001113P0002263
126,2,2,1,0,1,0,6.25E-02,6.25E-02,6.25E-02,9.375E-02,9.375E-02,  0001115P0002264
9.375E-02,1.,1.,1.,-47.64,19.232916475,4.963971225,-47.64,       0001115P0002265
20.437871912,6.206520186,-47.64,21.585733025,7.592614721,        0001115P0002266
6.25E-02,9.375E-02,1.,0.,0.;                                     0001115P0002267
126,2,2,1,0,1,0,9.375E-02,9.375E-02,9.375E-02,0.125,0.125,0.125, 0001117P0002268
1.,1.,1.,-47.64,21.585733025,7.592614721,-47.64,22.693953011,    0001117P0002269
8.930840881,-47.64,23.739057691,10.390912395,9.375E-02,0.125,1., 0001117P0002270
0.,0.;                                                           0001117P0002271
126,2,2,1,0,1,0,0.125,0.125,0.125,0.15625,0.15625,0.15625,1.,1., 0001119P0002272
1.,-47.64,23.739057691,10.390912395,-47.64,24.747421413,         0001119P0002273
11.799654687,-47.64,25.688547975,13.310015978,0.125,0.15625,1.,  0001119P0002274
0.,0.;                                                           0001119P0002275
126,2,2,1,0,1,0,0.15625,0.15625,0.15625,0.1875,0.1875,0.1875,1., 0001121P0002276
1.,1.,-47.64,25.688547975,13.310015978,-47.64,26.605677249,      0001121P0002277
14.781865291,-47.64,27.451951383,16.339014421,0.15625,0.1875,1., 0001121P0002278
0.,0.;                                                           0001121P0002279
126,2,2,1,0,1,0,0.1875,0.1875,0.1875,0.25,0.25,0.25,1.,1.,1.,    0001123P0002280
-47.64,27.451951383,16.339014421,-47.64,29.108761848,            0001123P0002281
19.387554792,-47.64,30.462216055,22.700820322,0.1875,0.25,1.,0., 0001123P0002282
0.;                                                              0001123P0002283
126,2,2,1,0,1,0,0.25,0.25,0.25,0.3125,0.3125,0.3125,1.,1.,1.,    0001125P0002284
-47.64,30.462216055,22.700820322,-47.64,31.777106105,            0001125P0002285
25.919680442,-47.64,32.77668326,29.318569046,0.25,0.3125,1.,0.,  0001125P0002286
0.;                                                              0001125P0002287
126,2,2,1,0,1,0,0.3125,0.3125,0.3125,0.375,0.375,0.375,1.,1.,1., 0001127P0002288
-47.64,32.77668326,29.318569046,-47.64,33.755284694,             0001127P0002289
32.646133324,-47.64,34.414400153,36.088405889,0.3125,0.375,1.,   0001127P0002290
0.,0.;                                                           0001127P0002291
126,2,2,1,0,1,0,0.375,0.375,0.375,0.4375,0.4375,0.4375,1.,1.,1., 0001129P0002292
-47.64,34.414400153,36.088405889,-47.64,35.070382778,            0001129P0002293
39.514316993,-47.64,35.400326009,43.004721838,0.375,0.4375,1.,   0001129P0002294
0.,0.;                                                           0001129P0002295
126,2,2,1,0,1,0,0.4375,0.4375,0.4375,0.5,0.5,0.5,1.,1.,1.,       0001131P0002296
-47.64,35.400326009,43.004721838,-47.64,35.731721111,            0001131P0002297
46.510486712,-47.64,35.729958755,50.037200979,0.4375,0.5,1.,0.,  0001131P0002298
0.;                                                              0001131P0002299
126,2,2,1,0,1,0,0.5,0.5,0.5,0.5625,0.5625,0.5625,1.,1.,1.,       0001133P0002300
-47.64,35.729958755,50.037200979,-47.64,35.728206747,53.5431052, 0001133P0002301
-47.64,35.39722684,57.02798579,0.5,0.5625,1.,0.,0.;              0001133P0002302
126,2,2,1,0,1,0,0.5625,0.5625,0.5625,0.625,0.625,0.625,1.,1.,1., 0001135P0002303
-47.64,35.39722684,57.02798579,-47.64,35.065200274,60.523886902, 0001135P0002304
-47.64,34.406107841,63.954830774,0.5625,0.625,1.,0.,0.;          0001135P0002305
126,2,2,1,0,1,0,0.625,0.625,0.625,0.6875,0.6875,0.6875,1.,1.,1., 0001137P0002306
-47.64,34.406107841,63.954830774,-47.64,33.737568813,            0001137P0002307
67.434949349,-47.64,32.742548455,70.797135601,0.625,0.6875,1.,   0001137P0002308
0.,0.;                                                           0001137P0002309
126,2,2,1,0,1,0,0.6875,0.6875,0.6875,0.75,0.75,0.75,1.,1.,1.,    0001139P0002310
-47.64,32.742548455,70.797135601,-47.64,31.739287447,            0001139P0002311
74.187167134,-47.64,30.422245205,77.396808319,0.6875,0.75,1.,0., 0001139P0002312
0.;                                                              0001139P0002313
126,2,2,1,0,1,0,0.75,0.75,0.75,0.8125,0.8125,0.8125,1.,1.,1.,    0001141P0002314
-47.64,30.422245205,77.396808319,-47.64,29.073631246,            0001141P0002315
80.68338999,-47.64,27.426330987,83.708077807,0.75,0.8125,1.,0.,  0001141P0002316
0.;                                                              0001141P0002317
126,2,2,1,0,1,0,0.8125,0.8125,0.8125,0.84375,0.84375,0.84375,1., 0001143P0002318
1.,1.,-47.64,27.426330987,83.708077807,-47.64,26.575519586,      0001143P0002319
85.270293848,-47.64,25.65339289,86.746329328,0.8125,0.84375,1.,  0001143P0002320
0.,0.;                                                           0001143P0002321
126,2,2,1,0,1,0,0.84375,0.84375,0.84375,0.875,0.875,0.875,1.,1., 0001145P0002322
1.,-47.64,25.65339289,86.746329328,-47.64,24.704968793,          0001145P0002323
88.264458718,-47.64,23.688629438,89.679416541,0.84375,0.875,1.,  0001145P0002324
0.,0.;                                                           0001145P0002325
126,2,2,1,0,1,0,0.875,0.875,0.875,0.90625,0.90625,0.90625,1.,1., 0001147P0002326
1.,-47.64,23.688629438,89.679416541,-47.64,22.649446422,         0001147P0002327
91.12617744,-47.64,21.548250575,92.452590269,0.875,0.90625,1.,   0001147P0002328
0.,0.;                                                           0001147P0002329
126,2,2,1,0,1,0,0.90625,0.90625,0.90625,0.9375,0.9375,0.9375,1., 0001149P0002330
1.,1.,-47.64,21.548250575,92.452590269,-47.64,20.411621729,      0001149P0002331
93.82168298,-47.64,19.219212493,95.050153726,0.90625,0.9375,1.,  0001149P0002332
0.,0.;                                                           0001149P0002333
126,2,2,1,0,1,0,0.9375,0.9375,0.9375,0.96875,0.96875,0.96875,1., 0001151P0002334
1.,1.,-47.64,19.219212493,95.050153726,-47.64,17.974769604,      0001151P0002335
96.332231779,-47.64,16.679221311,97.451355326,0.9375,0.96875,1., 0001151P0002336
0.,0.;                                                           0001151P0002337
126,2,2,1,0,1,0,0.96875,0.96875,0.96875,1.,1.,1.,1.,1.,1.,       0001153P0002338
-47.64,16.679221311,97.451355326,-47.64,15.309009567,            0001153P0002339
98.634974799,-47.64,13.894764286,99.625,0.96875,1.,1.,0.,0.;     0001153P0002340
110,-47.64,13.894764309,99.625,-47.64,-13.894764311,99.625;      0001155P0002341
126,2,2,1,0,1,0,0.,0.,0.,3.125E-02,3.125E-02,3.125E-02,1.,1.,1., 0001157P0002342
-47.64,-13.894764289,99.625,-47.64,-15.308721236,98.635176673,   0001157P0002343
-47.64,-16.678664247,97.45183659,0.,3.125E-02,1.,0.,0.;          0001157P0002344
126,2,2,1,0,1,0,3.125E-02,3.125E-02,3.125E-02,6.25E-02,6.25E-02, 0001159P0002345
6.25E-02,1.,1.,1.,-47.64,-16.678664247,97.45183659,-47.64,       0001159P0002346
-17.981652311,96.326331267,-47.64,-19.232916478,95.036028764,    0001159P0002347
3.125E-02,6.25E-02,1.,0.,0.;                                     0001159P0002348
126,2,2,1,0,1,0,6.25E-02,6.25E-02,6.25E-02,9.375E-02,9.375E-02,  0001161P0002349
9.375E-02,1.,1.,1.,-47.64,-19.232916478,95.036028764,-47.64,     0001161P0002350
-20.437871915,93.793479803,-47.64,-21.585733028,92.407385268,    0001161P0002351
6.25E-02,9.375E-02,1.,0.,0.;                                     0001161P0002352
126,2,2,1,0,1,0,9.375E-02,9.375E-02,9.375E-02,0.125,0.125,0.125, 0001163P0002353
1.,1.,1.,-47.64,-21.585733028,92.407385268,-47.64,-22.693953014, 0001163P0002354
91.069159109,-47.64,-23.739057694,89.609087594,9.375E-02,0.125,  0001163P0002355
1.,0.,0.;                                                        0001163P0002356
126,2,2,1,0,1,0,0.125,0.125,0.125,0.15625,0.15625,0.15625,1.,1., 0001165P0002357
1.,-47.64,-23.739057694,89.609087594,-47.64,-24.747421416,       0001165P0002358
88.200345302,-47.64,-25.688548051,86.689984011,0.125,0.15625,1., 0001165P0002359
0.,0.;                                                           0001165P0002360
126,2,2,1,0,1,0,0.15625,0.15625,0.15625,0.1875,0.1875,0.1875,1., 0001167P0002361
1.,1.,-47.64,-25.688548051,86.689984011,-47.64,-26.605677252,    0001167P0002362
85.218134698,-47.64,-27.451951385,83.660985568,0.15625,0.1875,   0001167P0002363
1.,0.,0.;                                                        0001167P0002364
126,2,2,1,0,1,0,0.1875,0.1875,0.1875,0.25,0.25,0.25,1.,1.,1.,    0001169P0002365
-47.64,-27.451951385,83.660985568,-47.64,-29.108761851,          0001169P0002366
80.612445197,-47.64,-30.462216058,77.299179667,0.1875,0.25,1.,   0001169P0002367
0.,0.;                                                           0001169P0002368
126,2,2,1,0,1,0,0.25,0.25,0.25,0.3125,0.3125,0.3125,1.,1.,1.,    0001171P0002369
-47.64,-30.462216058,77.299179667,-47.64,-31.777106108,          0001171P0002370
74.080319547,-47.64,-32.776683263,70.681430943,0.25,0.3125,1.,   0001171P0002371
0.,0.;                                                           0001171P0002372
126,2,2,1,0,1,0,0.3125,0.3125,0.3125,0.375,0.375,0.375,1.,1.,1., 0001173P0002373
-47.64,-32.776683263,70.681430943,-47.64,-33.755284697,          0001173P0002374
67.353866665,-47.64,-34.414400156,63.9115941,0.3125,0.375,1.,0., 0001173P0002375
0.;                                                              0001173P0002376
126,2,2,1,0,1,0,0.375,0.375,0.375,0.4375,0.4375,0.4375,1.,1.,1., 0001175P0002377
-47.64,-34.414400156,63.9115941,-47.64,-35.070382781,            0001175P0002378
60.485682996,-47.64,-35.400326012,56.995278151,0.375,0.4375,1.,  0001175P0002379
0.,0.;                                                           0001175P0002380
126,2,2,1,0,1,0,0.4375,0.4375,0.4375,0.5,0.5,0.5,1.,1.,1.,       0001177P0002381
-47.64,-35.400326012,56.995278151,-47.64,-35.731721114,          0001177P0002382
53.489513277,-47.64,-35.729958758,49.96279901,0.4375,0.5,1.,0.,  0001177P0002383
0.;                                                              0001177P0002384
126,2,2,1,0,1,0,0.5,0.5,0.5,0.5625,0.5625,0.5625,1.,1.,1.,       0001179P0002385
-47.64,-35.729958758,49.96279901,-47.64,-35.728206749,           0001179P0002386
46.456894789,-47.64,-35.397226843,42.972014199,0.5,0.5625,1.,0., 0001179P0002387
0.;                                                              0001179P0002388
126,2,2,1,0,1,0,0.5625,0.5625,0.5625,0.625,0.625,0.625,1.,1.,1., 0001181P0002389
-47.64,-35.397226843,42.972014199,-47.64,-35.065200277,          0001181P0002390
39.476113087,-47.64,-34.406107844,36.045169215,0.5625,0.625,1.,  0001181P0002391
0.,0.;                                                           0001181P0002392
126,2,2,1,0,1,0,0.625,0.625,0.625,0.6875,0.6875,0.6875,1.,1.,1., 0001183P0002393
-47.64,-34.406107844,36.045169215,-47.64,-33.737568816,          0001183P0002394
32.56505064,-47.64,-32.742548458,29.202864388,0.625,0.6875,1.,   0001183P0002395
0.,0.;                                                           0001183P0002396
126,2,2,1,0,1,0,0.6875,0.6875,0.6875,0.75,0.75,0.75,1.,1.,1.,    0001185P0002397
-47.64,-32.742548458,29.202864388,-47.64,-31.73928745,           0001185P0002398
25.812832855,-47.64,-30.422245208,22.60319167,0.6875,0.75,1.,0., 0001185P0002399
0.;                                                              0001185P0002400
126,2,2,1,0,1,0,0.75,0.75,0.75,0.8125,0.8125,0.8125,1.,1.,1.,    0001187P0002401
-47.64,-30.422245208,22.60319167,-47.64,-29.073631249,           0001187P0002402
19.316609999,-47.64,-27.42633099,16.291922182,0.75,0.8125,1.,0., 0001187P0002403
0.;                                                              0001187P0002404
126,2,2,1,0,1,0,0.8125,0.8125,0.8125,0.84375,0.84375,0.84375,1., 0001189P0002405
1.,1.,-47.64,-27.42633099,16.291922182,-47.64,-26.575519589,     0001189P0002406
14.72970624,-47.64,-25.653392893,13.253670661,0.8125,0.84375,1., 0001189P0002407
0.,0.;                                                           0001189P0002408
126,2,2,1,0,1,0,0.84375,0.84375,0.84375,0.875,0.875,0.875,1.,1., 0001191P0002409
1.,-47.64,-25.653392893,13.253670661,-47.64,-24.704968796,       0001191P0002410
11.735541271,-47.64,-23.688629441,10.320583547,0.84375,0.875,1., 0001191P0002411
0.,0.;                                                           0001191P0002412
126,2,2,1,0,1,0,0.875,0.875,0.875,0.90625,0.90625,0.90625,1.,1., 0001193P0002413
1.,-47.64,-23.688629441,10.320583547,-47.64,-22.649446425,       0001193P0002414
8.873822649,-47.64,-21.548250578,7.54740972,0.875,0.90625,1.,0., 0001193P0002415
0.;                                                              0001193P0002416
126,2,2,1,0,1,0,0.90625,0.90625,0.90625,0.9375,0.9375,0.9375,1., 0001195P0002417
1.,1.,-47.64,-21.548250578,7.54740972,-47.64,-20.411621732,      0001195P0002418
6.178317009,-47.64,-19.219212496,4.949846263,0.90625,0.9375,1.,  0001195P0002419
0.,0.;                                                           0001195P0002420
126,2,2,1,0,1,0,0.9375,0.9375,0.9375,0.96875,0.96875,0.96875,1., 0001197P0002421
1.,1.,-47.64,-19.219212496,4.949846263,-47.64,-17.974769607,     0001197P0002422
3.66776821,-47.64,-16.679221386,2.548644663,0.9375,0.96875,1.,   0001197P0002423
0.,0.;                                                           0001197P0002424
126,2,2,1,0,1,0,0.96875,0.96875,0.96875,1.,1.,1.,1.,1.,1.,       0001199P0002425
-47.64,-16.679221386,2.548644663,-47.64,-15.309009497,           0001199P0002426
1.365025091,-47.64,-13.894764289,0.374999989,0.96875,1.,1.,      0001199P0002427
-2.238746813E-14,0.;                                             0001199P0002428
144,1203,1,0,1205;                                               0001201P0002429
128,1,1,1,1,0,0,1,0,0,0.,0.,1.,1.,0.,0.,1.,1.,1.,1.,1.,1.,       0001203P0002430
36.433363596,-47.64,0.374999989,-36.433361738,-47.64,            0001203P0002431
0.374999989,36.433363596,-47.64,99.625,-36.433361738,-47.64,     0001203P0002432
99.625,9.629265E-03,0.990370759,0.,1.;                           0001203P0002433
142,0,1203,1207,1301,3;                                          0001205P0002434
102,46,1209,1211,1213,1215,1217,1219,1221,1223,1225,1227,1229,   0001207P0002435
1231,1233,1235,1237,1239,1241,1243,1245,1247,1249,1251,1253,     0001207P0002436
1255,1257,1259,1261,1263,1265,1267,1269,1271,1273,1275,1277,     0001207P0002437
1279,1281,1283,1285,1287,1289,1291,1293,1295,1297,1299;          0001207P0002438
126,1,1,1,0,1,0,3.396318076E-04,3.396318076E-04,27.789725961,    0001209P0002439
27.789725961,1.,1.,0.309313619,0.,0.,0.690686408,0.,0.,          0001209P0002440
3.396318076E-04,27.789725961,0.,0.,1.;                           0001209P0002441
126,2,2,1,0,1,0,0.,0.,0.,3.125E-02,3.125E-02,3.125E-02,1.,1.,1., 0001211P0002442
0.690686408,0.,0.,0.710091392,9.973041E-03,0.,0.728892026,       0001211P0002443
2.1895652E-02,0.,0.,3.125E-02,0.,0.,1.;                          0001211P0002444
126,2,2,1,0,1,0,3.125E-02,3.125E-02,3.125E-02,6.25E-02,6.25E-02, 0001213P0002445
6.25E-02,1.,1.,1.,0.728892026,2.1895652E-02,0.,0.746774048,      0001213P0002446
3.3235715E-02,0.,0.763946006,4.6236104E-02,0.,3.125E-02,         0001213P0002447
6.25E-02,0.,0.,1.;                                               0001213P0002448
126,2,2,1,0,1,0,6.25E-02,6.25E-02,6.25E-02,9.375E-02,9.375E-02,  0001215P0002449
9.375E-02,1.,1.,1.,0.763946006,4.6236104E-02,0.,0.780482475,     0001215P0002450
5.8755383E-02,0.,0.796235442,7.272108E-02,0.,6.25E-02,9.375E-02, 0001215P0002451
0.,0.,1.;                                                        0001215P0002452
126,2,2,1,0,1,0,9.375E-02,9.375E-02,9.375E-02,0.125,0.125,0.125, 0001217P0002453
1.,1.,1.,0.796235442,7.272108E-02,0.,0.811444335,8.6204433E-02,  0001217P0002454
0.,0.825787095,0.10091554,0.,9.375E-02,0.125,0.,0.,1.;           0001217P0002455
126,2,2,1,0,1,0,0.125,0.125,0.125,0.15625,0.15625,0.15625,1.,1., 0001219P0002456
1.,0.825787095,0.10091554,0.,0.839625568,0.115109411,0.,         0001219P0002457
0.852541327,0.130327208,0.,0.125,0.15625,0.,0.,1.;               0001219P0002458
126,2,2,1,0,1,0,0.15625,0.15625,0.15625,0.1875,0.1875,0.1875,1., 0001221P0002459
1.,1.,0.852541327,0.130327208,0.,0.865127714,0.145156928,0.,     0001221P0002460
0.876741726,0.160846126,0.,0.15625,0.1875,0.,0.,1.;              0001221P0002461
126,2,2,1,0,1,0,0.1875,0.1875,0.1875,0.25,0.25,0.25,1.,1.,1.,    0001223P0002462
0.876741726,0.160846126,0.,0.899479242,0.191561901,0.,           0001223P0002463
0.918053635,0.224944984,0.,0.1875,0.25,0.,0.,1.;                 0001223P0002464
126,2,2,1,0,1,0,0.25,0.25,0.25,0.3125,0.3125,0.3125,1.,1.,1.,    0001225P0002465
0.918053635,0.224944984,0.,0.93609879,0.257376886,0.,            0001225P0002466
0.949816689,0.291622659,0.,0.25,0.3125,0.,0.,1.;                 0001225P0002467
126,2,2,1,0,1,0,0.3125,0.3125,0.3125,0.375,0.375,0.375,1.,1.,1., 0001227P0002468
0.949816689,0.291622659,0.,0.963246727,0.325149805,0.,           0001227P0002469
0.972292232,0.359832677,0.,0.3125,0.375,0.,0.,1.;                0001227P0002470
126,2,2,1,0,1,0,0.375,0.375,0.375,0.4375,0.4375,0.4375,1.,1.,1., 0001229P0002471
0.972292232,0.359832677,0.,0.981294743,0.394350702,0.,           0001229P0002472
0.985822787,0.429518526,0.,0.375,0.4375,0.,0.,1.;                0001229P0002473
126,2,2,1,0,1,0,0.4375,0.4375,0.4375,0.5,0.5,0.5,1.,1.,1.,       0001231P0002474
0.985822787,0.429518526,0.,0.990370759,0.464841131,0.,           0001231P0002475
0.990346573,0.500374809,0.,0.4375,0.5,0.,0.,1.;                  0001231P0002476
126,2,2,1,0,1,0,0.5,0.5,0.5,0.5625,0.5625,0.5625,1.,1.,1.,       0001233P0002477
0.990346573,0.500374809,0.,0.990322531,0.535698821,0.,           0001233P0002478
0.985780257,0.570811011,0.,0.5,0.5625,0.,0.,1.;                  0001233P0002479
126,2,2,1,0,1,0,0.5625,0.5625,0.5625,0.625,0.625,0.625,1.,1.,1., 0001235P0002480
0.985780257,0.570811011,0.,0.981223621,0.60603422,0.,0.97217843, 0001235P0002481
0.640602957,0.,0.5625,0.625,0.,0.,1.;                            0001235P0002482
126,2,2,1,0,1,0,0.625,0.625,0.625,0.6875,0.6875,0.6875,1.,1.,1., 0001237P0002483
0.97217843,0.640602957,0.,0.963003601,0.675667144,0.,            0001237P0002484
0.949348238,0.709543121,0.,0.625,0.6875,0.,0.,1.;                0001237P0002485
126,2,2,1,0,1,0,0.6875,0.6875,0.6875,0.75,0.75,0.75,1.,1.,1.,    0001239P0002486
0.949348238,0.709543121,0.,0.935579787,0.743699646,0.,           0001239P0002487
0.917505103,0.776038654,0.,0.6875,0.75,0.,0.,1.;                 0001239P0002488
126,2,2,1,0,1,0,0.75,0.75,0.75,0.8125,0.8125,0.8125,1.,1.,1.,    0001241P0002489
0.917505103,0.776038654,0.,0.898997134,0.80915289,0.,            0001241P0002490
0.876390127,0.839628346,0.,0.75,0.8125,0.,0.,1.;                 0001241P0002491
126,2,2,1,0,1,0,0.8125,0.8125,0.8125,0.84375,0.84375,0.84375,1., 0001243P0002492
1.,1.,0.876390127,0.839628346,0.,0.864713853,0.855368588,0.,     0001243P0002493
0.85205889,0.870240479,0.,0.8125,0.84375,0.,0.,1.;               0001243P0002494
126,2,2,1,0,1,0,0.84375,0.84375,0.84375,0.875,0.875,0.875,1.,1., 0001245P0002495
1.,0.85205889,0.870240479,0.,0.839042986,0.885536541,0.,         0001245P0002496
0.825095062,0.899793032,0.,0.84375,0.875,0.,0.,1.;               0001245P0002497
126,2,2,1,0,1,0,0.875,0.875,0.875,0.90625,0.90625,0.90625,1.,1., 0001247P0002498
1.,0.825095062,0.899793032,0.,0.810833583,0.914370016,0.,        0001247P0002499
0.795721102,0.927734333,0.,0.875,0.90625,0.,0.,1.;               0001247P0002500
126,2,2,1,0,1,0,0.90625,0.90625,0.90625,0.9375,0.9375,0.9375,1., 0001249P0002501
1.,1.,0.795721102,0.927734333,0.,0.780122271,0.941528741,0.,     0001249P0002502
0.763757967,0.953906189,0.,0.90625,0.9375,0.,0.,1.;              0001249P0002503
126,2,2,1,0,1,0,0.9375,0.9375,0.9375,0.96875,0.96875,0.96875,1., 0001251P0002504
1.,1.,0.763757967,0.953906189,0.,0.746679611,0.966823723,0.,     0001251P0002505
0.72889968,0.978099495,0.,0.9375,0.96875,0.,0.,1.;               0001251P0002506
126,2,2,1,0,1,0,0.96875,0.96875,0.96875,1.,1.,1.,1.,1.,1.,       0001253P0002507
0.72889968,0.978099495,0.,0.710095353,0.990024923,0.,            0001253P0002508
0.690686408,1.,0.,0.96875,1.,0.,0.,1.;                           0001253P0002509
126,1,1,1,0,1,0,1.697794701E-04,1.697794701E-04,27.789556137,    0001255P0002510
27.789556137,1.,1.,0.690686408,1.,0.,0.309313618,1.,0.,          0001255P0002511
1.697794701E-04,27.789556137,0.,0.,1.;                           0001255P0002512
126,2,2,1,0,1,0,0.,0.,0.,3.125E-02,3.125E-02,3.125E-02,1.,1.,1., 0001257P0002513
0.309313618,1.,0.,0.289908631,0.990026958,0.,0.271107998,        0001257P0002514
0.97810435,0.,0.,3.125E-02,0.,0.,1.;                             0001257P0002515
126,2,2,1,0,1,0,3.125E-02,3.125E-02,3.125E-02,6.25E-02,6.25E-02, 0001259P0002516
6.25E-02,1.,1.,1.,0.271107998,0.97810435,0.,0.253225972,         0001259P0002517
0.966764286,0.,0.236054016,0.953763899,0.,3.125E-02,6.25E-02,0., 0001259P0002518
0.,1.;                                                           0001259P0002519
126,2,2,1,0,1,0,6.25E-02,6.25E-02,6.25E-02,9.375E-02,9.375E-02,  0001261P0002520
9.375E-02,1.,1.,1.,0.236054016,0.953763899,0.,0.219517548,       0001261P0002521
0.941244621,0.,0.203764582,0.927278922,0.,6.25E-02,9.375E-02,0., 0001261P0002522
0.,1.;                                                           0001261P0002523
126,2,2,1,0,1,0,9.375E-02,9.375E-02,9.375E-02,0.125,0.125,0.125, 0001263P0002524
1.,1.,1.,0.203764582,0.927278922,0.,0.188555692,0.91379557,0.,   0001263P0002525
0.174212934,0.89908446,0.,9.375E-02,0.125,0.,0.,1.;              0001263P0002526
126,2,2,1,0,1,0,0.125,0.125,0.125,0.15625,0.15625,0.15625,1.,1., 0001265P0002527
1.,0.174212934,0.89908446,0.,0.160374465,0.88489059,0.,          0001265P0002528
0.147458707,0.86967279,0.,0.125,0.15625,0.,0.,1.;                0001265P0002529
126,2,2,1,0,1,0,0.15625,0.15625,0.15625,0.1875,0.1875,0.1875,1., 0001267P0002530
1.,1.,0.147458707,0.86967279,0.,0.134872324,0.854843071,0.,      0001267P0002531
0.123258313,0.839153871,0.,0.15625,0.1875,0.,0.,1.;              0001267P0002532
126,2,2,1,0,1,0,0.1875,0.1875,0.1875,0.25,0.25,0.25,1.,1.,1.,    0001269P0002533
0.123258313,0.839153871,0.,0.100520802,0.808438094,0.,           0001269P0002534
8.1946408E-02,0.77505501,0.,0.1875,0.25,0.,0.,1.;                0001269P0002535
126,2,2,1,0,1,0,0.25,0.25,0.25,0.3125,0.3125,0.3125,1.,1.,1.,    0001271P0002536
8.1946408E-02,0.77505501,0.,6.3901252E-02,0.742623106,0.,        0001271P0002537
5.0183351E-02,0.708377339,0.,0.25,0.3125,0.,0.,1.;               0001271P0002538
126,2,2,1,0,1,0,0.3125,0.3125,0.3125,0.375,0.375,0.375,1.,1.,1., 0001273P0002539
5.0183351E-02,0.708377339,0.,3.6753308E-02,0.67485019,0.,        0001273P0002540
2.7707801E-02,0.640167322,0.,0.3125,0.375,0.,0.,1.;              0001273P0002541
126,2,2,1,0,1,0,0.375,0.375,0.375,0.4375,0.4375,0.4375,1.,1.,1., 0001275P0002542
2.7707801E-02,0.640167322,0.,1.8705285E-02,0.605649295,0.,       0001275P0002543
1.4177239E-02,0.570481471,0.,0.375,0.4375,0.,0.,1.;              0001275P0002544
126,2,2,1,0,1,0,0.4375,0.4375,0.4375,0.5,0.5,0.5,1.,1.,1.,       0001277P0002545
1.4177239E-02,0.570481471,0.,9.629265E-03,0.535158867,0.,        0001277P0002546
9.653451E-03,0.499625189,0.,0.4375,0.5,0.,0.,1.;                 0001277P0002547
126,2,2,1,0,1,0,0.5,0.5,0.5,0.5625,0.5625,0.5625,1.,1.,1.,       0001279P0002548
9.653451E-03,0.499625189,0.,9.677494E-03,0.464301178,0.,         0001279P0002549
1.421977E-02,0.429188989,0.,0.5,0.5625,0.,0.,1.;                 0001279P0002550
126,2,2,1,0,1,0,0.5625,0.5625,0.5625,0.625,0.625,0.625,1.,1.,1., 0001281P0002551
1.421977E-02,0.429188989,0.,1.8776408E-02,0.393965782,0.,        0001281P0002552
2.7821603E-02,0.359397044,0.,0.5625,0.625,0.,0.,1.;              0001281P0002553
126,2,2,1,0,1,0,0.625,0.625,0.625,0.6875,0.6875,0.6875,1.,1.,1., 0001283P0002554
2.7821603E-02,0.359397044,0.,3.6996434E-02,0.324332862,0.,       0001283P0002555
5.0651802E-02,0.290456882,0.,0.625,0.6875,0.,0.,1.;              0001283P0002556
126,2,2,1,0,1,0,0.6875,0.6875,0.6875,0.75,0.75,0.75,1.,1.,1.,    0001285P0002557
5.0651802E-02,0.290456882,0.,6.4420255E-02,0.256300362,0.,       0001285P0002558
8.2494941E-02,0.22396135,0.,0.6875,0.75,0.,0.,1.;                0001285P0002559
126,2,2,1,0,1,0,0.75,0.75,0.75,0.8125,0.8125,0.8125,1.,1.,1.,    0001287P0002560
8.2494941E-02,0.22396135,0.,0.10100291,0.190847114,0.,           0001287P0002561
0.123609912,0.160371657,0.,0.75,0.8125,0.,0.,1.;                 0001287P0002562
126,2,2,1,0,1,0,0.8125,0.8125,0.8125,0.84375,0.84375,0.84375,1., 0001289P0002563
1.,1.,0.123609912,0.160371657,0.,0.135286185,0.144631413,0.,     0001289P0002564
0.147941145,0.129759522,0.,0.8125,0.84375,0.,0.,1.;              0001289P0002565
126,2,2,1,0,1,0,0.84375,0.84375,0.84375,0.875,0.875,0.875,1.,1., 0001291P0002566
1.,0.147941145,0.129759522,0.,0.160957047,0.114463457,0.,        0001291P0002567
0.174904967,0.100206966,0.,0.84375,0.875,0.,0.,1.;               0001291P0002568
126,2,2,1,0,1,0,0.875,0.875,0.875,0.90625,0.90625,0.90625,1.,1., 0001293P0002569
1.,0.174904967,0.100206966,0.,0.189166445,8.562998E-02,0.,       0001293P0002570
0.204278923,7.2265663E-02,0.,0.875,0.90625,0.,0.,1.;             0001293P0002571
126,2,2,1,0,1,0,0.90625,0.90625,0.90625,0.9375,0.9375,0.9375,1., 0001295P0002572
1.,1.,0.204278923,7.2265663E-02,0.,0.219877753,5.8471254E-02,0., 0001295P0002573
0.236242056,4.6093807E-02,0.,0.90625,0.9375,0.,0.,1.;            0001295P0002574
126,2,2,1,0,1,0,0.9375,0.9375,0.9375,0.96875,0.96875,0.96875,1., 0001297P0002575
1.,1.,0.236242056,4.6093807E-02,0.,0.25332041,3.3176275E-02,0.,  0001297P0002576
0.271100345,2.1900503E-02,0.,0.9375,0.96875,0.,0.,1.;            0001297P0002577
126,2,2,1,0,1,0,0.96875,0.96875,0.96875,1.,1.,1.,1.,1.,1.,       0001299P0002578
0.271100345,2.1900503E-02,0.,0.289904671,9.975077E-03,0.,        0001299P0002579
0.309313619,0.,0.,0.96875,1.,0.,0.,1.;                           0001299P0002580
102,46,1303,1305,1307,1309,1311,1313,1315,1317,1319,1321,1323,   0001301P0002581
1325,1327,1329,1331,1333,1335,1337,1339,1341,1343,1345,1347,     0001301P0002582
1349,1351,1353,1355,1357,1359,1361,1363,1365,1367,1369,1371,     0001301P0002583
1373,1375,1377,1379,1381,1383,1385,1387,1389,1391,1393;          0001301P0002584
110,13.894693114,-47.64,0.375,-13.894693215,-47.64,0.375;        0001303P0002585
126,2,2,1,0,1,0,0.,0.,0.,3.125E-02,3.125E-02,3.125E-02,1.,1.,1., 0001305P0002586
-13.894693188,-47.64,0.374999989,-15.308670827,-47.64,           0001305P0002587
1.364824308,-16.678611461,-47.64,2.54814345,0.,3.125E-02,0.,1.,  0001305P0002588
0.;                                                              0001305P0002589
126,2,2,1,0,1,0,3.125E-02,3.125E-02,3.125E-02,6.25E-02,6.25E-02, 0001307P0002590
6.25E-02,1.,1.,1.,-16.678611461,-47.64,2.54814345,-17.981615846, 0001307P0002591
-47.64,3.673644703,-19.232880193,-47.64,4.963933312,3.125E-02,   0001307P0002592
6.25E-02,0.,1.,0.;                                               0001307P0002593
126,2,2,1,0,1,0,6.25E-02,6.25E-02,6.25E-02,9.375E-02,9.375E-02,  0001309P0002594
9.375E-02,1.,1.,1.,-19.232880193,-47.64,4.963933312,             0001309P0002595
-20.437838538,-47.64,6.206471752,-21.585705657,-47.64,           0001309P0002596
7.59256718,6.25E-02,9.375E-02,0.,1.,0.;                          0001309P0002597
126,2,2,1,0,1,0,9.375E-02,9.375E-02,9.375E-02,0.125,0.125,0.125, 0001311P0002598
1.,1.,1.,-21.585705657,-47.64,7.59256718,-22.693927886,-47.64,   0001311P0002599
8.930789965,-23.73903784,-47.64,10.390867335,9.375E-02,0.125,0., 0001311P0002600
1.,0.;                                                           0001311P0002601
126,2,2,1,0,1,0,0.125,0.125,0.125,0.15625,0.15625,0.15625,1.,1., 0001313P0002602
1.,-23.73903784,-47.64,10.390867335,-24.747402051,-47.64,        0001313P0002603
11.799609032,-25.688531114,-47.64,13.309975385,0.125,0.15625,0., 0001313P0002604
1.,0.;                                                           0001313P0002605
126,2,2,1,0,1,0,0.15625,0.15625,0.15625,0.1875,0.1875,0.1875,1., 0001315P0002606
1.,1.,-25.688531114,-47.64,13.309975385,-26.605659919,-47.64,    0001315P0002607
14.781825095,-27.451934941,-47.64,16.338977996,0.15625,0.1875,   0001315P0002608
0.,1.,0.;                                                        0001315P0002609
126,2,2,1,0,1,0,0.1875,0.1875,0.1875,0.25,0.25,0.25,1.,1.,1.,    0001317P0002610
-27.451934941,-47.64,16.338977996,-29.108743274,-47.64,          0001317P0002611
19.387518665,-30.462198467,-47.64,22.700789654,0.1875,0.25,0.,   0001317P0002612
1.,0.;                                                           0001317P0002613
126,2,2,1,0,1,0,0.25,0.25,0.25,0.3125,0.3125,0.3125,1.,1.,1.,    0001319P0002614
-30.462198467,-47.64,22.700789654,-31.77708982,-47.64,           0001319P0002615
25.919655927,-32.776668199,-47.64,29.318548898,0.25,0.3125,0.,   0001319P0002616
1.,0.;                                                           0001319P0002617
126,2,2,1,0,1,0,0.3125,0.3125,0.3125,0.375,0.375,0.375,1.,1.,1., 0001321P0002618
-32.776668199,-47.64,29.318548898,-33.755271089,-47.64,          0001321P0002619
32.646118139,-34.414387417,-47.64,36.088393185,0.3125,0.375,0.,  0001321P0002620
1.,0.;                                                           0001321P0002621
126,2,2,1,0,1,0,0.375,0.375,0.375,0.4375,0.4375,0.4375,1.,1.,1., 0001323P0002622
-34.414387417,-47.64,36.088393185,-35.070370914,-47.64,          0001323P0002623
39.514307167,-35.400314652,-47.64,43.004713699,0.375,0.4375,0.,  0001323P0002624
1.,0.;                                                           0001323P0002625
126,2,2,1,0,1,0,0.4375,0.4375,0.4375,0.5,0.5,0.5,1.,1.,1.,       0001325P0002626
-35.400314652,-47.64,43.004713699,-35.731710479,-47.64,          0001325P0002627
46.510482246,-35.729948124,-47.64,50.037199788,0.4375,0.5,0.,1., 0001325P0002628
0.;                                                              0001325P0002629
126,2,2,1,0,1,0,0.5,0.5,0.5,0.5625,0.5625,0.5625,1.,1.,1.,       0001327P0002630
-35.729948124,-47.64,50.037199788,-35.728196262,-47.64,          0001327P0002631
53.543107979,-35.39721563,-47.64,57.027992837,0.5,0.5625,0.,1.,  0001327P0002632
0.;                                                              0001327P0002633
126,2,2,1,0,1,0,0.5625,0.5625,0.5625,0.625,0.625,0.625,1.,1.,1., 0001329P0002634
-35.39721563,-47.64,57.027992837,-35.065188487,-47.64,           0001329P0002635
60.523896331,-34.406095038,-47.64,63.954843478,0.5625,0.625,0.,  0001329P0002636
1.,0.;                                                           0001329P0002637
126,2,2,1,0,1,0,0.625,0.625,0.625,0.6875,0.6875,0.6875,1.,1.,1., 0001331P0002638
-34.406095038,-47.64,63.954843478,-33.737555294,-47.64,          0001331P0002639
67.434964038,-32.742533709,-47.64,70.797154756,0.625,0.6875,0.,  0001331P0002640
1.,0.;                                                           0001331P0002641
126,2,2,1,0,1,0,0.6875,0.6875,0.6875,0.75,0.75,0.75,1.,1.,1.,    0001333P0002642
-32.742533709,-47.64,70.797154756,-31.739271771,-47.64,          0001333P0002643
74.187189863,-30.422228737,-47.64,77.396836407,0.6875,0.75,0.,   0001333P0002644
1.,0.;                                                           0001333P0002645
126,2,2,1,0,1,0,0.75,0.75,0.75,0.8125,0.8125,0.8125,1.,1.,1.,    0001335P0002646
-30.422228737,-47.64,77.396836407,-29.073613643,-47.64,          0001335P0002647
80.68342433,-27.426315073,-47.64,83.708113339,0.75,0.8125,0.,1., 0001335P0002648
0.;                                                              0001335P0002649
126,2,2,1,0,1,0,0.8125,0.8125,0.8125,0.84375,0.84375,0.84375,1., 0001337P0002650
1.,1.,-27.426315073,-47.64,83.708113339,-26.575503223,-47.64,    0001337P0002651
85.270332357,-25.65337751,-47.64,86.746367539,0.8125,0.84375,0., 0001337P0002652
1.,0.;                                                           0001337P0002653
126,2,2,1,0,1,0,0.84375,0.84375,0.84375,0.875,0.875,0.875,1.,1., 0001339P0002654
1.,-25.65337751,-47.64,86.746367539,-24.704951208,-47.64,        0001339P0002655
88.264501693,-23.688611661,-47.64,89.679458425,0.84375,0.875,0., 0001339P0002656
1.,0.;                                                           0001339P0002657
126,2,2,1,0,1,0,0.875,0.875,0.875,0.90625,0.90625,0.90625,1.,1., 0001341P0002658
1.,-23.688611661,-47.64,89.679458425,-22.649424388,-47.64,       0001341P0002659
91.126224087,-21.548227386,-47.64,92.452632549,0.875,0.90625,0., 0001341P0002660
1.,0.;                                                           0001341P0002661
126,2,2,1,0,1,0,0.90625,0.90625,0.90625,0.9375,0.9375,0.9375,1., 0001343P0002662
1.,1.,-21.548227386,-47.64,92.452632549,-20.411591652,-47.64,    0001343P0002663
93.821727544,-19.219178407,-47.64,95.050189258,0.90625,0.9375,   0001343P0002664
0.,1.,0.;                                                        0001343P0002665
126,2,2,1,0,1,0,0.9375,0.9375,0.9375,0.96875,0.96875,0.96875,1., 0001345P0002666
1.,1.,-19.219178407,-47.64,95.050189258,-17.974734531,-47.64,    0001345P0002667
96.332254507,-16.679169183,-47.64,97.451374879,0.9375,0.96875,   0001345P0002668
0.,1.,0.;                                                        0001345P0002669
126,2,2,1,0,1,0,0.96875,0.96875,0.96875,1.,1.,1.,1.,1.,1.,       0001347P0002670
-16.679169183,-47.64,97.451374879,-15.308959452,-47.64,          0001347P0002671
98.634973608,-13.894693188,-47.64,99.625,0.96875,1.,0.,1.,0.;    0001347P0002672
110,-13.894693192,-47.64,99.625,13.894693165,-47.64,99.625;      0001349P0002673
126,2,2,1,0,1,0,0.,0.,0.,3.125E-02,3.125E-02,3.125E-02,1.,1.,1., 0001351P0002674
13.894693151,-47.64,99.625,15.308671009,-47.64,98.635175581,     0001351P0002675
16.67861157,-47.64,97.451856737,0.,3.125E-02,0.,1.,0.;           0001351P0002676
126,2,2,1,0,1,0,3.125E-02,3.125E-02,3.125E-02,6.25E-02,6.25E-02, 0001353P0002677
6.25E-02,1.,1.,1.,16.67861157,-47.64,97.451856737,17.981616247,  0001353P0002678
-47.64,96.326355385,19.232880448,-47.64,95.036066975,3.125E-02,  0001353P0002679
6.25E-02,0.,1.,0.;                                               0001353P0002680
126,2,2,1,0,1,0,6.25E-02,6.25E-02,6.25E-02,9.375E-02,9.375E-02,  0001355P0002681
9.375E-02,1.,1.,1.,19.232880448,-47.64,95.036066975,20.43783872, 0001355P0002682
-47.64,93.793528634,21.585705767,-47.64,92.407433008,6.25E-02,   0001355P0002683
9.375E-02,0.,1.,0.;                                              0001355P0002684
126,2,2,1,0,1,0,9.375E-02,9.375E-02,9.375E-02,0.125,0.125,0.125, 0001357P0002685
1.,1.,1.,21.585705767,-47.64,92.407433008,22.693927777,-47.64,   0001357P0002686
91.069210322,23.739037584,-47.64,89.609132654,9.375E-02,0.125,   0001357P0002687
0.,1.,0.;                                                        0001357P0002688
126,2,2,1,0,1,0,0.125,0.125,0.125,0.15625,0.15625,0.15625,1.,1., 0001359P0002689
1.,23.739037584,-47.64,89.609132654,24.747401504,-47.64,         0001359P0002690
88.200391056,25.688530495,-47.64,86.690024406,0.125,0.15625,0.,  0001359P0002691
1.,0.;                                                           0001359P0002692
126,2,2,1,0,1,0,0.15625,0.15625,0.15625,0.1875,0.1875,0.1875,1., 0001361P0002693
1.,1.,25.688530495,-47.64,86.690024406,26.605659008,-47.64,      0001361P0002694
85.218174795,27.451933957,-47.64,83.661021695,0.15625,0.1875,0., 0001361P0002695
1.,0.;                                                           0001361P0002696
126,2,2,1,0,1,0,0.1875,0.1875,0.1875,0.25,0.25,0.25,1.,1.,1.,    0001363P0002697
27.451933957,-47.64,83.661021695,29.108741926,-47.64,            0001363P0002698
80.612480827,30.462197192,-47.64,77.29920974,0.1875,0.25,0.,1.,  0001363P0002699
0.;                                                              0001363P0002700
126,2,2,1,0,1,0,0.25,0.25,0.25,0.3125,0.3125,0.3125,1.,1.,1.,    0001365P0002701
30.462197192,-47.64,77.29920974,31.777088618,-47.64,             0001365P0002702
74.080343268,32.776667142,-47.64,70.681450893,0.25,0.3125,0.,1., 0001365P0002703
0.;                                                              0001365P0002704
126,2,2,1,0,1,0,0.3125,0.3125,0.3125,0.375,0.375,0.375,1.,1.,1., 0001367P0002705
32.776667142,-47.64,70.681450893,33.755270397,-47.64,            0001367P0002706
67.353881354,34.414386871,-47.64,63.911606705,0.3125,0.375,0.,   0001367P0002707
1.,0.;                                                           0001367P0002708
126,2,2,1,0,1,0,0.375,0.375,0.375,0.4375,0.4375,0.4375,1.,1.,1., 0001369P0002709
34.414386871,-47.64,63.911606705,35.070370731,-47.64,            0001369P0002710
60.485692524,35.400314616,-47.64,56.995285992,0.375,0.4375,0.,   0001369P0002711
1.,0.;                                                           0001369P0002712
126,2,2,1,0,1,0,0.4375,0.4375,0.4375,0.5,0.5,0.5,1.,1.,1.,       0001371P0002713
35.400314616,-47.64,56.995285992,35.731710588,-47.64,            0001371P0002714
53.489517545,35.729948233,-47.64,49.962800003,0.4375,0.5,0.,1.,  0001371P0002715
0.;                                                              0001371P0002716
126,2,2,1,0,1,0,0.5,0.5,0.5,0.5625,0.5625,0.5625,1.,1.,1.,       0001373P0002717
35.729948233,-47.64,49.962800003,35.728196299,-47.64,            0001373P0002718
46.456891911,35.397215521,-47.64,42.972007152,0.5,0.5625,0.,1.,  0001373P0002719
0.;                                                              0001373P0002720
126,2,2,1,0,1,0,0.5625,0.5625,0.5625,0.625,0.625,0.625,1.,1.,1., 0001375P0002721
35.397215521,-47.64,42.972007152,35.065188231,-47.64,            0001375P0002722
39.476103857,34.406094492,-47.64,36.04515661,0.5625,0.625,0.,1., 0001375P0002723
0.;                                                              0001375P0002724
126,2,2,1,0,1,0,0.625,0.625,0.625,0.6875,0.6875,0.6875,1.,1.,1., 0001377P0002725
34.406094492,-47.64,36.04515661,33.737554601,-47.64,             0001377P0002726
32.565036546,32.742532652,-47.64,29.202845531,0.625,0.6875,0.,   0001377P0002727
1.,0.;                                                           0001377P0002728
126,2,2,1,0,1,0,0.6875,0.6875,0.6875,0.75,0.75,0.75,1.,1.,1.,    0001379P0002729
32.742532652,-47.64,29.202845531,31.739270569,-47.64,            0001379P0002730
25.81281092,30.422227389,-47.64,22.603163979,0.6875,0.75,0.,1.,  0001379P0002731
0.;                                                              0001379P0002732
126,2,2,1,0,1,0,0.75,0.75,0.75,0.8125,0.8125,0.8125,1.,1.,1.,    0001381P0002733
30.422227389,-47.64,22.603163979,29.073612295,-47.64,            0001381P0002734
19.316576056,27.42631409,-47.64,16.291886948,0.75,0.8125,0.,1.,  0001381P0002735
0.;                                                              0001381P0002736
126,2,2,1,0,1,0,0.8125,0.8125,0.8125,0.84375,0.84375,0.84375,1., 0001383P0002737
1.,1.,27.42631409,-47.64,16.291886948,26.575502312,-47.64,       0001383P0002738
14.729667731,25.653376818,-47.64,13.253632549,0.8125,0.84375,0., 0001383P0002739
1.,0.;                                                           0001383P0002740
126,2,2,1,0,1,0,0.84375,0.84375,0.84375,0.875,0.875,0.875,1.,1., 0001385P0002741
1.,25.653376818,-47.64,13.253632549,24.704950662,-47.64,         0001385P0002742
11.735498098,23.688611406,-47.64,10.320541366,0.84375,0.875,0.,  0001385P0002743
1.,0.;                                                           0001385P0002744
126,2,2,1,0,1,0,0.875,0.875,0.875,0.90625,0.90625,0.90625,1.,1., 0001387P0002745
1.,23.688611406,-47.64,10.320541366,22.649424206,-47.64,         0001387P0002746
8.873775505,21.548227422,-47.64,7.547367043,0.875,0.90625,0.,1., 0001387P0002747
0.;                                                              0001387P0002748
126,2,2,1,0,1,0,0.90625,0.90625,0.90625,0.9375,0.9375,0.9375,1., 0001389P0002749
1.,1.,21.548227422,-47.64,7.547367043,20.411591761,-47.64,       0001389P0002750
6.178271949,19.219178589,-47.64,4.949810334,0.90625,0.9375,0.,   0001389P0002751
1.,0.;                                                           0001389P0002752
126,2,2,1,0,1,0,0.9375,0.9375,0.9375,0.96875,0.96875,0.96875,1., 0001391P0002753
1.,1.,19.219178589,-47.64,4.949810334,17.974734859,-47.64,       0001391P0002754
3.667745283,16.679169219,-47.64,2.548624912,0.9375,0.96875,0.,   0001391P0002755
1.,0.;                                                           0001391P0002756
126,2,2,1,0,1,0,0.96875,0.96875,0.96875,1.,1.,1.,1.,1.,1.,       0001393P0002757
16.679169219,-47.64,2.548624912,15.308959561,-47.64,1.365026381, 0001393P0002758
13.894693078,-47.64,0.374999989,0.96875,1.,0.,1.,0.;             0001393P0002759
144,1397,1,0,1399;                                               0001395P0002760
128,1,1,1,1,0,0,1,0,0,0.,0.,1.,1.,0.,0.,1.,1.,1.,1.,1.,1.,47.64, 0001397P0002761
-36.43336722,0.374999989,47.64,-36.43336722,99.625,47.64,        0001397P0002762
36.43336722,0.374999989,47.64,36.43336722,99.625,0.,1.,          0001397P0002763
9.629276E-03,0.990370724;                                        0001397P0002764
142,0,1397,1401,1495,3;                                          0001399P0002765
102,46,1403,1405,1407,1409,1411,1413,1415,1417,1419,1421,1423,   0001401P0002766
1425,1427,1429,1431,1433,1435,1437,1439,1441,1443,1445,1447,     0001401P0002767
1449,1451,1453,1455,1457,1459,1461,1463,1465,1467,1469,1471,     0001401P0002768
1473,1475,1477,1479,1481,1483,1485,1487,1489,1491,1493;          0001401P0002769
126,1,1,1,0,1,0,3.365714458E-04,3.365714458E-04,27.789731584,    0001403P0002770
27.789731584,1.,1.,0.,0.690686431,0.,0.,0.309313569,0.,          0001403P0002771
3.365714458E-04,27.789731584,0.,0.,1.;                           0001403P0002772
126,2,2,1,0,1,0,0.,0.,0.,3.125E-02,3.125E-02,3.125E-02,1.,1.,1., 0001405P0002773
0.,0.309313569,0.,9.973026E-03,0.289908543,0.,2.1895612E-02,     0001405P0002774
0.271107918,0.,0.,3.125E-02,0.,0.,1.;                            0001405P0002775
126,2,2,1,0,1,0,3.125E-02,3.125E-02,3.125E-02,6.25E-02,6.25E-02, 0001407P0002776
6.25E-02,1.,1.,1.,2.1895612E-02,0.271107918,0.,3.3235659E-02,    0001407P0002777
0.253225895,0.,4.6236053E-02,0.23605394,0.,3.125E-02,6.25E-02,   0001407P0002778
0.,0.,1.;                                                        0001407P0002779
126,2,2,1,0,1,0,6.25E-02,6.25E-02,6.25E-02,9.375E-02,9.375E-02,  0001409P0002780
9.375E-02,1.,1.,1.,4.6236053E-02,0.23605394,0.,5.8755315E-02,    0001409P0002781
0.219517503,0.,7.2721037E-02,0.203764533,0.,6.25E-02,9.375E-02,  0001409P0002782
0.,0.,1.;                                                        0001409P0002783
126,2,2,1,0,1,0,9.375E-02,9.375E-02,9.375E-02,0.125,0.125,0.125, 0001411P0002784
1.,1.,1.,7.2721037E-02,0.203764533,0.,8.6204387E-02,0.188555666, 0001411P0002785
0.,0.100915515,0.174212911,0.,9.375E-02,0.125,0.,0.,1.;          0001411P0002786
126,2,2,1,0,1,0,0.125,0.125,0.125,0.15625,0.15625,0.15625,1.,1., 0001413P0002787
1.,0.100915515,0.174212911,0.,0.11510939,0.160374456,0.,         0001413P0002788
0.130327198,0.147458704,0.,0.125,0.15625,0.,0.,1.;               0001413P0002789
126,2,2,1,0,1,0,0.15625,0.15625,0.15625,0.1875,0.1875,0.1875,1., 0001415P0002790
1.,1.,0.130327198,0.147458704,0.,0.145156924,0.134872328,0.,     0001415P0002791
0.160846126,0.123258323,0.,0.15625,0.1875,0.,0.,1.;              0001415P0002792
126,2,2,1,0,1,0,0.1875,0.1875,0.1875,0.25,0.25,0.25,1.,1.,1.,    0001417P0002793
0.160846126,0.123258323,0.,0.191561919,0.100520812,0.,           0001417P0002794
0.224944991,8.1946425E-02,0.,0.1875,0.25,0.,0.,1.;               0001417P0002795
126,2,2,1,0,1,0,0.25,0.25,0.25,0.3125,0.3125,0.3125,1.,1.,1.,    0001419P0002796
0.224944991,8.1946425E-02,0.,0.257376902,6.3901266E-02,0.,       0001419P0002797
0.291622662,5.0183366E-02,0.,0.25,0.3125,0.,0.,1.;               0001419P0002798
126,2,2,1,0,1,0,0.3125,0.3125,0.3125,0.375,0.375,0.375,1.,1.,1., 0001421P0002799
0.291622662,5.0183366E-02,0.,0.325149811,3.6753321E-02,0.,       0001421P0002800
0.359832679,2.7707813E-02,0.,0.3125,0.375,0.,0.,1.;              0001421P0002801
126,2,2,1,0,1,0,0.375,0.375,0.375,0.4375,0.4375,0.4375,1.,1.,1., 0001423P0002802
0.359832679,2.7707813E-02,0.,0.394350706,1.8705296E-02,0.,       0001423P0002803
0.429518531,1.417725E-02,0.,0.375,0.4375,0.,0.,1.;               0001423P0002804
126,2,2,1,0,1,0,0.4375,0.4375,0.4375,0.5,0.5,0.5,1.,1.,1.,       0001425P0002805
0.429518531,1.417725E-02,0.,0.464841135,9.629276E-03,0.,         0001425P0002806
0.500374814,9.653462E-03,0.,0.4375,0.5,0.,0.,1.;                 0001425P0002807
126,2,2,1,0,1,0,0.5,0.5,0.5,0.5625,0.5625,0.5625,1.,1.,1.,       0001427P0002808
0.500374814,9.653462E-03,0.,0.535698824,9.677505E-03,0.,         0001427P0002809
0.570811013,1.4219781E-02,0.,0.5,0.5625,0.,0.,1.;                0001427P0002810
126,2,2,1,0,1,0,0.5625,0.5625,0.5625,0.625,0.625,0.625,1.,1.,1., 0001429P0002811
0.570811013,1.4219781E-02,0.,0.606034219,1.8776419E-02,0.,       0001429P0002812
0.640602956,2.7821614E-02,0.,0.5625,0.625,0.,0.,1.;              0001429P0002813
126,2,2,1,0,1,0,0.625,0.625,0.625,0.6875,0.6875,0.6875,1.,1.,1., 0001431P0002814
0.640602956,2.7821614E-02,0.,0.675667137,3.6996447E-02,0.,       0001431P0002815
0.709543117,5.0651816E-02,0.,0.625,0.6875,0.,0.,1.;              0001431P0002816
126,2,2,1,0,1,0,0.6875,0.6875,0.6875,0.75,0.75,0.75,1.,1.,1.,    0001433P0002817
0.709543117,5.0651816E-02,0.,0.74369963,6.4420268E-02,0.,        0001433P0002818
0.776038649,8.2494958E-02,0.,0.6875,0.75,0.,0.,1.;               0001433P0002819
126,2,2,1,0,1,0,0.75,0.75,0.75,0.8125,0.8125,0.8125,1.,1.,1.,    0001435P0002820
0.776038649,8.2494958E-02,0.,0.809152871,0.101002919,0.,         0001435P0002821
0.839628342,0.123609918,0.,0.75,0.8125,0.,0.,1.;                 0001435P0002822
126,2,2,1,0,1,0,0.8125,0.8125,0.8125,0.84375,0.84375,0.84375,1., 0001437P0002823
1.,1.,0.839628342,0.123609918,0.,0.855368585,0.135286183,0.,     0001437P0002824
0.87024048,0.147941132,0.,0.8125,0.84375,0.,0.,1.;               0001437P0002825
126,2,2,1,0,1,0,0.84375,0.84375,0.84375,0.875,0.875,0.875,1.,1., 0001439P0002826
1.,0.87024048,0.147941132,0.,0.885536552,0.160957028,0.,         0001439P0002827
0.899793047,0.174904931,0.,0.84375,0.875,0.,0.,1.;               0001439P0002828
126,2,2,1,0,1,0,0.875,0.875,0.875,0.90625,0.90625,0.90625,1.,1., 0001441P0002829
1.,0.899793047,0.174904931,0.,0.91437005,0.189166406,0.,         0001441P0002830
0.927734366,0.20427886,0.,0.875,0.90625,0.,0.,1.;                0001441P0002831
126,2,2,1,0,1,0,0.90625,0.90625,0.90625,0.9375,0.9375,0.9375,1., 0001443P0002832
1.,1.,0.927734366,0.20427886,0.,0.9415288,0.219877694,0.,        0001443P0002833
0.953906233,0.23624197,0.,0.90625,0.9375,0.,0.,1.;               0001443P0002834
126,2,2,1,0,1,0,0.9375,0.9375,0.9375,0.96875,0.96875,0.96875,1., 0001445P0002835
1.,1.,0.953906233,0.23624197,0.,0.966823774,0.253320325,0.,      0001445P0002836
0.978099531,0.271100259,0.,0.9375,0.96875,0.,0.,1.;              0001445P0002837
126,2,2,1,0,1,0,0.96875,0.96875,0.96875,1.,1.,1.,1.,1.,1.,       0001447P0002838
0.978099531,0.271100259,0.,0.990024937,0.28990458,0.,1.,         0001447P0002839
0.309313569,0.,0.96875,1.,0.,0.,1.;                              0001447P0002840
126,1,1,1,0,1,0,1.675934894E-04,1.675934894E-04,27.789562692,    0001449P0002841
27.789562692,1.,1.,1.,0.309313569,0.,1.,0.690686431,0.,          0001449P0002842
1.675934894E-04,27.789562692,0.,0.,1.;                           0001449P0002843
126,2,2,1,0,1,0,0.,0.,0.,3.125E-02,3.125E-02,3.125E-02,1.,1.,1., 0001451P0002844
1.,0.690686431,0.,0.990026974,0.710091457,0.,0.978104388,        0001451P0002845
0.728892082,0.,0.,3.125E-02,0.,0.,1.;                            0001451P0002846
126,2,2,1,0,1,0,3.125E-02,3.125E-02,3.125E-02,6.25E-02,6.25E-02, 0001453P0002847
6.25E-02,1.,1.,1.,0.978104388,0.728892082,0.,0.966764341,        0001453P0002848
0.746774105,0.,0.953763947,0.76394606,0.,3.125E-02,6.25E-02,0.,  0001453P0002849
0.,1.;                                                           0001453P0002850
126,2,2,1,0,1,0,6.25E-02,6.25E-02,6.25E-02,9.375E-02,9.375E-02,  0001455P0002851
9.375E-02,1.,1.,1.,0.953763947,0.76394606,0.,0.941244685,        0001455P0002852
0.780482498,0.,0.927278963,0.796235467,0.,6.25E-02,9.375E-02,0., 0001455P0002853
0.,1.;                                                           0001455P0002854
126,2,2,1,0,1,0,9.375E-02,9.375E-02,9.375E-02,0.125,0.125,0.125, 0001457P0002855
1.,1.,1.,0.927278963,0.796235467,0.,0.913795613,0.811444334,0.,  0001457P0002856
0.899084485,0.82578709,0.,9.375E-02,0.125,0.,0.,1.;              0001457P0002857
126,2,2,1,0,1,0,0.125,0.125,0.125,0.15625,0.15625,0.15625,1.,1., 0001459P0002858
1.,0.899084485,0.82578709,0.,0.88489061,0.839625544,0.,          0001459P0002859
0.869672802,0.852541296,0.,0.125,0.15625,0.,0.,1.;               0001459P0002860
126,2,2,1,0,1,0,0.15625,0.15625,0.15625,0.1875,0.1875,0.1875,1., 0001461P0002861
1.,1.,0.869672802,0.852541296,0.,0.854843076,0.865127672,0.,     0001461P0002862
0.839153874,0.876741678,0.,0.15625,0.1875,0.,0.,1.;              0001461P0002863
126,2,2,1,0,1,0,0.1875,0.1875,0.1875,0.25,0.25,0.25,1.,1.,1.,    0001463P0002864
0.839153874,0.876741678,0.,0.808438081,0.899479188,0.,           0001463P0002865
0.775055009,0.918053575,0.,0.1875,0.25,0.,0.,1.;                 0001463P0002866
126,2,2,1,0,1,0,0.25,0.25,0.25,0.3125,0.3125,0.3125,1.,1.,1.,    0001465P0002867
0.775055009,0.918053575,0.,0.742623098,0.936098734,0.,           0001465P0002868
0.708377338,0.949816634,0.,0.25,0.3125,0.,0.,1.;                 0001465P0002869
126,2,2,1,0,1,0,0.3125,0.3125,0.3125,0.375,0.375,0.375,1.,1.,1., 0001467P0002870
0.708377338,0.949816634,0.,0.674850189,0.963246679,0.,           0001467P0002871
0.640167321,0.972292187,0.,0.3125,0.375,0.,0.,1.;                0001467P0002872
126,2,2,1,0,1,0,0.375,0.375,0.375,0.4375,0.4375,0.4375,1.,1.,1., 0001469P0002873
0.640167321,0.972292187,0.,0.605649294,0.981294704,0.,           0001469P0002874
0.570481469,0.98582275,0.,0.375,0.4375,0.,0.,1.;                 0001469P0002875
126,2,2,1,0,1,0,0.4375,0.4375,0.4375,0.5,0.5,0.5,1.,1.,1.,       0001471P0002876
0.570481469,0.98582275,0.,0.535158865,0.990370724,0.,            0001471P0002877
0.499625186,0.990346538,0.,0.4375,0.5,0.,0.,1.;                  0001471P0002878
126,2,2,1,0,1,0,0.5,0.5,0.5,0.5625,0.5625,0.5625,1.,1.,1.,       0001473P0002879
0.499625186,0.990346538,0.,0.464301176,0.990322495,0.,           0001473P0002880
0.429188987,0.985780219,0.,0.5,0.5625,0.,0.,1.;                  0001473P0002881
126,2,2,1,0,1,0,0.5625,0.5625,0.5625,0.625,0.625,0.625,1.,1.,1., 0001475P0002882
0.429188987,0.985780219,0.,0.393965781,0.981223581,0.,           0001475P0002883
0.359397044,0.972178386,0.,0.5625,0.625,0.,0.,1.;                0001475P0002884
126,2,2,1,0,1,0,0.625,0.625,0.625,0.6875,0.6875,0.6875,1.,1.,1., 0001477P0002885
0.359397044,0.972178386,0.,0.324332863,0.963003553,0.,           0001477P0002886
0.290456883,0.949348184,0.,0.625,0.6875,0.,0.,1.;                0001477P0002887
126,2,2,1,0,1,0,0.6875,0.6875,0.6875,0.75,0.75,0.75,1.,1.,1.,    0001479P0002888
0.290456883,0.949348184,0.,0.25630037,0.935579732,0.,            0001479P0002889
0.223961352,0.917505042,0.,0.6875,0.75,0.,0.,1.;                 0001479P0002890
126,2,2,1,0,1,0,0.75,0.75,0.75,0.8125,0.8125,0.8125,1.,1.,1.,    0001481P0002891
0.223961352,0.917505042,0.,0.190847129,0.898997081,0.,           0001481P0002892
0.160371658,0.876390082,0.,0.75,0.8125,0.,0.,1.;                 0001481P0002893
126,2,2,1,0,1,0,0.8125,0.8125,0.8125,0.84375,0.84375,0.84375,1., 0001483P0002894
1.,1.,0.160371658,0.876390082,0.,0.144631415,0.864713817,0.,     0001483P0002895
0.129759521,0.852058868,0.,0.8125,0.84375,0.,0.,1.;              0001483P0002896
126,2,2,1,0,1,0,0.84375,0.84375,0.84375,0.875,0.875,0.875,1.,1., 0001485P0002897
1.,0.129759521,0.852058868,0.,0.114463448,0.839042972,0.,        0001485P0002898
0.100206953,0.825095069,0.,0.84375,0.875,0.,0.,1.;               0001485P0002899
126,2,2,1,0,1,0,0.875,0.875,0.875,0.90625,0.90625,0.90625,1.,1., 0001487P0002900
1.,0.100206953,0.825095069,0.,8.562995E-02,0.810833594,0.,       0001487P0002901
7.2265634E-02,0.79572114,0.,0.875,0.90625,0.,0.,1.;              0001487P0002902
126,2,2,1,0,1,0,0.90625,0.90625,0.90625,0.9375,0.9375,0.9375,1., 0001489P0002903
1.,1.,7.2265634E-02,0.79572114,0.,5.84712E-02,0.780122306,0.,    0001489P0002904
4.6093767E-02,0.76375803,0.,0.90625,0.9375,0.,0.,1.;             0001489P0002905
126,2,2,1,0,1,0,0.9375,0.9375,0.9375,0.96875,0.96875,0.96875,1., 0001491P0002906
1.,1.,4.6093767E-02,0.76375803,0.,3.3176226E-02,0.746679675,0.,  0001491P0002907
2.1900469E-02,0.728899741,0.,0.9375,0.96875,0.,0.,1.;            0001491P0002908
126,2,2,1,0,1,0,0.96875,0.96875,0.96875,1.,1.,1.,1.,1.,1.,       0001493P0002909
2.1900469E-02,0.728899741,0.,9.975063E-03,0.71009542,0.,0.,      0001493P0002910
0.690686431,0.,0.96875,1.,0.,0.,1.;                              0001493P0002911
102,46,1497,1499,1501,1503,1505,1507,1509,1511,1513,1515,1517,   0001495P0002912
1519,1521,1523,1525,1527,1529,1531,1533,1535,1537,1539,1541,     0001495P0002913
1543,1545,1547,1549,1551,1553,1555,1557,1559,1561,1563,1565,     0001495P0002914
1567,1569,1571,1573,1575,1577,1579,1581,1583,1585,1587;          0001495P0002915
110,47.64,13.894697498,0.375,47.64,-13.894697514,0.375;          0001497P0002916
126,2,2,1,0,1,0,0.,0.,0.,3.125E-02,3.125E-02,3.125E-02,1.,1.,1., 0001499P0002917
47.64,-13.894697529,0.374999989,47.64,-15.308678406,1.36482282,  0001499P0002918
47.64,-16.678618555,2.54813948,0.,3.125E-02,-1.,0.,0.;           0001499P0002919
126,2,2,1,0,1,0,3.125E-02,3.125E-02,3.125E-02,6.25E-02,6.25E-02, 0001501P0002920
6.25E-02,1.,1.,1.,47.64,-16.678618555,2.54813948,47.64,          0001501P0002921
-17.981623176,3.673639145,47.64,-19.232887461,4.96392825,        0001501P0002922
3.125E-02,6.25E-02,-1.,0.,0.;                                    0001501P0002923
126,2,2,1,0,1,0,6.25E-02,6.25E-02,6.25E-02,9.375E-02,9.375E-02,  0001503P0002924
9.375E-02,1.,1.,1.,47.64,-19.232887461,4.96392825,47.64,         0001503P0002925
-20.437843624,6.206465003,47.64,-21.585711106,7.592562912,       0001503P0002926
6.25E-02,9.375E-02,-1.,0.,0.;                                    0001503P0002927
126,2,2,1,0,1,0,9.375E-02,9.375E-02,9.375E-02,0.125,0.125,0.125, 0001505P0002928
1.,1.,1.,47.64,-21.585711106,7.592562912,47.64,-22.693931579,    0001505P0002929
8.9307854,47.64,-23.739041298,10.390864854,9.375E-02,0.125,-1.,  0001505P0002930
0.,0.;                                                           0001505P0002931
126,2,2,1,0,1,0,0.125,0.125,0.125,0.15625,0.15625,0.15625,1.,1., 0001507P0002932
1.,47.64,-23.739041298,10.390864854,47.64,-24.747404324,         0001507P0002933
11.799606948,47.64,-25.688532995,13.309974392,0.125,0.15625,-1., 0001507P0002934
0.,0.;                                                           0001507P0002935
126,2,2,1,0,1,0,0.15625,0.15625,0.15625,0.1875,0.1875,0.1875,1., 0001509P0002936
1.,1.,47.64,-25.688532995,13.309974392,47.64,-26.605661113,      0001509P0002937
14.781824698,47.64,-27.451935731,16.338977996,0.15625,0.1875,    0001509P0002938
-1.,0.,0.;                                                       0001509P0002939
126,2,2,1,0,1,0,0.1875,0.1875,0.1875,0.25,0.25,0.25,1.,1.,1.,    0001511P0002940
47.64,-27.451935731,16.338977996,47.64,-29.108743907,            0001511P0002941
19.387520452,47.64,-30.462198832,22.700790348,0.1875,0.25,-1.,   0001511P0002942
0.,0.;                                                           0001511P0002943
126,2,2,1,0,1,0,0.25,0.25,0.25,0.3125,0.3125,0.3125,1.,1.,1.,    0001513P0002944
47.64,-30.462198832,22.700790348,47.64,-31.77709064,             0001513P0002945
25.919657515,47.64,-32.776669217,29.318549196,0.25,0.3125,-1.,   0001513P0002946
0.,0.;                                                           0001513P0002947
126,2,2,1,0,1,0,0.3125,0.3125,0.3125,0.375,0.375,0.375,1.,1.,1., 0001515P0002948
47.64,-32.776669217,29.318549196,47.64,-33.755272739,            0001515P0002949
32.646118734,47.64,-34.414389369,36.088393384,0.3125,0.375,-1.,  0001515P0002950
0.,0.;                                                           0001515P0002951
126,2,2,1,0,1,0,0.375,0.375,0.375,0.4375,0.4375,0.4375,1.,1.,1., 0001517P0002952
47.64,-34.414389369,36.088393384,47.64,-35.070373384,            0001517P0002953
39.514307564,47.64,-35.40031731,43.004714196,0.375,0.4375,-1.,   0001517P0002954
0.,0.;                                                           0001517P0002955
126,2,2,1,0,1,0,0.4375,0.4375,0.4375,0.5,0.5,0.5,1.,1.,1.,47.64, 0001519P0002956
-35.40031731,43.004714196,47.64,-35.731713323,46.510482643,      0001519P0002957
47.64,-35.729950968,50.037200284,0.4375,0.5,-1.,0.,0.;           0001519P0002958
126,2,2,1,0,1,0,0.5,0.5,0.5,0.5625,0.5625,0.5625,1.,1.,1.,47.64, 0001521P0002959
-35.729950968,50.037200284,47.64,-35.728199034,53.543108277,     0001521P0002960
47.64,-35.397218215,57.027993036,0.5,0.5625,-1.,0.,0.;           0001521P0002961
126,2,2,1,0,1,0,0.5625,0.5625,0.5625,0.625,0.625,0.625,1.,1.,1., 0001523P0002962
47.64,-35.397218215,57.027993036,47.64,-35.065190883,            0001523P0002963
60.523896231,47.64,-34.406097061,63.954843379,0.5625,0.625,-1.,  0001523P0002964
0.,0.;                                                           0001523P0002965
126,2,2,1,0,1,0,0.625,0.625,0.625,0.6875,0.6875,0.6875,1.,1.,1., 0001525P0002966
47.64,-34.406097061,63.954843379,47.64,-33.737556942,            0001525P0002967
67.434963344,47.64,-32.742534795,70.797154359,0.625,0.6875,-1.,  0001525P0002968
0.,0.;                                                           0001525P0002969
126,2,2,1,0,1,0,0.6875,0.6875,0.6875,0.75,0.75,0.75,1.,1.,1.,    0001527P0002970
47.64,-32.742534795,70.797154359,47.64,-31.739272659,            0001527P0002971
74.187188275,47.64,-30.422229023,77.396835911,0.6875,0.75,-1.,   0001527P0002972
0.,0.;                                                           0001527P0002973
126,2,2,1,0,1,0,0.75,0.75,0.75,0.8125,0.8125,0.8125,1.,1.,1.,    0001529P0002974
47.64,-30.422229023,77.396835911,47.64,-29.073614344,            0001529P0002975
80.683422445,47.64,-27.426316151,83.708112942,0.75,0.8125,-1.,   0001529P0002976
0.,0.;                                                           0001529P0002977
126,2,2,1,0,1,0,0.8125,0.8125,0.8125,0.84375,0.84375,0.84375,1., 0001531P0002978
1.,1.,47.64,-27.426316151,83.708112942,47.64,-26.57550485,       0001531P0002979
85.27033206,47.64,-25.653380042,86.746367639,0.8125,0.84375,-1., 0001531P0002980
0.,0.;                                                           0001531P0002981
126,2,2,1,0,1,0,0.84375,0.84375,0.84375,0.875,0.875,0.875,1.,1., 0001533P0002982
1.,47.64,-25.653380042,86.746367639,47.64,-24.704954205,         0001533P0002983
88.264502785,47.64,-23.688616061,89.679459914,0.84375,0.875,-1., 0001533P0002984
0.,0.;                                                           0001533P0002985
126,2,2,1,0,1,0,0.875,0.875,0.875,0.90625,0.90625,0.90625,1.,1., 0001535P0002986
1.,47.64,-23.688616061,89.679459914,47.64,-22.649428949,         0001535P0002987
91.126227462,47.64,-21.548233777,92.452635825,0.875,0.90625,-1., 0001535P0002988
0.,0.;                                                           0001535P0002989
126,2,2,1,0,1,0,0.90625,0.90625,0.90625,0.9375,0.9375,0.9375,1., 0001537P0002990
1.,1.,47.64,-21.548233777,92.452635825,47.64,-20.411597682,      0001537P0002991
93.821733399,47.64,-19.219186329,95.050193625,0.90625,0.9375,    0001537P0002992
-1.,0.,0.;                                                       0001537P0002993
126,2,2,1,0,1,0,0.9375,0.9375,0.9375,0.96875,0.96875,0.96875,1., 0001539P0002994
1.,1.,47.64,-19.219186329,95.050193625,47.64,-17.97474237,       0001539P0002995
96.332259569,47.64,-16.679176641,97.451378452,0.9375,0.96875,    0001539P0002996
-1.,0.,0.;                                                       0001539P0002997
126,2,2,1,0,1,0,0.96875,0.96875,0.96875,1.,1.,1.,1.,1.,1.,47.64, 0001541P0002998
-16.679176641,97.451378452,47.64,-15.308967176,98.634974997,     0001541P0002999
47.64,-13.894697529,99.625,0.96875,1.,-1.,0.,0.;                 0001541P0003000
110,47.64,-13.894697546,99.625,47.64,13.894697553,99.625;        0001543P0003001
126,2,2,1,0,1,0,0.,0.,0.,3.125E-02,3.125E-02,3.125E-02,1.,1.,1., 0001545P0003002
47.64,13.894697529,99.625,47.64,15.308678406,98.635177169,47.64, 0001545P0003003
16.678618555,97.451860509,0.,3.125E-02,-1.,0.,0.;                0001545P0003004
126,2,2,1,0,1,0,3.125E-02,3.125E-02,3.125E-02,6.25E-02,6.25E-02, 0001547P0003005
6.25E-02,1.,1.,1.,47.64,16.678618555,97.451860509,47.64,         0001547P0003006
17.981623176,96.326360844,47.64,19.232887461,95.036071739,       0001547P0003007
3.125E-02,6.25E-02,-1.,0.,0.;                                    0001547P0003008
126,2,2,1,0,1,0,6.25E-02,6.25E-02,6.25E-02,9.375E-02,9.375E-02,  0001549P0003009
9.375E-02,1.,1.,1.,47.64,19.232887461,95.036071739,47.64,        0001549P0003010
20.437843697,93.793534986,47.64,21.585711106,92.407437077,       0001549P0003011
6.25E-02,9.375E-02,-1.,0.,0.;                                    0001549P0003012
126,2,2,1,0,1,0,9.375E-02,9.375E-02,9.375E-02,0.125,0.125,0.125, 0001551P0003013
1.,1.,1.,47.64,21.585711106,92.407437077,47.64,22.693931579,     0001551P0003014
91.069214589,47.64,23.739041371,89.609135135,9.375E-02,0.125,    0001551P0003015
-1.,0.,0.;                                                       0001551P0003016
126,2,2,1,0,1,0,0.125,0.125,0.125,0.15625,0.15625,0.15625,1.,1., 0001553P0003017
1.,47.64,23.739041371,89.609135135,47.64,24.747404324,           0001553P0003018
88.200393041,47.64,25.688532995,86.690025597,0.125,0.15625,-1.,  0001553P0003019
0.,0.;                                                           0001553P0003020
126,2,2,1,0,1,0,0.15625,0.15625,0.15625,0.1875,0.1875,0.1875,1., 0001555P0003021
1.,1.,47.64,25.688532995,86.690025597,47.64,26.605661113,        0001555P0003022
85.218175291,47.64,27.451935804,83.661021993,0.15625,0.1875,-1., 0001555P0003023
0.,0.;                                                           0001555P0003024
126,2,2,1,0,1,0,0.1875,0.1875,0.1875,0.25,0.25,0.25,1.,1.,1.,    0001557P0003025
47.64,27.451935804,83.661021993,47.64,29.108743907,80.612479537, 0001557P0003026
47.64,30.462198832,77.299209641,0.1875,0.25,-1.,0.,0.;           0001557P0003027
126,2,2,1,0,1,0,0.25,0.25,0.25,0.3125,0.3125,0.3125,1.,1.,1.,    0001559P0003028
47.64,30.462198832,77.299209641,47.64,31.77709064,74.080342474,  0001559P0003029
47.64,32.776669217,70.681450793,0.25,0.3125,-1.,0.,0.;           0001559P0003030
126,2,2,1,0,1,0,0.3125,0.3125,0.3125,0.375,0.375,0.375,1.,1.,1., 0001561P0003031
47.64,32.776669217,70.681450793,47.64,33.755272739,67.353881255, 0001561P0003032
47.64,34.414389369,63.911606605,0.3125,0.375,-1.,0.,0.;          0001561P0003033
126,2,2,1,0,1,0,0.375,0.375,0.375,0.4375,0.4375,0.4375,1.,1.,1., 0001563P0003034
47.64,34.414389369,63.911606605,47.64,35.070373384,60.485692425, 0001563P0003035
47.64,35.40031731,56.995285794,0.375,0.4375,-1.,0.,0.;           0001563P0003036
126,2,2,1,0,1,0,0.4375,0.4375,0.4375,0.5,0.5,0.5,1.,1.,1.,47.64, 0001565P0003037
35.40031731,56.995285794,47.64,35.731713323,53.489517346,47.64,  0001565P0003038
35.729950968,49.962799705,0.4375,0.5,-1.,0.,0.;                  0001565P0003039
126,2,2,1,0,1,0,0.5,0.5,0.5,0.5625,0.5625,0.5625,1.,1.,1.,47.64, 0001567P0003040
35.729950968,49.962799705,47.64,35.728199034,46.456891712,47.64, 0001567P0003041
35.397218215,42.972006954,0.5,0.5625,-1.,0.,0.;                  0001567P0003042
126,2,2,1,0,1,0,0.5625,0.5625,0.5625,0.625,0.625,0.625,1.,1.,1., 0001569P0003043
47.64,35.397218215,42.972006954,47.64,35.065190883,39.476103758, 0001569P0003044
47.64,34.406097061,36.04515661,0.5625,0.625,-1.,0.,0.;           0001569P0003045
126,2,2,1,0,1,0,0.625,0.625,0.625,0.6875,0.6875,0.6875,1.,1.,1., 0001571P0003046
47.64,34.406097061,36.04515661,47.64,33.737556942,32.565036645,  0001571P0003047
47.64,32.742534795,29.20284563,0.625,0.6875,-1.,0.,0.;           0001571P0003048
126,2,2,1,0,1,0,0.6875,0.6875,0.6875,0.75,0.75,0.75,1.,1.,1.,    0001573P0003049
47.64,32.742534795,29.20284563,47.64,31.739272659,25.812811714,  0001573P0003050
47.64,30.422229023,22.603164178,0.6875,0.75,-1.,0.,0.;           0001573P0003051
126,2,2,1,0,1,0,0.75,0.75,0.75,0.8125,0.8125,0.8125,1.,1.,1.,    0001575P0003052
47.64,30.422229023,22.603164178,47.64,29.073614344,19.316577544, 0001575P0003053
47.64,27.426316151,16.291887047,0.75,0.8125,-1.,0.,0.;           0001575P0003054
126,2,2,1,0,1,0,0.8125,0.8125,0.8125,0.84375,0.84375,0.84375,1., 0001577P0003055
1.,1.,47.64,27.426316151,16.291887047,47.64,26.57550485,         0001577P0003056
14.729667929,47.64,25.653380042,13.25363245,0.8125,0.84375,-1.,  0001577P0003057
0.,0.;                                                           0001577P0003058
126,2,2,1,0,1,0,0.84375,0.84375,0.84375,0.875,0.875,0.875,1.,1., 0001579P0003059
1.,47.64,25.653380042,13.25363245,47.64,24.704954205,            0001579P0003060
11.735497204,47.64,23.688616061,10.320540075,0.84375,0.875,-1.,  0001579P0003061
0.,0.;                                                           0001579P0003062
126,2,2,1,0,1,0,0.875,0.875,0.875,0.90625,0.90625,0.90625,1.,1., 0001581P0003063
1.,47.64,23.688616061,10.320540075,47.64,22.649428949,           0001581P0003064
8.873772528,47.64,21.548233777,7.547364164,0.875,0.90625,-1.,0., 0001581P0003065
0.;                                                              0001581P0003066
126,2,2,1,0,1,0,0.90625,0.90625,0.90625,0.9375,0.9375,0.9375,1., 0001583P0003067
1.,1.,47.64,21.548233777,7.547364164,47.64,20.411597682,         0001583P0003068
6.17826659,47.64,19.219186329,4.949806364,0.90625,0.9375,-1.,0., 0001583P0003069
0.;                                                              0001583P0003070
126,2,2,1,0,1,0,0.9375,0.9375,0.9375,0.96875,0.96875,0.96875,1., 0001585P0003071
1.,1.,47.64,19.219186329,4.949806364,47.64,17.97474237,          0001585P0003072
3.66774042,47.64,16.679176641,2.548621538,0.9375,0.96875,-1.,0., 0001585P0003073
0.;                                                              0001585P0003074
126,2,2,1,0,1,0,0.96875,0.96875,0.96875,1.,1.,1.,1.,1.,1.,47.64, 0001587P0003075
16.679176641,2.548621538,47.64,15.308967176,1.365024992,47.64,   0001587P0003076
13.894697529,0.374999989,0.96875,1.,-1.,2.238754585E-14,0.;      0001587P0003077
144,1591,1,0,1593;                                               0001589P0003078
128,1,1,1,1,0,0,1,0,0,0.,0.,1.,1.,0.,0.,1.,1.,1.,1.,1.,1.,       0001591P0003079
-36.433361738,47.64,99.625,-36.433361738,47.64,0.374999989,      0001591P0003080
36.433363596,47.64,99.625,36.433363596,47.64,0.374999989,0.,1.,  0001591P0003081
9.629241E-03,0.990370735;                                        0001591P0003082
142,0,1591,1595,1689,3;                                          0001593P0003083
102,46,1597,1599,1601,1603,1605,1607,1609,1611,1613,1615,1617,   0001595P0003084
1619,1621,1623,1625,1627,1629,1631,1633,1635,1637,1639,1641,     0001595P0003085
1643,1645,1647,1649,1651,1653,1655,1657,1659,1661,1663,1665,     0001595P0003086
1667,1669,1671,1673,1675,1677,1679,1681,1683,1685,1687;          0001595P0003087
126,1,1,1,0,1,0,3.395589399E-04,3.395589399E-04,27.789725815,    0001597P0003088
27.789725815,1.,1.,1.,0.309313592,0.,1.,0.690686381,0.,          0001597P0003089
3.395589399E-04,27.789725815,0.,0.,1.;                           0001597P0003090
126,2,2,1,0,1,0,0.,0.,0.,3.125E-02,3.125E-02,3.125E-02,1.,1.,1., 0001599P0003091
1.,0.690686381,0.,0.990026958,0.710091369,0.,0.97810435,         0001599P0003092
0.728892002,0.,0.,3.125E-02,0.,0.,1.;                            0001599P0003093
126,2,2,1,0,1,0,3.125E-02,3.125E-02,3.125E-02,6.25E-02,6.25E-02, 0001601P0003094
6.25E-02,1.,1.,1.,0.97810435,0.728892002,0.,0.966764286,         0001601P0003095
0.746774028,0.,0.953763899,0.763945984,0.,3.125E-02,6.25E-02,0., 0001601P0003096
0.,1.;                                                           0001601P0003097
126,2,2,1,0,1,0,6.25E-02,6.25E-02,6.25E-02,9.375E-02,9.375E-02,  0001603P0003098
9.375E-02,1.,1.,1.,0.953763899,0.763945984,0.,0.941244621,       0001603P0003099
0.780482452,0.,0.927278922,0.796235418,0.,6.25E-02,9.375E-02,0., 0001603P0003100
0.,1.;                                                           0001603P0003101
126,2,2,1,0,1,0,9.375E-02,9.375E-02,9.375E-02,0.125,0.125,0.125, 0001605P0003102
1.,1.,1.,0.927278922,0.796235418,0.,0.91379557,0.811444308,0.,   0001605P0003103
0.89908446,0.825787066,0.,9.375E-02,0.125,0.,0.,1.;              0001605P0003104
126,2,2,1,0,1,0,0.125,0.125,0.125,0.15625,0.15625,0.15625,1.,1., 0001607P0003105
1.,0.89908446,0.825787066,0.,0.88489059,0.839625535,0.,          0001607P0003106
0.86967279,0.852541293,0.,0.125,0.15625,0.,0.,1.;                0001607P0003107
126,2,2,1,0,1,0,0.15625,0.15625,0.15625,0.1875,0.1875,0.1875,1., 0001609P0003108
1.,1.,0.86967279,0.852541293,0.,0.854843071,0.865127676,0.,      0001609P0003109
0.839153871,0.876741687,0.,0.15625,0.1875,0.,0.,1.;              0001609P0003110
126,2,2,1,0,1,0,0.1875,0.1875,0.1875,0.25,0.25,0.25,1.,1.,1.,    0001611P0003111
0.839153871,0.876741687,0.,0.808438094,0.899479198,0.,           0001611P0003112
0.77505501,0.918053592,0.,0.1875,0.25,0.,0.,1.;                  0001611P0003113
126,2,2,1,0,1,0,0.25,0.25,0.25,0.3125,0.3125,0.3125,1.,1.,1.,    0001613P0003114
0.77505501,0.918053592,0.,0.742623106,0.936098748,0.,            0001613P0003115
0.708377339,0.949816649,0.,0.25,0.3125,0.,0.,1.;                 0001613P0003116
126,2,2,1,0,1,0,0.3125,0.3125,0.3125,0.375,0.375,0.375,1.,1.,1., 0001615P0003117
0.708377339,0.949816649,0.,0.67485019,0.963246692,0.,            0001615P0003118
0.640167322,0.972292199,0.,0.3125,0.375,0.,0.,1.;                0001615P0003119
126,2,2,1,0,1,0,0.375,0.375,0.375,0.4375,0.4375,0.4375,1.,1.,1., 0001617P0003120
0.640167322,0.972292199,0.,0.605649295,0.981294715,0.,           0001617P0003121
0.570481471,0.985822761,0.,0.375,0.4375,0.,0.,1.;                0001617P0003122
126,2,2,1,0,1,0,0.4375,0.4375,0.4375,0.5,0.5,0.5,1.,1.,1.,       0001619P0003123
0.570481471,0.985822761,0.,0.535158867,0.990370735,0.,           0001619P0003124
0.499625189,0.990346549,0.,0.4375,0.5,0.,0.,1.;                  0001619P0003125
126,2,2,1,0,1,0,0.5,0.5,0.5,0.5625,0.5625,0.5625,1.,1.,1.,       0001621P0003126
0.499625189,0.990346549,0.,0.464301178,0.990322506,0.,           0001621P0003127
0.429188989,0.98578023,0.,0.5,0.5625,0.,0.,1.;                   0001621P0003128
126,2,2,1,0,1,0,0.5625,0.5625,0.5625,0.625,0.625,0.625,1.,1.,1., 0001623P0003129
0.429188989,0.98578023,0.,0.393965782,0.981223592,0.,            0001623P0003130
0.359397044,0.972178397,0.,0.5625,0.625,0.,0.,1.;                0001623P0003131
126,2,2,1,0,1,0,0.625,0.625,0.625,0.6875,0.6875,0.6875,1.,1.,1., 0001625P0003132
0.359397044,0.972178397,0.,0.324332861,0.963003566,0.,           0001625P0003133
0.290456882,0.949348198,0.,0.625,0.6875,0.,0.,1.;                0001625P0003134
126,2,2,1,0,1,0,0.6875,0.6875,0.6875,0.75,0.75,0.75,1.,1.,1.,    0001627P0003135
0.290456882,0.949348198,0.,0.256300361,0.935579745,0.,           0001627P0003136
0.22396135,0.917505059,0.,0.6875,0.75,0.,0.,1.;                  0001627P0003137
126,2,2,1,0,1,0,0.75,0.75,0.75,0.8125,0.8125,0.8125,1.,1.,1.,    0001629P0003138
0.22396135,0.917505059,0.,0.190847114,0.89899709,0.,0.160371657, 0001629P0003139
0.876390088,0.,0.75,0.8125,0.,0.,1.;                             0001629P0003140
126,2,2,1,0,1,0,0.8125,0.8125,0.8125,0.84375,0.84375,0.84375,1., 0001631P0003141
1.,1.,0.160371657,0.876390088,0.,0.144631413,0.864713815,0.,     0001631P0003142
0.129759522,0.852058855,0.,0.8125,0.84375,0.,0.,1.;              0001631P0003143
126,2,2,1,0,1,0,0.84375,0.84375,0.84375,0.875,0.875,0.875,1.,1., 0001633P0003144
1.,0.129759522,0.852058855,0.,0.114463457,0.839042953,0.,        0001633P0003145
0.100206966,0.825095033,0.,0.84375,0.875,0.,0.,1.;               0001633P0003146
126,2,2,1,0,1,0,0.875,0.875,0.875,0.90625,0.90625,0.90625,1.,1., 0001635P0003147
1.,0.100206966,0.825095033,0.,8.562998E-02,0.810833555,0.,       0001635P0003148
7.2265663E-02,0.795721077,0.,0.875,0.90625,0.,0.,1.;             0001635P0003149
126,2,2,1,0,1,0,0.90625,0.90625,0.90625,0.9375,0.9375,0.9375,1., 0001637P0003150
1.,1.,7.2265663E-02,0.795721077,0.,5.8471254E-02,0.780122247,0., 0001637P0003151
4.6093807E-02,0.763757944,0.,0.90625,0.9375,0.,0.,1.;            0001637P0003152
126,2,2,1,0,1,0,0.9375,0.9375,0.9375,0.96875,0.96875,0.96875,1., 0001639P0003153
1.,1.,4.6093807E-02,0.763757944,0.,3.3176275E-02,0.74667959,0.,  0001639P0003154
2.1900503E-02,0.728899655,0.,0.9375,0.96875,0.,0.,1.;            0001639P0003155
126,2,2,1,0,1,0,0.96875,0.96875,0.96875,1.,1.,1.,1.,1.,1.,       0001641P0003156
2.1900503E-02,0.728899655,0.,9.975077E-03,0.710095329,0.,0.,     0001641P0003157
0.690686381,0.,0.96875,1.,0.,0.,1.;                              0001641P0003158
126,1,1,1,0,1,0,1.698523369E-04,1.698523369E-04,27.789556137,    0001643P0003159
27.789556137,1.,1.,0.,0.690686381,0.,0.,0.309313592,0.,          0001643P0003160
1.698523369E-04,27.789556137,0.,0.,1.;                           0001643P0003161
126,2,2,1,0,1,0,0.,0.,0.,3.125E-02,3.125E-02,3.125E-02,1.,1.,1., 0001645P0003162
0.,0.309313592,0.,9.973041E-03,0.289908608,0.,2.1895652E-02,     0001645P0003163
0.271107974,0.,0.,3.125E-02,0.,0.,1.;                            0001645P0003164
126,2,2,1,0,1,0,3.125E-02,3.125E-02,3.125E-02,6.25E-02,6.25E-02, 0001647P0003165
6.25E-02,1.,1.,1.,2.1895652E-02,0.271107974,0.,3.3235715E-02,    0001647P0003166
0.253225952,0.,4.6236104E-02,0.236053993,0.,3.125E-02,6.25E-02,  0001647P0003167
0.,0.,1.;                                                        0001647P0003168
126,2,2,1,0,1,0,6.25E-02,6.25E-02,6.25E-02,9.375E-02,9.375E-02,  0001649P0003169
9.375E-02,1.,1.,1.,4.6236104E-02,0.236053993,0.,5.8755383E-02,   0001649P0003170
0.219517525,0.,7.272108E-02,0.203764558,0.,6.25E-02,9.375E-02,   0001649P0003171
0.,0.,1.;                                                        0001649P0003172
126,2,2,1,0,1,0,9.375E-02,9.375E-02,9.375E-02,0.125,0.125,0.125, 0001651P0003173
1.,1.,1.,7.272108E-02,0.203764558,0.,8.6204433E-02,0.188555665,  0001651P0003174
0.,0.10091554,0.174212905,0.,9.375E-02,0.125,0.,0.,1.;           0001651P0003175
126,2,2,1,0,1,0,0.125,0.125,0.125,0.15625,0.15625,0.15625,1.,1., 0001653P0003176
1.,0.10091554,0.174212905,0.,0.115109411,0.160374432,0.,         0001653P0003177
0.130327208,0.147458673,0.,0.125,0.15625,0.,0.,1.;               0001653P0003178
126,2,2,1,0,1,0,0.15625,0.15625,0.15625,0.1875,0.1875,0.1875,1., 0001655P0003179
1.,1.,0.130327208,0.147458673,0.,0.145156928,0.134872286,0.,     0001655P0003180
0.160846126,0.123258274,0.,0.15625,0.1875,0.,0.,1.;              0001655P0003181
126,2,2,1,0,1,0,0.1875,0.1875,0.1875,0.25,0.25,0.25,1.,1.,1.,    0001657P0003182
0.160846126,0.123258274,0.,0.191561901,0.100520758,0.,           0001657P0003183
0.224944984,8.1946365E-02,0.,0.1875,0.25,0.,0.,1.;               0001657P0003184
126,2,2,1,0,1,0,0.25,0.25,0.25,0.3125,0.3125,0.3125,1.,1.,1.,    0001659P0003185
0.224944984,8.1946365E-02,0.,0.257376886,6.390121E-02,0.,        0001659P0003186
0.291622659,5.0183311E-02,0.,0.25,0.3125,0.,0.,1.;               0001659P0003187
126,2,2,1,0,1,0,0.3125,0.3125,0.3125,0.375,0.375,0.375,1.,1.,1., 0001661P0003188
0.291622659,5.0183311E-02,0.,0.325149805,3.6753273E-02,0.,       0001661P0003189
0.359832677,2.7707768E-02,0.,0.3125,0.375,0.,0.,1.;              0001661P0003190
126,2,2,1,0,1,0,0.375,0.375,0.375,0.4375,0.4375,0.4375,1.,1.,1., 0001663P0003191
0.359832677,2.7707768E-02,0.,0.394350702,1.8705257E-02,0.,       0001663P0003192
0.429518526,1.4177213E-02,0.,0.375,0.4375,0.,0.,1.;              0001663P0003193
126,2,2,1,0,1,0,0.4375,0.4375,0.4375,0.5,0.5,0.5,1.,1.,1.,       0001665P0003194
0.429518526,1.4177213E-02,0.,0.464841131,9.629241E-03,0.,        0001665P0003195
0.500374809,9.653427E-03,0.,0.4375,0.5,0.,0.,1.;                 0001665P0003196
126,2,2,1,0,1,0,0.5,0.5,0.5,0.5625,0.5625,0.5625,1.,1.,1.,       0001667P0003197
0.500374809,9.653427E-03,0.,0.535698821,9.677469E-03,0.,         0001667P0003198
0.570811011,1.4219743E-02,0.,0.5,0.5625,0.,0.,1.;                0001667P0003199
126,2,2,1,0,1,0,0.5625,0.5625,0.5625,0.625,0.625,0.625,1.,1.,1., 0001669P0003200
0.570811011,1.4219743E-02,0.,0.60603422,1.8776379E-02,0.,        0001669P0003201
0.640602957,2.782157E-02,0.,0.5625,0.625,0.,0.,1.;               0001669P0003202
126,2,2,1,0,1,0,0.625,0.625,0.625,0.6875,0.6875,0.6875,1.,1.,1., 0001671P0003203
0.640602957,2.782157E-02,0.,0.675667144,3.6996399E-02,0.,        0001671P0003204
0.709543121,5.0651762E-02,0.,0.625,0.6875,0.,0.,1.;              0001671P0003205
126,2,2,1,0,1,0,0.6875,0.6875,0.6875,0.75,0.75,0.75,1.,1.,1.,    0001673P0003206
0.709543121,5.0651762E-02,0.,0.743699646,6.4420213E-02,0.,       0001673P0003207
0.776038654,8.2494897E-02,0.,0.6875,0.75,0.,0.,1.;               0001673P0003208
126,2,2,1,0,1,0,0.75,0.75,0.75,0.8125,0.8125,0.8125,1.,1.,1.,    0001675P0003209
0.776038654,8.2494897E-02,0.,0.80915289,0.101002866,0.,          0001675P0003210
0.839628346,0.123609873,0.,0.75,0.8125,0.,0.,1.;                 0001675P0003211
126,2,2,1,0,1,0,0.8125,0.8125,0.8125,0.84375,0.84375,0.84375,1., 0001677P0003212
1.,1.,0.839628346,0.123609873,0.,0.855368588,0.135286147,0.,     0001677P0003213
0.870240479,0.14794111,0.,0.8125,0.84375,0.,0.,1.;               0001677P0003214
126,2,2,1,0,1,0,0.84375,0.84375,0.84375,0.875,0.875,0.875,1.,1., 0001679P0003215
1.,0.870240479,0.14794111,0.,0.885536541,0.160957014,0.,         0001679P0003216
0.899793032,0.174904938,0.,0.84375,0.875,0.,0.,1.;               0001679P0003217
126,2,2,1,0,1,0,0.875,0.875,0.875,0.90625,0.90625,0.90625,1.,1., 0001681P0003218
1.,0.899793032,0.174904938,0.,0.914370016,0.189166417,0.,        0001681P0003219
0.927734333,0.204278898,0.,0.875,0.90625,0.,0.,1.;               0001681P0003220
126,2,2,1,0,1,0,0.90625,0.90625,0.90625,0.9375,0.9375,0.9375,1., 0001683P0003221
1.,1.,0.927734333,0.204278898,0.,0.941528741,0.219877729,0.,     0001683P0003222
0.953906189,0.236242033,0.,0.90625,0.9375,0.,0.,1.;              0001683P0003223
126,2,2,1,0,1,0,0.9375,0.9375,0.9375,0.96875,0.96875,0.96875,1., 0001685P0003224
1.,1.,0.953906189,0.236242033,0.,0.966823723,0.253320389,0.,     0001685P0003225
0.978099495,0.27110032,0.,0.9375,0.96875,0.,0.,1.;               0001685P0003226
126,2,2,1,0,1,0,0.96875,0.96875,0.96875,1.,1.,1.,1.,1.,1.,       0001687P0003227
0.978099495,0.27110032,0.,0.990024923,0.289904647,0.,1.,         0001687P0003228
0.309313592,0.,0.96875,1.,0.,0.,1.;                              0001687P0003229
102,46,1691,1693,1695,1697,1699,1701,1703,1705,1707,1709,1711,   0001689P0003230
1713,1715,1717,1719,1721,1723,1725,1727,1729,1731,1733,1735,     0001689P0003231
1737,1739,1741,1743,1745,1747,1749,1751,1753,1755,1757,1759,     0001689P0003232
1761,1763,1765,1767,1769,1771,1773,1775,1777,1779,1781;          0001689P0003233
110,-13.894693187,47.64,0.375,13.89469307,47.64,0.375;           0001691P0003234
126,2,2,1,0,1,0,0.,0.,0.,3.125E-02,3.125E-02,3.125E-02,1.,1.,1., 0001693P0003235
13.894693078,47.64,0.374999989,15.308671009,47.64,1.364824408,   0001693P0003236
16.67861157,47.64,2.548143252,0.,3.125E-02,0.,-1.,0.;            0001693P0003237
126,2,2,1,0,1,0,3.125E-02,3.125E-02,3.125E-02,6.25E-02,6.25E-02, 0001695P0003238
6.25E-02,1.,1.,1.,16.67861157,47.64,2.548143252,17.981616247,    0001695P0003239
47.64,3.673644604,19.232880448,47.64,4.963933014,3.125E-02,      0001695P0003240
6.25E-02,0.,-1.,0.;                                              0001695P0003241
126,2,2,1,0,1,0,6.25E-02,6.25E-02,6.25E-02,9.375E-02,9.375E-02,  0001697P0003242
9.375E-02,1.,1.,1.,19.232880448,47.64,4.963933014,20.43783872,   0001697P0003243
47.64,6.206471355,21.585705767,47.64,7.592566981,6.25E-02,       0001697P0003244
9.375E-02,0.,-1.,0.;                                             0001697P0003245
126,2,2,1,0,1,0,9.375E-02,9.375E-02,9.375E-02,0.125,0.125,0.125, 0001699P0003246
1.,1.,1.,21.585705767,47.64,7.592566981,22.693927777,47.64,      0001699P0003247
8.930789668,23.739037584,47.64,10.390867335,9.375E-02,0.125,0.,  0001699P0003248
-1.,0.;                                                          0001699P0003249
126,2,2,1,0,1,0,0.125,0.125,0.125,0.15625,0.15625,0.15625,1.,1., 0001701P0003250
1.,23.739037584,47.64,10.390867335,24.747401504,47.64,           0001701P0003251
11.799608933,25.688530495,47.64,13.309975583,0.125,0.15625,0.,   0001701P0003252
-1.,0.;                                                          0001701P0003253
126,2,2,1,0,1,0,0.15625,0.15625,0.15625,0.1875,0.1875,0.1875,1., 0001703P0003254
1.,1.,25.688530495,47.64,13.309975583,26.605659008,47.64,        0001703P0003255
14.781825194,27.451933957,47.64,16.338978294,0.15625,0.1875,0.,  0001703P0003256
-1.,0.;                                                          0001703P0003257
126,2,2,1,0,1,0,0.1875,0.1875,0.1875,0.25,0.25,0.25,1.,1.,1.,    0001705P0003258
27.451933957,47.64,16.338978294,29.108741926,47.64,19.387519162, 0001705P0003259
30.462197192,47.64,22.700790249,0.1875,0.25,0.,-1.,0.;           0001705P0003260
126,2,2,1,0,1,0,0.25,0.25,0.25,0.3125,0.3125,0.3125,1.,1.,1.,    0001707P0003261
30.462197192,47.64,22.700790249,31.777088618,47.64,25.919656721, 0001707P0003262
32.776667142,47.64,29.318549097,0.25,0.3125,0.,-1.,0.;           0001707P0003263
126,2,2,1,0,1,0,0.3125,0.3125,0.3125,0.375,0.375,0.375,1.,1.,1., 0001709P0003264
32.776667142,47.64,29.318549097,33.755270397,47.64,32.646118635, 0001709P0003265
34.414386871,47.64,36.088393285,0.3125,0.375,0.,-1.,0.;          0001709P0003266
126,2,2,1,0,1,0,0.375,0.375,0.375,0.4375,0.4375,0.4375,1.,1.,1., 0001711P0003267
34.414386871,47.64,36.088393285,35.070370731,47.64,39.514307465, 0001711P0003268
35.400314616,47.64,43.004713997,0.375,0.4375,0.,-1.,0.;          0001711P0003269
126,2,2,1,0,1,0,0.4375,0.4375,0.4375,0.5,0.5,0.5,1.,1.,1.,       0001713P0003270
35.400314616,47.64,43.004713997,35.731710588,47.64,46.510482444, 0001713P0003271
35.729948233,47.64,50.037199986,0.4375,0.5,0.,-1.,0.;            0001713P0003272
126,2,2,1,0,1,0,0.5,0.5,0.5,0.5625,0.5625,0.5625,1.,1.,1.,       0001715P0003273
35.729948233,47.64,50.037199986,35.728196299,47.64,53.543108078, 0001715P0003274
35.397215521,47.64,57.027992837,0.5,0.5625,0.,-1.,0.;            0001715P0003275
126,2,2,1,0,1,0,0.5625,0.5625,0.5625,0.625,0.625,0.625,1.,1.,1., 0001717P0003276
35.397215521,47.64,57.027992837,35.065188231,47.64,60.523896132, 0001717P0003277
34.406094492,47.64,63.954843379,0.5625,0.625,0.,-1.,0.;          0001717P0003278
126,2,2,1,0,1,0,0.625,0.625,0.625,0.6875,0.6875,0.6875,1.,1.,1., 0001719P0003279
34.406094492,47.64,63.954843379,33.737554601,47.64,67.434963542, 0001719P0003280
32.742532652,47.64,70.797154458,0.625,0.6875,0.,-1.,0.;          0001719P0003281
126,2,2,1,0,1,0,0.6875,0.6875,0.6875,0.75,0.75,0.75,1.,1.,1.,    0001721P0003282
32.742532652,47.64,70.797154458,31.739270569,47.64,74.187189168, 0001721P0003283
30.422227389,47.64,77.39683601,0.6875,0.75,0.,-1.,0.;            0001721P0003284
126,2,2,1,0,1,0,0.75,0.75,0.75,0.8125,0.8125,0.8125,1.,1.,1.,    0001723P0003285
30.422227389,47.64,77.39683601,29.073612295,47.64,80.683423933,  0001723P0003286
27.42631409,47.64,83.708113041,0.75,0.8125,0.,-1.,0.;            0001723P0003287
126,2,2,1,0,1,0,0.8125,0.8125,0.8125,0.84375,0.84375,0.84375,1., 0001725P0003288
1.,1.,27.42631409,47.64,83.708113041,26.575502312,47.64,         0001725P0003289
85.270332258,25.653376818,47.64,86.74636744,0.8125,0.84375,0.,   0001725P0003290
-1.,0.;                                                          0001725P0003291
126,2,2,1,0,1,0,0.84375,0.84375,0.84375,0.875,0.875,0.875,1.,1., 0001727P0003292
1.,25.653376818,47.64,86.74636744,24.704950662,47.64,            0001727P0003293
88.264501892,23.688611406,47.64,89.679458623,0.84375,0.875,0.,   0001727P0003294
-1.,0.;                                                          0001727P0003295
126,2,2,1,0,1,0,0.875,0.875,0.875,0.90625,0.90625,0.90625,1.,1., 0001729P0003296
1.,23.688611406,47.64,89.679458623,22.649424206,47.64,           0001729P0003297
91.126224484,21.548227422,47.64,92.452632946,0.875,0.90625,0.,   0001729P0003298
-1.,0.;                                                          0001729P0003299
126,2,2,1,0,1,0,0.90625,0.90625,0.90625,0.9375,0.9375,0.9375,1., 0001731P0003300
1.,1.,21.548227422,47.64,92.452632946,20.411591761,47.64,        0001731P0003301
93.82172804,19.219178589,47.64,95.050189655,0.90625,0.9375,0.,   0001731P0003302
-1.,0.;                                                          0001731P0003303
126,2,2,1,0,1,0,0.9375,0.9375,0.9375,0.96875,0.96875,0.96875,1., 0001733P0003304
1.,1.,19.219178589,47.64,95.050189655,17.974734859,47.64,        0001733P0003305
96.332254706,16.679169219,47.64,97.451375077,0.9375,0.96875,0.,  0001733P0003306
-1.,0.;                                                          0001733P0003307
126,2,2,1,0,1,0,0.96875,0.96875,0.96875,1.,1.,1.,1.,1.,1.,       0001735P0003308
16.679169219,47.64,97.451375077,15.308959561,47.64,98.634973608, 0001735P0003309
13.894693078,47.64,99.625,0.96875,1.,0.,-1.,0.;                  0001735P0003310
110,13.894693078,47.64,99.625,-13.894693206,47.64,99.625;        0001737P0003311
126,2,2,1,0,1,0,0.,0.,0.,3.125E-02,3.125E-02,3.125E-02,1.,1.,1., 0001739P0003312
-13.894693188,47.64,99.625,-15.308670827,47.64,98.635175681,     0001739P0003313
-16.678611461,47.64,97.451856539,0.,3.125E-02,0.,-1.,0.;         0001739P0003314
126,2,2,1,0,1,0,3.125E-02,3.125E-02,3.125E-02,6.25E-02,6.25E-02, 0001741P0003315
6.25E-02,1.,1.,1.,-16.678611461,47.64,97.451856539,              0001741P0003316
-17.981615846,47.64,96.326355286,-19.232880266,47.64,            0001741P0003317
95.036066677,3.125E-02,6.25E-02,0.,-1.,0.;                       0001741P0003318
126,2,2,1,0,1,0,6.25E-02,6.25E-02,6.25E-02,9.375E-02,9.375E-02,  0001743P0003319
9.375E-02,1.,1.,1.,-19.232880266,47.64,95.036066677,             0001743P0003320
-20.437838538,47.64,93.793528237,-21.585705657,47.64,            0001743P0003321
92.407432809,6.25E-02,9.375E-02,0.,-1.,0.;                       0001743P0003322
126,2,2,1,0,1,0,9.375E-02,9.375E-02,9.375E-02,0.125,0.125,0.125, 0001745P0003323
1.,1.,1.,-21.585705657,47.64,92.407432809,-22.693927886,47.64,   0001745P0003324
91.069210024,-23.73903784,47.64,89.609132654,9.375E-02,0.125,0., 0001745P0003325
-1.,0.;                                                          0001745P0003326
126,2,2,1,0,1,0,0.125,0.125,0.125,0.15625,0.15625,0.15625,1.,1., 0001747P0003327
1.,-23.73903784,47.64,89.609132654,-24.747402051,47.64,          0001747P0003328
88.200390957,-25.688531114,47.64,86.690024605,0.125,0.15625,0.,  0001747P0003329
-1.,0.;                                                          0001747P0003330
126,2,2,1,0,1,0,0.15625,0.15625,0.15625,0.1875,0.1875,0.1875,1., 0001749P0003331
1.,1.,-25.688531114,47.64,86.690024605,-26.605659919,47.64,      0001749P0003332
85.218174894,-27.451934941,47.64,83.661021993,0.15625,0.1875,0., 0001749P0003333
-1.,0.;                                                          0001749P0003334
126,2,2,1,0,1,0,0.1875,0.1875,0.1875,0.25,0.25,0.25,1.,1.,1.,    0001751P0003335
-27.451934941,47.64,83.661021993,-29.108743274,47.64,            0001751P0003336
80.612481324,-30.462198467,47.64,77.299210336,0.1875,0.25,0.,    0001751P0003337
-1.,0.;                                                          0001751P0003338
126,2,2,1,0,1,0,0.25,0.25,0.25,0.3125,0.3125,0.3125,1.,1.,1.,    0001753P0003339
-30.462198467,47.64,77.299210336,-31.77708982,47.64,             0001753P0003340
74.080344062,-32.776668199,47.64,70.681451091,0.25,0.3125,0.,    0001753P0003341
-1.,0.;                                                          0001753P0003342
126,2,2,1,0,1,0,0.3125,0.3125,0.3125,0.375,0.375,0.375,1.,1.,1., 0001755P0003343
-32.776668199,47.64,70.681451091,-33.755271089,47.64,            0001755P0003344
67.35388185,-34.414387417,47.64,63.911606804,0.3125,0.375,0.,    0001755P0003345
-1.,0.;                                                          0001755P0003346
126,2,2,1,0,1,0,0.375,0.375,0.375,0.4375,0.4375,0.4375,1.,1.,1., 0001757P0003347
-34.414387417,47.64,63.911606804,-35.070370914,47.64,            0001757P0003348
60.485692822,-35.400314652,47.64,56.99528629,0.375,0.4375,0.,    0001757P0003349
-1.,0.;                                                          0001757P0003350
126,2,2,1,0,1,0,0.4375,0.4375,0.4375,0.5,0.5,0.5,1.,1.,1.,       0001759P0003351
-35.400314652,47.64,56.99528629,-35.731710479,47.64,             0001759P0003352
53.489517743,-35.729948124,47.64,49.962800201,0.4375,0.5,0.,-1., 0001759P0003353
0.;                                                              0001759P0003354
126,2,2,1,0,1,0,0.5,0.5,0.5,0.5625,0.5625,0.5625,1.,1.,1.,       0001761P0003355
-35.729948124,47.64,49.962800201,-35.728196262,47.64,            0001761P0003356
46.45689201,-35.39721563,47.64,42.972007152,0.5,0.5625,0.,-1.,   0001761P0003357
0.;                                                              0001761P0003358
126,2,2,1,0,1,0,0.5625,0.5625,0.5625,0.625,0.625,0.625,1.,1.,1., 0001763P0003359
-35.39721563,47.64,42.972007152,-35.065188487,47.64,             0001763P0003360
39.476103658,-34.406095038,47.64,36.045156511,0.5625,0.625,0.,   0001763P0003361
-1.,0.;                                                          0001763P0003362
126,2,2,1,0,1,0,0.625,0.625,0.625,0.6875,0.6875,0.6875,1.,1.,1., 0001765P0003363
-34.406095038,47.64,36.045156511,-33.737555294,47.64,            0001765P0003364
32.565035951,-32.742533709,47.64,29.202845233,0.625,0.6875,0.,   0001765P0003365
-1.,0.;                                                          0001765P0003366
126,2,2,1,0,1,0,0.6875,0.6875,0.6875,0.75,0.75,0.75,1.,1.,1.,    0001767P0003367
-32.742533709,47.64,29.202845233,-31.739271771,47.64,            0001767P0003368
25.812810126,-30.422228737,47.64,22.603163582,0.6875,0.75,0.,    0001767P0003369
-1.,0.;                                                          0001767P0003370
126,2,2,1,0,1,0,0.75,0.75,0.75,0.8125,0.8125,0.8125,1.,1.,1.,    0001769P0003371
-30.422228737,47.64,22.603163582,-29.073613643,47.64,            0001769P0003372
19.316575659,-27.426315073,47.64,16.29188665,0.75,0.8125,0.,-1., 0001769P0003373
0.;                                                              0001769P0003374
126,2,2,1,0,1,0,0.8125,0.8125,0.8125,0.84375,0.84375,0.84375,1., 0001771P0003375
1.,1.,-27.426315073,47.64,16.29188665,-26.575503223,47.64,       0001771P0003376
14.729667632,-25.65337751,47.64,13.25363245,0.8125,0.84375,0.,   0001771P0003377
-1.,0.;                                                          0001771P0003378
126,2,2,1,0,1,0,0.84375,0.84375,0.84375,0.875,0.875,0.875,1.,1., 0001773P0003379
1.,-25.65337751,47.64,13.25363245,-24.704951208,47.64,           0001773P0003380
11.735498296,-23.688611661,47.64,10.320541564,0.84375,0.875,0.,  0001773P0003381
-1.,0.;                                                          0001773P0003382
126,2,2,1,0,1,0,0.875,0.875,0.875,0.90625,0.90625,0.90625,1.,1., 0001775P0003383
1.,-23.688611661,47.64,10.320541564,-22.649424388,47.64,         0001775P0003384
8.873775902,-21.548227386,47.64,7.54736744,0.875,0.90625,0.,-1., 0001775P0003385
0.;                                                              0001775P0003386
126,2,2,1,0,1,0,0.90625,0.90625,0.90625,0.9375,0.9375,0.9375,1., 0001777P0003387
1.,1.,-21.548227386,47.64,7.54736744,-20.411591652,47.64,        0001777P0003388
6.178272445,-19.219178407,47.64,4.949810731,0.90625,0.9375,0.,   0001777P0003389
-1.,0.;                                                          0001777P0003390
126,2,2,1,0,1,0,0.9375,0.9375,0.9375,0.96875,0.96875,0.96875,1., 0001779P0003391
1.,1.,-19.219178407,47.64,4.949810731,-17.974734531,47.64,       0001779P0003392
3.667745482,-16.679169183,47.64,2.548625111,0.9375,0.96875,0.,   0001779P0003393
-1.,0.;                                                          0001779P0003394
126,2,2,1,0,1,0,0.96875,0.96875,0.96875,1.,1.,1.,1.,1.,1.,       0001781P0003395
-16.679169183,47.64,2.548625111,-15.308959452,47.64,1.365026381, 0001781P0003396
-13.894693188,47.64,0.374999989,0.96875,1.,0.,-1.,0.;            0001781P0003397
S      1G      4D   1782P   3397                                        T0000001
